400 39883
0 2 1
0 3 8
0 4 3
0 8 6
0 9 4
0 10 4
0 11 3
0 13 9
0 14 4
0 17 4
0 20 5
0 23 3
0 24 2
0 26 5
0 27 8
0 28 9
0 35 1
0 42 6
0 43 5
0 44 7
0 45 7
0 46 2
0 47 2
0 48 1
0 50 5
0 51 6
0 52 1
0 53 5
0 57 9
0 59 5
0 60 10
0 67 10
0 68 3
0 69 7
0 70 8
0 71 2
0 74 6
0 76 7
0 78 2
0 79 8
0 80 5
0 82 4
0 85 9
0 86 5
0 89 5
0 90 9
0 91 10
0 94 8
0 95 10
0 96 7
0 101 10
0 105 1
0 107 4
0 108 1
0 109 2
0 112 8
0 114 3
0 117 7
0 120 6
0 125 9
0 126 3
0 127 7
0 131 4
0 132 7
0 135 3
0 136 2
0 137 6
0 140 2
0 141 9
0 143 4
0 145 4
0 146 3
0 149 7
0 150 8
0 153 3
0 155 4
0 156 8
0 157 4
0 159 1
0 160 4
0 161 2
0 163 3
0 166 1
0 167 10
0 169 3
0 170 9
0 173 7
0 176 7
0 177 10
0 178 10
0 179 8
0 180 8
0 184 10
0 185 5
0 186 2
0 188 3
0 189 9
0 190 7
0 191 7
0 192 10
0 193 9
0 195 4
0 198 4
0 204 8
0 205 1
0 206 7
0 207 7
0 208 3
0 209 9
0 211 3
0 213 7
0 214 5
0 219 3
0 220 5
0 225 6
0 229 8
0 231 2
0 232 3
0 235 1
0 236 10
0 238 4
0 241 1
0 245 2
0 247 8
0 248 2
0 250 9
0 251 9
0 253 5
0 254 5
0 257 7
0 258 3
0 259 4
0 263 1
0 264 4
0 270 9
0 272 9
0 275 10
0 276 2
0 277 2
0 279 8
0 282 3
0 284 9
0 285 4
0 288 1
0 289 10
0 290 10
0 291 5
0 294 7
0 297 10
0 298 8
0 299 8
0 305 10
0 306 1
0 307 10
0 312 10
0 313 6
0 314 4
0 317 1
0 319 1
0 325 3
0 327 3
0 332 6
0 334 8
0 337 3
0 339 1
0 340 2
0 342 2
0 343 2
0 344 3
0 345 6
0 348 1
0 350 2
0 354 4
0 356 9
0 358 10
0 359 7
0 360 3
0 362 3
0 365 2
0 367 3
0 369 3
0 375 7
0 376 9
0 378 9
0 379 5
0 382 3
0 383 3
0 384 1
0 385 3
0 386 2
0 387 2
0 388 3
0 393 2
0 395 4
0 396 7
0 397 5
1 2 4
1 3 2
1 4 4
1 5 6
1 8 3
1 9 3
1 12 2
1 16 1
1 17 3
1 18 8
1 19 5
1 20 8
1 22 6
1 23 3
1 25 5
1 27 9
1 28 6
1 30 8
1 33 8
1 34 4
1 35 6
1 38 4
1 39 10
1 41 8
1 55 4
1 56 8
1 57 7
1 62 2
1 63 9
1 64 6
1 65 4
1 66 7
1 68 4
1 69 7
1 72 2
1 73 7
1 75 3
1 76 7
1 77 8
1 83 7
1 84 2
1 85 10
1 89 1
1 93 10
1 94 3
1 95 7
1 96 3
1 97 3
1 99 8
1 100 1
1 101 3
1 102 10
1 104 6
1 105 3
1 107 7
1 109 10
1 110 6
1 111 3
1 112 9
1 113 1
1 114 2
1 116 7
1 119 10
1 120 4
1 121 3
1 124 6
1 130 7
1 131 8
1 132 1
1 133 8
1 136 10
1 139 9
1 142 5
1 145 1
1 146 10
1 147 5
1 150 1
1 152 5
1 155 7
1 159 2
1 162 10
1 163 7
1 164 6
1 166 3
1 169 9
1 174 8
1 177 8
1 180 1
1 181 8
1 183 10
1 186 10
1 188 9
1 189 10
1 191 1
1 192 6
1 194 10
1 195 4
1 197 2
1 200 5
1 201 6
1 203 5
1 205 10
1 209 2
1 211 8
1 212 9
1 214 5
1 216 9
1 218 3
1 220 9
1 222 8
1 223 10
1 224 8
1 225 7
1 226 10
1 229 9
1 230 5
1 231 10
1 235 2
1 236 5
1 237 9
1 238 7
1 239 1
1 240 5
1 242 7
1 246 5
1 248 7
1 251 6
1 252 2
1 253 5
1 254 8
1 256 1
1 258 6
1 259 4
1 261 7
1 262 1
1 264 8
1 266 1
1 270 7
1 272 7
1 273 1
1 276 1
1 281 1
1 282 6
1 284 1
1 285 10
1 286 2
1 287 8
1 288 3
1 290 8
1 291 1
1 294 3
1 301 9
1 306 6
1 307 7
1 308 9
1 311 2
1 312 9
1 317 7
1 318 5
1 319 5
1 320 1
1 321 2
1 322 8
1 323 8
1 330 5
1 331 5
1 333 4
1 336 1
1 339 8
1 340 4
1 341 10
1 342 7
1 345 4
1 347 8
1 351 3
1 352 9
1 353 4
1 355 1
1 360 8
1 361 5
1 362 7
1 366 9
1 369 3
1 371 2
1 374 9
1 375 5
1 378 2
1 381 8
1 382 5
1 384 1
1 387 10
1 390 3
1 392 10
1 397 4
1 399 3
2 6 2
2 7 3
2 10 8
2 11 1
2 13 3
2 16 10
2 17 3
2 18 6
2 21 4
2 23 10
2 27 4
2 31 3
2 32 8
2 37 2
2 39 9
2 41 1
2 43 2
2 44 7
2 46 5
2 52 3
2 53 3
2 57 1
2 58 4
2 63 10
2 64 4
2 67 7
2 70 2
2 72 7
2 73 6
2 74 5
2 78 2
2 79 10
2 82 2
2 84 7
2 85 8
2 86 3
2 87 2
2 88 4
2 92 1
2 93 5
2 94 9
2 97 2
2 98 10
2 100 5
2 101 8
2 102 1
2 103 4
2 107 8
2 110 9
2 114 6
2 116 9
2 118 4
2 121 10
2 131 1
2 132 2
2 135 8
2 136 4
2 138 1
2 139 9
2 145 5
2 147 7
2 150 9
2 151 5
2 153 4
2 160 9
2 162 5
2 164 4
2 170 1
2 171 1
2 172 5
2 176 9
2 177 8
2 180 1
2 181 3
2 182 3
2 184 4
2 185 8
2 186 3
2 188 5
2 189 8
2 193 10
2 195 4
2 196 8
2 197 8
2 198 10
2 199 8
2 201 9
2 202 2
2 203 9
2 206 4
2 210 10
2 211 2
2 212 7
2 213 10
2 215 9
2 219 4
2 221 6
2 222 2
2 224 2
2 226 8
2 227 8
2 229 6
2 230 10
2 232 8
2 234 8
2 235 1
2 236 9
2 237 7
2 239 10
2 240 2
2 242 5
2 243 4
2 244 8
2 245 8
2 249 1
2 252 1
2 255 1
2 259 3
2 261 2
2 262 4
2 263 2
2 265 4
2 267 1
2 268 2
2 270 3
2 271 8
2 274 2
2 277 1
2 279 4
2 285 5
2 286 4
2 287 9
2 288 8
2 289 10
2 290 7
2 291 1
2 292 9
2 294 9
2 295 4
2 297 2
2 299 10
2 300 8
2 306 3
2 307 5
2 308 5
2 315 7
2 317 1
2 319 7
2 320 1
2 322 2
2 331 4
2 334 9
2 335 4
2 337 8
2 338 8
2 339 1
2 342 4
2 343 4
2 345 6
2 347 6
2 348 10
2 349 6
2 350 5
2 354 1
2 355 4
2 356 4
2 359 3
2 361 3
2 362 10
2 363 1
2 365 6
2 366 1
2 367 10
2 369 4
2 371 10
2 372 9
2 374 10
2 375 1
2 376 2
2 377 9
2 378 5
2 379 2
2 380 3
2 382 6
2 383 1
2 388 5
2 390 8
2 391 5
2 397 7
2 398 8
2 399 3
3 4 1
3 9 1
3 11 3
3 14 6
3 15 8
3 16 3
3 17 5
3 18 5
3 20 7
3 23 4
3 27 10
3 28 1
3 29 7
3 33 4
3 35 5
3 38 2
3 45 9
3 46 6
3 47 10
3 48 3
3 49 3
3 50 2
3 52 4
3 53 6
3 54 9
3 56 5
3 61 4
3 65 5
3 68 4
3 69 2
3 70 3
3 71 6
3 72 3
3 74 5
3 77 9
3 78 9
3 79 2
3 80 5
3 82 7
3 83 9
3 84 6
3 85 5
3 86 9
3 90 5
3 91 9
3 93 5
3 98 1
3 100 7
3 101 4
3 104 10
3 107 1
3 108 2
3 117 7
3 118 9
3 119 4
3 120 3
3 121 4
3 123 3
3 124 8
3 125 10
3 126 4
3 128 1
3 132 5
3 133 5
3 135 8
3 136 6
3 137 9
3 141 6
3 142 3
3 143 2
3 145 3
3 146 10
3 147 8
3 149 8
3 151 6
3 153 7
3 155 1
3 158 6
3 159 2
3 160 8
3 165 2
3 166 10
3 170 6
3 173 7
3 175 7
3 177 9
3 178 1
3 180 2
3 181 8
3 182 4
3 183 10
3 184 8
3 186 4
3 188 2
3 189 3
3 194 10
3 195 2
3 198 5
3 200 5
3 201 2
3 202 3
3 203 4
3 208 3
3 209 9
3 210 9
3 211 4
3 212 10
3 214 9
3 215 1
3 218 10
3 220 10
3 221 4
3 222 3
3 224 6
3 225 4
3 227 8
3 229 7
3 234 2
3 235 7
3 238 9
3 239 5
3 241 6
3 246 7
3 247 3
3 250 6
3 252 6
3 256 9
3 258 3
3 259 9
3 260 2
3 261 10
3 262 9
3 267 1
3 269 5
3 270 6
3 273 6
3 274 10
3 275 3
3 279 6
3 281 7
3 282 9
3 287 9
3 291 8
3 292 7
3 294 10
3 296 3
3 298 2
3 299 7
3 301 7
3 303 3
3 306 10
3 308 1
3 312 8
3 315 8
3 316 9
3 318 10
3 319 6
3 324 3
3 328 10
3 330 4
3 331 2
3 333 1
3 334 2
3 336 9
3 337 7
3 338 10
3 340 9
3 342 5
3 343 6
3 345 7
3 347 9
3 348 4
3 351 7
3 352 1
3 353 5
3 362 3
3 363 6
3 364 7
3 366 9
3 368 9
3 372 6
3 373 8
3 379 9
3 382 6
3 384 5
3 388 1
3 390 3
3 392 7
3 393 10
3 394 4
3 395 6
3 396 8
3 398 2
4 7 10
4 10 2
4 11 6
4 14 4
4 16 10
4 23 5
4 24 5
4 29 7
4 31 8
4 33 3
4 35 2
4 38 7
4 39 2
4 40 10
4 41 3
4 42 4
4 43 4
4 45 9
4 50 9
4 51 5
4 53 7
4 54 3
4 55 9
4 56 3
4 57 9
4 58 9
4 59 6
4 61 5
4 63 7
4 64 8
4 66 5
4 68 5
4 70 5
4 71 4
4 72 3
4 76 6
4 77 5
4 78 6
4 79 2
4 82 2
4 85 8
4 89 2
4 90 8
4 92 3
4 94 5
4 97 1
4 100 1
4 102 2
4 104 8
4 107 5
4 110 2
4 111 6
4 112 2
4 113 2
4 114 9
4 117 4
4 119 1
4 122 8
4 123 10
4 127 3
4 129 1
4 136 10
4 137 1
4 144 10
4 148 10
4 150 1
4 152 1
4 153 10
4 154 7
4 155 1
4 157 9
4 162 3
4 163 6
4 164 1
4 165 7
4 168 1
4 169 5
4 171 2
4 172 9
4 178 1
4 179 4
4 181 6
4 183 4
4 184 9
4 185 6
4 187 8
4 188 3
4 191 1
4 192 7
4 194 7
4 199 5
4 200 2
4 202 4
4 203 9
4 204 10
4 205 1
4 206 1
4 210 6
4 213 4
4 217 8
4 218 9
4 220 9
4 222 1
4 225 10
4 228 3
4 229 10
4 231 5
4 234 2
4 240 4
4 242 10
4 245 4
4 246 9
4 251 6
4 253 3
4 255 2
4 258 4
4 261 10
4 262 8
4 263 5
4 264 10
4 265 1
4 266 5
4 267 8
4 272 4
4 277 2
4 279 8
4 280 1
4 281 4
4 282 2
4 283 2
4 284 9
4 287 9
4 289 8
4 292 9
4 293 7
4 294 10
4 295 5
4 299 1
4 300 10
4 302 8
4 304 1
4 305 5
4 306 3
4 309 10
4 311 5
4 314 10
4 315 1
4 318 5
4 319 2
4 321 10
4 323 1
4 327 6
4 328 3
4 330 10
4 331 7
4 333 7
4 336 4
4 338 5
4 339 2
4 340 1
4 343 4
4 347 5
4 348 6
4 349 9
4 352 5
4 354 10
4 355 9
4 360 6
4 362 7
4 365 3
4 370 3
4 371 10
4 375 8
4 376 7
4 377 7
4 378 6
4 383 3
4 384 10
4 385 5
4 388 4
4 390 2
4 393 2
4 394 9
4 395 3
4 396 10
4 399 9
5 7 7
5 8 1
5 9 1
5 11 6
5 13 4
5 16 3
5 19 9
5 20 3
5 21 6
5 23 2
5 24 3
5 25 4
5 30 7
5 31 9
5 36 10
5 37 9
5 38 1
5 39 10
5 41 6
5 43 2
5 50 5
5 51 2
5 52 1
5 56 2
5 58 4
5 59 3
5 63 4
5 67 7
5 69 6
5 71 6
5 74 4
5 76 10
5 77 6
5 79 1
5 83 3
5 85 5
5 86 6
5 88 1
5 89 7
5 91 8
5 94 3
5 95 1
5 97 9
5 98 1
5 99 2
5 102 10
5 103 1
5 104 1
5 105 10
5 107 2
5 110 1
5 114 3
5 115 1
5 117 7
5 119 10
5 123 6
5 124 10
5 129 9
5 131 8
5 133 1
5 135 4
5 139 8
5 140 2
5 141 6
5 143 10
5 145 7
5 147 8
5 152 1
5 153 7
5 154 8
5 155 8
5 158 2
5 159 3
5 160 1
5 161 5
5 164 3
5 170 9
5 171 3
5 173 7
5 174 7
5 175 5
5 176 8
5 177 7
5 181 4
5 183 9
5 184 5
5 187 2
5 188 8
5 189 7
5 193 4
5 195 5
5 200 2
5 201 5
5 202 8
5 203 8
5 205 5
5 207 4
5 209 6
5 214 9
5 215 5
5 217 5
5 220 6
5 222 7
5 223 2
5 225 10
5 226 7
5 228 10
5 231 7
5 235 4
5 236 2
5 240 6
5 241 4
5 242 9
5 243 2
5 244 1
5 245 6
5 246 10
5 247 3
5 248 2
5 250 6
5 251 3
5 252 8
5 253 1
5 255 7
5 256 6
5 257 6
5 258 2
5 259 4
5 264 2
5 265 3
5 266 6
5 267 8
5 268 10
5 269 4
5 270 1
5 271 3
5 272 3
5 273 3
5 274 9
5 275 2
5 278 4
5 279 1
5 280 7
5 282 3
5 285 3
5 286 10
5 290 10
5 291 3
5 293 5
5 294 3
5 297 6
5 299 7
5 301 10
5 302 1
5 304 2
5 305 1
5 312 3
5 314 1
5 315 9
5 319 3
5 320 8
5 322 3
5 326 8
5 328 8
5 329 10
5 335 5
5 339 7
5 342 4
5 344 10
5 347 4
5 350 8
5 351 1
5 352 3
5 357 1
5 358 1
5 362 4
5 363 3
5 364 8
5 365 6
5 367 5
5 369 5
5 370 6
5 371 5
5 372 5
5 373 10
5 374 5
5 375 10
5 377 7
5 378 1
5 380 6
5 384 5
5 386 9
5 387 7
5 388 4
5 391 4
5 392 6
5 393 10
5 395 6
5 396 7
5 398 6
6 7 4
6 9 1
6 12 1
6 13 1
6 15 5
6 16 10
6 17 2
6 18 8
6 25 2
6 30 10
6 32 6
6 33 4
6 34 2
6 35 9
6 36 3
6 39 10
6 40 4
6 41 10
6 42 1
6 48 6
6 49 10
6 50 10
6 51 10
6 52 5
6 53 1
6 54 5
6 55 10
6 59 2
6 61 8
6 63 4
6 64 9
6 65 4
6 67 3
6 68 2
6 70 10
6 71 1
6 75 4
6 76 5
6 79 5
6 81 6
6 85 8
6 88 9
6 90 9
6 91 3
6 93 8
6 96 9
6 99 9
6 102 7
6 103 6
6 104 1
6 105 5
6 106 2
6 107 10
6 108 5
6 110 7
6 112 4
6 113 3
6 117 10
6 123 3
6 125 4
6 130 9
6 132 8
6 133 5
6 134 1
6 137 6
6 139 8
6 141 7
6 143 9
6 144 7
6 148 2
6 150 7
6 151 3
6 153 10
6 154 10
6 155 10
6 156 9
6 158 1
6 161 6
6 162 2
6 164 10
6 165 5
6 167 2
6 168 4
6 170 4
6 171 2
6 173 5
6 175 9
6 177 5
6 179 7
6 181 1
6 182 1
6 184 9
6 185 8
6 186 1
6 188 3
6 191 10
6 192 9
6 193 7
6 194 3
6 196 1
6 200 6
6 201 1
6 202 10
6 203 7
6 205 9
6 206 4
6 208 8
6 211 4
6 213 4
6 215 3
6 217 3
6 220 5
6 221 10
6 224 10
6 225 9
6 228 4
6 230 1
6 231 2
6 232 8
6 233 6
6 241 8
6 245 10
6 246 5
6 249 2
6 250 7
6 251 4
6 257 3
6 260 6
6 265 1
6 266 2
6 267 2
6 268 3
6 269 10
6 274 8
6 276 10
6 279 1
6 280 1
6 282 5
6 285 10
6 289 7
6 293 2
6 294 7
6 295 7
6 296 5
6 298 6
6 301 7
6 304 6
6 309 8
6 310 3
6 312 7
6 315 2
6 317 2
6 318 1
6 321 5
6 322 9
6 323 6
6 324 9
6 326 1
6 327 2
6 328 7
6 331 9
6 333 8
6 335 3
6 336 2
6 337 1
6 338 2
6 344 8
6 345 10
6 346 8
6 348 6
6 349 10
6 350 2
6 353 8
6 357 5
6 358 8
6 359 9
6 361 8
6 363 10
6 364 3
6 366 10
6 368 1
6 370 1
6 372 8
6 375 8
6 376 7
6 377 5
6 378 10
6 379 7
6 383 2
6 387 1
6 389 2
6 390 7
6 391 8
6 394 5
6 399 2
7 9 10
7 10 9
7 11 7
7 13 7
7 15 6
7 17 4
7 18 5
7 19 10
7 23 5
7 24 5
7 25 4
7 26 8
7 29 4
7 30 9
7 31 4
7 32 9
7 35 9
7 36 9
7 37 9
7 38 9
7 39 7
7 43 10
7 45 7
7 46 3
7 47 3
7 48 4
7 51 1
7 53 8
7 54 6
7 55 3
7 57 1
7 58 7
7 60 1
7 61 9
7 64 5
7 66 8
7 70 8
7 72 10
7 73 7
7 75 2
7 76 4
7 79 10
7 80 2
7 81 8
7 82 10
7 85 3
7 86 10
7 88 1
7 89 6
7 90 8
7 91 3
7 93 6
7 95 10
7 96 2
7 97 5
7 99 3
7 100 6
7 101 10
7 102 6
7 110 9
7 112 1
7 115 7
7 116 3
7 117 1
7 118 10
7 121 8
7 127 1
7 129 9
7 132 4
7 134 5
7 137 4
7 140 7
7 145 1
7 150 7
7 153 5
7 154 7
7 155 4
7 156 8
7 157 5
7 158 8
7 160 5
7 162 6
7 163 9
7 167 2
7 168 4
7 175 4
7 177 1
7 178 2
7 179 2
7 180 1
7 181 4
7 186 5
7 191 2
7 193 5
7 194 10
7 196 3
7 200 5
7 203 1
7 207 10
7 210 1
7 212 8
7 214 3
7 216 10
7 220 3
7 221 4
7 222 5
7 223 7
7 224 3
7 225 1
7 226 10
7 227 7
7 231 9
7 232 8
7 234 7
7 235 4
7 239 10
7 240 2
7 242 10
7 243 9
7 245 2
7 246 5
7 247 10
7 251 7
7 254 3
7 255 1
7 257 1
7 259 9
7 260 8
7 261 6
7 262 7
7 266 10
7 267 5
7 268 4
7 269 4
7 272 4
7 273 6
7 274 5
7 275 8
7 278 7
7 279 6
7 280 8
7 281 4
7 282 2
7 284 7
7 285 4
7 286 4
7 288 6
7 290 2
7 292 7
7 293 6
7 294 9
7 295 1
7 296 5
7 297 7
7 298 4
7 301 5
7 302 4
7 309 3
7 312 1
7 314 5
7 315 1
7 323 9
7 325 9
7 329 1
7 330 6
7 332 2
7 336 1
7 339 3
7 340 9
7 341 6
7 342 4
7 343 1
7 344 6
7 349 2
7 350 10
7 351 3
7 357 1
7 358 6
7 360 6
7 361 9
7 362 2
7 363 4
7 365 4
7 366 10
7 367 2
7 370 4
7 372 1
7 373 4
7 377 10
7 379 9
7 380 5
7 381 4
7 383 2
7 385 9
7 387 5
7 389 5
7 390 2
7 392 3
7 393 1
8 9 9
8 10 6
8 12 7
8 15 5
8 16 3
8 19 6
8 20 2
8 23 2
8 27 8
8 28 2
8 29 2
8 31 10
8 34 6
8 35 6
8 39 1
8 40 2
8 41 8
8 47 1
8 48 6
8 49 3
8 52 9
8 56 3
8 57 3
8 59 1
8 62 1
8 63 4
8 64 8
8 65 7
8 66 8
8 69 1
8 70 7
8 74 4
8 77 7
8 78 6
8 79 8
8 83 1
8 86 9
8 87 10
8 98 10
8 99 3
8 100 1
8 101 4
8 104 1
8 106 3
8 115 5
8 116 5
8 117 1
8 118 6
8 121 5
8 123 2
8 124 7
8 125 9
8 127 4
8 129 7
8 130 6
8 131 6
8 133 9
8 137 5
8 141 10
8 142 3
8 143 5
8 145 9
8 146 5
8 147 5
8 150 4
8 151 7
8 154 6
8 156 6
8 158 1
8 159 10
8 161 3
8 163 6
8 165 2
8 168 5
8 170 3
8 171 2
8 172 7
8 173 4
8 174 4
8 175 4
8 177 4
8 180 9
8 182 6
8 183 8
8 184 7
8 186 1
8 188 9
8 189 3
8 192 9
8 195 1
8 197 2
8 198 10
8 201 3
8 202 4
8 204 2
8 207 1
8 208 7
8 210 8
8 212 1
8 214 10
8 218 3
8 220 7
8 221 3
8 223 5
8 224 2
8 227 8
8 230 9
8 232 1
8 234 5
8 236 6
8 237 3
8 238 2
8 239 1
8 240 8
8 241 4
8 243 9
8 245 6
8 246 5
8 247 7
8 248 5
8 250 2
8 251 6
8 256 7
8 257 4
8 260 5
8 261 1
8 262 6
8 264 7
8 265 2
8 266 7
8 267 9
8 268 3
8 269 1
8 271 10
8 273 9
8 275 5
8 278 9
8 279 10
8 280 8
8 283 5
8 285 9
8 286 10
8 288 5
8 289 2
8 294 4
8 296 3
8 298 3
8 299 9
8 303 6
8 304 10
8 305 1
8 306 10
8 310 8
8 312 10
8 313 2
8 314 10
8 315 7
8 316 5
8 324 7
8 327 9
8 329 3
8 330 3
8 332 9
8 336 8
8 338 10
8 342 3
8 343 4
8 344 4
8 346 3
8 347 10
8 349 2
8 350 2
8 351 7
8 353 6
8 355 9
8 356 10
8 357 1
8 359 1
8 360 2
8 362 9
8 363 3
8 366 6
8 368 5
8 371 4
8 372 8
8 373 2
8 374 8
8 377 5
8 380 5
8 382 6
8 383 5
8 386 5
8 389 9
8 390 4
8 391 7
8 394 8
8 396 10
8 398 10
8 399 8
9 12 4
9 13 9
9 18 4
9 21 9
9 22 5
9 24 1
9 27 7
9 30 3
9 33 9
9 34 6
9 38 10
9 42 7
9 45 9
9 46 3
9 47 9
9 50 1
9 56 5
9 58 1
9 59 5
9 66 10
9 67 4
9 68 3
9 69 6
9 72 1
9 75 5
9 79 9
9 80 8
9 82 5
9 84 7
9 85 3
9 86 1
9 89 7
9 91 7
9 93 4
9 99 10
9 102 7
9 105 1
9 108 1
9 110 8
9 111 3
9 124 4
9 125 3
9 127 3
9 128 9
9 130 9
9 131 6
9 133 1
9 135 9
9 136 4
9 138 1
9 139 6
9 140 4
9 141 6
9 145 2
9 147 2
9 149 6
9 150 9
9 151 10
9 152 7
9 154 9
9 156 4
9 157 6
9 158 9
9 159 5
9 160 1
9 161 2
9 167 10
9 169 6
9 175 8
9 178 6
9 180 1
9 183 7
9 185 1
9 186 2
9 188 10
9 191 9
9 194 10
9 195 1
9 199 8
9 200 8
9 208 3
9 209 5
9 210 3
9 211 10
9 212 3
9 216 7
9 217 9
9 218 7
9 220 7
9 221 2
9 229 3
9 231 6
9 233 5
9 234 1
9 236 10
9 237 10
9 239 7
9 241 6
9 242 4
9 246 8
9 251 6
9 255 3
9 256 5
9 260 10
9 263 8
9 264 1
9 267 4
9 268 5
9 270 9
9 271 5
9 277 6
9 279 1
9 280 7
9 281 2
9 283 7
9 284 1
9 285 2
9 287 4
9 290 5
9 291 8
9 293 2
9 296 6
9 297 10
9 298 4
9 299 1
9 300 1
9 301 2
9 303 9
9 305 4
9 308 3
9 309 3
9 310 5
9 312 9
9 316 4
9 318 2
9 320 1
9 321 5
9 322 10
9 324 9
9 326 4
9 332 3
9 334 8
9 335 5
9 338 2
9 339 8
9 341 6
9 347 8
9 349 6
9 350 7
9 355 3
9 356 6
9 357 2
9 358 9
9 359 4
9 360 4
9 361 2
9 362 3
9 364 2
9 365 7
9 366 4
9 367 10
9 369 6
9 374 8
9 376 1
9 378 10
9 382 3
9 385 10
9 387 10
9 388 6
9 391 4
9 392 7
9 393 9
9 395 2
9 396 1
9 397 6
9 399 7
10 11 8
10 14 10
10 15 8
10 16 3
10 17 9
10 19 4
10 20 2
10 22 3
10 24 7
10 26 2
10 27 2
10 28 8
10 32 10
10 35 7
10 36 4
10 37 2
10 40 8
10 45 10
10 47 7
10 49 6
10 50 5
10 52 6
10 53 10
10 54 1
10 55 8
10 58 1
10 59 10
10 60 5
10 61 5
10 63 8
10 66 5
10 67 8
10 68 2
10 75 1
10 76 3
10 78 1
10 81 6
10 86 6
10 87 5
10 88 2
10 89 6
10 91 9
10 93 4
10 94 4
10 98 7
10 99 8
10 102 3
10 103 6
10 104 4
10 106 10
10 108 1
10 109 4
10 110 1
10 113 3
10 115 10
10 116 8
10 118 10
10 119 9
10 120 10
10 126 4
10 128 8
10 129 1
10 130 10
10 131 9
10 135 8
10 137 1
10 138 5
10 139 4
10 141 3
10 142 5
10 143 1
10 144 3
10 145 2
10 146 8
10 155 1
10 156 10
10 159 7
10 160 4
10 163 4
10 164 6
10 165 2
10 166 1
10 167 7
10 168 3
10 171 7
10 172 6
10 176 3
10 177 8
10 178 9
10 181 10
10 183 7
10 185 4
10 188 7
10 189 1
10 190 8
10 191 4
10 192 5
10 205 7
10 206 4
10 208 5
10 209 5
10 210 8
10 214 2
10 215 7
10 218 6
10 220 1
10 221 9
10 224 9
10 226 2
10 227 1
10 229 5
10 233 8
10 234 8
10 237 9
10 238 9
10 239 2
10 241 10
10 242 1
10 249 5
10 250 6
10 252 3
10 256 2
10 259 10
10 260 3
10 262 6
10 264 5
10 267 10
10 269 9
10 272 1
10 274 2
10 275 1
10 277 1
10 279 1
10 281 2
10 282 10
10 284 10
10 285 2
10 286 1
10 288 6
10 290 7
10 291 7
10 292 7
10 294 9
10 295 9
10 296 4
10 297 3
10 298 1
10 299 2
10 300 3
10 302 6
10 304 5
10 305 10
10 311 8
10 314 6
10 316 2
10 318 9
10 320 4
10 321 6
10 322 3
10 325 2
10 326 6
10 327 1
10 330 7
10 333 5
10 335 9
10 337 1
10 340 6
10 341 7
10 343 1
10 344 6
10 346 7
10 350 1
10 351 10
10 352 10
10 353 7
10 354 7
10 355 1
10 357 1
10 358 8
10 360 7
10 363 3
10 364 5
10 365 2
10 370 7
10 371 7
10 372 6
10 373 9
10 376 5
10 377 5
10 379 4
10 380 7
10 381 9
10 384 2
10 385 1
10 386 3
10 388 2
10 390 6
10 393 8
10 394 2
10 397 1
10 398 10
11 13 1
11 20 6
11 21 8
11 24 1
11 25 10
11 26 4
11 27 10
11 28 5
11 31 2
11 32 9
11 33 9
11 36 9
11 37 10
11 38 10
11 39 7
11 40 9
11 41 4
11 42 3
11 43 10
11 45 3
11 46 2
11 48 2
11 49 10
11 50 4
11 51 8
11 52 6
11 57 9
11 60 6
11 62 9
11 63 3
11 66 7
11 68 7
11 69 4
11 70 10
11 72 9
11 73 9
11 74 2
11 77 1
11 78 1
11 79 10
11 80 9
11 81 9
11 84 7
11 86 9
11 89 2
11 91 8
11 92 6
11 93 7
11 97 5
11 99 1
11 101 9
11 103 10
11 104 2
11 108 2
11 110 1
11 111 1
11 113 5
11 116 4
11 118 8
11 121 10
11 122 1
11 124 8
11 125 2
11 126 10
11 127 10
11 129 8
11 130 2
11 132 8
11 134 1
11 135 8
11 136 3
11 137 2
11 142 9
11 146 8
11 147 8
11 152 6
11 153 10
11 155 1
11 156 4
11 158 9
11 159 1
11 160 9
11 162 6
11 163 2
11 164 10
11 166 7
11 170 9
11 171 1
11 172 5
11 173 2
11 174 9
11 175 9
11 177 5
11 178 10
11 179 1
11 182 9
11 186 8
11 188 3
11 191 6
11 193 4
11 195 8
11 197 3
11 199 2
11 200 6
11 201 2
11 207 9
11 208 3
11 210 7
11 212 3
11 213 3
11 215 5
11 217 5
11 220 6
11 221 1
11 224 3
11 225 9
11 226 9
11 227 3
11 230 10
11 233 4
11 235 2
11 237 4
11 239 10
11 240 5
11 242 3
11 243 10
11 246 1
11 247 7
11 248 6
11 249 7
11 250 3
11 252 8
11 253 4
11 254 9
11 256 4
11 257 1
11 259 4
11 263 7
11 266 8
11 268 10
11 269 1
11 275 8
11 276 10
11 277 3
11 279 8
11 282 10
11 286 4
11 287 3
11 288 10
11 289 1
11 290 10
11 292 7
11 294 6
11 295 6
11 300 5
11 306 6
11 309 8
11 310 7
11 312 3
11 314 3
11 317 5
11 320 8
11 322 5
11 323 8
11 324 10
11 326 7
11 328 4
11 329 1
11 331 9
11 332 8
11 335 7
11 336 3
11 337 6
11 338 5
11 339 9
11 341 6
11 342 2
11 343 4
11 346 4
11 347 10
11 349 9
11 351 2
11 354 8
11 355 9
11 357 9
11 359 6
11 361 9
11 362 4
11 363 8
11 365 4
11 366 5
11 370 3
11 371 1
11 372 8
11 374 10
11 375 3
11 378 5
11 379 8
11 384 3
11 386 4
11 387 2
11 388 5
11 389 6
11 391 6
11 393 4
11 394 8
11 396 9
11 398 2
12 14 6
12 15 10
12 16 4
12 19 7
12 21 8
12 22 10
12 23 10
12 27 7
12 30 2
12 31 10
12 33 4
12 34 7
12 37 10
12 39 4
12 41 10
12 42 1
12 44 4
12 45 2
12 46 1
12 47 1
12 48 1
12 50 8
12 58 1
12 60 8
12 61 7
12 64 2
12 65 4
12 69 7
12 70 9
12 71 1
12 74 6
12 76 9
12 77 1
12 81 10
12 84 7
12 87 3
12 90 9
12 93 3
12 94 4
12 99 2
12 100 4
12 101 4
12 105 3
12 107 3
12 108 7
12 111 10
12 113 8
12 114 9
12 116 4
12 118 10
12 122 1
12 124 4
12 125 4
12 126 6
12 127 3
12 129 9
12 130 4
12 131 2
12 135 6
12 139 7
12 140 5
12 141 8
12 142 4
12 143 6
12 144 2
12 146 7
12 147 5
12 155 4
12 157 8
12 160 3
12 165 5
12 166 3
12 167 8
12 168 5
12 170 1
12 171 1
12 173 10
12 175 10
12 177 7
12 179 7
12 183 10
12 184 4
12 185 4
12 186 1
12 189 4
12 190 7
12 191 9
12 196 10
12 197 1
12 198 2
12 199 4
12 201 8
12 205 3
12 206 4
12 211 10
12 213 9
12 215 10
12 216 7
12 218 10
12 220 1
12 221 7
12 222 3
12 224 2
12 225 2
12 228 8
12 230 1
12 232 4
12 233 8
12 234 6
12 236 1
12 241 9
12 242 5
12 244 4
12 248 1
12 250 7
12 251 6
12 252 9
12 258 10
12 259 2
12 262 1
12 263 7
12 264 1
12 265 3
12 266 5
12 267 7
12 269 9
12 270 2
12 272 10
12 277 6
12 281 2
12 285 9
12 287 2
12 290 5
12 291 8
12 295 9
12 296 6
12 300 10
12 301 5
12 303 4
12 307 6
12 308 7
12 311 2
12 312 10
12 313 10
12 315 3
12 317 10
12 318 1
12 320 2
12 323 3
12 324 9
12 325 10
12 326 3
12 331 7
12 335 10
12 337 1
12 340 9
12 342 8
12 344 7
12 348 10
12 350 8
12 351 9
12 356 3
12 361 8
12 362 3
12 363 9
12 364 5
12 365 2
12 366 1
12 368 3
12 369 5
12 370 10
12 374 1
12 375 9
12 376 4
12 378 6
12 383 6
12 388 5
12 390 2
12 393 6
12 397 9
12 398 5
12 399 6
13 16 8
13 18 9
13 20 7
13 21 10
13 22 6
13 23 7
13 24 7
13 25 1
13 26 3
13 27 7
13 28 5
13 31 4
13 32 8
13 33 2
13 34 7
13 36 7
13 37 8
13 38 10
13 40 8
13 41 4
13 42 3
13 43 3
13 45 7
13 46 10
13 47 2
13 48 1
13 54 3
13 61 3
13 62 2
13 65 10
13 66 6
13 69 6
13 70 9
13 71 2
13 75 2
13 80 1
13 81 3
13 82 6
13 83 3
13 84 8
13 85 4
13 88 10
13 89 4
13 92 1
13 96 2
13 97 3
13 101 7
13 102 2
13 106 10
13 109 8
13 111 10
13 114 9
13 116 7
13 119 1
13 121 6
13 122 7
13 125 7
13 126 2
13 128 9
13 133 1
13 134 2
13 135 9
13 137 2
13 139 10
13 141 10
13 144 3
13 146 1
13 148 1
13 149 7
13 150 2
13 152 8
13 153 5
13 154 7
13 155 5
13 157 3
13 160 6
13 163 4
13 165 1
13 166 4
13 167 9
13 168 7
13 171 9
13 172 10
13 173 2
13 176 5
13 179 7
13 180 2
13 181 1
13 183 4
13 184 10
13 186 6
13 188 10
13 189 9
13 192 6
13 193 7
13 196 3
13 197 4
13 198 9
13 202 2
13 204 9
13 206 10
13 210 5
13 211 1
13 213 7
13 218 5
13 219 8
13 221 4
13 222 6
13 225 10
13 228 8
13 229 6
13 230 10
13 232 3
13 234 5
13 236 7
13 239 5
13 240 2
13 245 10
13 246 4
13 247 2
13 248 2
13 252 8
13 253 6
13 256 10
13 257 9
13 258 3
13 260 2
13 261 4
13 262 6
13 264 1
13 265 1
13 267 8
13 269 1
13 272 9
13 273 6
13 274 9
13 276 8
13 277 8
13 280 2
13 281 2
13 283 3
13 285 1
13 288 7
13 289 4
13 290 1
13 291 3
13 295 6
13 297 7
13 298 6
13 300 1
13 302 2
13 306 2
13 310 6
13 313 10
13 314 3
13 315 7
13 317 5
13 322 1
13 323 4
13 325 10
13 329 3
13 330 3
13 331 4
13 332 10
13 333 8
13 334 7
13 335 3
13 336 7
13 337 8
13 344 4
13 346 5
13 353 9
13 354 3
13 358 9
13 359 1
13 362 4
13 363 4
13 364 2
13 366 6
13 367 2
13 368 5
13 370 8
13 371 8
13 372 3
13 375 6
13 376 9
13 377 1
13 379 1
13 383 2
13 384 5
13 386 2
13 387 5
13 389 7
13 393 2
13 399 2
14 15 8
14 20 2
14 23 6
14 26 4
14 28 4
14 31 10
14 34 5
14 35 1
14 38 2
14 39 4
14 40 10
14 41 4
14 45 2
14 46 4
14 49 9
14 50 4
14 53 10
14 54 7
14 56 7
14 59 4
14 61 6
14 62 5
14 64 4
14 65 3
14 68 2
14 71 3
14 74 10
14 75 10
14 77 9
14 79 2
14 81 5
14 82 2
14 83 8
14 84 8
14 86 4
14 87 10
14 90 6
14 91 8
14 93 3
14 95 3
14 99 9
14 102 6
14 107 10
14 108 3
14 109 3
14 110 3
14 113 8
14 115 1
14 116 6
14 120 6
14 121 5
14 122 3
14 123 3
14 124 5
14 127 2
14 131 5
14 134 3
14 137 10
14 138 7
14 139 2
14 143 9
14 144 2
14 145 10
14 146 4
14 148 2
14 149 3
14 152 8
14 155 9
14 156 1
14 160 2
14 161 2
14 163 2
14 165 6
14 166 4
14 167 9
14 170 1
14 173 9
14 175 3
14 176 10
14 180 6
14 181 9
14 183 4
14 185 2
14 186 6
14 189 5
14 190 2
14 191 3
14 192 4
14 194 7
14 196 10
14 197 4
14 198 3
14 202 9
14 203 9
14 205 10
14 206 1
14 208 4
14 209 9
14 210 10
14 216 4
14 219 10
14 221 2
14 225 4
14 228 10
14 229 8
14 233 9
14 235 7
14 237 4
14 238 8
14 240 5
14 242 2
14 245 5
14 246 9
14 248 2
14 251 8
14 252 9
14 254 5
14 255 8
14 256 7
14 260 7
14 261 4
14 264 3
14 266 6
14 267 10
14 270 9
14 272 6
14 273 2
14 274 3
14 275 10
14 280 2
14 283 2
14 287 6
14 288 8
14 290 8
14 291 10
14 293 3
14 295 9
14 297 7
14 298 2
14 299 3
14 303 8
14 305 8
14 306 8
14 307 8
14 309 6
14 310 10
14 311 2
14 312 9
14 314 8
14 318 9
14 324 8
14 326 9
14 327 5
14 329 4
14 331 4
14 332 10
14 334 3
14 338 1
14 341 3
14 342 10
14 343 4
14 345 8
14 346 2
14 348 6
14 351 3
14 352 3
14 354 8
14 358 8
14 359 6
14 360 1
14 362 4
14 363 6
14 364 3
14 367 5
14 368 9
14 369 6
14 370 6
14 373 1
14 378 2
14 379 6
14 380 2
14 381 7
14 382 8
14 383 9
14 384 10
14 386 5
14 387 9
14 388 10
14 389 8
14 391 4
14 392 10
14 394 7
14 395 3
14 396 3
14 397 8
14 398 9
14 399 3
15 18 1
15 20 6
15 21 5
15 25 9
15 28 7
15 32 4
15 34 9
15 35 8
15 37 9
15 38 5
15 39 2
15 42 10
15 44 2
15 45 5
15 47 3
15 49 3
15 51 3
15 52 1
15 56 4
15 57 4
15 59 4
15 60 3
15 61 8
15 62 5
15 65 2
15 67 2
15 70 1
15 73 10
15 75 4
15 77 10
15 78 5
15 79 2
15 82 3
15 85 7
15 86 1
15 88 3
15 92 6
15 93 8
15 94 3
15 96 5
15 99 8
15 101 1
15 102 3
15 103 8
15 104 4
15 107 3
15 110 6
15 111 9
15 113 2
15 114 1
15 115 9
15 117 5
15 123 3
15 125 2
15 129 5
15 130 5
15 131 9
15 133 10
15 134 3
15 135 3
15 136 9
15 138 8
15 139 8
15 144 10
15 145 3
15 151 5
15 154 3
15 157 4
15 159 4
15 160 3
15 161 5
15 163 6
15 164 3
15 165 3
15 166 10
15 174 10
15 175 5
15 176 6
15 179 6
15 180 4
15 181 1
15 186 8
15 188 8
15 190 9
15 192 10
15 193 2
15 194 2
15 195 3
15 196 5
15 199 6
15 202 7
15 203 2
15 206 3
15 207 5
15 208 8
15 209 1
15 214 10
15 216 1
15 217 6
15 218 10
15 222 1
15 223 4
15 226 3
15 228 1
15 230 8
15 231 4
15 232 2
15 233 1
15 237 8
15 238 6
15 241 3
15 243 5
15 245 7
15 246 3
15 247 1
15 248 9
15 249 8
15 250 8
15 252 4
15 253 3
15 254 6
15 258 2
15 259 5
15 260 6
15 261 6
15 263 7
15 265 8
15 267 2
15 269 4
15 270 7
15 272 1
15 274 1
15 276 10
15 277 5
15 278 1
15 280 6
15 281 8
15 282 3
15 284 3
15 287 9
15 289 6
15 292 1
15 295 4
15 298 9
15 301 3
15 302 4
15 304 4
15 305 9
15 306 4
15 308 3
15 309 4
15 310 4
15 312 9
15 313 4
15 314 8
15 315 4
15 318 8
15 320 4
15 322 4
15 323 3
15 327 2
15 329 4
15 330 8
15 331 7
15 335 10
15 336 8
15 338 1
15 339 6
15 340 7
15 341 10
15 342 2
15 345 7
15 347 8
15 348 8
15 350 1
15 351 2
15 356 9
15 359 9
15 360 1
15 363 3
15 365 7
15 366 7
15 367 2
15 369 9
15 371 2
15 373 1
15 374 10
15 375 7
15 376 6
15 377 5
15 379 10
15 383 10
15 384 9
15 385 8
15 386 4
15 387 4
15 388 4
15 392 3
15 396 1
15 397 2
16 17 5
16 19 1
16 22 1
16 24 10
16 25 7
16 26 4
16 31 10
16 32 10
16 34 5
16 35 7
16 37 6
16 39 8
16 40 3
16 41 9
16 43 10
16 44 8
16 47 1
16 49 10
16 51 5
16 52 4
16 54 1
16 56 8
16 57 8
16 61 3
16 64 3
16 69 7
16 73 3
16 74 3
16 75 6
16 77 4
16 78 9
16 79 7
16 81 10
16 82 3
16 83 2
16 86 9
16 88 9
16 89 5
16 90 2
16 91 2
16 93 4
16 95 6
16 97 7
16 98 4
16 99 10
16 100 7
16 103 3
16 106 8
16 107 1
16 109 4
16 113 9
16 114 7
16 116 3
16 119 8
16 120 7
16 127 4
16 129 9
16 130 3
16 132 7
16 134 6
16 136 8
16 137 10
16 138 4
16 139 2
16 141 4
16 142 10
16 144 8
16 145 4
16 147 3
16 148 10
16 153 2
16 156 2
16 164 8
16 166 8
16 168 10
16 170 7
16 173 4
16 175 4
16 177 10
16 178 2
16 180 4
16 181 2
16 187 2
16 188 1
16 192 10
16 193 5
16 201 4
16 205 6
16 206 4
16 207 3
16 211 1
16 212 6
16 214 2
16 215 8
16 216 2
16 224 7
16 225 2
16 227 9
16 231 9
16 232 9
16 233 2
16 237 6
16 244 2
16 246 9
16 247 8
16 248 3
16 249 4
16 250 1
16 251 1
16 253 6
16 255 2
16 257 5
16 259 8
16 261 10
16 264 6
16 265 3
16 266 7
16 270 3
16 272 6
16 273 9
16 274 3
16 275 6
16 276 2
16 279 7
16 281 10
16 282 10
16 283 6
16 284 10
16 290 2
16 291 3
16 292 7
16 293 7
16 294 9
16 301 8
16 302 10
16 304 2
16 305 10
16 306 8
16 310 9
16 314 3
16 315 3
16 317 10
16 318 2
16 319 9
16 320 3
16 325 8
16 329 4
16 330 7
16 332 9
16 335 6
16 339 1
16 340 3
16 341 4
16 342 6
16 343 1
16 345 6
16 348 7
16 349 2
16 351 8
16 352 9
16 355 3
16 356 2
16 358 4
16 359 7
16 361 5
16 368 1
16 369 4
16 373 1
16 376 7
16 380 9
16 381 8
16 384 1
16 387 5
16 391 6
16 396 9
16 397 7
16 399 9
17 18 6
17 19 9
17 21 6
17 22 1
17 23 3
17 26 3
17 28 9
17 30 2
17 33 5
17 34 10
17 35 9
17 37 8
17 39 1
17 43 5
17 45 6
17 47 4
17 51 9
17 52 5
17 53 7
17 54 3
17 55 4
17 56 8
17 58 7
17 59 2
17 62 7
17 63 1
17 65 7
17 66 2
17 67 1
17 71 10
17 72 3
17 73 7
17 74 8
17 75 3
17 76 6
17 77 3
17 80 1
17 81 10
17 82 1
17 84 1
17 86 9
17 87 8
17 88 1
17 89 4
17 91 6
17 93 3
17 96 6
17 99 4
17 100 7
17 104 10
17 106 7
17 107 2
17 108 3
17 109 2
17 114 10
17 117 1
17 120 3
17 121 7
17 122 3
17 123 4
17 124 7
17 125 6
17 128 5
17 131 9
17 134 8
17 135 5
17 136 6
17 137 9
17 138 8
17 139 2
17 140 1
17 143 4
17 146 1
17 149 3
17 150 5
17 158 10
17 159 4
17 160 2
17 165 10
17 168 6
17 169 5
17 170 2
17 172 9
17 173 8
17 174 1
17 176 1
17 178 1
17 179 3
17 180 3
17 181 1
17 182 2
17 183 1
17 185 10
17 189 9
17 190 1
17 200 10
17 203 6
17 204 3
17 206 1
17 207 2
17 209 1
17 210 6
17 211 3
17 212 9
17 214 8
17 215 10
17 218 8
17 219 6
17 220 5
17 222 5
17 223 9
17 224 1
17 225 4
17 226 2
17 227 8
17 229 6
17 230 9
17 236 5
17 237 6
17 239 9
17 240 5
17 245 3
17 246 1
17 250 4
17 251 7
17 252 3
17 255 8
17 257 4
17 258 5
17 260 9
17 261 7
17 263 3
17 265 9
17 267 8
17 268 3
17 270 6
17 272 10
17 274 10
17 275 3
17 277 6
17 278 8
17 279 4
17 282 7
17 283 5
17 284 6
17 285 7
17 288 8
17 289 7
17 291 4
17 292 9
17 297 10
17 302 8
17 303 1
17 306 4
17 309 3
17 310 10
17 314 2
17 315 2
17 322 6
17 323 5
17 324 1
17 325 10
17 326 4
17 329 2
17 331 9
17 332 5
17 336 7
17 337 9
17 340 6
17 344 1
17 345 4
17 346 6
17 348 2
17 349 4
17 351 2
17 352 3
17 354 8
17 363 2
17 364 6
17 370 7
17 371 5
17 374 6
17 375 10
17 378 9
17 379 8
17 381 2
17 382 7
17 383 8
17 387 4
17 388 1
17 389 6
17 390 7
17 391 2
17 393 10
17 396 3
17 397 3
17 399 5
18 21 2
18 22 10
18 23 5
18 26 3
18 29 3
18 30 8
18 32 10
18 33 9
18 34 8
18 36 10
18 37 5
18 39 2
18 41 2
18 44 4
18 46 2
18 47 2
18 48 9
18 50 9
18 55 10
18 60 4
18 61 8
18 62 8
18 64 1
18 67 7
18 68 7
18 69 9
18 81 6
18 83 2
18 86 9
18 88 8
18 89 8
18 91 4
18 93 4
18 94 3
18 96 9
18 99 6
18 102 7
18 103 8
18 105 1
18 106 1
18 107 1
18 109 4
18 110 3
18 111 5
18 112 5
18 113 6
18 114 3
18 115 4
18 116 7
18 117 7
18 118 2
18 119 7
18 121 1
18 122 9
18 123 4
18 124 4
18 125 9
18 126 4
18 127 6
18 128 2
18 130 7
18 131 4
18 134 7
18 136 10
18 137 1
18 138 3
18 139 6
18 140 5
18 141 6
18 142 4
18 143 5
18 145 8
18 148 5
18 151 7
18 152 7
18 153 2
18 155 2
18 157 7
18 161 2
18 163 10
18 164 3
18 165 6
18 167 4
18 169 4
18 171 9
18 174 7
18 175 7
18 179 1
18 182 7
18 183 6
18 184 4
18 185 9
18 187 10
18 188 6
18 191 1
18 193 5
18 194 9
18 196 1
18 197 3
18 199 6
18 200 2
18 202 10
18 205 1
18 206 6
18 209 2
18 216 5
18 217 4
18 221 8
18 224 1
18 225 9
18 228 4
18 229 1
18 231 8
18 232 6
18 233 5
18 234 3
18 236 7
18 237 9
18 239 7
18 241 5
18 242 2
18 243 5
18 244 7
18 247 3
18 248 2
18 250 5
18 253 9
18 259 3
18 260 2
18 261 3
18 262 9
18 264 2
18 267 4
18 272 10
18 274 8
18 278 4
18 280 5
18 282 8
18 284 2
18 285 1
18 288 5
18 289 3
18 290 4
18 291 10
18 292 3
18 293 3
18 294 8
18 296 4
18 299 2
18 300 6
18 301 5
18 302 7
18 303 2
18 305 3
18 306 8
18 310 3
18 311 6
18 312 6
18 313 3
18 314 10
18 315 1
18 316 7
18 324 2
18 325 1
18 326 3
18 327 3
18 329 10
18 330 9
18 332 7
18 333 4
18 335 6
18 338 6
18 339 5
18 340 1
18 342 1
18 345 10
18 346 5
18 350 7
18 353 6
18 354 1
18 355 1
18 356 8
18 358 5
18 360 9
18 363 5
18 364 10
18 366 7
18 367 4
18 369 8
18 370 3
18 371 7
18 374 2
18 377 1
18 378 3
18 379 5
18 380 5
18 381 6
18 384 4
18 388 6
18 389 1
18 390 4
18 393 8
18 398 7
19 22 10
19 23 5
19 24 9
19 26 1
19 27 1
19 28 9
19 29 7
19 30 8
19 32 8
19 35 8
19 37 1
19 38 6
19 40 4
19 41 4
19 42 9
19 43 9
19 44 8
19 45 2
19 48 7
19 49 3
19 50 4
19 51 3
19 54 6
19 56 10
19 57 8
19 60 4
19 62 3
19 64 8
19 66 2
19 67 1
19 75 5
19 76 10
19 79 4
19 80 2
19 81 3
19 84 6
19 85 1
19 87 3
19 90 2
19 91 5
19 97 6
19 98 1
19 99 3
19 101 4
19 106 6
19 107 10
19 108 3
19 109 7
19 112 5
19 113 8
19 114 4
19 117 6
19 118 9
19 119 9
19 121 9
19 122 4
19 126 4
19 128 5
19 129 7
19 130 6
19 131 10
19 133 9
19 135 8
19 136 3
19 137 7
19 139 10
19 140 10
19 141 2
19 142 2
19 144 3
19 145 5
19 151 8
19 152 2
19 153 7
19 154 10
19 155 3
19 156 6
19 157 8
19 160 6
19 167 1
19 168 9
19 171 8
19 172 7
19 175 10
19 178 7
19 179 10
19 180 5
19 182 8
19 187 1
19 189 9
19 190 2
19 193 8
19 194 6
19 196 1
19 198 4
19 200 2
19 203 1
19 204 6
19 206 9
19 209 6
19 210 3
19 213 9
19 215 2
19 221 3
19 222 7
19 224 6
19 225 8
19 227 9
19 229 3
19 230 5
19 232 4
19 234 7
19 235 4
19 236 9
19 238 6
19 239 10
19 241 3
19 242 8
19 244 9
19 246 2
19 247 5
19 248 4
19 250 1
19 251 3
19 254 9
19 255 4
19 256 3
19 258 8
19 264 2
19 265 1
19 266 7
19 267 1
19 268 4
19 273 9
19 276 2
19 278 5
19 281 3
19 284 1
19 285 9
19 288 5
19 290 7
19 292 5
19 294 1
19 296 9
19 298 2
19 302 8
19 303 2
19 307 4
19 308 8
19 310 7
19 311 2
19 312 3
19 314 1
19 315 3
19 318 9
19 321 4
19 322 10
19 323 4
19 325 7
19 327 8
19 328 2
19 330 6
19 332 8
19 335 9
19 336 5
19 337 7
19 338 9
19 340 10
19 341 6
19 344 3
19 345 7
19 346 10
19 347 5
19 349 5
19 356 1
19 357 5
19 358 9
19 359 5
19 363 4
19 364 6
19 365 7
19 366 10
19 368 2
19 369 3
19 371 10
19 375 1
19 376 5
19 377 7
19 378 9
19 379 6
19 381 1
19 382 2
19 385 10
19 386 3
19 387 7
19 388 10
19 389 5
19 390 7
19 391 3
19 392 9
19 393 3
19 396 1
19 397 7
19 398 2
19 399 6
20 23 6
20 27 8
20 35 8
20 38 3
20 40 8
20 41 10
20 44 6
20 46 5
20 49 1
20 52 9
20 56 4
20 57 5
20 58 6
20 59 2
20 60 9
20 61 10
20 66 10
20 67 2
20 73 8
20 74 5
20 76 3
20 77 5
20 81 6
20 85 6
20 86 1
20 87 6
20 88 4
20 90 9
20 91 2
20 93 6
20 94 9
20 95 8
20 99 4
20 100 3
20 102 7
20 104 3
20 105 2
20 106 10
20 107 7
20 108 10
20 110 7
20 112 7
20 114 8
20 115 10
20 116 2
20 122 7
20 123 9
20 128 1
20 130 10
20 131 10
20 132 1
20 133 10
20 135 10
20 136 2
20 137 8
20 138 9
20 139 6
20 140 1
20 143 1
20 147 3
20 148 10
20 151 9
20 152 7
20 154 3
20 156 2
20 157 5
20 158 6
20 162 9
20 168 4
20 169 8
20 175 6
20 176 3
20 178 2
20 182 2
20 186 10
20 190 2
20 191 1
20 193 4
20 194 9
20 197 1
20 198 6
20 199 4
20 202 3
20 205 7
20 206 7
20 209 1
20 210 7
20 213 2
20 214 2
20 219 10
20 220 3
20 222 7
20 223 5
20 225 2
20 227 9
20 228 8
20 229 4
20 231 6
20 233 5
20 237 2
20 238 7
20 239 4
20 240 7
20 241 8
20 243 3
20 245 9
20 246 6
20 248 7
20 251 9
20 253 2
20 258 1
20 259 1
20 260 4
20 261 1
20 267 3
20 268 3
20 269 2
20 270 2
20 271 4
20 272 7
20 276 9
20 279 7
20 282 1
20 285 9
20 286 4
20 287 2
20 291 8
20 292 7
20 293 5
20 295 4
20 296 8
20 298 7
20 300 9
20 301 6
20 308 10
20 309 6
20 310 2
20 315 2
20 317 10
20 321 8
20 322 5
20 323 1
20 325 9
20 326 5
20 329 8
20 330 8
20 332 7
20 336 4
20 337 10
20 338 2
20 340 2
20 341 3
20 344 9
20 351 7
20 354 6
20 359 4
20 360 3
20 361 1
20 362 10
20 366 5
20 367 4
20 371 2
20 372 7
20 376 10
20 377 1
20 382 1
20 383 3
20 385 7
20 386 2
20 389 2
20 390 7
20 392 3
20 397 9
20 399 2
21 24 9
21 26 5
21 28 5
21 30 2
21 32 5
21 36 9
21 38 3
21 39 4
21 40 5
21 46 7
21 50 3
21 52 5
21 54 5
21 56 4
21 57 6
21 63 3
21 64 5
21 65 8
21 67 4
21 68 6
21 69 3
21 72 3
21 77 6
21 79 3
21 82 9
21 84 7
21 85 7
21 91 6
21 92 10
21 93 9
21 94 9
21 98 7
21 105 10
21 107 1
21 108 5
21 109 3
21 110 4
21 113 7
21 116 1
21 119 6
21 120 2
21 122 7
21 124 7
21 125 8
21 128 4
21 130 1
21 134 2
21 139 3
21 143 3
21 145 9
21 148 2
21 149 6
21 150 4
21 151 10
21 154 3
21 157 10
21 159 6
21 161 9
21 162 10
21 167 7
21 172 10
21 174 4
21 175 10
21 177 9
21 178 9
21 179 6
21 183 10
21 184 1
21 185 10
21 187 1
21 188 7
21 189 8
21 191 9
21 192 6
21 193 8
21 194 6
21 197 10
21 201 7
21 202 7
21 206 2
21 207 4
21 209 5
21 210 7
21 212 5
21 213 5
21 214 2
21 216 6
21 218 8
21 219 9
21 220 5
21 222 10
21 223 7
21 224 7
21 226 6
21 227 7
21 229 8
21 231 4
21 233 5
21 240 8
21 242 3
21 243 1
21 249 2
21 250 9
21 251 6
21 253 1
21 254 1
21 255 3
21 257 8
21 261 3
21 264 4
21 268 9
21 269 2
21 273 4
21 276 8
21 277 9
21 278 5
21 279 5
21 282 6
21 283 4
21 286 6
21 289 1
21 292 3
21 297 1
21 304 1
21 316 6
21 317 4
21 321 8
21 322 2
21 323 8
21 324 6
21 326 8
21 329 9
21 330 4
21 331 9
21 332 10
21 335 7
21 336 6
21 340 7
21 341 1
21 343 4
21 344 1
21 346 2
21 347 8
21 348 1
21 350 4
21 351 7
21 352 7
21 353 3
21 354 9
21 356 1
21 357 5
21 358 8
21 359 8
21 361 2
21 362 8
21 363 9
21 364 2
21 365 9
21 367 6
21 368 4
21 370 6
21 371 9
21 372 10
21 373 9
21 375 9
21 376 3
21 377 3
21 378 6
21 381 4
21 382 5
21 383 6
21 385 1
21 386 9
21 390 1
21 396 6
21 397 7
21 398 8
21 399 4
22 23 4
22 26 4
22 28 9
22 31 3
22 32 8
22 33 4
22 35 1
22 36 4
22 38 5
22 42 4
22 44 3
22 49 2
22 53 6
22 54 8
22 55 7
22 58 7
22 60 9
22 61 10
22 62 5
22 63 8
22 65 8
22 66 10
22 67 7
22 70 9
22 71 1
22 72 9
22 73 6
22 74 6
22 75 10
22 76 3
22 77 2
22 78 1
22 80 9
22 81 4
22 83 7
22 84 8
22 86 8
22 87 2
22 88 6
22 89 8
22 92 9
22 94 4
22 97 5
22 99 3
22 100 6
22 102 4
22 104 6
22 108 4
22 111 9
22 113 1
22 116 2
22 118 7
22 119 10
22 121 1
22 127 2
22 130 6
22 131 7
22 134 10
22 137 4
22 138 9
22 143 2
22 147 1
22 149 10
22 151 5
22 152 2
22 153 8
22 154 5
22 155 6
22 159 5
22 162 10
22 163 3
22 166 1
22 167 5
22 168 3
22 169 7
22 170 9
22 173 8
22 176 10
22 179 7
22 180 5
22 182 10
22 183 9
22 187 4
22 189 5
22 190 3
22 193 7
22 195 4
22 201 10
22 203 2
22 209 9
22 210 7
22 214 8
22 215 9
22 217 5
22 219 9
22 220 6
22 221 5
22 223 4
22 224 4
22 227 3
22 228 9
22 229 9
22 230 1
22 232 10
22 233 9
22 234 8
22 237 2
22 242 5
22 243 4
22 247 7
22 248 10
22 249 4
22 250 8
22 252 6
22 255 1
22 257 3
22 259 9
22 260 3
22 262 7
22 263 1
22 264 5
22 265 1
22 266 9
22 269 3
22 271 3
22 272 3
22 275 4
22 277 9
22 278 3
22 279 2
22 281 9
22 283 2
22 286 4
22 287 7
22 288 6
22 289 9
22 291 5
22 293 7
22 298 10
22 302 1
22 304 10
22 306 7
22 307 10
22 313 7
22 314 8
22 316 9
22 318 4
22 319 6
22 322 10
22 323 7
22 326 6
22 327 2
22 329 4
22 330 7
22 331 9
22 332 3
22 334 8
22 336 3
22 339 3
22 340 7
22 341 5
22 345 2
22 347 5
22 352 5
22 353 5
22 355 9
22 359 9
22 360 5
22 364 3
22 365 5
22 369 8
22 371 4
22 372 6
22 375 8
22 376 6
22 378 2
22 381 9
22 384 8
22 385 5
22 386 1
22 387 5
22 390 6
22 391 10
22 395 3
22 396 10
22 397 7
23 24 2
23 25 9
23 27 2
23 30 4
23 39 10
23 40 5
23 44 4
23 45 2
23 47 4
23 48 9
23 53 2
23 54 1
23 57 5
23 60 4
23 61 8
23 62 3
23 65 10
23 66 6
23 68 4
23 71 10
23 74 3
23 75 7
23 80 10
23 81 10
23 83 9
23 84 10
23 85 8
23 86 5
23 87 4
23 92 1
23 93 2
23 95 3
23 97 5
23 99 8
23 102 7
23 103 7
23 104 6
23 106 1
23 112 1
23 118 7
23 120 2
23 121 8
23 123 2
23 126 5
23 127 10
23 129 5
23 130 10
23 132 2
23 134 4
23 139 6
23 140 2
23 141 4
23 143 6
23 144 2
23 145 3
23 146 2
23 147 3
23 149 8
23 150 1
23 151 6
23 154 7
23 155 5
23 157 6
23 159 4
23 162 6
23 163 1
23 166 7
23 169 1
23 175 3
23 177 4
23 179 1
23 180 1
23 181 10
23 182 5
23 183 1
23 184 4
23 185 5
23 186 9
23 189 4
23 190 3
23 195 6
23 196 1
23 197 8
23 199 7
23 201 4
23 202 8
23 203 7
23 204 10
23 205 9
23 207 6
23 208 2
23 210 7
23 212 10
23 213 5
23 214 8
23 215 2
23 219 1
23 221 5
23 222 8
23 223 5
23 224 4
23 229 5
23 231 6
23 233 7
23 235 10
23 236 4
23 237 8
23 238 4
23 240 7
23 242 3
23 244 8
23 245 7
23 248 8
23 251 7
23 256 5
23 257 10
23 258 3
23 259 7
23 261 6
23 263 7
23 265 6
23 266 9
23 268 10
23 269 4
23 271 3
23 272 5
23 274 8
23 276 6
23 277 1
23 278 9
23 282 7
23 284 2
23 290 8
23 291 7
23 292 7
23 296 3
23 297 9
23 298 3
23 299 4
23 302 4
23 305 7
23 306 4
23 312 1
23 315 4
23 316 3
23 319 6
23 320 2
23 322 2
23 323 5
23 324 1
23 325 9
23 326 4
23 327 6
23 328 5
23 329 9
23 330 2
23 333 2
23 337 2
23 338 2
23 339 4
23 340 10
23 342 10
23 345 6
23 346 3
23 348 9
23 349 2
23 350 6
23 351 7
23 355 4
23 358 4
23 360 5
23 365 1
23 368 5
23 371 4
23 372 8
23 379 6
23 382 10
23 383 4
23 384 4
23 387 8
23 390 5
23 391 3
23 393 2
23 394 7
23 396 9
23 397 6
23 399 2
24 26 2
24 31 4
24 36 10
24 37 2
24 39 3
24 40 8
24 42 1
24 43 5
24 44 9
24 46 2
24 47 2
24 48 5
24 49 4
24 51 5
24 53 5
24 54 4
24 57 8
24 58 2
24 59 6
24 62 2
24 65 4
24 68 7
24 71 6
24 72 2
24 73 9
24 75 3
24 77 3
24 78 8
24 79 5
24 80 3
24 83 4
24 84 10
24 86 6
24 88 2
24 90 6
24 92 9
24 93 10
24 94 10
24 97 1
24 98 2
24 101 2
24 104 10
24 106 3
24 111 10
24 113 4
24 115 9
24 116 3
24 117 1
24 120 4
24 124 3
24 125 6
24 126 4
24 127 10
24 129 5
24 130 10
24 132 5
24 134 4
24 135 5
24 136 7
24 137 7
24 138 9
24 142 3
24 145 1
24 146 6
24 150 4
24 152 2
24 154 3
24 155 4
24 156 1
24 158 2
24 160 10
24 161 2
24 162 9
24 163 1
24 164 10
24 166 10
24 171 4
24 173 8
24 176 4
24 178 5
24 179 9
24 182 5
24 184 2
24 186 4
24 188 9
24 190 8
24 193 10
24 194 6
24 196 3
24 197 1
24 198 7
24 199 6
24 200 9
24 202 7
24 203 8
24 204 2
24 206 6
24 211 8
24 213 10
24 215 9
24 216 9
24 219 8
24 220 8
24 221 1
24 222 4
24 223 7
24 228 6
24 229 6
24 230 7
24 235 7
24 237 6
24 238 1
24 239 10
24 240 3
24 245 8
24 246 3
24 248 7
24 249 2
24 250 2
24 252 9
24 253 5
24 254 10
24 259 1
24 260 8
24 261 5
24 264 3
24 265 3
24 270 5
24 271 5
24 272 9
24 273 8
24 276 9
24 279 4
24 281 10
24 282 5
24 284 3
24 285 10
24 287 1
24 288 7
24 289 6
24 292 1
24 293 5
24 294 4
24 297 7
24 298 1
24 299 3
24 302 6
24 303 2
24 307 4
24 308 6
24 309 3
24 310 7
24 311 1
24 312 4
24 313 9
24 316 7
24 317 2
24 320 4
24 321 5
24 323 8
24 324 3
24 327 1
24 330 2
24 331 1
24 333 7
24 334 7
24 335 10
24 336 5
24 338 1
24 339 7
24 340 10
24 341 2
24 342 9
24 343 4
24 344 1
24 350 4
24 351 10
24 352 1
24 358 5
24 359 7
24 360 9
24 361 1
24 363 5
24 366 5
24 367 7
24 368 9
24 369 4
24 370 9
24 377 10
24 380 7
24 384 1
24 385 2
24 386 3
24 389 4
24 391 7
24 398 1
25 27 3
25 30 7
25 31 9
25 33 7
25 34 7
25 36 5
25 38 1
25 39 2
25 42 2
25 44 7
25 46 7
25 47 2
25 51 3
25 52 8
25 54 1
25 55 2
25 56 8
25 58 4
25 59 4
25 60 5
25 62 4
25 63 8
25 64 10
25 65 10
25 69 2
25 70 2
25 71 10
25 73 8
25 75 1
25 76 7
25 77 4
25 78 6
25 81 7
25 83 9
25 84 9
25 85 5
25 86 6
25 89 7
25 92 4
25 93 2
25 95 10
25 96 9
25 100 9
25 102 4
25 103 8
25 104 10
25 105 7
25 108 4
25 109 4
25 110 4
25 111 2
25 112 2
25 115 10
25 118 1
25 119 1
25 121 8
25 124 6
25 126 1
25 127 9
25 128 1
25 131 4
25 132 1
25 133 7
25 136 5
25 137 10
25 138 10
25 139 6
25 140 8
25 141 10
25 145 4
25 146 8
25 147 1
25 149 1
25 150 10
25 153 6
25 154 6
25 156 1
25 157 10
25 159 5
25 160 1
25 162 8
25 163 8
25 164 6
25 165 3
25 167 6
25 168 6
25 169 6
25 170 7
25 179 6
25 181 5
25 184 10
25 187 1
25 188 2
25 191 6
25 193 8
25 195 10
25 196 1
25 197 9
25 198 2
25 199 8
25 201 4
25 202 7
25 206 1
25 209 3
25 211 6
25 213 1
25 216 1
25 218 10
25 219 6
25 221 2
25 223 1
25 226 5
25 228 6
25 229 2
25 232 10
25 233 8
25 239 6
25 240 9
25 242 9
25 244 4
25 245 3
25 247 1
25 248 2
25 249 3
25 251 4
25 256 9
25 258 5
25 261 4
25 262 5
25 264 8
25 266 8
25 271 6
25 273 3
25 276 4
25 277 6
25 278 6
25 279 5
25 280 1
25 281 2
25 284 2
25 288 1
25 291 3
25 292 8
25 294 5
25 295 10
25 299 8
25 302 3
25 303 4
25 306 7
25 307 3
25 308 2
25 309 9
25 310 2
25 311 3
25 313 4
25 314 8
25 315 4
25 317 8
25 318 7
25 321 3
25 323 2
25 326 7
25 331 8
25 332 3
25 334 10
25 335 2
25 337 7
25 338 4
25 339 7
25 340 10
25 341 8
25 343 1
25 349 2
25 350 3
25 355 7
25 360 10
25 363 9
25 364 5
25 365 3
25 368 8
25 369 4
25 372 3
25 373 3
25 381 8
25 384 1
25 385 2
25 386 9
25 387 2
25 390 7
25 391 2
25 392 7
25 393 9
25 394 1
25 396 3
26 29 7
26 32 7
26 33 6
26 34 7
26 35 1
26 36 7
26 38 7
26 39 6
26 41 7
26 42 1
26 43 7
26 44 2
26 46 3
26 48 8
26 50 3
26 54 5
26 57 7
26 60 9
26 64 10
26 65 4
26 66 2
26 68 1
26 70 2
26 71 2
26 73 8
26 77 10
26 78 8
26 79 8
26 80 8
26 81 6
26 82 7
26 84 8
26 85 4
26 87 8
26 89 9
26 90 8
26 91 9
26 92 1
26 93 1
26 94 7
26 95 8
26 97 2
26 98 10
26 106 6
26 108 6
26 109 7
26 112 4
26 113 6
26 114 6
26 119 2
26 123 5
26 124 4
26 127 4
26 128 5
26 131 7
26 132 4
26 134 5
26 135 7
26 137 8
26 142 7
26 144 5
26 145 2
26 146 4
26 147 10
26 148 6
26 149 9
26 151 10
26 153 6
26 154 5
26 156 2
26 158 5
26 159 1
26 160 4
26 162 3
26 164 1
26 166 9
26 168 7
26 169 3
26 170 3
26 174 5
26 176 7
26 178 9
26 179 8
26 182 2
26 185 10
26 186 10
26 187 1
26 189 6
26 190 1
26 191 6
26 193 9
26 196 6
26 197 1
26 199 8
26 200 3
26 202 9
26 205 6
26 206 9
26 209 9
26 216 3
26 217 5
26 219 10
26 221 9
26 223 10
26 224 9
26 226 8
26 230 5
26 234 7
26 235 2
26 237 5
26 238 8
26 240 10
26 241 4
26 242 9
26 244 5
26 245 8
26 247 9
26 248 9
26 251 4
26 252 2
26 257 4
26 258 1
26 261 2
26 264 6
26 266 6
26 267 1
26 268 4
26 269 10
26 270 7
26 271 5
26 278 10
26 279 3
26 280 6
26 284 8
26 285 5
26 286 1
26 289 4
26 293 5
26 294 6
26 297 9
26 303 5
26 305 7
26 306 1
26 307 1
26 308 2
26 310 8
26 311 2
26 312 2
26 313 9
26 317 8
26 320 7
26 322 9
26 323 10
26 327 9
26 328 3
26 329 3
26 334 3
26 335 4
26 336 4
26 337 1
26 338 5
26 342 9
26 346 6
26 347 10
26 348 1
26 349 8
26 350 6
26 352 4
26 358 1
26 359 9
26 362 8
26 367 2
26 369 6
26 370 4
26 376 5
26 377 2
26 380 2
26 381 4
26 382 6
26 386 5
26 387 2
26 388 8
26 391 9
26 393 6
26 398 2
27 28 1
27 31 7
27 35 2
27 37 1
27 38 9
27 39 8
27 42 2
27 43 10
27 46 6
27 47 8
27 52 3
27 53 1
27 55 10
27 56 4
27 57 3
27 58 6
27 59 2
27 62 8
27 64 5
27 65 6
27 66 3
27 67 8
27 68 7
27 70 3
27 71 1
27 72 2
27 73 6
27 74 8
27 77 10
27 79 5
27 81 1
27 82 3
27 83 2
27 84 9
27 88 9
27 90 6
27 91 9
27 92 2
27 93 3
27 97 9
27 99 1
27 100 3
27 101 2
27 102 7
27 103 5
27 105 9
27 107 10
27 109 8
27 110 7
27 112 4
27 113 4
27 117 8
27 119 10
27 122 2
27 129 3
27 130 2
27 131 7
27 134 2
27 137 5
27 138 1
27 141 4
27 142 8
27 144 9
27 145 4
27 146 10
27 147 7
27 148 1
27 149 6
27 151 10
27 152 10
27 153 1
27 156 6
27 158 7
27 159 4
27 160 4
27 163 6
27 164 2
27 167 10
27 170 4
27 172 1
27 173 1
27 175 4
27 176 9
27 177 10
27 178 3
27 180 6
27 181 3
27 182 10
27 185 3
27 188 3
27 189 4
27 190 3
27 191 9
27 192 9
27 194 4
27 195 4
27 197 5
27 198 1
27 199 6
27 202 4
27 205 3
27 206 6
27 208 10
27 209 5
27 210 6
27 212 10
27 215 2
27 217 3
27 218 7
27 219 9
27 220 10
27 221 1
27 223 7
27 224 2
27 229 1
27 231 9
27 236 5
27 237 8
27 239 1
27 241 3
27 243 9
27 244 4
27 246 5
27 247 4
27 248 3
27 250 5
27 253 4
27 254 8
27 255 4
27 256 9
27 261 4
27 263 9
27 265 4
27 269 6
27 270 4
27 275 10
27 278 10
27 279 1
27 280 5
27 281 8
27 283 1
27 284 2
27 287 2
27 288 2
27 289 3
27 290 3
27 291 9
27 293 3
27 296 9
27 300 5
27 302 1
27 303 9
27 306 6
27 307 5
27 309 2
27 310 2
27 311 4
27 315 2
27 318 3
27 322 6
27 323 7
27 326 2
27 328 4
27 329 1
27 331 9
27 333 7
27 335 8
27 337 5
27 339 8
27 341 3
27 342 1
27 343 5
27 344 7
27 355 4
27 359 2
27 360 6
27 361 4
27 362 3
27 363 8
27 366 9
27 370 3
27 371 2
27 373 7
27 374 5
27 376 10
27 377 3
27 378 5
27 379 5
27 380 8
27 383 1
27 384 6
27 385 7
27 386 9
27 388 10
27 396 3
27 397 5
28 30 2
28 31 9
28 33 5
28 36 6
28 37 1
28 39 4
28 41 6
28 42 8
28 45 1
28 47 4
28 50 5
28 57 4
28 60 2
28 64 4
28 65 8
28 66 2
28 67 3
28 69 10
28 72 8
28 73 7
28 74 2
28 75 6
28 79 3
28 80 3
28 81 7
28 83 10
28 88 10
28 89 2
28 90 7
28 92 3
28 96 9
28 98 1
28 99 6
28 101 5
28 102 4
28 103 10
28 104 7
28 105 9
28 107 9
28 108 6
28 110 2
28 111 6
28 113 7
28 115 3
28 118 4
28 120 10
28 122 4
28 124 5
28 127 7
28 132 9
28 134 9
28 135 10
28 136 7
28 137 7
28 139 4
28 140 8
28 142 1
28 143 6
28 145 7
28 149 3
28 150 4
28 151 10
28 153 6
28 155 7
28 156 7
28 157 10
28 158 5
28 160 6
28 162 9
28 163 10
28 165 2
28 166 7
28 167 6
28 169 10
28 175 2
28 178 8
28 179 5
28 185 8
28 188 5
28 189 1
28 192 5
28 195 1
28 196 8
28 197 6
28 198 7
28 200 5
28 201 1
28 202 9
28 203 8
28 204 3
28 205 10
28 208 2
28 209 9
28 210 7
28 211 3
28 219 2
28 220 8
28 222 1
28 227 9
28 228 3
28 229 9
28 230 9
28 233 8
28 236 4
28 237 10
28 243 7
28 244 8
28 245 8
28 246 2
28 247 7
28 249 7
28 250 8
28 251 6
28 253 1
28 255 2
28 256 2
28 259 8
28 260 4
28 262 5
28 265 8
28 266 8
28 268 9
28 269 4
28 270 9
28 272 6
28 274 8
28 275 10
28 279 9
28 280 9
28 281 2
28 282 7
28 284 5
28 288 7
28 290 7
28 291 10
28 294 8
28 297 2
28 298 6
28 299 3
28 300 7
28 301 7
28 302 1
28 305 7
28 306 6
28 307 2
28 310 5
28 311 10
28 312 10
28 313 3
28 316 1
28 317 1
28 319 6
28 320 9
28 321 4
28 324 6
28 325 4
28 328 10
28 333 8
28 334 5
28 335 4
28 336 10
28 340 5
28 342 9
28 345 5
28 346 8
28 348 10
28 352 5
28 353 7
28 354 8
28 355 1
28 356 3
28 359 2
28 361 8
28 362 1
28 364 8
28 367 6
28 372 3
28 373 6
28 374 3
28 375 4
28 376 3
28 377 9
28 380 1
28 381 8
28 382 3
28 383 7
28 384 8
28 385 7
28 390 10
28 391 9
28 393 1
28 394 2
28 395 6
28 396 5
28 397 6
28 399 2
29 32 8
29 33 4
29 38 5
29 39 1
29 41 3
29 42 9
29 43 8
29 45 2
29 47 7
29 48 4
29 49 2
29 51 3
29 54 10
29 55 10
29 57 2
29 60 5
29 61 4
29 64 1
29 65 3
29 68 10
29 69 8
29 71 10
29 73 9
29 74 4
29 75 2
29 79 10
29 81 1
29 83 3
29 84 7
29 86 10
29 88 8
29 89 4
29 91 7
29 92 2
29 93 1
29 95 4
29 98 3
29 101 10
29 107 8
29 108 7
29 110 6
29 111 8
29 112 4
29 119 6
29 120 4
29 122 10
29 125 9
29 126 4
29 128 4
29 129 6
29 130 10
29 136 8
29 138 4
29 140 6
29 141 2
29 143 9
29 144 5
29 149 7
29 150 7
29 151 10
29 153 3
29 157 7
29 158 4
29 160 9
29 161 8
29 164 6
29 168 7
29 169 5
29 170 8
29 171 7
29 174 6
29 175 6
29 176 9
29 177 9
29 180 5
29 181 2
29 183 5
29 185 10
29 186 5
29 187 2
29 188 5
29 189 5
29 195 1
29 196 4
29 197 7
29 198 3
29 199 4
29 200 4
29 202 3
29 204 3
29 205 4
29 206 3
29 209 10
29 210 6
29 211 5
29 213 7
29 214 5
29 215 8
29 217 2
29 221 8
29 223 7
29 224 5
29 225 3
29 227 2
29 228 2
29 230 2
29 231 4
29 233 5
29 235 10
29 237 3
29 238 7
29 239 5
29 240 4
29 244 6
29 245 4
29 252 1
29 253 10
29 255 1
29 256 5
29 257 9
29 258 10
29 264 9
29 266 7
29 267 1
29 271 3
29 273 9
29 274 6
29 277 4
29 278 4
29 280 8
29 283 10
29 284 4
29 287 8
29 290 6
29 292 10
29 293 3
29 294 7
29 295 10
29 297 3
29 298 10
29 302 8
29 305 6
29 308 7
29 309 8
29 312 2
29 313 10
29 317 5
29 319 3
29 320 10
29 322 9
29 323 3
29 326 8
29 327 5
29 329 4
29 330 1
29 331 1
29 332 5
29 333 4
29 335 1
29 338 10
29 341 5
29 343 1
29 345 10
29 346 1
29 349 7
29 350 6
29 355 6
29 361 3
29 363 2
29 365 10
29 366 7
29 367 3
29 368 9
29 370 6
29 371 5
29 372 6
29 373 9
29 375 4
29 377 8
29 381 9
29 383 6
29 385 5
29 386 6
29 387 9
29 389 5
29 391 3
29 392 8
29 395 9
29 396 9
29 397 4
29 398 4
30 31 10
30 33 2
30 37 8
30 38 2
30 40 9
30 41 9
30 43 1
30 44 4
30 46 10
30 47 2
30 49 8
30 51 9
30 52 1
30 53 5
30 54 3
30 55 7
30 56 9
30 57 6
30 60 3
30 62 6
30 63 2
30 65 10
30 68 9
30 71 1
30 73 9
30 74 10
30 75 1
30 76 1
30 79 2
30 81 10
30 82 10
30 83 7
30 84 9
30 85 5
30 86 5
30 90 2
30 91 9
30 92 5
30 96 1
30 106 4
30 112 6
30 113 5
30 114 7
30 118 4
30 120 3
30 124 3
30 125 1
30 127 7
30 129 7
30 130 9
30 131 4
30 132 8
30 133 6
30 135 4
30 136 10
30 140 1
30 143 3
30 145 6
30 146 6
30 147 4
30 153 1
30 154 7
30 155 1
30 156 5
30 157 9
30 158 9
30 159 8
30 161 10
30 162 7
30 163 4
30 165 9
30 167 7
30 168 10
30 171 3
30 172 3
30 173 10
30 174 7
30 175 5
30 177 4
30 178 9
30 181 5
30 183 10
30 184 7
30 187 10
30 188 3
30 191 8
30 192 9
30 193 3
30 194 6
30 195 6
30 197 3
30 199 1
30 202 9
30 204 6
30 206 6
30 208 5
30 209 1
30 211 6
30 213 6
30 214 4
30 215 9
30 217 1
30 218 10
30 221 7
30 225 2
30 226 6
30 227 4
30 228 4
30 233 10
30 235 9
30 236 10
30 237 8
30 238 6
30 241 10
30 242 10
30 244 10
30 246 7
30 249 1
30 250 1
30 253 6
30 254 8
30 256 5
30 258 3
30 259 6
30 263 3
30 266 2
30 267 2
30 269 6
30 271 5
30 274 10
30 277 5
30 278 1
30 279 4
30 281 2
30 282 4
30 283 5
30 284 10
30 286 4
30 287 5
30 288 3
30 290 7
30 297 6
30 298 6
30 302 9
30 304 10
30 305 6
30 306 5
30 307 8
30 308 4
30 309 2
30 311 4
30 312 8
30 314 4
30 315 1
30 319 10
30 320 6
30 323 3
30 324 10
30 327 7
30 329 10
30 331 3
30 335 10
30 337 2
30 338 8
30 341 10
30 342 4
30 343 5
30 344 2
30 346 10
30 348 8
30 349 2
30 351 10
30 354 6
30 357 2
30 359 2
30 360 7
30 362 7
30 364 9
30 368 7
30 369 3
30 372 9
30 373 8
30 374 1
30 379 9
30 383 9
30 386 8
30 390 9
30 391 2
30 393 2
30 394 3
30 396 2
31 32 5
31 33 6
31 34 10
31 39 9
31 42 10
31 43 1
31 45 5
31 47 4
31 49 10
31 52 4
31 53 7
31 56 1
31 57 4
31 58 6
31 59 9
31 61 5
31 63 1
31 64 9
31 66 7
31 67 9
31 70 2
31 71 1
31 73 6
31 75 1
31 76 3
31 82 9
31 83 4
31 87 3
31 92 7
31 95 4
31 97 8
31 98 2
31 100 3
31 103 8
31 104 3
31 106 3
31 107 9
31 110 2
31 115 7
31 118 4
31 124 4
31 126 4
31 129 8
31 130 3
31 132 6
31 142 4
31 144 1
31 146 5
31 151 10
31 153 2
31 155 1
31 156 1
31 157 5
31 158 5
31 160 4
31 162 8
31 165 8
31 166 6
31 167 9
31 171 9
31 175 9
31 177 9
31 180 10
31 181 9
31 182 7
31 183 2
31 184 7
31 186 6
31 191 9
31 192 4
31 199 3
31 201 10
31 202 2
31 205 10
31 206 8
31 209 9
31 211 10
31 215 6
31 217 2
31 219 4
31 220 9
31 223 7
31 224 10
31 227 3
31 228 5
31 230 10
31 231 3
31 232 3
31 233 3
31 236 6
31 239 1
31 249 9
31 250 3
31 253 4
31 254 1
31 256 9
31 259 1
31 261 9
31 265 5
31 266 10
31 274 7
31 276 8
31 278 1
31 279 3
31 281 5
31 284 1
31 285 8
31 287 7
31 289 8
31 295 9
31 299 9
31 300 8
31 303 3
31 307 4
31 310 9
31 311 6
31 314 2
31 315 2
31 321 2
31 324 7
31 325 4
31 327 7
31 328 6
31 329 2
31 333 5
31 334 3
31 336 4
31 337 5
31 338 5
31 339 8
31 342 6
31 343 9
31 344 10
31 345 3
31 348 6
31 351 3
31 354 3
31 355 5
31 356 1
31 359 1
31 360 10
31 361 2
31 366 7
31 368 3
31 369 2
31 370 10
31 378 9
31 379 4
31 381 1
31 382 1
31 387 10
31 388 10
31 389 10
31 390 6
31 393 6
32 33 10
32 34 3
32 35 2
32 37 9
32 38 7
32 39 7
32 41 8
32 42 2
32 43 5
32 50 3
32 53 4
32 57 5
32 59 4
32 60 5
32 61 9
32 62 8
32 64 3
32 65 7
32 66 1
32 67 6
32 68 7
32 71 5
32 77 1
32 79 9
32 86 1
32 87 9
32 88 7
32 90 9
32 95 4
32 96 10
32 99 8
32 103 1
32 104 9
32 105 5
32 107 4
32 109 3
32 112 9
32 113 2
32 119 2
32 121 1
32 122 7
32 123 1
32 126 4
32 130 4
32 133 5
32 135 2
32 136 7
32 137 7
32 140 4
32 143 1
32 145 9
32 147 7
32 149 8
32 151 9
32 152 8
32 153 4
32 155 3
32 158 2
32 160 10
32 162 2
32 163 5
32 168 7
32 169 1
32 171 2
32 172 7
32 173 2
32 175 7
32 178 3
32 180 9
32 181 7
32 183 7
32 186 9
32 187 3
32 188 10
32 191 6
32 194 3
32 195 2
32 197 8
32 198 2
32 199 5
32 200 7
32 201 8
32 202 1
32 204 8
32 206 4
32 207 8
32 210 9
32 212 7
32 214 8
32 217 10
32 219 3
32 220 2
32 221 7
32 222 6
32 223 1
32 227 8
32 228 8
32 231 9
32 236 3
32 238 8
32 242 4
32 244 8
32 246 10
32 248 10
32 249 8
32 251 2
32 255 10
32 256 6
32 258 8
32 259 3
32 262 10
32 263 7
32 265 8
32 267 6
32 268 4
32 270 4
32 271 4
32 272 8
32 273 1
32 274 10
32 276 8
32 277 7
32 278 7
32 279 3
32 286 1
32 288 2
32 289 2
32 290 10
32 292 10
32 296 2
32 297 8
32 299 9
32 300 9
32 302 1
32 303 6
32 305 6
32 307 7
32 310 1
32 311 10
32 313 10
32 314 6
32 315 9
32 317 9
32 319 9
32 326 2
32 327 3
32 329 6
32 331 10
32 333 9
32 334 1
32 335 7
32 337 5
32 341 5
32 343 10
32 344 8
32 347 4
32 348 6
32 351 4
32 353 7
32 359 5
32 360 7
32 362 9
32 363 8
32 364 4
32 365 1
32 366 6
32 371 10
32 379 4
32 380 7
32 381 3
32 382 7
32 383 6
32 388 5
32 391 6
32 394 8
32 396 7
32 397 8
32 399 4
33 34 5
33 37 5
33 39 1
33 40 3
33 41 5
33 42 8
33 43 3
33 44 4
33 47 10
33 48 2
33 50 3
33 54 2
33 55 4
33 57 5
33 58 9
33 61 6
33 65 4
33 66 9
33 70 7
33 71 8
33 74 5
33 76 2
33 78 5
33 81 9
33 82 3
33 83 9
33 84 4
33 88 2
33 89 2
33 93 7
33 96 8
33 99 1
33 100 7
33 102 5
33 104 9
33 105 7
33 107 2
33 109 3
33 110 3
33 111 2
33 112 8
33 114 1
33 115 5
33 118 5
33 119 1
33 122 9
33 123 4
33 124 2
33 125 7
33 126 10
33 127 2
33 132 4
33 133 5
33 134 3
33 136 8
33 141 3
33 142 2
33 148 8
33 150 10
33 151 8
33 152 6
33 156 2
33 159 9
33 161 10
33 164 7
33 167 10
33 168 9
33 170 6
33 172 7
33 173 2
33 175 8
33 177 4
33 179 3
33 180 1
33 181 6
33 182 9
33 186 9
33 188 1
33 189 6
33 191 3
33 192 6
33 193 6
33 194 3
33 197 7
33 198 5
33 201 9
33 203 2
33 204 7
33 205 9
33 206 4
33 207 7
33 208 9
33 209 7
33 210 3
33 213 9
33 214 10
33 216 10
33 218 3
33 220 4
33 222 4
33 223 10
33 224 4
33 225 9
33 226 6
33 229 10
33 230 8
33 231 5
33 232 5
33 235 5
33 236 7
33 237 8
33 238 1
33 242 3
33 244 4
33 245 6
33 246 9
33 247 10
33 248 2
33 249 3
33 251 1
33 257 8
33 258 10
33 259 6
33 260 7
33 263 9
33 265 5
33 267 2
33 268 4
33 269 3
33 271 5
33 274 9
33 275 2
33 279 10
33 280 7
33 283 1
33 284 4
33 286 6
33 287 6
33 289 10
33 291 6
33 292 4
33 293 1
33 294 7
33 302 1
33 305 9
33 307 3
33 309 3
33 311 8
33 312 9
33 313 10
33 314 10
33 317 5
33 318 10
33 320 10
33 325 9
33 326 7
33 327 5
33 329 8
33 330 9
33 331 10
33 333 8
33 336 5
33 337 3
33 342 3
33 343 6
33 345 4
33 346 8
33 350 9
33 352 9
33 353 8
33 354 2
33 355 7
33 358 5
33 361 9
33 362 4
33 364 10
33 368 3
33 369 7
33 372 4
33 373 9
33 375 9
33 376 6
33 379 6
33 381 1
33 382 2
33 383 7
33 384 9
33 385 3
33 388 5
33 391 5
33 393 2
33 397 2
33 399 9
34 36 10
34 39 1
34 41 7
34 42 5
34 46 1
34 49 4
34 50 4
34 52 8
34 53 10
34 54 1
34 55 2
34 56 6
34 57 3
34 61 4
34 62 5
34 63 4
34 67 3
34 74 4
34 75 1
34 79 1
34 81 9
34 82 2
34 83 10
34 84 4
34 85 8
34 88 2
34 89 9
34 92 7
34 97 10
34 98 2
34 99 3
34 100 8
34 101 10
34 102 9
34 103 3
34 104 9
34 105 9
34 108 1
34 109 1
34 113 4
34 114 4
34 116 10
34 117 1
34 118 1
34 119 6
34 120 9
34 124 3
34 130 5
34 131 10
34 133 4
34 136 6
34 137 2
34 139 1
34 141 10
34 142 1
34 143 10
34 144 9
34 145 3
34 146 4
34 147 10
34 148 2
34 155 9
34 156 2
34 159 7
34 163 10
34 171 8
34 172 2
34 173 7
34 176 1
34 180 8
34 182 7
34 184 9
34 187 1
34 191 6
34 193 4
34 194 6
34 195 3
34 198 3
34 202 8
34 205 7
34 206 3
34 214 9
34 221 6
34 227 3
34 228 9
34 230 10
34 234 5
34 235 9
34 236 10
34 238 4
34 240 2
34 243 4
34 244 8
34 247 4
34 248 3
34 249 8
34 251 10
34 252 6
34 255 8
34 257 8
34 258 10
34 259 3
34 260 7
34 262 1
34 263 10
34 265 8
34 266 10
34 267 6
34 269 3
34 270 9
34 271 6
34 272 10
34 274 8
34 276 9
34 277 1
34 278 3
34 279 2
34 280 3
34 283 5
34 285 2
34 288 8
34 290 10
34 291 8
34 292 5
34 293 3
34 295 10
34 297 7
34 301 6
34 303 8
34 305 7
34 306 2
34 309 9
34 310 10
34 311 8
34 312 6
34 316 4
34 318 10
34 320 7
34 323 3
34 326 8
34 328 3
34 329 3
34 330 9
34 331 2
34 332 6
34 333 1
34 335 1
34 336 8
34 337 3
34 342 4
34 343 4
34 344 5
34 347 3
34 348 1
34 351 9
34 352 3
34 356 6
34 357 3
34 359 1
34 363 9
34 364 3
34 365 10
34 367 5
34 368 5
34 369 3
34 371 2
34 372 8
34 376 7
34 377 4
34 380 3
34 382 8
34 383 2
34 384 8
34 386 9
34 387 3
34 389 4
34 390 9
34 391 8
34 393 1
34 394 7
34 396 5
34 399 10
35 37 10
35 41 1
35 42 10
35 43 8
35 44 9
35 45 4
35 49 8
35 50 6
35 53 3
35 57 5
35 60 3
35 61 3
35 62 5
35 63 1
35 64 2
35 67 9
35 70 9
35 74 2
35 80 8
35 82 9
35 84 1
35 85 7
35 86 8
35 87 10
35 89 9
35 91 9
35 92 6
35 93 1
35 96 1
35 98 4
35 99 1
35 102 7
35 110 6
35 111 5
35 112 7
35 113 10
35 116 5
35 117 8
35 118 7
35 119 10
35 121 9
35 125 4
35 126 6
35 129 8
35 130 6
35 131 2
35 135 8
35 137 5
35 139 10
35 141 8
35 144 10
35 148 6
35 151 10
35 153 2
35 154 1
35 155 5
35 156 3
35 159 5
35 161 6
35 165 4
35 166 6
35 169 10
35 172 1
35 174 1
35 175 1
35 176 5
35 179 9
35 180 2
35 181 2
35 182 1
35 183 6
35 185 4
35 187 5
35 189 2
35 193 3
35 196 10
35 197 5
35 199 7
35 200 4
35 201 8
35 204 8
35 207 7
35 209 7
35 210 5
35 213 5
35 216 10
35 219 9
35 220 10
35 221 2
35 223 5
35 224 6
35 225 2
35 226 9
35 227 5
35 228 1
35 229 3
35 230 5
35 233 6
35 234 6
35 235 10
35 236 2
35 238 4
35 240 6
35 242 3
35 244 5
35 246 6
35 249 5
35 250 7
35 254 10
35 258 10
35 260 10
35 261 8
35 262 7
35 263 2
35 264 4
35 265 5
35 267 6
35 268 7
35 270 7
35 272 4
35 274 3
35 275 4
35 276 7
35 277 3
35 280 1
35 281 5
35 282 9
35 283 3
35 285 7
35 286 7
35 293 6
35 295 6
35 297 6
35 299 9
35 300 2
35 302 9
35 303 5
35 305 9
35 307 4
35 308 3
35 310 4
35 311 2
35 312 7
35 317 1
35 321 6
35 323 8
35 325 2
35 326 7
35 328 1
35 329 4
35 330 5
35 333 9
35 335 7
35 336 3
35 340 10
35 342 8
35 343 10
35 344 3
35 345 9
35 346 10
35 350 6
35 351 4
35 352 1
35 353 2
35 354 6
35 357 9
35 358 6
35 359 8
35 360 7
35 363 10
35 365 4
35 369 1
35 375 4
35 377 2
35 379 7
35 381 9
35 382 6
35 384 9
35 385 10
35 386 10
35 387 1
35 388 5
35 389 2
35 390 2
35 392 4
35 397 10
35 398 8
35 399 1
36 37 8
36 38 10
36 39 2
36 40 8
36 41 2
36 43 3
36 44 4
36 45 2
36 49 10
36 50 8
36 51 8
36 52 3
36 54 6
36 56 10
36 58 5
36 61 5
36 62 8
36 63 1
36 65 7
36 67 2
36 69 1
36 70 7
36 71 3
36 73 4
36 74 6
36 76 4
36 78 1
36 79 8
36 81 7
36 82 3
36 83 6
36 85 1
36 89 10
36 92 10
36 94 2
36 96 5
36 97 10
36 99 2
36 100 5
36 101 1
36 102 6
36 103 8
36 105 2
36 107 1
36 109 9
36 111 1
36 113 8
36 114 8
36 116 9
36 117 6
36 118 3
36 119 8
36 122 1
36 123 7
36 124 9
36 130 8
36 134 6
36 143 7
36 145 2
36 146 7
36 148 7
36 151 1
36 154 2
36 158 10
36 160 2
36 161 2
36 162 3
36 164 4
36 166 4
36 167 3
36 168 6
36 169 8
36 170 7
36 172 8
36 173 5
36 175 6
36 177 7
36 178 9
36 179 6
36 181 2
36 182 8
36 184 2
36 187 4
36 189 5
36 191 5
36 192 3
36 193 1
36 194 5
36 195 4
36 196 1
36 198 4
36 200 5
36 201 2
36 206 2
36 207 9
36 208 7
36 210 1
36 213 7
36 215 10
36 217 5
36 218 2
36 223 1
36 224 6
36 225 5
36 227 7
36 232 1
36 233 2
36 235 9
36 238 10
36 241 8
36 246 10
36 248 10
36 250 2
36 252 8
36 254 6
36 255 8
36 256 9
36 257 1
36 258 7
36 259 9
36 261 8
36 262 4
36 263 2
36 264 1
36 265 6
36 270 5
36 271 7
36 277 8
36 278 4
36 279 1
36 280 9
36 281 4
36 282 6
36 283 1
36 285 6
36 286 10
36 287 3
36 289 10
36 291 10
36 292 6
36 293 1
36 295 2
36 296 4
36 300 5
36 303 5
36 304 3
36 306 10
36 308 8
36 313 2
36 318 3
36 319 1
36 320 3
36 323 10
36 324 5
36 333 1
36 336 4
36 341 4
36 342 7
36 343 10
36 346 9
36 351 4
36 352 8
36 354 7
36 355 9
36 357 9
36 358 9
36 360 3
36 361 3
36 363 8
36 365 5
36 366 2
36 367 3
36 370 4
36 373 5
36 378 7
36 380 1
36 382 9
36 384 1
36 385 9
36 386 2
36 389 2
36 391 3
36 393 8
36 396 7
36 397 5
36 399 10
37 40 8
37 42 9
37 43 7
37 44 4
37 46 9
37 49 7
37 53 2
37 54 9
37 59 1
37 60 8
37 61 6
37 64 5
37 65 6
37 67 1
37 68 6
37 70 4
37 71 4
37 72 8
37 80 3
37 81 1
37 84 5
37 87 4
37 88 9
37 89 6
37 91 10
37 94 2
37 95 10
37 99 7
37 101 9
37 104 2
37 106 10
37 108 10
37 109 1
37 110 8
37 111 3
37 112 9
37 116 5
37 120 9
37 124 6
37 125 2
37 126 9
37 129 6
37 131 4
37 133 8
37 134 9
37 136 5
37 138 3
37 139 2
37 141 8
37 142 8
37 143 10
37 144 7
37 145 3
37 146 2
37 147 8
37 149 6
37 150 10
37 151 6
37 152 6
37 154 4
37 160 10
37 161 3
37 162 6
37 163 6
37 165 2
37 166 9
37 168 9
37 169 1
37 178 8
37 180 9
37 183 4
37 185 4
37 187 3
37 188 2
37 189 6
37 192 9
37 193 4
37 194 9
37 195 10
37 197 4
37 201 9
37 202 4
37 207 10
37 208 10
37 210 1
37 215 6
37 217 10
37 220 4
37 222 5
37 223 6
37 225 3
37 227 1
37 228 3
37 231 9
37 232 8
37 234 10
37 235 7
37 237 5
37 239 2
37 240 3
37 241 5
37 242 10
37 243 7
37 245 4
37 247 1
37 248 10
37 253 3
37 254 3
37 260 10
37 261 9
37 262 7
37 263 9
37 267 10
37 268 10
37 271 8
37 272 10
37 274 1
37 275 6
37 279 4
37 281 8
37 282 6
37 283 5
37 284 10
37 289 6
37 290 1
37 291 4
37 292 10
37 293 3
37 295 3
37 297 6
37 298 3
37 299 2
37 300 10
37 301 8
37 305 10
37 306 10
37 307 3
37 308 9
37 311 4
37 315 5
37 316 1
37 317 7
37 318 7
37 319 9
37 322 6
37 323 9
37 324 2
37 326 5
37 328 9
37 329 9
37 338 5
37 340 10
37 344 7
37 345 6
37 346 4
37 347 4
37 349 9
37 356 4
37 357 6
37 360 5
37 362 3
37 365 6
37 366 2
37 369 5
37 371 2
37 373 2
37 374 9
37 376 3
37 379 8
37 380 1
37 382 7
37 383 2
37 384 8
37 386 8
37 391 2
37 394 5
37 395 4
37 399 2
38 39 3
38 40 8
38 41 5
38 45 2
38 49 3
38 51 8
38 53 2
38 58 1
38 63 6
38 65 10
38 66 6
38 67 4
38 69 7
38 70 10
38 71 4
38 72 2
38 74 6
38 77 10
38 81 3
38 84 1
38 85 1
38 86 7
38 87 6
38 88 10
38 90 3
38 91 4
38 92 10
38 93 9
38 94 6
38 95 5
38 97 4
38 106 4
38 107 10
38 111 2
38 112 1
38 113 8
38 115 10
38 116 4
38 121 9
38 122 6
38 124 9
38 125 1
38 128 8
38 129 4
38 134 7
38 138 2
38 139 4
38 142 3
38 143 4
38 146 10
38 148 9
38 150 4
38 151 2
38 154 10
38 155 9
38 157 5
38 160 6
38 161 8
38 162 7
38 163 6
38 165 8
38 167 2
38 170 7
38 171 7
38 172 1
38 173 5
38 175 2
38 177 7
38 178 8
38 182 6
38 183 9
38 185 3
38 188 7
38 194 5
38 198 10
38 199 4
38 200 7
38 202 5
38 205 1
38 208 10
38 210 10
38 212 9
38 213 7
38 214 1
38 215 1
38 216 10
38 218 5
38 219 1
38 220 9
38 221 6
38 222 10
38 223 5
38 226 9
38 228 3
38 229 5
38 230 4
38 231 5
38 232 4
38 234 10
38 237 9
38 238 1
38 241 4
38 242 5
38 243 8
38 248 4
38 253 9
38 254 6
38 255 9
38 256 5
38 257 9
38 258 5
38 260 10
38 263 9
38 265 1
38 267 8
38 269 5
38 272 6
38 275 2
38 276 3
38 277 2
38 278 5
38 281 3
38 282 5
38 286 8
38 287 2
38 288 10
38 289 3
38 291 4
38 294 10
38 295 5
38 297 8
38 300 9
38 302 3
38 303 10
38 307 5
38 308 1
38 309 9
38 311 3
38 313 5
38 316 4
38 317 6
38 318 3
38 319 5
38 320 7
38 321 10
38 328 8
38 331 6
38 333 5
38 335 2
38 337 8
38 339 2
38 341 8
38 343 5
38 345 8
38 347 7
38 349 6
38 350 3
38 352 6
38 353 5
38 354 7
38 355 4
38 356 7
38 363 5
38 366 8
38 367 4
38 368 3
38 369 7
38 370 8
38 379 7
38 380 2
38 381 7
38 383 7
38 387 5
38 388 8
38 391 1
38 392 6
38 394 8
38 395 4
38 398 1
38 399 2
39 40 8
39 42 2
39 43 1
39 45 4
39 47 1
39 48 7
39 50 4
39 51 4
39 53 2
39 54 7
39 55 8
39 56 5
39 57 3
39 60 3
39 62 1
39 63 1
39 64 8
39 68 6
39 69 10
39 74 6
39 75 5
39 76 9
39 77 3
39 78 7
39 82 10
39 84 8
39 89 1
39 90 4
39 91 1
39 92 9
39 94 8
39 96 4
39 97 6
39 99 4
39 100 5
39 101 2
39 104 10
39 105 1
39 107 2
39 109 2
39 110 6
39 111 8
39 112 5
39 114 4
39 115 10
39 116 9
39 118 2
39 121 1
39 123 1
39 125 3
39 131 1
39 133 6
39 134 9
39 139 7
39 140 9
39 145 7
39 146 8
39 149 5
39 150 9
39 151 2
39 153 3
39 158 8
39 159 7
39 163 10
39 164 1
39 166 2
39 170 6
39 182 2
39 184 6
39 189 8
39 191 6
39 199 7
39 202 8
39 205 7
39 208 7
39 210 10
39 212 7
39 214 6
39 215 8
39 218 10
39 219 1
39 222 1
39 224 1
39 232 10
39 234 9
39 235 9
39 236 8
39 237 1
39 242 8
39 243 3
39 246 2
39 249 4
39 251 3
39 254 7
39 257 4
39 260 8
39 265 6
39 266 9
39 268 10
39 271 5
39 272 5
39 276 4
39 280 2
39 282 1
39 287 7
39 289 4
39 291 1
39 292 9
39 293 7
39 294 7
39 298 1
39 300 6
39 301 9
39 303 7
39 305 1
39 307 6
39 308 4
39 309 9
39 311 4
39 313 2
39 314 7
39 315 6
39 317 3
39 318 2
39 319 2
39 320 2
39 321 1
39 322 4
39 323 9
39 325 3
39 326 10
39 327 3
39 331 4
39 333 7
39 342 4
39 344 4
39 347 10
39 349 1
39 350 4
39 351 5
39 352 3
39 354 8
39 356 6
39 358 8
39 359 4
39 361 9
39 362 8
39 366 1
39 367 3
39 368 10
39 369 7
39 370 7
39 373 10
39 374 3
39 377 9
39 378 10
39 379 7
39 382 3
39 385 3
39 387 8
39 389 8
39 390 10
39 392 8
39 393 4
39 394 9
39 395 1
39 398 6
40 44 8
40 47 4
40 54 9
40 55 4
40 58 5
40 61 7
40 64 5
40 65 7
40 71 5
40 73 1
40 74 3
40 75 9
40 78 5
40 82 1
40 85 4
40 87 5
40 89 5
40 90 10
40 92 7
40 94 4
40 95 5
40 97 6
40 99 7
40 101 9
40 102 10
40 106 6
40 107 1
40 111 6
40 112 7
40 113 9
40 116 7
40 118 5
40 119 4
40 120 7
40 122 2
40 125 1
40 126 4
40 128 2
40 130 7
40 131 9
40 133 10
40 134 1
40 135 3
40 144 3
40 145 7
40 147 9
40 152 1
40 153 6
40 155 3
40 159 9
40 160 5
40 161 1
40 163 1
40 164 2
40 165 7
40 168 2
40 170 1
40 173 9
40 176 8
40 178 2
40 179 7
40 184 1
40 186 3
40 188 8
40 193 3
40 197 1
40 203 3
40 205 1
40 206 5
40 207 3
40 209 10
40 211 3
40 214 6
40 215 3
40 217 8
40 218 8
40 219 3
40 222 4
40 223 5
40 230 1
40 235 6
40 236 6
40 237 8
40 240 6
40 244 6
40 246 6
40 248 5
40 250 8
40 252 4
40 255 10
40 258 9
40 260 4
40 261 10
40 267 4
40 268 2
40 269 10
40 272 9
40 273 8
40 275 10
40 280 5
40 281 4
40 282 2
40 283 5
40 287 8
40 288 3
40 290 5
40 291 2
40 292 9
40 293 1
40 294 2
40 295 9
40 296 5
40 298 4
40 301 2
40 304 6
40 305 5
40 307 1
40 309 2
40 313 8
40 316 9
40 317 4
40 318 2
40 321 10
40 323 2
40 324 6
40 326 1
40 327 5
40 328 4
40 329 5
40 333 6
40 334 2
40 335 5
40 336 1
40 339 3
40 340 4
40 341 1
40 345 1
40 346 9
40 347 5
40 348 1
40 349 10
40 350 7
40 351 10
40 355 5
40 359 4
40 362 4
40 363 1
40 368 10
40 369 4
40 370 8
40 373 5
40 375 10
40 376 6
40 378 5
40 380 6
40 386 7
40 387 1
40 388 1
40 389 1
40 390 10
40 393 1
40 394 1
40 395 5
40 398 6
41 43 8
41 44 7
41 47 9
41 48 5
41 50 4
41 53 9
41 54 9
41 55 7
41 58 6
41 59 9
41 60 1
41 64 8
41 68 7
41 69 1
41 70 10
41 71 10
41 73 10
41 74 1
41 75 6
41 76 8
41 77 2
41 78 7
41 79 4
41 80 9
41 81 5
41 83 3
41 84 1
41 85 4
41 86 8
41 88 10
41 89 10
41 92 3
41 93 9
41 95 5
41 97 3
41 98 4
41 101 9
41 106 4
41 110 5
41 112 9
41 113 7
41 114 9
41 115 3
41 116 10
41 118 5
41 126 5
41 127 6
41 139 8
41 141 3
41 142 8
41 145 7
41 148 3
41 150 6
41 151 5
41 152 1
41 156 10
41 158 10
41 161 4
41 162 4
41 167 8
41 168 3
41 171 5
41 172 7
41 173 10
41 174 9
41 175 8
41 176 4
41 178 5
41 180 9
41 181 4
41 182 4
41 184 4
41 188 2
41 189 10
41 192 9
41 194 10
41 198 6
41 200 10
41 208 8
41 209 8
41 212 2
41 214 2
41 216 5
41 217 5
41 222 2
41 223 3
41 224 9
41 230 1
41 231 3
41 233 2
41 234 10
41 238 2
41 239 10
41 244 3
41 245 1
41 246 1
41 247 10
41 250 10
41 252 8
41 253 8
41 254 9
41 255 10
41 256 1
41 258 2
41 260 4
41 261 9
41 262 10
41 263 8
41 264 9
41 265 8
41 268 5
41 269 2
41 271 6
41 274 6
41 275 7
41 276 7
41 277 9
41 278 9
41 279 5
41 281 8
41 287 10
41 290 6
41 292 1
41 293 10
41 296 8
41 300 2
41 302 3
41 303 9
41 304 5
41 308 9
41 309 3
41 310 1
41 313 10
41 314 9
41 315 7
41 319 6
41 323 6
41 327 1
41 330 10
41 332 2
41 333 6
41 334 10
41 336 4
41 337 4
41 338 1
41 339 9
41 340 2
41 341 1
41 342 1
41 344 7
41 345 9
41 349 10
41 352 7
41 353 4
41 354 2
41 355 5
41 356 8
41 357 5
41 359 9
41 362 2
41 364 5
41 365 9
41 366 4
41 367 10
41 370 10
41 371 4
41 376 2
41 378 5
41 379 6
41 380 9
41 383 1
41 384 10
41 387 8
41 389 3
41 390 8
41 391 7
41 394 3
41 395 3
41 396 2
41 397 4
41 398 8
41 399 2
42 44 6
42 45 10
42 46 6
42 51 1
42 52 4
42 56 8
42 57 8
42 59 8
42 60 7
42 66 8
42 67 1
42 68 8
42 72 3
42 73 2
42 74 9
42 75 7
42 76 1
42 77 2
42 78 10
42 79 4
42 80 9
42 82 5
42 84 4
42 85 2
42 87 6
42 89 7
42 91 7
42 94 2
42 95 4
42 96 5
42 97 1
42 98 3
42 99 3
42 100 10
42 101 8
42 104 7
42 105 9
42 108 9
42 109 9
42 110 2
42 111 2
42 113 2
42 118 3
42 119 9
42 121 3
42 122 4
42 123 8
42 124 3
42 128 7
42 131 4
42 132 6
42 133 3
42 138 1
42 143 3
42 144 10
42 145 3
42 147 8
42 149 3
42 153 6
42 157 1
42 162 7
42 166 1
42 168 5
42 169 8
42 170 5
42 171 7
42 172 9
42 173 8
42 174 2
42 175 6
42 176 2
42 177 8
42 178 9
42 179 4
42 180 2
42 188 10
42 189 2
42 192 7
42 193 2
42 196 5
42 197 5
42 201 4
42 202 7
42 203 5
42 204 7
42 206 10
42 209 2
42 214 3
42 221 7
42 222 5
42 223 9
42 237 6
42 238 4
42 240 5
42 242 5
42 246 6
42 248 5
42 249 2
42 250 4
42 252 6
42 253 1
42 254 1
42 255 4
42 256 7
42 259 4
42 260 3
42 262 10
42 264 1
42 265 4
42 271 7
42 273 1
42 275 4
42 280 7
42 281 2
42 282 6
42 284 7
42 287 3
42 288 6
42 289 4
42 292 6
42 293 1
42 297 9
42 298 6
42 299 2
42 305 3
42 310 8
42 312 4
42 313 7
42 314 7
42 316 7
42 317 8
42 318 5
42 319 3
42 320 5
42 322 1
42 323 4
42 325 4
42 328 3
42 330 8
42 334 5
42 340 9
42 341 4
42 342 6
42 345 7
42 347 4
42 349 7
42 350 5
42 351 6
42 356 8
42 363 5
42 364 9
42 367 5
42 369 2
42 370 6
42 372 9
42 373 4
42 375 1
42 376 1
42 378 3
42 379 10
42 380 3
42 381 3
42 382 4
42 383 5
42 384 8
42 385 1
42 386 1
42 387 5
42 389 5
42 390 8
42 392 6
42 396 8
42 397 7
43 49 8
43 51 2
43 52 9
43 53 4
43 66 1
43 68 2
43 70 10
43 72 3
43 73 4
43 75 9
43 76 7
43 77 2
43 78 4
43 80 8
43 84 2
43 86 3
43 87 6
43 89 6
43 91 1
43 92 1
43 93 6
43 95 10
43 100 1
43 101 8
43 102 5
43 104 10
43 106 9
43 107 5
43 108 6
43 109 5
43 110 10
43 113 1
43 114 4
43 117 8
43 118 7
43 119 5
43 120 2
43 125 2
43 126 6
43 127 7
43 129 8
43 130 6
43 132 5
43 133 8
43 134 6
43 136 9
43 140 6
43 141 2
43 142 6
43 145 9
43 146 6
43 148 8
43 153 3
43 154 8
43 156 6
43 157 3
43 158 5
43 160 9
43 161 3
43 164 7
43 165 1
43 166 10
43 167 7
43 170 10
43 173 6
43 174 1
43 177 1
43 178 1
43 179 3
43 181 3
43 182 1
43 188 7
43 189 4
43 192 3
43 193 6
43 195 10
43 198 1
43 200 10
43 203 10
43 205 5
43 207 2
43 209 8
43 210 9
43 211 3
43 213 7
43 216 2
43 218 5
43 220 4
43 221 3
43 222 3
43 224 8
43 226 8
43 230 4
43 231 4
43 233 2
43 234 10
43 239 4
43 242 1
43 244 1
43 245 3
43 246 3
43 248 2
43 249 8
43 250 6
43 252 4
43 254 9
43 256 10
43 264 6
43 265 4
43 268 10
43 269 7
43 272 5
43 273 7
43 276 3
43 277 7
43 278 2
43 279 7
43 282 1
43 285 2
43 286 10
43 287 3
43 288 5
43 290 10
43 293 6
43 296 7
43 298 8
43 301 1
43 308 4
43 309 7
43 310 10
43 313 1
43 314 1
43 315 5
43 318 10
43 319 6
43 321 4
43 323 2
43 324 6
43 326 10
43 329 5
43 334 5
43 336 4
43 337 8
43 344 1
43 347 6
43 350 6
43 352 3
43 354 4
43 355 9
43 356 9
43 357 1
43 358 5
43 359 7
43 360 1
43 361 2
43 365 5
43 366 7
43 367 2
43 372 9
43 373 10
43 375 1
43 379 2
43 380 2
43 387 9
43 390 2
43 391 1
43 393 1
43 394 1
43 396 5
43 398 9
43 399 1
44 45 1
44 52 6
44 53 3
44 54 2
44 55 3
44 56 3
44 57 10
44 59 4
44 61 5
44 66 2
44 68 5
44 69 7
44 70 7
44 74 8
44 75 2
44 80 2
44 81 6
44 83 10
44 85 1
44 86 5
44 87 5
44 92 8
44 93 10
44 94 4
44 96 9
44 99 7
44 100 2
44 101 10
44 104 1
44 105 9
44 106 8
44 109 1
44 110 8
44 113 8
44 118 4
44 120 5
44 123 4
44 125 4
44 126 7
44 130 7
44 138 2
44 143 6
44 144 6
44 146 1
44 147 3
44 151 4
44 153 2
44 155 7
44 158 9
44 163 9
44 164 10
44 167 7
44 170 3
44 171 8
44 172 9
44 173 7
44 174 3
44 175 2
44 177 1
44 178 7
44 181 4
44 182 10
44 185 5
44 189 7
44 193 7
44 194 5
44 195 4
44 197 10
44 199 2
44 203 9
44 205 7
44 206 1
44 208 9
44 209 5
44 210 10
44 212 4
44 214 9
44 216 4
44 218 9
44 221 2
44 223 1
44 224 8
44 227 5
44 229 9
44 230 5
44 231 10
44 233 10
44 234 6
44 235 7
44 237 5
44 240 6
44 241 6
44 245 1
44 248 5
44 249 10
44 250 8
44 251 10
44 255 10
44 256 10
44 257 8
44 258 7
44 262 6
44 268 9
44 270 4
44 271 1
44 272 6
44 275 9
44 278 5
44 280 3
44 281 4
44 282 8
44 283 8
44 284 6
44 285 5
44 287 5
44 290 3
44 294 3
44 295 9
44 297 6
44 299 9
44 303 4
44 304 9
44 305 9
44 308 4
44 313 10
44 314 10
44 317 4
44 320 8
44 321 9
44 322 3
44 323 3
44 326 9
44 327 5
44 328 7
44 329 3
44 333 1
44 336 10
44 338 3
44 340 6
44 341 3
44 343 9
44 344 9
44 345 5
44 354 1
44 355 9
44 360 7
44 361 5
44 362 8
44 363 2
44 364 7
44 365 3
44 366 1
44 367 8
44 368 10
44 370 2
44 371 9
44 372 10
44 373 3
44 374 4
44 378 8
44 380 9
44 381 8
44 387 3
44 388 6
44 389 6
44 392 5
44 394 4
44 395 4
44 396 3
44 399 2
45 47 3
45 48 3
45 50 6
45 51 6
45 55 6
45 56 2
45 57 1
45 58 9
45 59 8
45 60 6
45 61 1
45 65 6
45 66 1
45 67 4
45 70 5
45 71 5
45 72 9
45 74 9
45 79 9
45 82 9
45 83 1
45 85 1
45 89 6
45 94 5
45 95 2
45 96 8
45 98 2
45 99 6
45 100 7
45 105 9
45 108 10
45 109 2
45 112 6
45 116 6
45 122 4
45 126 2
45 128 2
45 129 10
45 131 7
45 132 3
45 133 6
45 134 7
45 139 7
45 140 4
45 143 6
45 146 8
45 147 2
45 149 7
45 150 10
45 151 3
45 157 6
45 160 7
45 161 2
45 162 6
45 163 6
45 164 9
45 166 2
45 167 10
45 168 1
45 171 5
45 172 9
45 173 2
45 174 8
45 176 7
45 177 7
45 179 8
45 180 10
45 181 9
45 184 6
45 186 1
45 188 4
45 190 2
45 191 8
45 193 8
45 195 4
45 196 9
45 201 7
45 202 6
45 204 9
45 205 6
45 206 9
45 207 1
45 209 6
45 213 9
45 218 9
45 221 10
45 224 1
45 225 8
45 226 3
45 228 8
45 233 7
45 234 9
45 236 9
45 237 2
45 238 10
45 239 3
45 241 3
45 242 1
45 243 6
45 244 7
45 245 5
45 248 6
45 249 5
45 251 5
45 254 7
45 255 8
45 263 8
45 266 4
45 267 9
45 269 10
45 271 5
45 274 1
45 276 7
45 278 5
45 279 3
45 281 2
45 282 2
45 286 7
45 288 6
45 294 2
45 296 7
45 297 1
45 298 1
45 300 9
45 302 8
45 303 10
45 309 8
45 311 6
45 312 10
45 313 2
45 314 1
45 315 5
45 316 10
45 317 8
45 320 5
45 321 9
45 323 6
45 325 1
45 326 1
45 327 1
45 329 4
45 330 5
45 331 8
45 332 7
45 335 8
45 336 7
45 338 5
45 340 7
45 342 3
45 344 1
45 346 9
45 347 8
45 348 9
45 349 4
45 350 9
45 351 4
45 354 10
45 356 4
45 358 8
45 359 4
45 361 10
45 363 7
45 364 7
45 365 6
45 366 2
45 368 10
45 372 2
45 373 3
45 376 7
45 379 8
45 381 1
45 385 5
45 386 3
45 387 8
45 390 7
45 391 9
45 392 9
45 394 7
45 396 1
46 47 1
46 50 5
46 53 7
46 55 1
46 56 6
46 57 8
46 58 4
46 60 6
46 62 1
46 63 4
46 67 5
46 68 3
46 69 5
46 70 2
46 72 4
46 73 3
46 74 3
46 75 7
46 76 5
46 78 4
46 79 7
46 80 8
46 81 2
46 82 10
46 83 9
46 85 3
46 88 2
46 89 6
46 95 9
46 101 1
46 102 8
46 103 3
46 105 9
46 108 10
46 109 2
46 110 3
46 111 8
46 112 9
46 117 2
46 118 6
46 119 3
46 121 7
46 122 9
46 123 2
46 126 4
46 127 6
46 131 9
46 132 9
46 134 8
46 135 7
46 139 10
46 140 5
46 141 7
46 145 4
46 150 5
46 151 4
46 152 2
46 153 10
46 155 5
46 160 6
46 161 1
46 162 6
46 163 1
46 164 8
46 165 6
46 172 3
46 173 4
46 174 1
46 177 10
46 180 9
46 182 5
46 184 3
46 185 10
46 187 6
46 188 8
46 191 10
46 192 10
46 194 1
46 199 9
46 203 4
46 204 2
46 205 4
46 207 3
46 209 2
46 211 7
46 214 4
46 217 1
46 221 7
46 222 4
46 223 4
46 225 3
46 227 8
46 228 8
46 229 10
46 231 5
46 233 6
46 236 3
46 240 7
46 241 5
46 243 4
46 246 3
46 251 10
46 252 2
46 253 5
46 255 6
46 256 9
46 257 5
46 258 10
46 259 6
46 262 9
46 268 1
46 270 8
46 273 7
46 274 4
46 275 6
46 277 5
46 278 9
46 279 1
46 280 9
46 283 9
46 284 10
46 285 9
46 288 10
46 293 9
46 296 3
46 297 5
46 299 8
46 300 6
46 302 2
46 305 1
46 309 4
46 312 1
46 315 2
46 316 3
46 317 3
46 320 3
46 322 3
46 325 10
46 326 3
46 327 10
46 332 6
46 333 8
46 334 3
46 337 5
46 338 2
46 339 3
46 341 5
46 342 1
46 345 4
46 347 4
46 349 4
46 350 5
46 351 1
46 352 10
46 353 5
46 357 2
46 361 1
46 362 9
46 366 9
46 368 8
46 371 7
46 372 3
46 374 9
46 375 5
46 377 5
46 379 7
46 385 6
46 387 3
46 395 9
46 397 1
46 398 3
47 50 5
47 53 8
47 56 2
47 58 10
47 61 3
47 63 7
47 64 3
47 65 5
47 66 6
47 67 7
47 72 8
47 73 2
47 75 6
47 76 9
47 77 2
47 78 10
47 81 7
47 83 1
47 84 10
47 85 8
47 88 2
47 89 5
47 94 2
47 95 6
47 97 6
47 100 9
47 101 1
47 102 3
47 104 2
47 107 6
47 108 2
47 110 2
47 111 9
47 112 2
47 113 7
47 114 8
47 115 1
47 116 3
47 117 1
47 118 9
47 121 5
47 123 4
47 124 6
47 128 2
47 130 10
47 133 4
47 136 1
47 137 6
47 138 10
47 139 9
47 140 5
47 143 6
47 146 3
47 151 9
47 153 6
47 160 7
47 161 2
47 162 4
47 164 9
47 165 6
47 170 5
47 171 6
47 172 8
47 173 1
47 174 10
47 177 2
47 178 1
47 181 6
47 183 6
47 185 5
47 186 5
47 188 1
47 189 6
47 191 7
47 192 7
47 197 8
47 199 3
47 200 7
47 202 8
47 204 1
47 205 9
47 206 8
47 208 5
47 209 1
47 215 9
47 216 6
47 219 10
47 221 10
47 222 1
47 226 8
47 227 4
47 228 9
47 229 5
47 230 7
47 231 3
47 232 9
47 240 10
47 241 3
47 243 9
47 244 6
47 245 9
47 246 10
47 247 1
47 251 5
47 252 5
47 253 5
47 256 9
47 260 6
47 263 6
47 264 4
47 265 2
47 268 9
47 273 3
47 274 9
47 275 3
47 276 5
47 278 8
47 286 4
47 287 6
47 288 5
47 289 3
47 292 6
47 294 9
47 295 10
47 296 8
47 297 3
47 300 2
47 303 7
47 304 3
47 307 3
47 308 1
47 309 1
47 310 7
47 311 3
47 312 10
47 314 4
47 318 7
47 320 6
47 321 5
47 322 2
47 324 6
47 329 10
47 335 1
47 340 7
47 341 3
47 342 10
47 343 8
47 344 6
47 345 2
47 346 10
47 347 1
47 349 4
47 351 7
47 352 2
47 354 10
47 356 2
47 358 4
47 359 6
47 360 6
47 361 8
47 363 1
47 364 10
47 365 3
47 370 10
47 373 3
47 380 4
47 383 8
47 385 7
47 387 9
47 389 3
47 390 8
47 392 1
47 394 7
47 395 6
47 399 10
48 51 6
48 52 2
48 53 10
48 58 6
48 59 2
48 62 6
48 63 10
48 64 7
48 65 6
48 67 9
48 69 2
48 70 9
48 71 6
48 72 6
48 73 1
48 76 4
48 77 4
48 79 8
48 81 2
48 82 1
48 85 7
48 87 10
48 88 5
48 89 6
48 90 10
48 92 9
48 93 8
48 97 9
48 98 2
48 99 3
48 102 1
48 104 10
48 110 8
48 111 7
48 112 9
48 113 10
48 115 5
48 117 10
48 121 6
48 123 9
48 125 10
48 129 2
48 130 4
48 131 2
48 136 8
48 137 6
48 141 9
48 144 6
48 146 4
48 147 3
48 152 5
48 154 4
48 155 5
48 159 6
48 161 2
48 163 1
48 164 6
48 165 10
48 166 5
48 167 5
48 170 9
48 176 3
48 179 4
48 182 10
48 187 6
48 190 9
48 191 3
48 195 6
48 196 4
48 197 6
48 201 2
48 203 10
48 204 3
48 206 6
48 207 5
48 208 6
48 211 6
48 213 8
48 217 4
48 219 10
48 221 6
48 222 10
48 224 8
48 229 1
48 230 6
48 231 9
48 232 2
48 235 7
48 237 1
48 240 9
48 242 7
48 245 5
48 247 2
48 250 10
48 251 7
48 252 3
48 254 10
48 256 9
48 257 7
48 258 10
48 259 2
48 261 4
48 262 7
48 264 5
48 268 10
48 269 6
48 270 8
48 274 1
48 275 6
48 276 7
48 279 5
48 280 8
48 281 10
48 283 10
48 284 7
48 289 1
48 290 6
48 291 3
48 292 9
48 296 10
48 297 9
48 298 1
48 301 4
48 302 7
48 306 5
48 308 9
48 310 3
48 313 8
48 314 10
48 323 9
48 324 10
48 326 3
48 327 8
48 329 2
48 330 1
48 331 4
48 332 5
48 334 3
48 336 9
48 339 4
48 341 9
48 347 10
48 351 10
48 352 10
48 353 8
48 354 10
48 355 7
48 358 9
48 359 10
48 360 9
48 361 7
48 362 5
48 363 4
48 364 1
48 368 3
48 375 5
48 377 3
48 379 5
48 382 6
48 384 2
48 385 6
48 387 3
48 389 4
48 391 7
48 392 10
48 394 2
48 395 4
48 396 5
49 50 3
49 51 5
49 53 3
49 55 1
49 56 2
49 57 3
49 59 9
49 63 9
49 64 3
49 66 5
49 69 3
49 70 10
49 72 2
49 77 3
49 85 1
49 87 10
49 96 1
49 97 4
49 98 9
49 101 5
49 103 9
49 106 9
49 107 8
49 109 4
49 113 10
49 114 3
49 117 8
49 118 7
49 122 2
49 124 3
49 125 9
49 127 8
49 129 5
49 131 5
49 134 4
49 136 6
49 139 3
49 140 2
49 141 4
49 142 5
49 144 5
49 146 7
49 150 1
49 152 3
49 156 4
49 157 4
49 158 10
49 160 10
49 161 1
49 162 7
49 165 5
49 166 3
49 167 3
49 171 2
49 172 6
49 176 10
49 177 1
49 178 8
49 179 1
49 181 7
49 182 8
49 183 3
49 185 5
49 188 4
49 189 3
49 191 10
49 195 2
49 197 3
49 198 1
49 201 4
49 202 9
49 207 1
49 208 9
49 209 9
49 210 8
49 212 2
49 213 2
49 216 4
49 217 5
49 220 4
49 221 7
49 223 10
49 227 7
49 228 8
49 231 1
49 232 3
49 233 5
49 234 6
49 235 7
49 237 2
49 239 6
49 241 6
49 244 1
49 247 4
49 249 2
49 250 8
49 253 10
49 255 4
49 258 2
49 259 4
49 261 10
49 262 9
49 266 4
49 267 6
49 271 3
49 276 8
49 278 4
49 279 9
49 282 4
49 283 8
49 287 6
49 290 4
49 292 9
49 293 1
49 294 5
49 295 10
49 297 2
49 298 3
49 300 6
49 302 2
49 303 5
49 305 1
49 307 4
49 309 10
49 310 6
49 316 9
49 317 10
49 318 4
49 319 3
49 321 9
49 324 1
49 325 5
49 326 10
49 327 6
49 328 5
49 330 3
49 332 10
49 333 2
49 336 1
49 337 4
49 338 4
49 339 2
49 340 4
49 343 3
49 346 10
49 347 5
49 349 8
49 350 9
49 351 8
49 354 2
49 356 6
49 357 4
49 360 10
49 362 8
49 366 9
49 368 9
49 372 7
49 373 5
49 377 10
49 378 9
49 379 9
49 382 3
49 384 4
49 386 8
49 388 8
49 389 7
49 391 2
49 392 5
49 393 3
49 394 5
49 395 2
49 396 5
49 398 6
49 399 10
50 51 5
50 52 7
50 53 5
50 54 3
50 57 3
50 58 4
50 59 5
50 63 3
50 65 9
50 66 5
50 67 7
50 70 6
50 71 2
50 73 8
50 74 2
50 75 4
50 77 4
50 78 1
50 79 6
50 80 6
50 83 5
50 87 5
50 88 10
50 89 5
50 91 9
50 93 10
50 95 1
50 96 1
50 97 3
50 99 9
50 100 6
50 101 10
50 102 1
50 103 1
50 104 3
50 105 6
50 109 10
50 112 2
50 114 8
50 115 7
50 116 8
50 117 6
50 119 8
50 121 2
50 122 4
50 123 5
50 126 7
50 127 6
50 128 5
50 129 7
50 134 3
50 136 5
50 141 1
50 144 1
50 147 4
50 150 8
50 153 2
50 156 7
50 157 3
50 158 1
50 161 8
50 167 2
50 172 2
50 174 3
50 179 6
50 180 5
50 181 7
50 189 1
50 193 2
50 194 8
50 195 1
50 196 3
50 198 9
50 204 7
50 205 8
50 208 10
50 210 8
50 213 3
50 217 4
50 218 6
50 219 5
50 221 3
50 223 2
50 227 10
50 235 5
50 237 6
50 238 1
50 242 10
50 244 7
50 246 1
50 250 10
50 254 4
50 256 1
50 258 8
50 259 2
50 261 8
50 266 5
50 268 1
50 269 1
50 271 9
50 272 7
50 278 5
50 279 6
50 281 6
50 283 5
50 284 6
50 285 10
50 288 3
50 289 7
50 290 4
50 292 1
50 297 4
50 298 6
50 306 6
50 307 10
50 309 9
50 310 4
50 314 6
50 315 6
50 316 4
50 317 6
50 319 7
50 320 2
50 321 8
50 323 9
50 324 1
50 326 4
50 327 2
50 328 8
50 331 5
50 333 9
50 334 7
50 336 6
50 338 5
50 339 10
50 340 2
50 342 3
50 343 6
50 344 8
50 346 5
50 349 8
50 353 4
50 354 9
50 357 6
50 360 1
50 362 8
50 363 7
50 364 5
50 365 3
50 368 2
50 371 5
50 379 6
50 380 7
50 381 3
50 387 5
50 388 3
50 391 6
50 393 6
50 394 5
50 395 2
50 397 4
51 55 4
51 56 7
51 57 2
51 59 1
51 70 1
51 71 1
51 72 1
51 75 3
51 76 7
51 78 6
51 81 8
51 82 1
51 83 6
51 85 4
51 87 7
51 91 1
51 93 6
51 97 4
51 98 5
51 99 8
51 100 2
51 101 1
51 102 5
51 103 9
51 105 3
51 110 3
51 111 4
51 112 6
51 114 10
51 115 9
51 119 7
51 121 7
51 122 3
51 126 6
51 127 6
51 129 1
51 131 10
51 134 5
51 137 1
51 142 6
51 143 2
51 144 6
51 145 2
51 146 10
51 147 1
51 148 8
51 149 5
51 152 5
51 153 5
51 154 4
51 156 5
51 157 2
51 158 10
51 159 2
51 161 6
51 162 3
51 163 10
51 164 2
51 166 6
51 168 2
51 169 8
51 172 6
51 174 7
51 175 9
51 177 4
51 180 7
51 181 5
51 183 2
51 184 10
51 185 1
51 186 8
51 189 7
51 190 8
51 192 1
51 194 9
51 195 8
51 196 9
51 197 6
51 199 2
51 200 9
51 204 4
51 205 8
51 206 8
51 208 1
51 214 5
51 215 4
51 218 4
51 219 4
51 220 3
51 221 7
51 222 2
51 226 9
51 229 5
51 230 7
51 232 7
51 233 6
51 234 2
51 237 5
51 242 4
51 245 4
51 246 2
51 248 6
51 249 2
51 251 9
51 252 7
51 254 2
51 255 5
51 256 1
51 259 9
51 261 10
51 264 7
51 266 10
51 267 9
51 268 7
51 270 2
51 274 6
51 277 4
51 279 10
51 282 5
51 283 3
51 284 2
51 288 4
51 289 4
51 293 5
51 294 1
51 295 9
51 297 6
51 301 3
51 302 9
51 303 5
51 305 4
51 306 7
51 307 3
51 308 4
51 314 6
51 317 9
51 318 6
51 319 3
51 320 5
51 323 5
51 325 3
51 326 7
51 327 3
51 329 6
51 330 9
51 331 4
51 333 6
51 334 8
51 335 6
51 337 9
51 339 3
51 340 6
51 342 8
51 343 3
51 344 4
51 345 5
51 346 4
51 348 4
51 349 7
51 351 7
51 352 4
51 353 6
51 354 9
51 359 2
51 360 6
51 362 4
51 365 8
51 369 3
51 370 3
51 379 10
51 382 5
51 388 1
51 389 1
51 390 3
51 391 1
51 397 2
51 398 1
51 399 8
52 55 4
52 56 1
52 58 10
52 61 4
52 62 5
52 66 7
52 68 6
52 69 9
52 71 4
52 72 8
52 73 6
52 74 4
52 75 1
52 76 9
52 77 2
52 80 7
52 84 7
52 85 3
52 86 10
52 87 5
52 88 9
52 94 7
52 102 2
52 104 2
52 107 7
52 108 9
52 109 10
52 110 2
52 111 9
52 114 5
52 115 9
52 117 8
52 119 5
52 120 3
52 121 7
52 122 7
52 126 2
52 133 8
52 134 1
52 137 7
52 138 10
52 139 8
52 140 7
52 141 7
52 142 6
52 143 10
52 144 9
52 147 3
52 148 10
52 151 1
52 153 2
52 156 8
52 157 1
52 158 8
52 160 1
52 162 3
52 163 1
52 164 6
52 166 2
52 171 1
52 174 4
52 175 4
52 176 4
52 177 2
52 180 4
52 182 1
52 184 2
52 185 1
52 186 8
52 189 3
52 191 1
52 192 6
52 193 4
52 195 7
52 196 1
52 197 10
52 198 8
52 202 1
52 203 8
52 205 8
52 210 2
52 211 8
52 213 4
52 214 1
52 215 5
52 219 9
52 222 3
52 224 1
52 226 4
52 231 2
52 232 4
52 234 5
52 237 2
52 238 10
52 239 3
52 240 1
52 243 8
52 244 7
52 245 2
52 247 4
52 248 9
52 249 2
52 250 6
52 252 10
52 253 9
52 255 2
52 256 5
52 258 9
52 261 3
52 262 4
52 265 2
52 267 6
52 268 4
52 271 3
52 272 7
52 274 9
52 275 6
52 283 10
52 287 8
52 289 8
52 293 1
52 294 10
52 296 6
52 298 1
52 300 8
52 302 10
52 303 8
52 304 2
52 307 4
52 309 8
52 310 10
52 313 4
52 315 7
52 316 9
52 318 2
52 319 3
52 323 7
52 324 2
52 325 1
52 327 10
52 329 2
52 330 6
52 331 8
52 335 8
52 337 3
52 339 9
52 341 2
52 348 6
52 350 2
52 355 3
52 356 8
52 357 1
52 358 3
52 359 4
52 360 10
52 361 6
52 364 10
52 370 10
52 371 8
52 372 5
52 375 3
52 377 1
52 378 7
52 380 1
52 383 5
52 389 2
52 390 1
52 391 9
52 392 7
52 393 6
52 394 5
52 395 7
52 396 7
52 399 9
53 58 9
53 59 5
53 62 6
53 65 4
53 67 1
53 70 10
53 72 1
53 73 2
53 79 6
53 81 7
53 84 2
53 85 3
53 87 3
53 90 9
53 93 6
53 94 1
53 99 4
53 100 3
53 102 7
53 103 8
53 109 7
53 116 8
53 119 9
53 120 7
53 126 4
53 127 2
53 128 5
53 129 9
53 130 4
53 131 3
53 132 5
53 135 5
53 136 7
53 138 7
53 142 1
53 144 5
53 145 7
53 148 3
53 149 5
53 150 9
53 152 6
53 155 8
53 157 10
53 158 8
53 159 4
53 162 6
53 164 10
53 165 9
53 166 6
53 168 6
53 171 7
53 172 3
53 173 5
53 174 4
53 179 8
53 180 6
53 181 10
53 182 5
53 184 9
53 188 6
53 189 2
53 190 7
53 191 2
53 192 6
53 193 7
53 194 10
53 196 5
53 197 8
53 200 8
53 203 2
53 205 4
53 206 1
53 207 7
53 208 1
53 209 7
53 210 2
53 211 9
53 215 7
53 216 2
53 217 10
53 218 3
53 220 8
53 222 3
53 226 7
53 228 6
53 229 2
53 230 1
53 231 8
53 232 5
53 234 9
53 235 2
53 236 8
53 237 2
53 239 2
53 240 7
53 243 2
53 244 3
53 245 3
53 247 5
53 252 4
53 254 6
53 255 8
53 258 4
53 260 10
53 264 4
53 265 1
53 266 5
53 270 3
53 274 2
53 276 8
53 277 8
53 278 7
53 279 8
53 281 9
53 282 9
53 286 1
53 287 6
53 288 5
53 289 1
53 290 4
53 292 5
53 295 4
53 296 5
53 297 1
53 298 6
53 300 5
53 301 3
53 302 2
53 303 6
53 305 10
53 306 1
53 311 7
53 314 2
53 315 9
53 317 5
53 319 8
53 320 3
53 322 10
53 324 3
53 325 7
53 326 5
53 327 3
53 329 9
53 331 4
53 332 5
53 333 4
53 334 2
53 338 8
53 340 10
53 342 3
53 344 5
53 347 4
53 352 7
53 354 2
53 359 7
53 360 5
53 361 8
53 363 3
53 365 4
53 366 10
53 367 2
53 369 6
53 370 1
53 371 9
53 374 4
53 375 3
53 379 7
53 380 6
53 385 4
53 387 6
53 389 1
53 392 1
53 394 7
53 396 6
53 397 6
53 398 1
53 399 10
54 57 8
54 58 5
54 59 6
54 60 6
54 61 5
54 62 2
54 63 7
54 66 6
54 69 1
54 72 6
54 76 9
54 77 1
54 82 1
54 83 9
54 84 2
54 86 10
54 90 10
54 96 2
54 97 9
54 98 10
54 100 2
54 101 1
54 103 5
54 104 5
54 105 5
54 106 6
54 107 2
54 108 10
54 109 3
54 113 2
54 115 8
54 117 6
54 118 8
54 119 5
54 122 2
54 123 5
54 128 8
54 129 2
54 131 6
54 132 3
54 134 4
54 135 4
54 136 3
54 137 2
54 139 1
54 143 1
54 147 4
54 149 2
54 152 8
54 157 3
54 158 1
54 159 10
54 160 8
54 161 9
54 162 8
54 163 9
54 164 3
54 166 2
54 172 5
54 174 10
54 175 8
54 176 6
54 177 8
54 178 6
54 179 1
54 180 6
54 181 2
54 184 7
54 185 7
54 189 4
54 190 10
54 194 8
54 195 4
54 197 8
54 199 2
54 202 9
54 204 2
54 205 2
54 207 8
54 210 8
54 211 9
54 212 8
54 214 7
54 216 7
54 217 7
54 220 10
54 222 10
54 223 2
54 224 10
54 226 2
54 229 6
54 230 5
54 233 4
54 235 8
54 241 3
54 243 4
54 244 9
54 247 10
54 248 3
54 249 3
54 250 3
54 253 10
54 254 9
54 256 5
54 257 2
54 261 3
54 263 3
54 271 4
54 272 1
54 274 1
54 276 3
54 278 7
54 279 9
54 281 10
54 282 2
54 283 8
54 287 7
54 289 4
54 290 8
54 291 1
54 292 4
54 295 6
54 298 10
54 301 9
54 303 1
54 307 4
54 310 4
54 311 10
54 312 1
54 318 9
54 320 9
54 321 4
54 322 2
54 323 3
54 325 3
54 328 1
54 329 2
54 330 1
54 333 8
54 334 6
54 335 3
54 337 1
54 338 6
54 339 2
54 340 9
54 342 4
54 343 8
54 344 5
54 345 4
54 347 2
54 348 9
54 349 5
54 352 5
54 353 8
54 354 3
54 355 8
54 356 4
54 360 7
54 363 10
54 364 7
54 367 7
54 369 6
54 370 6
54 371 2
54 372 4
54 377 3
54 379 5
54 380 1
54 381 9
54 384 2
54 385 1
54 386 4
54 387 10
54 388 9
54 389 4
54 390 9
54 392 7
54 394 3
54 395 10
54 396 4
54 399 2
55 56 8
55 58 4
55 60 3
55 61 7
55 62 6
55 64 5
55 65 10
55 66 10
55 67 7
55 68 4
55 69 6
55 71 4
55 74 8
55 76 7
55 77 9
55 78 5
55 80 2
55 81 3
55 82 9
55 84 7
55 85 7
55 86 10
55 87 1
55 91 6
55 92 7
55 95 6
55 98 8
55 99 5
55 101 9
55 103 1
55 105 1
55 108 6
55 111 4
55 112 10
55 114 3
55 116 7
55 118 8
55 119 5
55 120 10
55 121 3
55 123 6
55 126 8
55 128 10
55 129 4
55 130 9
55 134 4
55 135 6
55 138 3
55 139 5
55 140 7
55 141 4
55 143 6
55 147 10
55 148 4
55 149 10
55 151 6
55 152 8
55 156 8
55 159 2
55 160 4
55 163 6
55 164 2
55 165 9
55 167 4
55 169 9
55 171 6
55 175 6
55 176 6
55 177 7
55 178 4
55 180 10
55 182 9
55 183 1
55 184 8
55 185 8
55 187 9
55 188 4
55 191 6
55 192 3
55 195 4
55 197 6
55 198 8
55 199 6
55 206 3
55 208 1
55 209 1
55 213 1
55 214 9
55 215 7
55 216 9
55 217 4
55 223 10
55 224 7
55 226 6
55 228 8
55 229 2
55 231 2
55 232 3
55 235 9
55 241 1
55 243 9
55 244 6
55 245 1
55 246 10
55 247 5
55 252 8
55 253 7
55 262 7
55 263 9
55 264 10
55 269 9
55 270 5
55 275 1
55 276 3
55 277 2
55 278 6
55 279 9
55 285 8
55 288 1
55 291 1
55 292 3
55 295 3
55 296 10
55 297 7
55 298 7
55 301 8
55 302 3
55 303 10
55 305 1
55 307 6
55 310 9
55 317 8
55 319 9
55 320 1
55 322 8
55 325 7
55 326 6
55 327 10
55 333 10
55 335 8
55 341 4
55 342 9
55 345 8
55 346 6
55 348 3
55 350 9
55 352 10
55 358 2
55 359 3
55 360 4
55 361 4
55 368 5
55 371 3
55 372 8
55 375 5
55 378 1
55 379 3
55 380 7
55 382 5
55 384 8
55 388 4
55 389 2
55 390 1
55 391 9
55 392 8
55 393 3
55 394 6
55 396 6
56 57 1
56 60 10
56 61 5
56 63 9
56 66 4
56 69 2
56 70 2
56 71 9
56 73 3
56 76 1
56 78 3
56 79 1
56 80 9
56 81 3
56 84 9
56 85 6
56 86 1
56 89 4
56 92 2
56 93 5
56 95 2
56 97 5
56 98 7
56 99 4
56 102 3
56 103 3
56 105 1
56 107 10
56 109 1
56 110 1
56 116 9
56 119 6
56 120 9
56 122 1
56 123 6
56 125 8
56 127 6
56 130 9
56 131 3
56 132 7
56 133 5
56 136 8
56 138 1
56 141 4
56 145 4
56 146 8
56 147 5
56 149 2
56 150 5
56 151 6
56 153 8
56 154 6
56 155 3
56 156 4
56 159 5
56 161 5
56 166 8
56 171 10
56 175 2
56 178 10
56 179 7
56 181 10
56 182 10
56 183 3
56 185 6
56 190 3
56 191 5
56 193 1
56 195 8
56 197 6
56 198 7
56 200 1
56 201 1
56 205 1
56 208 3
56 216 10
56 217 5
56 218 9
56 220 1
56 221 2
56 224 6
56 229 10
56 230 4
56 233 7
56 235 8
56 238 10
56 239 8
56 240 4
56 241 5
56 243 4
56 244 6
56 248 1
56 250 3
56 257 7
56 259 6
56 262 3
56 264 3
56 266 6
56 267 3
56 268 8
56 272 4
56 278 10
56 279 3
56 281 4
56 282 4
56 283 1
56 284 7
56 285 3
56 286 5
56 288 9
56 289 10
56 290 5
56 291 3
56 292 1
56 294 3
56 296 1
56 297 3
56 298 2
56 302 2
56 303 7
56 307 3
56 308 9
56 309 10
56 310 1
56 311 8
56 312 5
56 313 1
56 314 9
56 316 5
56 317 2
56 319 2
56 320 3
56 321 2
56 322 7
56 324 6
56 325 3
56 326 9
56 331 10
56 332 4
56 341 8
56 344 2
56 346 6
56 347 5
56 348 6
56 350 3
56 353 10
56 354 9
56 355 1
56 359 9
56 361 1
56 365 3
56 368 10
56 369 1
56 370 10
56 371 6
56 372 1
56 373 9
56 375 3
56 376 9
56 378 2
56 379 10
56 380 2
56 385 9
56 387 3
56 388 1
56 389 2
56 393 5
56 397 2
57 59 1
57 60 5
57 62 4
57 63 9
57 65 5
57 67 8
57 70 6
57 71 9
57 72 6
57 74 7
57 75 1
57 76 4
57 78 6
57 82 8
57 84 4
57 85 10
57 88 8
57 91 1
57 93 1
57 95 10
57 101 2
57 102 6
57 104 8
57 105 1
57 106 5
57 107 4
57 108 6
57 109 3
57 110 2
57 111 1
57 112 1
57 113 4
57 114 7
57 116 6
57 117 4
57 118 1
57 121 7
57 122 8
57 124 9
57 125 8
57 126 10
57 127 9
57 129 2
57 132 5
57 138 5
57 140 4
57 146 1
57 150 8
57 151 5
57 152 4
57 156 9
57 158 1
57 159 8
57 161 2
57 162 2
57 163 6
57 165 10
57 166 4
57 167 10
57 168 1
57 169 7
57 171 10
57 172 9
57 173 7
57 174 10
57 175 8
57 176 8
57 179 1
57 181 4
57 182 2
57 184 1
57 189 6
57 192 6
57 193 1
57 195 2
57 198 3
57 199 5
57 200 10
57 202 3
57 203 8
57 205 1
57 206 5
57 207 10
57 209 7
57 210 10
57 212 3
57 214 4
57 215 6
57 216 4
57 220 7
57 221 4
57 224 9
57 225 8
57 226 1
57 228 7
57 229 9
57 233 3
57 234 7
57 235 1
57 239 8
57 240 7
57 244 1
57 245 6
57 246 5
57 247 4
57 248 5
57 249 5
57 251 7
57 254 6
57 255 3
57 256 5
57 257 7
57 259 10
57 260 5
57 262 1
57 263 3
57 265 2
57 267 2
57 268 10
57 269 5
57 270 7
57 271 7
57 274 10
57 275 4
57 276 7
57 277 10
57 278 10
57 279 8
57 280 3
57 281 6
57 282 1
57 283 6
57 284 4
57 285 9
57 286 1
57 287 8
57 291 8
57 292 9
57 296 9
57 297 9
57 299 6
57 301 10
57 305 1
57 309 5
57 310 1
57 311 5
57 314 2
57 315 4
57 317 8
57 319 4
57 321 10
57 323 8
57 324 7
57 325 7
57 327 8
57 328 7
57 331 9
57 332 5
57 335 4
57 337 5
57 338 1
57 339 6
57 343 2
57 345 2
57 348 7
57 349 8
57 352 2
57 357 9
57 360 7
57 361 10
57 362 5
57 363 3
57 365 6
57 369 5
57 370 1
57 371 9
57 373 7
57 375 3
57 377 8
57 380 6
57 381 8
57 382 8
57 387 4
57 389 3
57 390 1
57 391 2
57 394 8
57 395 1
57 397 8
57 398 4
58 60 2
58 62 8
58 63 1
58 67 10
58 68 5
58 70 1
58 74 2
58 75 7
58 76 7
58 78 4
58 81 6
58 82 10
58 85 8
58 87 10
58 89 3
58 90 10
58 91 2
58 93 3
58 95 4
58 97 8
58 101 6
58 102 4
58 104 4
58 107 8
58 110 6
58 111 7
58 112 1
58 115 3
58 116 4
58 118 4
58 119 1
58 122 8
58 125 1
58 127 7
58 128 1
58 129 3
58 131 9
58 134 2
58 136 8
58 145 7
58 148 10
58 151 6
58 152 6
58 156 3
58 159 1
58 160 6
58 161 7
58 162 6
58 165 7
58 166 2
58 174 9
58 175 4
58 177 4
58 178 8
58 180 5
58 181 6
58 185 4
58 186 8
58 191 6
58 194 3
58 195 10
58 196 10
58 198 8
58 203 3
58 204 4
58 207 1
58 210 6
58 211 7
58 212 3
58 215 3
58 218 3
58 219 1
58 224 7
58 225 1
58 232 4
58 234 7
58 235 10
58 238 7
58 239 4
58 240 5
58 242 4
58 244 7
58 245 9
58 246 4
58 247 3
58 248 5
58 252 3
58 253 7
58 254 4
58 257 6
58 259 8
58 260 3
58 261 10
58 263 4
58 264 1
58 265 1
58 266 6
58 268 9
58 270 7
58 272 2
58 274 9
58 275 3
58 276 3
58 277 4
58 278 4
58 281 8
58 284 2
58 285 6
58 286 10
58 288 5
58 292 9
58 298 7
58 300 8
58 301 8
58 304 1
58 307 9
58 308 1
58 310 2
58 311 10
58 314 4
58 318 9
58 320 5
58 324 8
58 325 1
58 329 3
58 331 6
58 332 3
58 333 7
58 334 5
58 335 2
58 336 3
58 337 4
58 338 3
58 339 6
58 340 8
58 342 4
58 344 7
58 348 5
58 350 9
58 351 2
58 352 2
58 353 6
58 356 7
58 358 8
58 359 8
58 361 8
58 364 1
58 365 9
58 366 9
58 370 7
58 371 2
58 373 2
58 374 8
58 375 10
58 376 5
58 377 5
58 380 3
58 382 7
58 385 5
58 386 7
58 388 9
58 389 9
58 392 7
58 393 3
58 397 6
59 62 5
59 64 1
59 66 6
59 68 3
59 70 6
59 74 2
59 75 7
59 76 1
59 78 1
59 80 2
59 82 10
59 83 2
59 88 6
59 93 3
59 95 3
59 96 4
59 97 3
59 98 1
59 99 5
59 100 4
59 103 5
59 104 10
59 105 6
59 106 4
59 108 3
59 109 9
59 110 4
59 115 6
59 118 2
59 121 9
59 126 3
59 133 6
59 135 9
59 136 6
59 137 4
59 143 8
59 144 1
59 145 3
59 147 10
59 148 8
59 149 3
59 150 9
59 152 10
59 156 4
59 158 4
59 159 7
59 161 5
59 166 8
59 167 5
59 170 2
59 175 5
59 176 2
59 179 4
59 183 3
59 187 9
59 190 5
59 192 10
59 195 6
59 196 8
59 197 1
59 198 2
59 199 6
59 200 9
59 202 5
59 204 8
59 205 1
59 211 1
59 212 10
59 214 5
59 215 1
59 216 8
59 222 7
59 223 1
59 224 4
59 226 9
59 232 4
59 233 10
59 237 9
59 239 9
59 247 9
59 248 2
59 249 10
59 251 9
59 253 2
59 254 8
59 255 10
59 256 7
59 258 9
59 259 10
59 260 6
59 262 9
59 263 8
59 264 6
59 266 9
59 268 5
59 271 10
59 272 2
59 275 6
59 276 8
59 277 10
59 279 1
59 283 8
59 285 3
59 288 2
59 292 9
59 296 9
59 297 7
59 298 8
59 299 7
59 300 9
59 301 8
59 304 10
59 306 1
59 308 2
59 312 5
59 316 7
59 317 9
59 319 3
59 325 4
59 326 5
59 327 1
59 330 5
59 331 9
59 336 7
59 337 6
59 338 4
59 339 5
59 340 6
59 341 9
59 342 3
59 343 8
59 344 1
59 350 4
59 354 6
59 355 8
59 356 4
59 359 5
59 361 3
59 366 6
59 368 6
59 369 4
59 370 6
59 372 6
59 375 4
59 376 3
59 377 5
59 378 4
59 382 2
59 383 2
59 388 6
59 389 7
59 396 6
59 398 10
60 61 5
60 62 2
60 63 3
60 66 1
60 68 3
60 72 4
60 75 1
60 77 8
60 80 1
60 82 4
60 84 1
60 85 5
60 86 2
60 87 4
60 88 1
60 89 7
60 91 8
60 94 3
60 96 6
60 97 9
60 98 7
60 99 10
60 100 8
60 101 4
60 103 8
60 104 9
60 105 1
60 106 10
60 108 9
60 111 3
60 112 10
60 113 7
60 114 1
60 115 4
60 118 4
60 120 10
60 122 10
60 124 9
60 125 7
60 127 4
60 130 9
60 131 2
60 132 3
60 136 1
60 139 8
60 140 4
60 142 2
60 147 9
60 149 4
60 150 9
60 152 6
60 153 3
60 154 4
60 155 3
60 156 5
60 157 9
60 158 7
60 159 10
60 161 1
60 163 9
60 165 5
60 166 7
60 167 10
60 169 6
60 172 3
60 173 7
60 175 2
60 176 2
60 177 10
60 178 5
60 179 9
60 180 6
60 181 10
60 182 4
60 186 1
60 190 8
60 191 6
60 192 7
60 193 5
60 194 7
60 195 2
60 196 5
60 197 1
60 200 8
60 202 1
60 203 2
60 204 3
60 207 10
60 208 6
60 209 3
60 210 7
60 211 1
60 214 6
60 218 2
60 220 10
60 222 9
60 224 5
60 225 1
60 226 4
60 227 8
60 229 5
60 230 8
60 234 9
60 235 8
60 237 9
60 239 8
60 241 9
60 242 9
60 243 9
60 244 6
60 245 7
60 248 5
60 250 7
60 252 6
60 254 3
60 255 8
60 256 7
60 257 9
60 259 10
60 261 1
60 263 2
60 264 3
60 266 2
60 269 8
60 270 5
60 272 6
60 273 10
60 274 6
60 275 7
60 276 9
60 277 9
60 278 8
60 279 2
60 282 2
60 284 8
60 286 9
60 287 3
60 288 4
60 289 2
60 291 1
60 294 3
60 295 2
60 296 10
60 298 8
60 299 5
60 303 10
60 304 1
60 305 6
60 309 6
60 313 8
60 314 4
60 315 5
60 316 2
60 318 1
60 319 10
60 320 10
60 322 2
60 323 4
60 325 8
60 327 6
60 328 10
60 333 3
60 334 6
60 335 6
60 337 7
60 338 7
60 341 9
60 346 6
60 349 3
60 353 10
60 359 8
60 360 2
60 363 10
60 365 5
60 366 4
60 367 9
60 368 9
60 369 7
60 375 6
60 376 9
60 378 5
60 381 4
60 383 7
60 385 2
60 387 8
60 388 6
60 394 4
60 395 8
60 399 10
61 64 1
61 65 8
61 66 3
61 67 8
61 69 3
61 70 6
61 71 3
61 72 3
61 74 2
61 75 8
61 77 10
61 78 7
61 82 8
61 85 7
61 88 6
61 89 2
61 92 5
61 93 1
61 99 3
61 101 8
61 102 7
61 104 2
61 105 2
61 106 4
61 111 5
61 112 5
61 117 1
61 120 4
61 121 2
61 122 1
61 124 6
61 126 1
61 128 3
61 129 5
61 131 10
61 133 4
61 134 6
61 136 1
61 137 6
61 140 3
61 143 7
61 144 2
61 145 2
61 146 1
61 147 2
61 151 4
61 154 8
61 155 4
61 158 4
61 162 2
61 163 4
61 164 10
61 165 7
61 167 2
61 168 9
61 169 4
61 174 5
61 175 5
61 177 1
61 179 7
61 184 8
61 186 4
61 190 1
61 191 5
61 194 6
61 197 6
61 198 10
61 199 2
61 200 10
61 201 4
61 202 6
61 203 7
61 204 1
61 206 1
61 209 10
61 211 9
61 212 4
61 214 2
61 216 8
61 217 6
61 218 9
61 219 10
61 222 6
61 224 5
61 225 3
61 228 7
61 232 5
61 233 1
61 234 4
61 237 1
61 238 6
61 239 10
61 244 3
61 246 10
61 247 9
61 248 8
61 250 5
61 252 7
61 254 9
61 256 8
61 258 6
61 260 1
61 261 6
61 262 1
61 263 2
61 265 3
61 266 10
61 268 9
61 269 7
61 271 8
61 273 2
61 274 1
61 275 3
61 276 8
61 277 6
61 278 8
61 280 8
61 281 9
61 282 5
61 283 7
61 284 1
61 285 5
61 288 9
61 291 6
61 294 10
61 300 10
61 301 10
61 304 7
61 305 10
61 308 2
61 309 7
61 313 5
61 315 10
61 316 9
61 317 3
61 319 5
61 320 3
61 321 5
61 323 6
61 325 10
61 328 9
61 330 10
61 334 6
61 335 6
61 336 8
61 338 7
61 341 5
61 344 1
61 349 8
61 350 6
61 351 10
61 352 6
61 353 1
61 355 5
61 356 4
61 358 10
61 359 6
61 361 3
61 363 2
61 365 4
61 368 1
61 371 7
61 372 3
61 373 7
61 375 2
61 377 7
61 378 2
61 382 3
61 383 2
61 386 8
61 390 2
61 394 6
61 396 10
61 399 3
62 63 2
62 66 8
62 67 7
62 68 4
62 71 7
62 72 2
62 76 3
62 77 5
62 80 9
62 83 8
62 85 9
62 88 5
62 90 7
62 91 7
62 92 3
62 96 1
62 97 9
62 98 3
62 102 4
62 104 4
62 106 6
62 107 3
62 108 9
62 112 8
62 114 4
62 117 2
62 124 1
62 127 10
62 132 5
62 135 5
62 136 5
62 139 4
62 140 4
62 141 2
62 142 9
62 143 5
62 144 9
62 146 8
62 148 5
62 149 8
62 150 3
62 151 10
62 152 8
62 154 2
62 157 7
62 158 3
62 159 6
62 160 5
62 161 7
62 162 2
62 166 7
62 167 4
62 169 4
62 171 10
62 173 8
62 174 3
62 175 10
62 178 1
62 179 1
62 180 4
62 181 3
62 182 5
62 184 4
62 186 8
62 188 7
62 189 3
62 191 5
62 192 6
62 195 2
62 198 1
62 199 1
62 200 3
62 201 2
62 202 6
62 204 4
62 205 3
62 208 1
62 209 3
62 210 6
62 211 2
62 214 10
62 215 3
62 216 3
62 217 2
62 220 5
62 224 4
62 225 10
62 226 8
62 227 9
62 228 5
62 229 9
62 230 10
62 231 10
62 235 4
62 236 3
62 237 7
62 238 2
62 240 3
62 242 8
62 243 4
62 244 7
62 245 9
62 246 4
62 247 4
62 251 10
62 254 6
62 255 8
62 256 3
62 258 9
62 261 10
62 263 9
62 264 5
62 266 5
62 268 8
62 270 3
62 271 9
62 272 2
62 274 9
62 276 5
62 277 2
62 279 4
62 281 2
62 286 2
62 287 1
62 291 7
62 292 9
62 295 2
62 298 1
62 299 4
62 300 10
62 303 6
62 305 5
62 306 6
62 308 6
62 314 7
62 315 8
62 316 10
62 317 4
62 318 6
62 319 1
62 321 3
62 322 5
62 324 2
62 325 7
62 327 9
62 329 2
62 330 2
62 332 6
62 333 7
62 334 5
62 335 4
62 336 4
62 339 2
62 341 8
62 342 10
62 343 9
62 344 4
62 345 6
62 346 1
62 349 1
62 350 1
62 353 5
62 355 6
62 357 6
62 358 5
62 359 8
62 360 2
62 361 6
62 362 3
62 364 3
62 365 6
62 370 2
62 371 3
62 373 4
62 374 2
62 375 4
62 378 6
62 380 3
62 381 6
62 384 7
62 386 6
62 388 7
62 391 3
62 392 5
62 394 7
62 395 9
62 396 3
63 64 9
63 65 4
63 66 1
63 67 4
63 71 10
63 73 2
63 75 8
63 76 1
63 79 7
63 82 5
63 86 6
63 87 1
63 88 1
63 89 1
63 90 6
63 95 6
63 96 10
63 97 4
63 98 2
63 99 7
63 100 8
63 102 5
63 104 1
63 105 5
63 107 3
63 108 9
63 109 1
63 110 3
63 111 5
63 112 10
63 114 10
63 115 10
63 116 5
63 117 1
63 119 7
63 122 2
63 124 5
63 128 7
63 130 1
63 131 6
63 137 7
63 141 5
63 143 5
63 145 9
63 147 10
63 148 7
63 151 8
63 152 6
63 156 8
63 157 1
63 158 1
63 160 8
63 161 4
63 164 10
63 166 7
63 167 9
63 169 8
63 170 10
63 176 2
63 177 9
63 178 8
63 179 10
63 181 6
63 188 5
63 189 10
63 190 8
63 193 3
63 195 2
63 196 7
63 198 3
63 200 6
63 203 3
63 207 6
63 210 1
63 215 3
63 218 6
63 220 1
63 222 2
63 225 2
63 227 4
63 228 1
63 231 4
63 232 3
63 233 2
63 234 5
63 235 3
63 240 2
63 242 7
63 247 2
63 248 3
63 249 6
63 250 6
63 251 6
63 252 2
63 253 6
63 255 6
63 258 6
63 260 8
63 262 4
63 263 8
63 264 4
63 266 4
63 268 2
63 271 5
63 272 9
63 273 8
63 275 2
63 276 5
63 277 8
63 279 6
63 283 7
63 287 5
63 289 10
63 290 1
63 292 10
63 295 7
63 296 8
63 299 5
63 300 8
63 304 8
63 305 5
63 309 6
63 311 1
63 312 8
63 313 2
63 316 4
63 317 6
63 318 9
63 319 4
63 320 2
63 321 1
63 322 8
63 326 1
63 327 8
63 329 2
63 332 9
63 333 9
63 336 9
63 337 9
63 340 3
63 343 10
63 345 5
63 346 1
63 348 8
63 350 9
63 353 7
63 354 6
63 355 10
63 357 1
63 358 9
63 360 4
63 361 9
63 362 3
63 363 4
63 365 6
63 366 6
63 370 2
63 375 2
63 380 9
63 383 1
63 386 5
63 387 7
63 391 4
63 393 2
63 394 3
63 395 8
63 396 8
63 399 8
64 65 4
64 67 1
64 70 8
64 74 7
64 75 3
64 83 1
64 84 10
64 86 5
64 88 5
64 89 5
64 90 4
64 93 7
64 95 1
64 97 3
64 99 4
64 100 4
64 102 6
64 103 1
64 106 1
64 110 3
64 114 9
64 116 1
64 117 3
64 119 3
64 120 1
64 121 10
64 122 5
64 123 3
64 125 7
64 127 5
64 129 9
64 130 4
64 133 4
64 134 6
64 135 8
64 136 6
64 145 8
64 146 8
64 149 1
64 152 3
64 154 8
64 155 6
64 156 8
64 157 5
64 160 3
64 164 7
64 165 9
64 167 2
64 169 7
64 170 6
64 172 9
64 173 8
64 175 1
64 177 6
64 181 6
64 182 5
64 183 4
64 188 6
64 189 6
64 190 3
64 191 1
64 194 3
64 197 3
64 198 10
64 199 7
64 201 10
64 206 6
64 207 7
64 211 9
64 214 5
64 215 5
64 217 7
64 218 2
64 219 10
64 222 10
64 223 1
64 224 8
64 225 7
64 229 4
64 232 3
64 234 5
64 235 2
64 238 3
64 241 7
64 245 1
64 246 9
64 248 10
64 253 10
64 254 6
64 257 1
64 260 4
64 261 1
64 263 1
64 264 7
64 265 8
64 266 3
64 268 2
64 271 5
64 272 3
64 274 10
64 276 8
64 278 9
64 282 1
64 283 1
64 287 9
64 288 1
64 289 8
64 292 6
64 293 10
64 295 5
64 296 9
64 297 1
64 300 7
64 302 2
64 305 5
64 307 6
64 310 5
64 311 4
64 315 7
64 317 6
64 318 7
64 319 7
64 320 5
64 323 9
64 325 2
64 327 9
64 328 8
64 330 3
64 336 5
64 337 10
64 341 4
64 342 4
64 344 3
64 345 5
64 346 6
64 348 7
64 349 7
64 351 2
64 355 10
64 359 4
64 361 9
64 363 10
64 364 8
64 368 1
64 372 7
64 373 7
64 375 5
64 376 6
64 379 4
64 381 8
64 382 6
64 384 7
64 385 7
64 387 2
64 391 5
64 392 3
64 393 7
64 394 1
64 395 3
64 396 1
64 397 8
64 398 4
65 66 8
65 68 9
65 71 10
65 72 2
65 75 5
65 77 6
65 79 3
65 81 6
65 82 1
65 83 1
65 85 1
65 87 4
65 90 10
65 91 9
65 92 6
65 93 4
65 94 10
65 96 1
65 99 10
65 100 7
65 105 7
65 110 1
65 113 2
65 114 9
65 116 5
65 117 3
65 118 5
65 121 7
65 122 10
65 124 4
65 125 6
65 126 4
65 127 6
65 128 4
65 132 5
65 134 7
65 136 1
65 137 10
65 138 1
65 140 5
65 142 1
65 144 4
65 145 4
65 146 1
65 147 6
65 148 3
65 149 4
65 150 6
65 151 7
65 152 9
65 155 7
65 157 10
65 160 10
65 165 4
65 167 5
65 168 6
65 170 7
65 172 7
65 174 4
65 177 8
65 178 2
65 180 3
65 181 8
65 182 1
65 183 3
65 185 7
65 186 2
65 187 7
65 193 7
65 195 7
65 196 10
65 198 7
65 203 8
65 205 10
65 206 4
65 207 3
65 209 8
65 210 4
65 211 1
65 213 4
65 215 5
65 216 4
65 218 3
65 219 4
65 221 9
65 222 9
65 223 3
65 226 6
65 227 2
65 228 5
65 231 10
65 234 1
65 235 4
65 238 8
65 240 10
65 241 2
65 242 9
65 243 8
65 246 5
65 247 1
65 249 3
65 250 4
65 251 4
65 252 7
65 253 2
65 255 10
65 256 7
65 258 4
65 265 9
65 266 9
65 269 8
65 270 9
65 272 4
65 273 6
65 274 7
65 276 5
65 277 5
65 279 9
65 280 6
65 281 5
65 282 8
65 284 2
65 285 1
65 286 8
65 287 6
65 293 4
65 294 7
65 296 8
65 297 1
65 298 10
65 301 6
65 302 10
65 304 3
65 306 4
65 308 7
65 310 9
65 312 2
65 313 3
65 316 6
65 317 5
65 318 6
65 321 7
65 325 9
65 326 1
65 330 3
65 336 8
65 337 6
65 341 9
65 342 2
65 344 1
65 345 10
65 347 8
65 348 9
65 350 6
65 351 9
65 352 1
65 354 10
65 355 2
65 357 8
65 359 6
65 360 3
65 361 3
65 362 10
65 367 3
65 369 8
65 371 3
65 372 5
65 374 8
65 376 3
65 377 9
65 379 4
65 380 10
65 382 5
65 384 5
65 385 6
65 390 4
65 391 8
65 392 1
65 393 2
65 395 3
65 396 4
65 398 8
66 67 7
66 69 9
66 71 8
66 72 6
66 73 1
66 74 9
66 76 8
66 77 4
66 78 5
66 80 7
66 81 10
66 83 2
66 87 2
66 88 5
66 89 4
66 90 1
66 91 10
66 93 3
66 95 2
66 97 10
66 98 1
66 102 2
66 103 4
66 104 6
66 107 1
66 108 4
66 109 5
66 111 1
66 114 2
66 115 7
66 118 5
66 119 8
66 121 8
66 124 2
66 125 7
66 126 1
66 128 8
66 129 6
66 130 6
66 132 2
66 133 2
66 134 7
66 135 1
66 136 2
66 137 1
66 138 9
66 141 2
66 142 2
66 143 9
66 145 6
66 152 7
66 154 7
66 157 7
66 159 1
66 160 6
66 161 2
66 162 8
66 165 4
66 166 4
66 167 3
66 168 3
66 169 3
66 170 8
66 171 2
66 176 1
66 177 5
66 178 5
66 179 3
66 184 8
66 185 9
66 186 2
66 188 1
66 189 9
66 194 6
66 195 10
66 196 7
66 198 4
66 199 2
66 200 4
66 203 3
66 204 6
66 205 6
66 206 5
66 208 4
66 211 3
66 212 6
66 213 10
66 215 8
66 216 1
66 217 9
66 220 9
66 221 1
66 222 1
66 223 9
66 224 7
66 225 9
66 228 2
66 229 3
66 231 7
66 232 1
66 236 1
66 237 2
66 238 4
66 239 3
66 240 8
66 241 8
66 242 9
66 243 2
66 244 1
66 245 6
66 247 4
66 248 1
66 251 8
66 253 4
66 254 4
66 255 3
66 259 5
66 261 7
66 262 10
66 263 3
66 264 4
66 270 2
66 273 2
66 274 8
66 276 4
66 279 1
66 280 6
66 284 3
66 289 9
66 291 9
66 292 6
66 293 3
66 294 10
66 295 6
66 297 2
66 301 4
66 302 8
66 303 4
66 304 7
66 305 4
66 307 9
66 309 3
66 312 9
66 313 4
66 315 2
66 316 7
66 322 7
66 323 9
66 326 2
66 327 2
66 329 3
66 330 8
66 331 5
66 335 7
66 339 2
66 342 5
66 343 9
66 348 5
66 349 1
66 351 8
66 352 4
66 355 6
66 356 10
66 360 9
66 363 4
66 366 9
66 368 5
66 373 6
66 377 2
66 378 6
66 380 7
66 381 5
66 382 3
66 383 10
66 385 2
66 386 10
66 389 5
66 390 2
66 392 1
66 395 8
66 396 6
66 398 6
67 68 6
67 69 2
67 70 4
67 71 2
67 72 2
67 74 3
67 75 9
67 79 4
67 83 8
67 84 6
67 85 3
67 88 2
67 92 5
67 94 10
67 97 3
67 99 2
67 103 5
67 104 1
67 105 5
67 106 10
67 111 8
67 112 7
67 114 6
67 116 8
67 117 4
67 121 7
67 122 6
67 123 8
67 126 1
67 128 4
67 129 5
67 131 5
67 133 7
67 136 5
67 139 7
67 142 3
67 147 5
67 150 2
67 153 10
67 155 7
67 156 10
67 158 8
67 160 5
67 161 3
67 162 10
67 163 2
67 164 7
67 165 4
67 166 1
67 168 5
67 173 8
67 177 1
67 179 3
67 181 10
67 182 2
67 183 1
67 185 3
67 188 7
67 189 5
67 190 7
67 193 2
67 196 3
67 197 3
67 200 8
67 202 9
67 203 2
67 205 3
67 210 3
67 211 8
67 214 5
67 215 5
67 216 3
67 220 5
67 221 10
67 223 6
67 230 3
67 231 10
67 234 4
67 235 6
67 236 10
67 238 10
67 241 7
67 243 10
67 244 4
67 245 1
67 248 7
67 249 9
67 250 3
67 251 7
67 252 3
67 253 8
67 255 4
67 256 2
67 259 10
67 264 9
67 265 4
67 267 2
67 268 2
67 269 9
67 270 8
67 272 3
67 273 5
67 277 2
67 278 6
67 279 8
67 280 1
67 283 4
67 285 9
67 286 10
67 287 2
67 290 7
67 291 1
67 293 6
67 295 10
67 296 7
67 297 3
67 298 10
67 299 8
67 302 4
67 314 8
67 315 4
67 318 10
67 319 4
67 320 1
67 321 10
67 323 3
67 324 2
67 325 10
67 328 9
67 331 6
67 332 7
67 334 2
67 339 1
67 340 6
67 342 9
67 345 8
67 346 2
67 348 1
67 353 1
67 354 7
67 358 4
67 360 5
67 365 8
67 366 6
67 367 10
67 368 6
67 369 9
67 370 3
67 372 6
67 374 4
67 375 4
67 376 4
67 377 7
67 378 10
67 381 4
67 382 2
67 383 9
67 387 6
67 389 2
67 392 10
67 396 5
67 399 8
68 69 2
68 70 6
68 73 8
68 74 1
68 76 10
68 79 1
68 80 5
68 81 10
68 82 2
68 83 10
68 84 4
68 85 1
68 91 7
68 92 5
68 93 7
68 99 1
68 103 9
68 105 3
68 106 1
68 107 9
68 108 7
68 109 2
68 111 3
68 112 9
68 114 2
68 117 7
68 120 9
68 121 4
68 124 6
68 127 1
68 130 9
68 131 3
68 132 3
68 133 10
68 136 7
68 137 2
68 138 2
68 140 2
68 145 2
68 148 1
68 149 2
68 150 5
68 151 10
68 152 3
68 155 10
68 156 4
68 157 8
68 158 5
68 159 2
68 160 10
68 161 7
68 162 9
68 165 5
68 167 6
68 168 3
68 169 4
68 175 4
68 176 3
68 178 6
68 179 1
68 180 4
68 181 10
68 182 2
68 184 8
68 187 10
68 188 9
68 189 3
68 191 7
68 193 1
68 194 9
68 195 5
68 196 6
68 197 3
68 199 9
68 201 8
68 202 3
68 203 6
68 204 6
68 205 7
68 206 9
68 207 1
68 208 3
68 209 1
68 211 5
68 215 8
68 219 1
68 220 7
68 222 4
68 223 7
68 224 9
68 225 5
68 229 9
68 230 6
68 234 2
68 235 9
68 240 10
68 242 9
68 243 10
68 246 8
68 251 7
68 252 2
68 253 5
68 260 1
68 261 8
68 265 1
68 267 2
68 268 8
68 270 1
68 271 3
68 272 1
68 277 2
68 278 3
68 280 5
68 283 7
68 286 2
68 287 3
68 288 1
68 289 10
68 292 9
68 294 2
68 298 9
68 299 8
68 301 7
68 304 2
68 308 1
68 310 1
68 311 2
68 312 3
68 315 6
68 316 3
68 317 10
68 319 4
68 321 6
68 322 10
68 324 9
68 325 3
68 326 8
68 327 9
68 328 10
68 329 8
68 331 3
68 332 8
68 335 5
68 338 4
68 339 10
68 340 6
68 341 8
68 345 4
68 346 1
68 348 10
68 349 9
68 350 8
68 353 1
68 355 9
68 356 4
68 357 10
68 358 7
68 360 8
68 361 10
68 363 2
68 367 2
68 368 5
68 369 8
68 371 5
68 374 2
68 376 7
68 379 2
68 380 8
68 383 10
68 387 10
68 388 7
68 390 6
68 393 1
68 394 7
68 397 8
69 73 1
69 74 6
69 75 1
69 76 8
69 79 10
69 81 2
69 83 9
69 84 3
69 90 10
69 91 1
69 92 4
69 93 4
69 94 5
69 95 8
69 96 1
69 98 2
69 99 9
69 100 1
69 102 9
69 105 10
69 106 1
69 107 7
69 108 6
69 109 5
69 110 6
69 111 10
69 116 2
69 118 8
69 120 10
69 121 9
69 123 5
69 125 6
69 127 10
69 130 9
69 132 5
69 136 6
69 137 1
69 138 9
69 139 3
69 142 10
69 143 4
69 144 2
69 146 7
69 149 2
69 150 2
69 155 6
69 157 3
69 159 2
69 160 8
69 163 5
69 164 9
69 166 3
69 168 5
69 172 3
69 173 5
69 176 1
69 180 2
69 182 10
69 187 7
69 190 4
69 192 6
69 193 1
69 197 3
69 198 4
69 199 10
69 200 9
69 204 9
69 205 2
69 206 8
69 207 1
69 209 10
69 215 3
69 218 1
69 219 3
69 220 6
69 221 6
69 224 8
69 225 6
69 226 5
69 227 10
69 228 3
69 229 6
69 233 4
69 235 3
69 240 2
69 241 7
69 243 7
69 244 3
69 245 9
69 247 10
69 249 8
69 253 6
69 255 8
69 260 1
69 261 10
69 263 2
69 264 2
69 267 5
69 268 8
69 269 1
69 271 8
69 272 4
69 274 7
69 277 1
69 281 4
69 282 9
69 283 1
69 294 9
69 297 1
69 301 4
69 302 4
69 307 1
69 308 3
69 309 6
69 312 1
69 314 6
69 316 4
69 323 3
69 325 3
69 327 8
69 332 2
69 337 2
69 338 3
69 339 3
69 340 1
69 341 6
69 343 2
69 345 1
69 347 7
69 352 1
69 353 6
69 355 5
69 356 6
69 357 7
69 358 5
69 360 7
69 361 5
69 362 3
69 363 2
69 365 2
69 366 6
69 368 7
69 372 10
69 374 8
69 375 2
69 377 9
69 380 8
69 383 7
69 384 6
69 385 8
69 387 10
69 389 6
69 390 6
69 391 8
69 393 6
69 394 10
69 397 5
70 71 10
70 73 10
70 76 5
70 78 1
70 80 4
70 82 6
70 83 4
70 84 4
70 86 1
70 87 8
70 89 10
70 90 4
70 91 9
70 92 4
70 95 5
70 97 6
70 98 9
70 102 3
70 104 5
70 105 9
70 108 7
70 109 3
70 110 8
70 113 3
70 116 7
70 117 3
70 120 10
70 122 1
70 123 2
70 124 9
70 125 8
70 126 7
70 127 5
70 128 5
70 129 8
70 131 4
70 135 3
70 137 4
70 138 3
70 139 7
70 140 7
70 143 9
70 145 8
70 149 5
70 150 4
70 154 4
70 155 10
70 167 2
70 170 9
70 171 5
70 172 4
70 173 1
70 175 8
70 176 5
70 178 1
70 179 8
70 180 5
70 185 5
70 189 10
70 191 2
70 192 3
70 193 1
70 196 1
70 199 9
70 200 8
70 201 1
70 204 6
70 210 3
70 211 6
70 212 7
70 213 9
70 214 5
70 216 10
70 217 5
70 218 1
70 223 4
70 225 6
70 226 4
70 227 2
70 228 2
70 229 1
70 234 1
70 237 4
70 240 5
70 241 3
70 242 9
70 244 7
70 247 6
70 250 6
70 254 4
70 259 6
70 260 3
70 262 4
70 264 7
70 265 10
70 266 2
70 269 10
70 270 3
70 273 2
70 274 8
70 276 8
70 280 8
70 281 4
70 286 3
70 289 2
70 292 5
70 293 1
70 298 10
70 299 8
70 300 7
70 301 6
70 305 8
70 306 2
70 307 10
70 308 6
70 311 3
70 313 9
70 316 7
70 319 2
70 320 2
70 326 9
70 328 1
70 330 6
70 331 5
70 332 5
70 334 3
70 335 9
70 336 8
70 339 4
70 340 10
70 343 8
70 345 9
70 346 9
70 349 4
70 351 5
70 352 6
70 354 10
70 356 5
70 358 4
70 362 6
70 364 8
70 365 1
70 366 9
70 368 1
70 370 9
70 372 3
70 373 5
70 374 5
70 375 4
70 377 1
70 378 5
70 379 3
70 384 9
70 385 9
70 388 6
70 389 6
70 390 6
70 392 1
70 395 2
70 398 3
71 74 10
71 76 10
71 83 1
71 84 10
71 88 10
71 92 10
71 95 4
71 101 7
71 104 7
71 106 3
71 111 8
71 112 5
71 114 1
71 115 4
71 116 1
71 122 1
71 123 1
71 125 3
71 128 2
71 129 2
71 131 7
71 132 8
71 133 6
71 134 9
71 136 6
71 138 6
71 139 6
71 144 8
71 145 9
71 147 2
71 150 7
71 151 2
71 154 9
71 156 10
71 158 9
71 159 6
71 160 9
71 162 3
71 163 5
71 164 5
71 165 7
71 166 2
71 167 3
71 168 2
71 170 6
71 171 2
71 172 4
71 173 1
71 174 10
71 175 7
71 176 2
71 177 6
71 178 6
71 179 4
71 182 5
71 183 3
71 185 10
71 189 5
71 190 5
71 193 4
71 195 3
71 196 9
71 199 1
71 200 4
71 202 7
71 203 7
71 206 6
71 207 8
71 208 7
71 211 7
71 212 9
71 214 9
71 218 6
71 219 8
71 220 2
71 222 7
71 223 5
71 226 7
71 228 8
71 236 8
71 237 1
71 243 4
71 244 8
71 247 5
71 248 5
71 251 2
71 252 10
71 253 1
71 254 2
71 255 6
71 256 7
71 259 3
71 260 10
71 263 2
71 264 4
71 265 9
71 266 7
71 271 6
71 272 5
71 273 2
71 276 5
71 278 2
71 279 1
71 281 2
71 284 3
71 285 10
71 286 1
71 288 3
71 289 6
71 290 1
71 292 2
71 293 8
71 295 2
71 296 7
71 297 6
71 298 8
71 299 1
71 301 2
71 303 1
71 304 10
71 305 6
71 310 4
71 311 7
71 314 10
71 315 5
71 316 8
71 319 8
71 320 7
71 324 2
71 325 7
71 328 8
71 329 2
71 330 8
71 332 1
71 335 8
71 336 6
71 337 6
71 338 6
71 340 9
71 342 4
71 344 9
71 345 6
71 346 1
71 347 10
71 348 2
71 353 10
71 358 9
71 359 9
71 360 1
71 361 5
71 363 10
71 366 10
71 368 6
71 371 5
71 373 6
71 374 4
71 376 8
71 377 3
71 379 8
71 384 10
71 387 1
71 388 3
71 392 6
71 396 7
71 397 10
71 398 9
71 399 8
72 74 10
72 75 5
72 76 10
72 77 7
72 79 8
72 80 3
72 83 9
72 84 6
72 86 8
72 87 8
72 93 3
72 96 6
72 97 3
72 99 3
72 105 2
72 106 3
72 107 9
72 108 9
72 110 5
72 112 9
72 113 8
72 114 9
72 116 7
72 118 10
72 121 1
72 122 1
72 123 2
72 124 4
72 127 3
72 129 8
72 133 5
72 135 6
72 136 1
72 138 10
72 141 10
72 142 5
72 143 4
72 146 2
72 147 4
72 150 4
72 151 9
72 157 5
72 159 1
72 160 7
72 162 9
72 163 6
72 164 9
72 165 5
72 167 8
72 170 3
72 172 1
72 174 10
72 177 8
72 180 7
72 183 10
72 184 4
72 189 5
72 190 3
72 191 8
72 192 8
72 193 7
72 195 7
72 197 9
72 200 9
72 202 4
72 207 4
72 208 6
72 210 2
72 213 1
72 214 4
72 215 3
72 216 10
72 218 3
72 228 9
72 230 10
72 233 5
72 235 9
72 240 7
72 242 6
72 244 6
72 245 2
72 246 10
72 247 9
72 251 7
72 252 8
72 253 7
72 254 1
72 256 2
72 258 3
72 259 2
72 263 4
72 265 7
72 266 4
72 268 9
72 269 2
72 270 6
72 271 6
72 273 6
72 275 7
72 276 8
72 278 6
72 281 10
72 282 8
72 284 3
72 285 6
72 287 4
72 289 1
72 292 6
72 295 3
72 296 4
72 299 3
72 302 6
72 305 4
72 308 1
72 310 5
72 311 9
72 312 5
72 313 2
72 315 9
72 318 8
72 319 1
72 320 3
72 321 8
72 322 3
72 325 10
72 326 10
72 328 1
72 330 6
72 332 3
72 334 9
72 335 10
72 338 4
72 339 1
72 340 1
72 342 6
72 343 3
72 344 2
72 345 7
72 347 2
72 350 9
72 351 7
72 352 6
72 353 5
72 354 6
72 356 1
72 357 4
72 358 10
72 359 3
72 361 1
72 363 4
72 368 2
72 372 7
72 373 5
72 378 4
72 384 1
72 386 7
72 388 8
72 390 3
72 391 6
72 392 8
72 394 8
72 395 4
72 398 4
73 74 10
73 75 1
73 76 5
73 77 8
73 79 1
73 87 8
73 91 6
73 92 4
73 98 3
73 99 1
73 101 9
73 102 3
73 103 5
73 105 8
73 109 9
73 110 2
73 111 8
73 112 4
73 113 6
73 115 8
73 118 1
73 123 7
73 124 6
73 126 2
73 127 2
73 129 6
73 131 5
73 133 1
73 139 6
73 141 2
73 145 4
73 147 8
73 153 3
73 154 4
73 155 5
73 159 2
73 160 4
73 162 2
73 163 6
73 164 5
73 167 5
73 169 5
73 170 7
73 172 10
73 177 7
73 179 9
73 182 1
73 183 4
73 184 1
73 187 10
73 189 9
73 191 7
73 192 3
73 193 9
73 194 2
73 195 5
73 197 5
73 198 1
73 201 9
73 204 5
73 205 4
73 208 5
73 215 3
73 216 6
73 218 4
73 219 2
73 222 3
73 223 6
73 224 7
73 225 5
73 226 8
73 227 8
73 230 9
73 232 4
73 233 8
73 234 3
73 235 8
73 236 4
73 237 7
73 240 7
73 242 5
73 243 5
73 244 3
73 245 9
73 246 2
73 247 2
73 248 4
73 249 6
73 250 5
73 251 5
73 253 1
73 254 4
73 256 6
73 259 10
73 261 2
73 262 7
73 267 1
73 268 1
73 270 2
73 273 6
73 274 7
73 276 5
73 277 9
73 285 6
73 288 1
73 294 1
73 297 3
73 298 10
73 299 8
73 301 4
73 302 2
73 305 4
73 306 8
73 307 10
73 309 5
73 311 8
73 318 2
73 319 8
73 321 2
73 322 4
73 323 4
73 324 3
73 325 5
73 326 8
73 328 2
73 331 9
73 332 2
73 334 10
73 337 3
73 342 10
73 343 8
73 344 10
73 350 5
73 353 7
73 355 3
73 359 2
73 360 6
73 362 9
73 366 3
73 368 7
73 369 7
73 374 9
73 378 10
73 379 9
73 381 4
73 384 10
73 385 2
73 390 7
73 391 6
73 392 5
73 393 7
73 394 4
73 395 9
73 399 4
74 76 3
74 77 9
74 78 7
74 83 1
74 85 6
74 86 4
74 88 3
74 90 3
74 91 4
74 94 1
74 96 2
74 97 1
74 99 4
74 100 4
74 101 5
74 102 5
74 103 8
74 104 5
74 108 10
74 109 7
74 111 2
74 112 1
74 114 2
74 116 2
74 118 4
74 121 6
74 123 8
74 126 10
74 127 1
74 129 9
74 130 10
74 132 5
74 135 9
74 136 9
74 137 8
74 138 2
74 140 6
74 142 10
74 143 4
74 145 10
74 146 6
74 147 10
74 148 1
74 150 8
74 156 2
74 158 8
74 159 1
74 161 5
74 162 3
74 163 4
74 164 9
74 165 2
74 167 4
74 170 1
74 171 2
74 172 7
74 173 9
74 174 6
74 175 3
74 178 3
74 180 2
74 181 2
74 184 3
74 186 4
74 187 6
74 189 5
74 190 6
74 191 3
74 193 4
74 194 1
74 195 9
74 198 10
74 199 7
74 200 8
74 201 6
74 203 5
74 204 1
74 206 10
74 209 5
74 210 7
74 211 5
74 213 10
74 214 3
74 217 5
74 220 6
74 221 9
74 222 1
74 223 10
74 225 1
74 226 9
74 228 6
74 231 6
74 234 4
74 235 4
74 236 5
74 237 6
74 238 5
74 239 2
74 243 3
74 244 10
74 245 10
74 247 1
74 249 4
74 251 8
74 253 4
74 254 9
74 255 8
74 256 5
74 257 1
74 262 3
74 263 4
74 270 2
74 272 2
74 273 3
74 274 2
74 286 5
74 291 2
74 294 9
74 296 10
74 297 9
74 298 7
74 301 4
74 305 1
74 307 1
74 308 1
74 310 1
74 312 10
74 314 3
74 315 6
74 316 4
74 317 6
74 318 4
74 323 5
74 324 3
74 326 3
74 327 8
74 328 8
74 329 1
74 331 1
74 333 6
74 334 9
74 336 1
74 337 8
74 341 2
74 342 10
74 343 1
74 346 2
74 351 5
74 353 4
74 354 4
74 355 8
74 358 9
74 359 5
74 362 2
74 364 3
74 365 6
74 367 8
74 368 10
74 369 3
74 371 9
74 372 10
74 374 8
74 376 3
74 377 7
74 379 9
74 380 6
74 381 6
74 382 2
74 383 4
74 384 3
74 385 4
74 386 2
74 387 7
74 388 7
74 390 7
74 393 10
74 397 5
74 398 7
74 399 2
75 76 10
75 78 2
75 79 10
75 82 5
75 83 10
75 85 3
75 88 8
75 89 3
75 91 2
75 92 2
75 93 2
75 95 3
75 97 2
75 99 7
75 104 1
75 105 5
75 107 2
75 108 4
75 111 8
75 113 7
75 114 7
75 115 10
75 117 6
75 119 4
75 121 9
75 123 9
75 125 6
75 129 8
75 133 1
75 136 5
75 139 7
75 140 7
75 141 7
75 143 3
75 145 1
75 147 9
75 149 8
75 150 7
75 152 1
75 153 5
75 156 4
75 159 2
75 163 6
75 167 8
75 168 2
75 169 4
75 173 3
75 174 9
75 175 8
75 178 5
75 180 5
75 181 2
75 183 9
75 186 2
75 187 9
75 189 8
75 190 3
75 191 7
75 196 4
75 197 2
75 198 9
75 199 1
75 202 7
75 203 7
75 204 6
75 207 5
75 208 8
75 211 5
75 213 9
75 215 4
75 217 7
75 220 6
75 221 6
75 224 10
75 225 8
75 227 9
75 228 4
75 229 1
75 230 3
75 235 9
75 236 5
75 237 1
75 238 10
75 240 1
75 241 1
75 242 3
75 246 4
75 247 3
75 248 5
75 249 4
75 253 9
75 256 6
75 258 7
75 264 9
75 265 2
75 267 7
75 268 3
75 269 5
75 270 4
75 273 4
75 276 3
75 278 4
75 279 6
75 280 4
75 282 1
75 283 3
75 287 7
75 288 5
75 289 7
75 291 8
75 292 4
75 293 2
75 294 5
75 297 2
75 298 3
75 299 5
75 300 1
75 301 8
75 304 2
75 305 8
75 308 9
75 310 1
75 311 4
75 312 2
75 313 9
75 315 10
75 317 3
75 318 5
75 319 6
75 324 4
75 325 1
75 326 7
75 327 3
75 329 9
75 330 2
75 334 1
75 335 9
75 336 7
75 339 8
75 341 8
75 345 8
75 351 4
75 353 9
75 354 9
75 355 1
75 358 8
75 359 3
75 360 2
75 361 9
75 369 5
75 370 1
75 371 10
75 373 5
75 374 4
75 375 5
75 376 6
75 378 10
75 379 8
75 380 5
75 381 7
75 382 6
75 385 2
75 386 4
75 387 3
75 388 3
75 389 6
75 391 6
75 393 7
75 396 3
76 78 8
76 82 2
76 83 2
76 86 8
76 88 5
76 89 10
76 90 2
76 94 4
76 95 3
76 97 6
76 98 8
76 100 3
76 101 5
76 102 6
76 103 8
76 106 6
76 107 4
76 110 3
76 112 2
76 116 8
76 117 10
76 119 6
76 120 9
76 123 2
76 124 3
76 128 8
76 129 5
76 130 9
76 134 3
76 135 7
76 136 7
76 137 1
76 138 3
76 142 6
76 143 3
76 145 4
76 147 5
76 149 2
76 152 2
76 153 9
76 155 8
76 156 6
76 158 2
76 161 5
76 162 3
76 163 2
76 165 10
76 166 6
76 167 7
76 168 8
76 170 4
76 171 3
76 173 3
76 174 9
76 175 9
76 178 5
76 184 3
76 185 5
76 190 1
76 192 2
76 196 7
76 197 8
76 199 1
76 200 4
76 203 6
76 204 2
76 206 10
76 207 10
76 208 8
76 210 8
76 211 8
76 212 1
76 213 7
76 214 5
76 216 9
76 219 5
76 221 1
76 222 8
76 223 2
76 226 7
76 227 1
76 228 7
76 229 3
76 230 5
76 231 10
76 232 4
76 237 2
76 240 3
76 243 3
76 246 6
76 249 4
76 255 6
76 260 6
76 262 9
76 263 10
76 265 5
76 266 8
76 268 2
76 272 4
76 275 7
76 278 9
76 279 9
76 280 1
76 281 7
76 283 5
76 284 5
76 285 9
76 290 1
76 292 10
76 294 2
76 297 7
76 299 5
76 301 6
76 303 6
76 305 3
76 308 2
76 309 3
76 312 4
76 313 3
76 316 9
76 321 8
76 324 4
76 326 4
76 327 4
76 330 2
76 331 2
76 338 7
76 343 10
76 345 6
76 348 10
76 349 3
76 351 4
76 352 1
76 354 4
76 359 6
76 362 9
76 369 4
76 372 10
76 373 2
76 375 10
76 376 7
76 377 8
76 380 7
76 386 10
76 387 1
76 393 3
76 395 7
76 396 8
76 398 9
76 399 8
77 80 9
77 81 4
77 82 9
77 89 8
77 90 5
77 91 4
77 95 10
77 96 8
77 98 9
77 102 3
77 105 6
77 106 5
77 110 5
77 111 8
77 114 6
77 117 10
77 119 7
77 123 9
77 127 1
77 129 8
77 131 8
77 133 3
77 136 5
77 137 4
77 138 5
77 142 4
77 144 6
77 147 5
77 149 3
77 151 4
77 154 4
77 157 9
77 159 3
77 161 6
77 162 5
77 164 2
77 165 5
77 167 9
77 169 3
77 171 9
77 174 7
77 179 9
77 180 6
77 181 6
77 182 8
77 184 4
77 185 3
77 187 6
77 189 8
77 190 1
77 191 2
77 192 1
77 193 2
77 194 9
77 196 2
77 197 3
77 198 3
77 199 2
77 200 8
77 203 1
77 205 9
77 206 3
77 207 2
77 208 6
77 209 9
77 210 3
77 216 6
77 217 3
77 219 4
77 221 7
77 223 10
77 227 7
77 228 1
77 229 7
77 231 3
77 232 6
77 237 3
77 238 5
77 239 6
77 241 2
77 242 5
77 243 3
77 244 3
77 246 6
77 247 6
77 248 9
77 249 2
77 251 7
77 252 4
77 253 9
77 256 1
77 258 3
77 259 1
77 260 6
77 264 1
77 266 6
77 270 9
77 271 1
77 274 6
77 278 4
77 280 7
77 282 1
77 283 1
77 284 4
77 285 5
77 287 5
77 290 10
77 294 3
77 295 10
77 297 5
77 298 3
77 299 3
77 300 9
77 301 10
77 302 7
77 303 5
77 304 8
77 305 6
77 314 10
77 318 4
77 320 10
77 321 7
77 322 7
77 324 9
77 325 5
77 330 5
77 331 9
77 332 10
77 333 10
77 334 2
77 336 3
77 342 5
77 343 4
77 344 5
77 348 3
77 349 6
77 351 3
77 353 1
77 354 3
77 355 7
77 356 7
77 358 4
77 360 9
77 361 8
77 363 5
77 365 2
77 366 6
77 368 7
77 369 8
77 373 4
77 374 5
77 375 9
77 376 7
77 377 1
77 378 6
77 380 10
77 381 2
77 384 5
77 385 5
77 386 6
77 388 10
77 389 9
77 390 5
77 393 7
77 396 2
77 399 4
78 80 8
78 81 5
78 85 1
78 86 8
78 87 10
78 88 5
78 89 5
78 92 7
78 93 9
78 96 3
78 97 6
78 100 10
78 101 1
78 102 8
78 106 2
78 108 3
78 109 5
78 110 5
78 112 2
78 114 6
78 117 8
78 120 2
78 124 7
78 125 9
78 126 9
78 128 2
78 129 10
78 132 2
78 134 3
78 135 4
78 136 4
78 139 10
78 141 3
78 142 5
78 143 4
78 145 1
78 146 5
78 147 1
78 150 10
78 151 1
78 152 3
78 154 6
78 157 1
78 159 4
78 160 5
78 162 7
78 164 9
78 165 3
78 166 10
78 167 4
78 168 8
78 171 9
78 173 9
78 174 5
78 176 7
78 178 6
78 181 10
78 186 5
78 187 4
78 189 1
78 193 5
78 195 4
78 196 6
78 201 7
78 202 6
78 203 7
78 204 1
78 206 10
78 207 9
78 211 3
78 213 7
78 214 10
78 217 5
78 218 8
78 219 6
78 224 4
78 229 3
78 231 9
78 234 3
78 236 6
78 237 2
78 238 4
78 241 2
78 242 6
78 245 6
78 247 5
78 248 10
78 249 5
78 250 7
78 251 4
78 252 2
78 253 7
78 256 9
78 257 8
78 258 7
78 259 8
78 260 7
78 261 6
78 263 6
78 264 10
78 266 1
78 268 10
78 270 8
78 272 4
78 273 9
78 277 9
78 278 5
78 279 6
78 280 10
78 282 6
78 284 4
78 286 8
78 291 9
78 294 4
78 296 3
78 297 9
78 299 4
78 301 6
78 303 9
78 308 7
78 312 10
78 313 8
78 315 9
78 317 2
78 319 10
78 320 10
78 321 3
78 322 10
78 323 5
78 324 9
78 325 3
78 331 10
78 332 2
78 333 5
78 334 9
78 337 10
78 338 5
78 340 9
78 341 2
78 343 7
78 349 10
78 350 6
78 351 3
78 352 10
78 353 9
78 354 9
78 355 1
78 356 5
78 357 7
78 358 4
78 364 1
78 369 5
78 371 9
78 375 8
78 378 7
78 379 3
78 380 6
78 382 1
78 383 2
78 385 4
78 387 2
78 388 10
78 391 1
78 393 10
78 394 4
78 397 10
78 399 5
79 81 10
79 82 7
79 83 2
79 84 10
79 85 1
79 86 8
79 87 9
79 88 7
79 90 5
79 91 4
79 92 9
79 93 9
79 99 3
79 100 10
79 102 6
79 103 3
79 105 1
79 108 6
79 110 9
79 112 1
79 115 9
79 117 2
79 118 2
79 119 3
79 121 4
79 125 4
79 126 9
79 127 9
79 129 6
79 131 10
79 134 7
79 135 9
79 140 7
79 141 1
79 145 2
79 149 3
79 151 1
79 154 8
79 156 4
79 157 9
79 158 6
79 159 8
79 164 5
79 167 7
79 170 7
79 171 2
79 172 2
79 173 6
79 174 6
79 179 2
79 183 10
79 184 3
79 185 9
79 186 4
79 187 4
79 188 5
79 189 10
79 191 7
79 194 2
79 195 4
79 197 7
79 199 6
79 200 9
79 202 9
79 207 5
79 208 3
79 209 3
79 210 5
79 214 7
79 217 4
79 218 1
79 219 1
79 220 6
79 222 10
79 225 7
79 228 1
79 229 7
79 231 4
79 233 3
79 234 3
79 235 3
79 238 2
79 239 5
79 244 4
79 246 4
79 248 2
79 249 8
79 250 4
79 251 10
79 255 2
79 259 2
79 261 6
79 262 3
79 265 4
79 266 9
79 268 5
79 272 7
79 274 3
79 277 4
79 279 7
79 281 2
79 282 3
79 284 4
79 286 6
79 287 3
79 289 7
79 290 2
79 293 4
79 294 5
79 295 8
79 296 8
79 297 6
79 299 4
79 300 6
79 301 3
79 303 2
79 306 5
79 307 5
79 310 10
79 312 9
79 313 2
79 314 7
79 316 2
79 320 6
79 323 1
79 324 10
79 325 3
79 327 2
79 328 10
79 329 5
79 331 5
79 332 10
79 334 2
79 335 5
79 336 5
79 339 4
79 343 8
79 344 9
79 347 3
79 348 6
79 350 10
79 353 4
79 356 6
79 357 9
79 358 2
79 366 8
79 369 2
79 377 7
79 379 1
79 380 5
79 382 6
79 383 9
79 385 4
79 387 2
79 388 8
79 389 1
79 392 2
79 393 10
79 395 3
79 396 5
79 399 6
80 82 1
80 85 10
80 87 4
80 88 2
80 91 10
80 93 1
80 94 8
80 96 1
80 99 1
80 100 3
80 101 4
80 105 2
80 107 4
80 108 4
80 109 3
80 112 1
80 115 6
80 116 1
80 118 3
80 119 9
80 120 4
80 121 9
80 126 3
80 127 7
80 130 3
80 132 9
80 133 5
80 134 10
80 139 7
80 140 2
80 141 3
80 142 3
80 144 1
80 145 4
80 146 9
80 147 9
80 148 10
80 150 5
80 151 9
80 152 8
80 153 6
80 155 9
80 156 4
80 159 5
80 162 3
80 163 9
80 164 2
80 166 9
80 167 4
80 171 10
80 172 8
80 174 5
80 175 8
80 178 7
80 179 6
80 180 2
80 184 5
80 189 1
80 190 8
80 191 8
80 195 4
80 196 1
80 199 4
80 200 6
80 202 3
80 205 3
80 207 4
80 209 3
80 210 7
80 211 6
80 212 2
80 213 10
80 216 4
80 218 3
80 219 10
80 221 1
80 223 10
80 224 4
80 227 9
80 228 5
80 233 1
80 238 5
80 246 9
80 248 3
80 249 7
80 250 2
80 251 5
80 253 10
80 257 9
80 260 2
80 262 7
80 263 9
80 264 9
80 265 8
80 268 5
80 269 2
80 270 1
80 272 6
80 273 4
80 274 1
80 275 5
80 276 8
80 277 2
80 278 7
80 280 4
80 282 7
80 283 1
80 289 7
80 290 9
80 293 8
80 294 6
80 296 8
80 301 6
80 302 4
80 303 2
80 305 8
80 313 5
80 315 7
80 319 9
80 320 6
80 323 9
80 324 1
80 325 5
80 326 8
80 327 6
80 328 1
80 329 2
80 330 7
80 331 5
80 336 5
80 337 7
80 338 3
80 339 8
80 340 4
80 341 6
80 342 5
80 343 8
80 344 9
80 345 6
80 346 5
80 347 2
80 348 3
80 349 10
80 351 9
80 353 4
80 354 9
80 355 4
80 361 10
80 363 10
80 364 8
80 368 1
80 370 1
80 372 4
80 373 2
80 374 2
80 376 1
80 377 1
80 378 1
80 381 4
80 383 4
80 387 6
80 388 7
80 391 3
80 395 5
80 398 8
80 399 10
81 82 5
81 83 2
81 86 2
81 89 5
81 90 1
81 91 7
81 92 8
81 95 5
81 96 3
81 97 10
81 98 8
81 101 3
81 103 1
81 105 4
81 106 2
81 108 3
81 112 4
81 114 5
81 115 9
81 118 2
81 120 4
81 122 6
81 123 6
81 125 9
81 128 7
81 129 1
81 131 7
81 132 9
81 136 1
81 138 3
81 139 4
81 144 2
81 147 6
81 148 10
81 150 2
81 151 10
81 152 8
81 153 1
81 158 6
81 159 3
81 160 3
81 161 6
81 162 10
81 163 5
81 164 6
81 169 1
81 171 2
81 172 1
81 176 1
81 177 10
81 178 5
81 179 3
81 180 10
81 181 10
81 182 9
81 183 8
81 184 9
81 190 5
81 191 8
81 192 8
81 195 10
81 197 2
81 199 9
81 202 4
81 207 7
81 208 5
81 211 10
81 215 6
81 221 6
81 222 4
81 223 5
81 225 2
81 226 10
81 227 2
81 228 1
81 230 3
81 231 7
81 233 3
81 234 3
81 235 5
81 236 4
81 238 2
81 239 10
81 241 3
81 251 10
81 253 9
81 255 4
81 257 2
81 258 1
81 259 6
81 260 1
81 262 9
81 263 1
81 266 1
81 268 7
81 269 1
81 271 1
81 273 3
81 279 8
81 281 10
81 288 6
81 289 8
81 293 6
81 294 2
81 296 7
81 300 8
81 303 8
81 308 4
81 309 5
81 311 4
81 313 8
81 317 5
81 318 9
81 319 8
81 322 2
81 323 6
81 326 4
81 328 1
81 332 6
81 333 5
81 334 7
81 336 3
81 339 10
81 344 7
81 345 5
81 352 1
81 353 9
81 354 4
81 356 6
81 361 4
81 362 10
81 363 10
81 364 3
81 365 8
81 368 2
81 369 6
81 370 6
81 371 9
81 373 3
81 375 3
81 376 6
81 378 10
81 379 1
81 380 8
81 383 10
81 384 8
81 385 8
81 386 6
81 387 4
81 389 9
81 391 6
81 392 1
81 394 7
81 396 2
81 397 7
82 83 9
82 84 2
82 88 5
82 90 8
82 93 1
82 94 3
82 96 4
82 97 2
82 98 1
82 100 1
82 101 4
82 103 1
82 107 2
82 111 4
82 113 8
82 115 1
82 116 8
82 117 5
82 119 6
82 121 7
82 122 4
82 125 3
82 126 9
82 129 2
82 131 9
82 133 5
82 134 6
82 140 8
82 143 3
82 144 10
82 146 8
82 148 8
82 149 9
82 150 2
82 156 7
82 157 4
82 158 8
82 160 4
82 161 7
82 162 3
82 165 5
82 166 7
82 167 10
82 173 9
82 176 10
82 177 5
82 180 5
82 182 1
82 183 3
82 185 10
82 186 2
82 189 4
82 191 4
82 192 2
82 193 9
82 196 5
82 201 2
82 202 10
82 204 10
82 206 3
82 208 4
82 215 6
82 216 6
82 218 1
82 219 3
82 221 1
82 229 3
82 230 1
82 231 10
82 237 8
82 238 6
82 240 8
82 241 8
82 246 4
82 248 7
82 251 9
82 253 9
82 254 10
82 255 5
82 256 3
82 257 8
82 258 7
82 260 7
82 262 4
82 265 1
82 269 9
82 270 1
82 272 7
82 274 9
82 275 3
82 277 7
82 278 1
82 279 5
82 280 10
82 281 8
82 282 9
82 284 6
82 285 9
82 287 8
82 288 9
82 290 8
82 292 6
82 295 3
82 298 3
82 300 6
82 302 5
82 303 4
82 305 8
82 306 10
82 309 10
82 310 7
82 312 8
82 316 5
82 318 7
82 319 4
82 321 6
82 325 5
82 326 6
82 327 6
82 328 1
82 330 1
82 335 2
82 336 10
82 337 1
82 338 3
82 342 1
82 344 1
82 345 8
82 349 3
82 352 4
82 353 8
82 354 9
82 356 5
82 357 4
82 359 3
82 363 7
82 365 4
82 366 7
82 367 8
82 369 1
82 370 10
82 374 8
82 378 7
82 379 8
82 380 8
82 381 9
82 382 5
82 387 8
82 389 6
82 390 10
82 395 8
82 398 2
83 84 6
83 86 10
83 89 8
83 90 9
83 93 8
83 96 3
83 98 1
83 99 9
83 100 8
83 102 8
83 103 8
83 104 2
83 106 7
83 107 5
83 108 5
83 109 4
83 114 3
83 115 9
83 116 9
83 117 2
83 119 10
83 125 1
83 128 10
83 131 4
83 133 1
83 135 6
83 136 1
83 137 6
83 141 9
83 144 5
83 145 10
83 147 1
83 148 3
83 150 9
83 152 10
83 154 3
83 155 8
83 156 7
83 157 3
83 158 2
83 160 7
83 161 10
83 162 9
83 165 4
83 166 6
83 169 10
83 170 5
83 172 8
83 174 7
83 182 5
83 183 2
83 185 7
83 186 3
83 187 8
83 188 4
83 191 3
83 192 9
83 199 3
83 200 10
83 202 10
83 203 2
83 204 7
83 206 5
83 207 7
83 209 4
83 210 6
83 212 8
83 216 10
83 217 9
83 219 1
83 221 5
83 223 4
83 225 5
83 226 8
83 227 9
83 229 8
83 230 1
83 244 8
83 245 5
83 246 6
83 247 6
83 249 8
83 254 1
83 257 6
83 261 8
83 262 6
83 263 1
83 266 2
83 268 6
83 269 2
83 270 4
83 271 2
83 272 6
83 285 10
83 288 3
83 289 8
83 290 2
83 291 9
83 292 3
83 293 4
83 294 9
83 296 2
83 297 7
83 298 1
83 301 8
83 302 3
83 304 10
83 305 10
83 307 6
83 310 1
83 313 8
83 314 6
83 315 5
83 316 5
83 318 5
83 319 8
83 325 7
83 328 8
83 329 2
83 330 1
83 335 4
83 337 3
83 338 7
83 340 2
83 341 2
83 343 10
83 345 2
83 349 8
83 353 6
83 354 3
83 355 9
83 356 3
83 358 1
83 359 2
83 360 9
83 362 2
83 363 3
83 365 2
83 366 4
83 367 9
83 370 2
83 372 1
83 375 6
83 378 2
83 380 8
83 383 1
83 385 6
83 387 7
83 393 7
83 395 9
83 396 6
83 397 10
83 398 1
83 399 2
84 86 9
84 87 9
84 88 5
84 91 3
84 93 2
84 94 2
84 95 10
84 96 5
84 97 8
84 99 10
84 100 7
84 107 3
84 108 6
84 110 8
84 112 3
84 113 3
84 115 2
84 116 3
84 117 5
84 120 4
84 121 4
84 122 7
84 125 4
84 126 7
84 127 8
84 130 6
84 131 1
84 132 10
84 134 7
84 135 2
84 139 6
84 142 5
84 143 3
84 146 9
84 147 4
84 150 8
84 152 5
84 157 4
84 159 8
84 160 4
84 162 2
84 163 5
84 164 6
84 174 4
84 175 9
84 177 1
84 178 3
84 181 4
84 182 5
84 183 5
84 185 9
84 186 8
84 188 5
84 189 9
84 190 5
84 194 8
84 198 6
84 199 8
84 201 9
84 202 10
84 203 2
84 204 8
84 205 5
84 208 2
84 209 9
84 210 10
84 211 5
84 212 10
84 213 7
84 215 2
84 217 5
84 219 7
84 220 6
84 221 1
84 222 8
84 223 1
84 224 3
84 226 3
84 227 7
84 230 8
84 232 1
84 233 1
84 234 7
84 238 8
84 239 9
84 240 3
84 241 8
84 243 7
84 244 5
84 246 7
84 250 6
84 252 4
84 254 1
84 256 4
84 258 7
84 261 7
84 262 4
84 264 5
84 266 5
84 269 5
84 272 3
84 273 10
84 274 8
84 275 7
84 277 10
84 280 4
84 281 1
84 285 8
84 286 3
84 288 5
84 291 8
84 293 2
84 294 3
84 298 8
84 299 7
84 303 8
84 304 5
84 306 2
84 307 8
84 308 4
84 310 1
84 311 7
84 314 5
84 316 5
84 317 7
84 318 9
84 320 8
84 323 8
84 324 9
84 325 9
84 326 6
84 327 1
84 331 1
84 332 6
84 333 6
84 334 7
84 336 8
84 337 4
84 338 10
84 339 8
84 340 10
84 343 2
84 344 2
84 346 1
84 348 2
84 351 7
84 355 2
84 362 10
84 365 10
84 366 10
84 369 1
84 370 3
84 371 2
84 375 10
84 376 5
84 379 5
84 381 2
84 382 6
84 383 3
84 384 1
84 385 5
84 386 6
84 388 8
84 389 8
84 391 5
84 394 10
84 396 4
84 398 5
84 399 5
85 87 8
85 88 4
85 89 5
85 90 9
85 92 8
85 94 5
85 97 5
85 98 4
85 101 9
85 102 3
85 103 5
85 104 10
85 105 7
85 109 3
85 111 7
85 113 5
85 116 6
85 118 3
85 120 5
85 121 8
85 122 6
85 123 1
85 125 8
85 126 10
85 127 4
85 129 7
85 130 6
85 132 8
85 133 10
85 136 6
85 142 2
85 145 10
85 147 7
85 150 9
85 152 6
85 153 1
85 154 3
85 155 4
85 156 10
85 158 1
85 159 6
85 160 10
85 162 7
85 163 4
85 164 4
85 167 8
85 170 4
85 172 4
85 177 2
85 182 7
85 184 9
85 187 8
85 190 2
85 191 4
85 192 9
85 195 5
85 196 1
85 197 7
85 198 6
85 199 7
85 200 2
85 202 3
85 204 8
85 210 3
85 213 9
85 215 3
85 216 6
85 218 4
85 219 4
85 220 9
85 221 6
85 223 2
85 226 2
85 230 8
85 232 4
85 233 2
85 238 5
85 239 3
85 243 9
85 247 7
85 255 1
85 256 7
85 257 10
85 258 8
85 259 4
85 260 6
85 265 2
85 266 10
85 268 4
85 269 5
85 270 9
85 272 8
85 273 4
85 275 1
85 276 2
85 277 8
85 278 6
85 281 7
85 282 6
85 283 9
85 284 7
85 285 7
85 287 3
85 289 8
85 290 8
85 292 8
85 297 4
85 298 3
85 300 5
85 301 5
85 302 7
85 304 3
85 306 9
85 309 6
85 311 5
85 315 10
85 317 7
85 319 8
85 321 7
85 324 2
85 325 6
85 326 10
85 329 8
85 330 9
85 332 7
85 336 5
85 337 1
85 339 5
85 340 8
85 341 9
85 344 9
85 345 10
85 346 2
85 347 10
85 348 7
85 349 1
85 353 3
85 354 6
85 355 9
85 356 7
85 358 4
85 359 5
85 362 3
85 363 3
85 368 7
85 370 9
85 371 6
85 372 6
85 373 3
85 374 9
85 376 1
85 378 9
85 379 5
85 381 8
85 383 10
85 385 10
85 386 1
85 387 2
85 389 9
85 390 2
85 391 6
85 392 6
85 394 3
85 396 4
85 399 8
86 88 2
86 91 6
86 92 3
86 94 6
86 95 1
86 97 7
86 99 5
86 100 9
86 104 8
86 105 10
86 106 8
86 108 4
86 109 9
86 110 3
86 111 2
86 112 2
86 113 3
86 114 4
86 117 7
86 122 6
86 123 3
86 125 3
86 129 9
86 130 1
86 131 2
86 133 6
86 135 10
86 136 10
86 137 9
86 138 4
86 139 1
86 140 4
86 141 10
86 144 5
86 147 1
86 148 8
86 149 6
86 151 8
86 152 3
86 154 2
86 155 6
86 160 4
86 163 6
86 167 9
86 169 4
86 171 9
86 173 2
86 175 7
86 186 8
86 189 6
86 191 1
86 192 1
86 194 1
86 195 5
86 197 7
86 199 8
86 206 10
86 207 8
86 210 7
86 211 4
86 213 9
86 214 5
86 215 8
86 216 5
86 217 5
86 219 6
86 220 1
86 225 3
86 226 1
86 227 9
86 230 8
86 231 7
86 233 5
86 234 7
86 235 3
86 236 6
86 238 8
86 239 2
86 243 10
86 245 6
86 248 2
86 249 9
86 252 1
86 255 5
86 257 1
86 264 4
86 267 6
86 269 5
86 272 5
86 274 4
86 276 2
86 281 8
86 282 6
86 284 8
86 285 8
86 286 8
86 290 6
86 291 9
86 292 9
86 293 8
86 300 7
86 302 4
86 304 4
86 308 1
86 314 3
86 315 2
86 316 5
86 317 6
86 318 1
86 319 3
86 320 4
86 323 4
86 328 10
86 329 7
86 335 1
86 337 2
86 339 4
86 340 8
86 341 10
86 342 2
86 344 6
86 346 6
86 347 9
86 348 10
86 352 2
86 355 6
86 356 9
86 357 7
86 358 2
86 359 5
86 362 3
86 364 2
86 368 5
86 369 7
86 370 4
86 374 6
86 375 5
86 376 1
86 377 8
86 381 7
86 382 7
86 384 10
86 385 5
86 389 6
86 391 6
86 392 2
86 393 6
86 394 9
86 395 4
86 396 7
86 398 7
86 399 8
87 90 10
87 91 7
87 92 3
87 95 4
87 97 6
87 102 3
87 105 6
87 106 4
87 111 1
87 115 9
87 116 1
87 119 10
87 122 1
87 123 4
87 124 6
87 125 1
87 126 9
87 127 4
87 128 9
87 129 4
87 133 3
87 141 1
87 148 9
87 149 9
87 150 2
87 154 5
87 155 4
87 156 4
87 157 9
87 158 2
87 159 7
87 161 10
87 163 4
87 164 8
87 166 10
87 168 5
87 169 9
87 171 3
87 173 9
87 174 9
87 180 9
87 184 2
87 185 10
87 186 2
87 188 8
87 190 4
87 191 5
87 192 1
87 194 8
87 195 10
87 197 9
87 198 3
87 199 2
87 201 2
87 202 8
87 203 8
87 204 8
87 210 1
87 211 9
87 217 4
87 219 6
87 221 4
87 224 1
87 226 2
87 231 10
87 233 3
87 234 6
87 235 10
87 236 10
87 238 1
87 239 5
87 240 4
87 246 7
87 248 7
87 249 3
87 253 1
87 255 5
87 256 10
87 258 9
87 263 5
87 265 5
87 267 5
87 268 10
87 269 6
87 271 2
87 274 10
87 276 1
87 277 4
87 280 2
87 282 10
87 283 4
87 284 7
87 288 5
87 294 5
87 298 4
87 300 1
87 302 4
87 303 4
87 306 2
87 307 7
87 309 10
87 310 1
87 311 10
87 312 2
87 313 10
87 314 4
87 316 1
87 319 5
87 320 6
87 321 9
87 324 6
87 325 6
87 326 9
87 327 10
87 328 3
87 329 4
87 331 1
87 333 8
87 335 1
87 336 6
87 337 8
87 338 8
87 339 10
87 342 1
87 343 7
87 344 6
87 345 7
87 346 3
87 347 10
87 350 1
87 351 3
87 353 10
87 357 9
87 358 7
87 359 9
87 361 2
87 362 5
87 366 9
87 368 1
87 369 5
87 370 10
87 371 1
87 372 8
87 373 7
87 379 3
87 381 2
87 382 10
87 383 6
87 384 6
87 386 7
87 389 5
87 392 7
87 393 9
87 396 9
87 399 2
88 89 9
88 90 1
88 92 9
88 94 9
88 95 7
88 97 2
88 99 7
88 100 4
88 101 7
88 102 6
88 104 4
88 105 2
88 106 8
88 107 4
88 108 6
88 110 4
88 111 5
88 112 1
88 114 3
88 115 7
88 116 1
88 117 3
88 118 10
88 120 5
88 121 1
88 122 6
88 123 1
88 124 2
88 125 3
88 126 7
88 127 4
88 128 5
88 130 3
88 131 9
88 132 10
88 133 6
88 134 3
88 136 3
88 140 5
88 141 2
88 142 10
88 143 9
88 144 1
88 145 5
88 146 7
88 147 6
88 149 9
88 150 4
88 155 8
88 158 2
88 160 4
88 162 7
88 168 4
88 169 10
88 170 6
88 171 1
88 172 7
88 173 9
88 174 4
88 176 7
88 177 1
88 178 9
88 179 8
88 186 2
88 187 8
88 188 1
88 191 1
88 192 1
88 195 4
88 197 5
88 198 2
88 199 8
88 200 9
88 202 3
88 203 8
88 204 1
88 206 2
88 207 2
88 208 1
88 210 4
88 213 2
88 215 9
88 216 7
88 217 5
88 219 2
88 221 10
88 223 1
88 224 10
88 226 8
88 236 6
88 237 10
88 240 9
88 241 2
88 242 6
88 243 4
88 244 4
88 246 8
88 250 2
88 252 1
88 253 8
88 254 10
88 255 6
88 257 9
88 258 8
88 260 6
88 262 8
88 265 6
88 267 3
88 271 2
88 272 3
88 279 2
88 280 10
88 282 10
88 287 1
88 288 2
88 289 6
88 290 3
88 293 1
88 296 9
88 299 2
88 306 6
88 311 9
88 314 1
88 317 6
88 318 5
88 321 3
88 322 2
88 323 3
88 324 8
88 325 8
88 329 10
88 333 10
88 337 6
88 339 2
88 343 9
88 345 4
88 349 8
88 350 7
88 351 3
88 352 5
88 353 1
88 355 7
88 360 10
88 361 5
88 365 9
88 366 1
88 375 9
88 376 7
88 377 5
88 378 2
88 382 8
88 383 3
88 384 6
88 385 9
88 386 3
88 387 9
88 389 2
88 390 4
88 392 10
88 394 7
89 90 6
89 92 7
89 96 1
89 97 2
89 98 7
89 99 2
89 100 4
89 103 9
89 105 1
89 107 2
89 108 8
89 109 8
89 111 7
89 112 5
89 114 7
89 115 9
89 117 10
89 118 1
89 119 9
89 120 7
89 121 10
89 124 10
89 125 5
89 126 6
89 127 7
89 128 4
89 129 1
89 130 8
89 134 5
89 136 10
89 138 7
89 141 4
89 142 3
89 143 2
89 145 2
89 146 7
89 148 3
89 151 5
89 155 1
89 158 10
89 161 8
89 164 4
89 165 6
89 167 3
89 168 3
89 169 4
89 170 6
89 171 4
89 172 3
89 173 3
89 174 10
89 177 6
89 178 7
89 179 10
89 181 6
89 183 9
89 187 9
89 190 10
89 191 4
89 192 5
89 194 1
89 195 3
89 196 10
89 203 6
89 204 5
89 206 3
89 209 7
89 211 2
89 213 3
89 214 1
89 215 4
89 217 2
89 219 7
89 221 10
89 223 3
89 232 9
89 233 7
89 236 2
89 237 10
89 239 8
89 240 6
89 243 4
89 244 4
89 245 3
89 247 6
89 248 5
89 249 10
89 250 9
89 252 9
89 255 8
89 256 7
89 258 2
89 259 8
89 260 4
89 261 3
89 265 2
89 266 7
89 267 9
89 269 2
89 272 6
89 274 7
89 275 1
89 277 2
89 278 6
89 284 5
89 287 2
89 288 4
89 293 6
89 296 1
89 297 5
89 298 9
89 299 1
89 301 10
89 302 8
89 304 10
89 306 9
89 307 6
89 308 2
89 309 2
89 311 8
89 313 1
89 316 8
89 317 6
89 319 6
89 320 2
89 322 10
89 323 7
89 326 6
89 331 1
89 338 8
89 341 9
89 345 5
89 346 1
89 349 1
89 350 4
89 351 6
89 352 8
89 353 1
89 357 2
89 359 1
89 360 2
89 362 5
89 363 7
89 367 9
89 368 7
89 370 3
89 373 6
89 374 6
89 378 5
89 379 9
89 380 9
89 381 2
89 383 4
89 386 3
89 387 10
89 389 5
89 391 3
89 392 5
89 398 3
89 399 1
90 91 5
90 94 3
90 95 6
90 96 8
90 97 8
90 98 5
90 99 7
90 103 10
90 104 8
90 105 1
90 107 10
90 108 4
90 112 2
90 114 9
90 115 4
90 116 6
90 118 10
90 119 5
90 120 6
90 123 2
90 124 6
90 125 5
90 128 4
90 129 9
90 140 7
90 141 7
90 142 9
90 143 7
90 147 8
90 148 5
90 149 10
90 151 1
90 152 5
90 154 7
90 158 1
90 159 9
90 164 5
90 166 5
90 167 5
90 169 5
90 170 8
90 171 10
90 173 1
90 177 5
90 178 9
90 180 5
90 185 6
90 186 8
90 188 2
90 192 7
90 193 8
90 194 3
90 196 3
90 199 7
90 200 5
90 203 3
90 204 7
90 206 1
90 209 4
90 213 2
90 214 8
90 215 2
90 217 2
90 218 10
90 219 9
90 220 8
90 223 9
90 227 10
90 228 7
90 229 2
90 237 5
90 239 7
90 242 8
90 244 10
90 248 10
90 253 10
90 254 3
90 257 8
90 258 2
90 260 3
90 261 10
90 262 7
90 263 10
90 264 4
90 266 10
90 268 5
90 271 6
90 273 2
90 274 5
90 278 7
90 279 2
90 280 3
90 283 6
90 284 3
90 285 9
90 286 7
90 289 8
90 290 9
90 291 10
90 295 4
90 297 4
90 301 8
90 304 3
90 305 5
90 306 7
90 312 9
90 317 8
90 318 2
90 320 1
90 321 2
90 324 4
90 326 8
90 328 1
90 329 4
90 331 8
90 333 3
90 334 1
90 336 8
90 338 7
90 339 9
90 343 1
90 345 10
90 349 2
90 351 5
90 356 5
90 358 5
90 360 1
90 361 5
90 362 5
90 365 8
90 367 1
90 368 6
90 370 8
90 372 6
90 374 1
90 376 8
90 379 9
90 382 4
90 384 5
90 385 9
90 386 3
90 387 3
90 390 10
90 391 4
90 392 6
90 394 4
90 395 8
90 396 6
90 397 2
91 92 6
91 97 8
91 98 4
91 100 6
91 103 10
91 104 7
91 105 5
91 116 5
91 117 7
91 118 6
91 119 9
91 120 4
91 122 3
91 123 10
91 126 3
91 128 5
91 129 4
91 131 4
91 132 8
91 133 1
91 134 4
91 135 9
91 137 4
91 139 2
91 145 6
91 146 6
91 149 7
91 154 7
91 157 2
91 158 5
91 159 4
91 160 2
91 161 4
91 165 3
91 168 2
91 174 8
91 176 10
91 177 5
91 178 8
91 182 10
91 186 9
91 187 7
91 188 3
91 190 5
91 192 9
91 194 7
91 195 9
91 196 8
91 197 8
91 198 6
91 200 3
91 205 7
91 214 4
91 216 7
91 219 10
91 220 8
91 223 10
91 225 1
91 227 4
91 228 9
91 229 2
91 230 6
91 232 10
91 233 6
91 236 3
91 238 9
91 240 1
91 241 3
91 242 2
91 244 1
91 245 9
91 247 1
91 248 1
91 251 2
91 252 4
91 254 9
91 255 8
91 256 4
91 257 3
91 258 1
91 260 2
91 261 5
91 262 3
91 263 4
91 264 10
91 265 8
91 267 8
91 268 1
91 269 6
91 270 10
91 271 10
91 276 8
91 281 4
91 283 4
91 286 6
91 291 10
91 293 9
91 294 8
91 295 9
91 297 7
91 299 2
91 300 8
91 301 4
91 303 1
91 304 4
91 309 5
91 311 3
91 312 9
91 313 6
91 315 8
91 316 5
91 317 2
91 319 5
91 321 3
91 324 5
91 325 7
91 329 10
91 330 6
91 331 10
91 333 2
91 334 4
91 336 9
91 338 9
91 342 7
91 343 5
91 344 6
91 347 7
91 349 7
91 350 1
91 351 5
91 353 3
91 355 3
91 360 5
91 361 6
91 362 4
91 363 7
91 365 10
91 367 4
91 372 4
91 374 4
91 378 4
91 379 4
91 382 3
91 384 6
91 385 3
91 387 6
91 389 2
91 394 8
91 395 1
91 396 5
92 99 7
92 101 2
92 103 3
92 104 8
92 105 5
92 107 9
92 112 3
92 116 1
92 117 10
92 119 6
92 120 8
92 121 4
92 124 7
92 126 8
92 127 6
92 129 5
92 130 7
92 134 6
92 136 2
92 138 2
92 141 8
92 149 6
92 151 7
92 152 7
92 154 6
92 155 10
92 156 4
92 158 10
92 159 2
92 160 8
92 161 7
92 162 9
92 167 4
92 169 6
92 170 6
92 172 7
92 173 1
92 176 1
92 177 3
92 178 10
92 181 2
92 182 1
92 184 2
92 188 8
92 194 4
92 196 9
92 198 6
92 200 7
92 204 6
92 208 10
92 213 1
92 216 9
92 221 1
92 222 3
92 223 10
92 226 7
92 227 6
92 228 9
92 230 5
92 232 10
92 233 7
92 234 9
92 236 2
92 237 4
92 240 5
92 242 9
92 243 10
92 244 9
92 246 5
92 247 1
92 248 9
92 249 9
92 250 5
92 251 1
92 253 10
92 255 4
92 256 8
92 259 10
92 260 2
92 265 10
92 267 10
92 268 9
92 269 3
92 270 7
92 271 8
92 273 3
92 277 9
92 279 4
92 280 3
92 285 2
92 287 1
92 288 3
92 289 6
92 290 9
92 292 2
92 293 7
92 295 7
92 303 6
92 305 9
92 307 3
92 308 7
92 309 2
92 310 9
92 313 8
92 314 10
92 315 7
92 318 8
92 321 3
92 324 2
92 325 1
92 326 3
92 327 2
92 332 2
92 334 3
92 342 1
92 344 4
92 345 9
92 346 10
92 347 4
92 349 6
92 352 9
92 355 8
92 356 6
92 359 1
92 360 6
92 361 7
92 362 7
92 363 6
92 364 3
92 370 8
92 371 5
92 373 6
92 374 2
92 375 2
92 378 9
92 379 8
92 380 6
92 383 9
92 384 7
92 387 7
92 388 1
92 389 2
92 390 2
92 392 5
92 396 4
92 398 8
93 96 5
93 97 4
93 98 5
93 100 5
93 102 1
93 105 6
93 106 5
93 107 8
93 108 1
93 110 7
93 112 1
93 113 1
93 115 8
93 118 4
93 119 7
93 121 10
93 122 3
93 123 2
93 125 10
93 126 1
93 127 5
93 131 10
93 136 10
93 138 8
93 142 10
93 149 2
93 152 10
93 153 6
93 155 5
93 158 3
93 159 4
93 160 9
93 161 1
93 165 7
93 166 3
93 167 9
93 168 1
93 171 9
93 173 10
93 176 10
93 180 8
93 181 4
93 182 5
93 183 9
93 184 6
93 186 7
93 187 4
93 189 4
93 190 10
93 195 1
93 196 7
93 202 1
93 206 7
93 207 4
93 211 3
93 212 3
93 213 3
93 215 1
93 219 6
93 220 10
93 222 7
93 224 8
93 225 6
93 228 10
93 232 8
93 234 8
93 236 10
93 238 8
93 242 10
93 244 4
93 246 5
93 248 6
93 255 1
93 256 5
93 257 9
93 258 3
93 259 6
93 261 3
93 262 1
93 263 2
93 265 7
93 266 7
93 267 2
93 273 5
93 274 10
93 275 4
93 279 9
93 282 5
93 290 2
93 291 10
93 293 3
93 295 2
93 297 5
93 298 10
93 299 3
93 303 7
93 307 5
93 308 3
93 309 5
93 311 3
93 312 4
93 313 2
93 314 7
93 320 10
93 322 6
93 323 8
93 325 7
93 328 3
93 331 1
93 333 1
93 335 1
93 336 5
93 338 5
93 340 2
93 342 6
93 343 9
93 344 2
93 346 7
93 347 1
93 348 2
93 351 7
93 353 9
93 356 5
93 361 6
93 363 4
93 364 1
93 366 2
93 369 3
93 372 8
93 375 5
93 376 3
93 377 6
93 384 6
93 385 4
93 386 8
93 387 5
93 388 9
93 392 3
93 397 4
94 95 1
94 96 5
94 98 3
94 99 7
94 101 8
94 102 3
94 103 3
94 105 2
94 106 5
94 107 8
94 111 5
94 114 4
94 115 2
94 117 8
94 118 2
94 119 3
94 121 5
94 123 3
94 124 6
94 125 6
94 126 2
94 127 9
94 128 6
94 129 1
94 130 3
94 131 8
94 132 1
94 133 4
94 135 6
94 136 6
94 137 3
94 141 1
94 144 8
94 148 8
94 151 9
94 157 8
94 158 7
94 159 9
94 161 2
94 163 10
94 164 10
94 165 7
94 168 4
94 171 3
94 174 6
94 175 1
94 177 8
94 178 4
94 182 2
94 184 9
94 185 2
94 187 10
94 188 6
94 192 7
94 194 4
94 200 5
94 207 3
94 209 10
94 210 3
94 211 7
94 219 10
94 223 1
94 224 6
94 225 2
94 226 1
94 227 7
94 228 10
94 232 6
94 234 7
94 236 6
94 237 10
94 239 4
94 240 4
94 241 5
94 243 3
94 247 4
94 250 4
94 253 4
94 255 1
94 256 1
94 257 9
94 261 8
94 262 1
94 263 9
94 268 6
94 269 9
94 270 7
94 272 10
94 273 4
94 275 5
94 276 5
94 278 4
94 279 6
94 282 10
94 284 10
94 286 6
94 287 3
94 288 1
94 289 2
94 290 2
94 291 5
94 292 1
94 293 2
94 294 1
94 296 3
94 297 3
94 298 3
94 300 2
94 301 6
94 303 3
94 304 7
94 307 1
94 308 9
94 309 10
94 310 8
94 311 7
94 312 2
94 313 6
94 315 2
94 316 5
94 320 8
94 321 6
94 329 6
94 330 3
94 336 3
94 337 1
94 338 8
94 340 1
94 341 6
94 345 6
94 347 1
94 348 5
94 349 7
94 351 5
94 353 9
94 354 9
94 359 5
94 360 2
94 361 10
94 362 1
94 363 9
94 364 1
94 366 3
94 367 6
94 368 1
94 369 5
94 372 6
94 373 8
94 374 10
94 379 7
94 380 10
94 383 7
94 385 9
94 386 3
94 387 4
94 392 6
94 393 6
94 394 2
94 396 1
94 398 9
94 399 7
95 99 3
95 101 6
95 103 3
95 107 5
95 108 5
95 109 9
95 110 4
95 112 2
95 113 7
95 114 1
95 115 4
95 118 9
95 121 6
95 124 2
95 126 7
95 128 4
95 129 2
95 130 9
95 131 10
95 132 9
95 133 9
95 134 8
95 139 3
95 142 10
95 144 8
95 146 2
95 148 1
95 149 6
95 150 7
95 154 1
95 155 10
95 157 1
95 159 2
95 160 9
95 161 8
95 162 8
95 163 2
95 164 2
95 166 5
95 167 5
95 168 3
95 169 5
95 173 9
95 175 6
95 176 6
95 177 2
95 178 7
95 179 3
95 180 6
95 181 9
95 182 1
95 184 4
95 185 9
95 187 8
95 189 1
95 190 9
95 192 6
95 194 5
95 196 4
95 197 3
95 199 9
95 200 2
95 207 7
95 212 10
95 213 3
95 216 9
95 218 9
95 219 10
95 220 10
95 222 9
95 225 6
95 226 6
95 228 10
95 229 1
95 231 2
95 233 8
95 236 5
95 237 5
95 238 8
95 240 7
95 243 2
95 244 7
95 246 2
95 249 10
95 252 1
95 254 2
95 255 2
95 257 3
95 259 6
95 261 3
95 265 4
95 266 8
95 268 4
95 269 8
95 271 2
95 275 9
95 276 3
95 277 9
95 279 2
95 281 1
95 285 4
95 294 6
95 304 7
95 306 6
95 308 3
95 309 5
95 311 9
95 314 9
95 319 8
95 321 7
95 322 10
95 327 7
95 334 2
95 336 3
95 338 1
95 339 8
95 340 5
95 342 9
95 343 1
95 344 8
95 346 1
95 347 4
95 349 2
95 354 5
95 355 5
95 357 1
95 358 9
95 359 10
95 360 7
95 362 2
95 363 9
95 365 3
95 366 4
95 367 10
95 369 2
95 371 6
95 373 9
95 376 4
95 377 8
95 378 3
95 383 2
95 384 3
95 386 2
95 391 3
95 392 3
95 395 8
95 396 8
95 397 5
95 398 7
95 399 5
96 97 4
96 98 4
96 99 1
96 103 8
96 104 2
96 105 3
96 109 9
96 117 1
96 120 3
96 121 9
96 122 5
96 124 3
96 125 3
96 128 3
96 131 2
96 133 10
96 135 2
96 136 3
96 138 3
96 139 9
96 140 8
96 141 8
96 142 8
96 143 8
96 144 7
96 147 8
96 149 10
96 150 2
96 152 5
96 153 5
96 154 8
96 157 3
96 162 10
96 163 1
96 164 6
96 168 1
96 169 6
96 170 10
96 171 9
96 173 9
96 174 10
96 177 4
96 179 10
96 181 3
96 182 5
96 184 3
96 185 6
96 187 9
96 188 6
96 189 9
96 192 10
96 193 9
96 195 3
96 196 9
96 197 9
96 198 7
96 199 2
96 200 3
96 206 5
96 209 3
96 211 8
96 213 7
96 214 2
96 215 5
96 216 5
96 219 1
96 223 9
96 226 8
96 227 6
96 228 1
96 229 1
96 231 5
96 232 2
96 233 6
96 234 9
96 235 7
96 238 1
96 239 10
96 240 1
96 241 7
96 242 6
96 243 9
96 245 9
96 249 8
96 251 7
96 252 3
96 254 6
96 255 4
96 257 3
96 258 4
96 260 5
96 264 9
96 266 3
96 269 2
96 270 1
96 275 2
96 279 4
96 280 6
96 282 7
96 283 4
96 286 7
96 287 10
96 288 5
96 289 10
96 290 9
96 293 8
96 294 1
96 295 3
96 298 5
96 300 3
96 301 10
96 302 3
96 303 2
96 305 8
96 306 8
96 307 9
96 309 4
96 311 8
96 312 2
96 313 7
96 315 9
96 322 3
96 324 2
96 325 9
96 326 1
96 329 10
96 334 6
96 336 4
96 338 4
96 341 2
96 345 2
96 346 2
96 347 5
96 348 3
96 350 10
96 352 4
96 354 9
96 355 7
96 356 3
96 358 1
96 359 2
96 360 7
96 362 6
96 363 7
96 365 2
96 366 4
96 367 4
96 368 3
96 369 5
96 370 2
96 372 5
96 373 3
96 374 2
96 375 2
96 376 8
96 378 10
96 379 2
96 380 6
96 383 6
96 385 2
96 386 3
96 389 10
96 390 1
96 391 4
96 392 4
96 393 5
96 394 9
96 396 3
96 399 10
97 98 4
97 99 4
97 100 1
97 101 6
97 102 2
97 103 8
97 105 4
97 107 8
97 108 8
97 110 2
97 113 3
97 115 9
97 116 8
97 117 5
97 118 7
97 119 6
97 120 4
97 122 2
97 125 4
97 126 10
97 127 1
97 128 1
97 131 7
97 132 5
97 134 1
97 138 5
97 141 2
97 142 8
97 143 9
97 144 9
97 146 7
97 150 3
97 151 9
97 153 9
97 155 6
97 156 4
97 157 3
97 159 3
97 160 1
97 161 7
97 162 10
97 164 3
97 165 1
97 168 10
97 169 1
97 172 5
97 173 7
97 174 1
97 175 3
97 177 1
97 178 9
97 179 5
97 180 7
97 183 9
97 184 10
97 187 4
97 192 7
97 194 7
97 198 3
97 199 10
97 200 4
97 202 8
97 203 10
97 205 4
97 207 4
97 208 2
97 210 7
97 211 1
97 214 1
97 216 2
97 219 5
97 224 9
97 225 1
97 228 2
97 231 10
97 232 8
97 233 1
97 234 2
97 235 7
97 240 8
97 241 4
97 242 5
97 243 2
97 244 3
97 246 10
97 247 10
97 249 9
97 250 7
97 251 3
97 254 1
97 257 8
97 263 5
97 264 4
97 265 3
97 266 3
97 271 1
97 272 3
97 273 5
97 274 9
97 280 1
97 281 7
97 282 6
97 284 10
97 285 8
97 286 8
97 287 5
97 289 4
97 290 2
97 291 7
97 295 5
97 304 2
97 305 3
97 307 10
97 308 3
97 309 7
97 311 4
97 312 3
97 315 5
97 316 6
97 317 3
97 318 9
97 320 10
97 322 9
97 323 9
97 324 3
97 327 1
97 328 9
97 332 9
97 333 1
97 334 2
97 335 3
97 336 9
97 337 3
97 341 4
97 344 10
97 346 9
97 348 9
97 349 1
97 351 7
97 354 1
97 356 7
97 357 1
97 358 8
97 359 10
97 362 7
97 363 5
97 366 1
97 367 8
97 368 8
97 369 6
97 370 6
97 371 10
97 378 4
97 379 6
97 381 9
97 382 5
97 386 7
97 387 6
97 388 8
97 390 2
97 391 4
97 392 10
97 393 4
97 394 8
97 396 1
97 397 1
97 398 10
98 99 9
98 101 4
98 103 9
98 105 7
98 108 2
98 109 8
98 110 4
98 111 4
98 112 9
98 113 4
98 114 10
98 115 10
98 116 4
98 118 9
98 119 3
98 120 4
98 121 5
98 122 9
98 123 10
98 126 3
98 127 8
98 128 8
98 129 7
98 130 7
98 135 6
98 136 9
98 138 5
98 139 6
98 141 1
98 143 5
98 146 2
98 148 6
98 149 6
98 151 8
98 152 10
98 154 3
98 159 10
98 160 2
98 162 3
98 163 5
98 165 6
98 166 4
98 167 9
98 170 9
98 173 9
98 175 8
98 177 7
98 178 7
98 179 3
98 181 2
98 182 7
98 184 4
98 185 4
98 187 8
98 188 5
98 190 10
98 192 10
98 195 8
98 196 7
98 197 10
98 200 4
98 201 8
98 204 8
98 207 10
98 209 8
98 211 10
98 212 7
98 213 9
98 214 5
98 215 3
98 217 2
98 218 2
98 220 8
98 223 4
98 225 4
98 226 10
98 229 5
98 230 4
98 233 10
98 234 5
98 238 5
98 239 4
98 240 6
98 241 5
98 242 4
98 243 10
98 244 2
98 245 7
98 246 9
98 247 8
98 251 4
98 252 8
98 253 5
98 254 1
98 255 8
98 256 1
98 264 1
98 267 9
98 270 10
98 273 4
98 276 3
98 277 8
98 278 6
98 279 4
98 280 4
98 282 7
98 283 8
98 284 4
98 285 6
98 286 4
98 290 2
98 291 9
98 292 1
98 296 9
98 297 6
98 300 6
98 302 10
98 307 2
98 308 5
98 310 5
98 311 4
98 312 1
98 314 3
98 316 7
98 317 5
98 318 2
98 321 6
98 322 10
98 324 6
98 325 4
98 326 9
98 327 7
98 328 2
98 331 7
98 333 4
98 335 2
98 336 9
98 337 6
98 338 6
98 343 4
98 344 4
98 346 6
98 352 5
98 356 2
98 358 8
98 359 4
98 362 2
98 363 2
98 366 9
98 367 1
98 368 3
98 370 7
98 371 4
98 373 4
98 375 7
98 377 6
98 379 2
98 381 7
98 382 7
98 383 7
98 387 5
98 389 7
98 390 6
98 393 1
99 108 7
99 109 3
99 110 3
99 111 10
99 112 3
99 113 7
99 115 4
99 118 1
99 119 10
99 121 5
99 122 10
99 123 4
99 125 4
99 126 4
99 129 2
99 130 6
99 131 1
99 132 7
99 136 10
99 137 2
99 139 10
99 142 10
99 143 1
99 144 6
99 145 8
99 146 9
99 147 8
99 148 6
99 149 10
99 151 5
99 152 1
99 153 1
99 155 7
99 157 3
99 158 8
99 163 4
99 165 7
99 166 8
99 168 2
99 171 10
99 173 7
99 175 1
99 177 3
99 178 6
99 179 3
99 180 5
99 183 5
99 184 2
99 186 5
99 191 5
99 193 3
99 194 4
99 195 1
99 196 9
99 201 3
99 204 2
99 205 6
99 208 7
99 209 5
99 210 3
99 211 8
99 214 2
99 215 8
99 216 7
99 217 2
99 218 1
99 221 10
99 222 10
99 223 8
99 230 4
99 231 10
99 232 8
99 233 4
99 236 6
99 237 7
99 240 7
99 243 9
99 244 4
99 245 8
99 247 10
99 250 2
99 251 5
99 254 4
99 255 5
99 258 1
99 259 5
99 261 9
99 263 7
99 264 2
99 272 1
99 273 3
99 275 3
99 276 9
99 278 6
99 280 1
99 281 10
99 282 1
99 283 4
99 289 10
99 300 8
99 302 4
99 306 3
99 307 10
99 309 1
99 310 5
99 312 3
99 315 3
99 316 4
99 322 2
99 323 3
99 324 3
99 325 5
99 326 5
99 327 2
99 336 7
99 337 10
99 338 6
99 340 6
99 342 10
99 343 5
99 345 7
99 346 5
99 347 1
99 351 8
99 352 10
99 353 3
99 361 5
99 364 1
99 366 9
99 367 8
99 368 5
99 369 8
99 371 3
99 375 10
99 376 8
99 377 9
99 381 7
99 383 7
99 388 9
99 389 8
99 390 8
99 392 10
99 393 2
99 394 8
99 396 4
99 399 8
100 101 6
100 105 4
100 111 7
100 112 2
100 113 7
100 114 3
100 117 6
100 119 3
100 120 4
100 121 4
100 123 2
100 124 4
100 125 7
100 126 7
100 127 9
100 128 3
100 129 5
100 130 4
100 131 10
100 134 7
100 135 3
100 140 8
100 143 4
100 144 10
100 146 7
100 147 6
100 148 7
100 149 7
100 150 1
100 154 1
100 156 10
100 157 7
100 160 1
100 161 3
100 162 1
100 163 2
100 165 10
100 166 6
100 171 2
100 172 4
100 173 2
100 176 9
100 177 9
100 178 5
100 181 5
100 183 7
100 184 1
100 190 6
100 192 6
100 194 5
100 195 2
100 196 10
100 198 4
100 209 2
100 210 5
100 215 5
100 218 9
100 219 8
100 220 7
100 221 6
100 224 6
100 227 8
100 228 8
100 229 4
100 230 7
100 233 7
100 234 2
100 235 6
100 236 2
100 237 4
100 238 9
100 240 5
100 243 8
100 244 1
100 245 1
100 247 6
100 256 10
100 257 3
100 260 10
100 261 5
100 262 2
100 265 7
100 267 2
100 268 1
100 269 4
100 270 7
100 271 4
100 274 2
100 277 1
100 278 3
100 280 9
100 281 7
100 282 4
100 284 6
100 287 5
100 289 3
100 290 5
100 292 2
100 295 4
100 300 4
100 305 8
100 306 8
100 310 8
100 311 2
100 313 3
100 314 3
100 315 1
100 317 10
100 318 2
100 319 9
100 320 6
100 323 8
100 324 6
100 327 5
100 329 1
100 333 2
100 334 8
100 336 5
100 337 1
100 339 9
100 340 7
100 344 10
100 349 7
100 352 6
100 354 6
100 355 4
100 356 2
100 358 5
100 359 7
100 362 1
100 363 2
100 366 10
100 367 2
100 368 8
100 371 1
100 372 4
100 373 7
100 380 8
100 383 6
100 384 10
100 389 6
100 391 2
100 393 5
100 397 5
100 398 8
101 102 5
101 103 9
101 105 1
101 107 9
101 110 3
101 112 3
101 118 4
101 119 10
101 122 1
101 124 8
101 125 4
101 126 2
101 128 5
101 132 6
101 133 7
101 134 8
101 136 8
101 137 9
101 138 4
101 141 1
101 142 1
101 145 6
101 150 7
101 151 7
101 156 1
101 157 7
101 159 10
101 161 3
101 164 8
101 165 3
101 167 9
101 168 5
101 173 10
101 177 6
101 180 9
101 181 8
101 183 4
101 184 9
101 185 7
101 186 3
101 188 9
101 189 2
101 190 1
101 193 5
101 195 10
101 196 6
101 198 4
101 199 7
101 201 4
101 203 2
101 206 4
101 208 2
101 210 4
101 212 7
101 214 9
101 216 7
101 217 8
101 219 7
101 223 8
101 224 1
101 225 10
101 228 4
101 232 3
101 234 1
101 236 9
101 237 7
101 238 5
101 239 8
101 240 6
101 246 8
101 247 10
101 248 9
101 249 5
101 250 3
101 251 9
101 252 7
101 254 4
101 260 3
101 261 9
101 262 8
101 263 7
101 264 10
101 265 4
101 267 1
101 268 3
101 271 4
101 272 2
101 273 10
101 276 8
101 280 9
101 283 7
101 284 2
101 285 2
101 290 8
101 291 9
101 293 10
101 294 8
101 296 6
101 297 10
101 298 2
101 299 2
101 300 9
101 304 10
101 305 2
101 306 5
101 308 2
101 310 9
101 314 6
101 317 2
101 319 3
101 322 10
101 324 1
101 328 3
101 332 3
101 334 8
101 335 2
101 336 4
101 337 4
101 338 3
101 339 8
101 342 8
101 345 5
101 347 5
101 348 9
101 351 9
101 353 6
101 354 4
101 355 2
101 356 7
101 360 9
101 361 9
101 366 6
101 367 9
101 368 4
101 371 5
101 375 7
101 376 2
101 377 6
101 378 9
101 379 7
101 380 5
101 385 4
101 386 3
101 387 2
101 390 8
101 394 6
101 395 3
101 396 5
101 399 4
102 103 5
102 104 6
102 105 8
102 106 7
102 107 4
102 109 10
102 110 7
102 111 6
102 112 4
102 115 7
102 116 6
102 117 4
102 118 3
102 121 9
102 123 1
102 125 10
102 126 10
102 127 9
102 128 4
102 129 7
102 130 1
102 131 2
102 132 7
102 133 8
102 138 6
102 139 6
102 142 4
102 144 4
102 146 2
102 151 10
102 152 9
102 155 6
102 156 4
102 157 9
102 159 10
102 161 3
102 163 9
102 167 6
102 169 8
102 170 4
102 172 3
102 173 9
102 176 3
102 177 4
102 178 8
102 179 6
102 184 9
102 185 7
102 188 4
102 189 4
102 192 1
102 195 7
102 196 5
102 200 10
102 202 7
102 203 2
102 205 3
102 207 3
102 208 10
102 210 4
102 212 1
102 213 9
102 214 10
102 218 2
102 221 1
102 224 7
102 225 1
102 226 2
102 228 2
102 232 10
102 233 6
102 234 8
102 242 1
102 243 8
102 246 4
102 248 8
102 249 7
102 250 7
102 252 7
102 253 1
102 260 9
102 263 10
102 265 3
102 266 2
102 267 10
102 268 7
102 269 7
102 271 6
102 274 6
102 276 2
102 277 4
102 278 6
102 279 9
102 280 9
102 283 9
102 286 3
102 287 10
102 291 5
102 293 1
102 297 8
102 299 10
102 301 1
102 305 6
102 307 5
102 309 1
102 311 6
102 313 5
102 314 6
102 315 5
102 316 6
102 317 10
102 320 6
102 323 10
102 324 10
102 325 4
102 327 2
102 329 7
102 330 10
102 331 6
102 333 3
102 335 8
102 337 2
102 339 2
102 342 3
102 347 5
102 348 3
102 349 7
102 350 7
102 355 9
102 357 3
102 360 1
102 361 4
102 362 10
102 366 3
102 374 4
102 379 7
102 382 5
102 387 9
102 388 7
102 389 4
102 391 1
102 393 3
102 396 3
102 398 3
102 399 6
103 105 9
103 106 1
103 108 9
103 109 2
103 110 8
103 111 8
103 112 1
103 114 6
103 120 1
103 121 5
103 123 5
103 124 8
103 126 4
103 128 2
103 131 4
103 132 3
103 135 3
103 137 5
103 138 9
103 141 10
103 142 8
103 143 8
103 144 4
103 145 3
103 149 4
103 150 9
103 151 10
103 153 5
103 154 2
103 156 6
103 157 4
103 159 4
103 162 10
103 163 4
103 165 9
103 168 7
103 170 2
103 171 8
103 172 7
103 175 10
103 176 7
103 177 4
103 182 2
103 183 4
103 185 4
103 186 8
103 187 3
103 189 7
103 193 5
103 195 10
103 196 4
103 197 7
103 201 4
103 203 7
103 205 3
103 207 8
103 208 1
103 209 8
103 210 3
103 211 8
103 217 4
103 218 9
103 219 9
103 220 6
103 221 7
103 222 3
103 223 1
103 227 10
103 229 8
103 231 6
103 232 7
103 233 8
103 235 7
103 236 2
103 237 6
103 243 6
103 244 2
103 249 7
103 250 3
103 251 9
103 253 6
103 254 7
103 255 9
103 256 4
103 261 10
103 263 8
103 265 1
103 266 8
103 267 2
103 269 7
103 270 8
103 272 7
103 275 5
103 276 1
103 278 4
103 279 6
103 280 9
103 281 10
103 283 4
103 285 5
103 286 5
103 290 10
103 292 10
103 294 6
103 296 6
103 300 3
103 301 6
103 303 10
103 305 8
103 307 1
103 312 2
103 320 10
103 321 6
103 322 6
103 323 6
103 326 1
103 327 9
103 329 10
103 333 8
103 336 3
103 337 5
103 338 3
103 339 4
103 341 2
103 347 5
103 350 10
103 356 4
103 357 8
103 358 2
103 359 10
103 360 5
103 361 2
103 362 7
103 363 9
103 364 6
103 365 7
103 367 5
103 369 8
103 370 6
103 371 10
103 372 8
103 373 9
103 375 1
103 380 5
103 381 9
103 382 8
103 387 3
103 392 2
103 394 6
103 395 3
103 396 10
103 399 4
104 106 10
104 110 4
104 111 10
104 114 9
104 115 3
104 119 9
104 123 2
104 124 10
104 125 4
104 126 6
104 127 6
104 131 6
104 133 10
104 134 2
104 135 5
104 136 7
104 137 6
104 138 10
104 142 5
104 143 2
104 144 4
104 145 8
104 146 9
104 148 1
104 151 7
104 152 2
104 153 4
104 155 3
104 156 3
104 159 6
104 162 9
104 167 5
104 171 8
104 172 10
104 173 2
104 174 7
104 175 10
104 176 8
104 177 10
104 179 7
104 180 5
104 181 10
104 183 9
104 184 8
104 185 3
104 187 9
104 188 7
104 189 9
104 194 8
104 195 4
104 200 8
104 206 2
104 208 7
104 210 3
104 211 8
104 212 1
104 214 9
104 218 3
104 219 7
104 220 1
104 221 7
104 222 2
104 227 9
104 228 8
104 231 5
104 239 10
104 240 6
104 242 4
104 244 10
104 245 2
104 247 8
104 249 1
104 252 3
104 253 6
104 255 3
104 258 7
104 263 1
104 266 1
104 267 5
104 270 8
104 271 2
104 272 7
104 274 3
104 276 10
104 277 9
104 278 1
104 279 9
104 280 8
104 281 5
104 284 2
104 285 2
104 287 9
104 288 9
104 290 8
104 291 10
104 294 7
104 296 6
104 299 10
104 303 3
104 304 7
104 309 7
104 312 10
104 313 10
104 319 8
104 320 10
104 321 8
104 323 4
104 325 9
104 326 4
104 330 6
104 332 2
104 340 5
104 343 9
104 344 4
104 347 1
104 352 4
104 354 4
104 355 4
104 356 10
104 359 1
104 361 3
104 362 6
104 364 3
104 368 1
104 370 2
104 381 1
104 384 4
104 385 10
104 387 8
104 391 10
104 392 5
104 393 3
104 394 6
104 395 3
104 396 8
104 399 3
105 107 6
105 111 8
105 113 2
105 114 9
105 117 2
105 118 9
105 119 1
105 120 10
105 123 8
105 127 8
105 129 4
105 130 4
105 134 10
105 135 5
105 137 2
105 138 10
105 139 9
105 140 4
105 142 5
105 144 10
105 146 6
105 149 9
105 150 3
105 153 1
105 157 9
105 158 10
105 160 1
105 164 7
105 165 7
105 166 10
105 169 1
105 172 9
105 176 9
105 177 10
105 178 3
105 182 10
105 184 1
105 188 7
105 190 9
105 192 5
105 193 10
105 195 4
105 197 5
105 198 10
105 200 9
105 203 8
105 204 10
105 205 2
105 209 10
105 210 9
105 211 9
105 216 2
105 219 8
105 220 3
105 221 7
105 223 6
105 226 9
105 227 3
105 228 10
105 231 6
105 232 9
105 234 8
105 236 8
105 238 7
105 239 1
105 240 10
105 241 10
105 243 7
105 244 1
105 247 4
105 249 10
105 250 4
105 252 7
105 253 3
105 256 2
105 258 3
105 259 5
105 265 10
105 266 3
105 268 6
105 269 4
105 273 5
105 280 7
105 281 8
105 288 2
105 289 5
105 290 2
105 291 2
105 295 6
105 299 6
105 302 9
105 304 7
105 306 2
105 307 4
105 308 4
105 309 3
105 312 7
105 313 7
105 315 10
105 317 8
105 318 5
105 319 9
105 322 6
105 323 2
105 324 6
105 329 10
105 331 4
105 333 9
105 334 8
105 335 6
105 336 9
105 338 4
105 340 7
105 341 7
105 342 5
105 345 9
105 346 8
105 347 8
105 349 4
105 350 2
105 355 4
105 358 5
105 359 4
105 362 9
105 363 8
105 365 6
105 368 10
105 370 7
105 373 8
105 374 9
105 376 6
105 377 7
105 378 6
105 380 3
105 381 5
105 386 10
105 389 6
105 390 10
105 391 1
105 393 5
105 394 2
105 398 3
105 399 4
106 107 2
106 111 3
106 114 2
106 115 9
106 116 8
106 117 6
106 121 9
106 122 9
106 123 3
106 125 5
106 126 8
106 128 7
106 130 9
106 132 7
106 133 10
106 137 10
106 141 1
106 142 10
106 144 7
106 145 2
106 146 4
106 147 6
106 149 3
106 150 6
106 151 10
106 152 1
106 153 8
106 155 2
106 157 3
106 158 2
106 160 10
106 161 9
106 164 3
106 165 4
106 166 1
106 168 7
106 170 10
106 171 5
106 174 10
106 175 8
106 177 9
106 178 6
106 180 2
106 181 8
106 182 2
106 183 5
106 185 8
106 186 10
106 187 2
106 190 5
106 192 4
106 193 5
106 194 5
106 198 3
106 201 7
106 203 2
106 205 5
106 206 4
106 207 8
106 208 7
106 209 2
106 211 9
106 212 3
106 213 6
106 214 1
106 215 10
106 217 4
106 223 3
106 224 1
106 228 5
106 231 1
106 234 10
106 235 2
106 236 4
106 238 5
106 239 9
106 241 5
106 242 5
106 245 10
106 247 9
106 248 2
106 251 2
106 252 8
106 254 9
106 256 3
106 258 3
106 259 8
106 260 9
106 263 6
106 265 6
106 271 8
106 272 2
106 279 7
106 280 3
106 286 2
106 288 6
106 290 4
106 291 2
106 294 2
106 295 3
106 296 3
106 297 8
106 298 7
106 300 10
106 307 2
106 310 1
106 311 10
106 312 5
106 319 4
106 320 3
106 321 6
106 322 1
106 324 2
106 325 5
106 327 7
106 328 8
106 329 4
106 333 1
106 334 9
106 335 10
106 336 6
106 341 10
106 342 8
106 352 4
106 353 2
106 358 1
106 360 7
106 362 2
106 366 10
106 367 8
106 369 2
106 370 7
106 371 2
106 372 7
106 374 4
106 375 7
106 376 6
106 377 8
106 378 8
106 379 5
106 380 6
106 381 9
106 383 5
106 386 1
106 390 4
106 393 9
106 394 5
106 395 7
106 396 1
106 397 6
107 112 3
107 117 7
107 120 10
107 121 5
107 122 6
107 123 3
107 124 3
107 125 4
107 127 2
107 128 8
107 131 6
107 132 8
107 135 3
107 137 9
107 141 5
107 143 4
107 144 6
107 145 6
107 146 10
107 152 10
107 154 2
107 155 5
107 156 6
107 157 3
107 158 8
107 159 7
107 160 1
107 161 8
107 162 7
107 164 1
107 166 9
107 167 6
107 168 3
107 172 5
107 173 7
107 174 5
107 175 8
107 177 5
107 179 2
107 180 5
107 181 9
107 182 5
107 183 1
107 184 1
107 185 7
107 187 6
107 189 9
107 190 2
107 192 9
107 193 9
107 196 7
107 198 6
107 203 2
107 205 10
107 206 1
107 207 2
107 208 10
107 214 3
107 216 5
107 217 8
107 218 2
107 219 3
107 220 4
107 221 5
107 224 9
107 225 4
107 227 5
107 228 9
107 230 7
107 232 8
107 233 8
107 238 2
107 239 1
107 243 6
107 244 10
107 247 1
107 254 6
107 255 7
107 256 4
107 257 5
107 259 8
107 261 1
107 264 2
107 265 1
107 266 10
107 273 2
107 275 1
107 277 7
107 281 3
107 282 6
107 283 8
107 284 1
107 285 8
107 287 9
107 288 5
107 289 6
107 290 8
107 291 4
107 292 9
107 293 4
107 295 10
107 297 5
107 300 5
107 301 2
107 304 3
107 305 4
107 306 9
107 307 9
107 311 8
107 314 3
107 315 2
107 316 8
107 318 10
107 319 4
107 320 8
107 322 4
107 325 7
107 327 4
107 329 7
107 330 4
107 331 9
107 332 3
107 340 4
107 342 7
107 346 9
107 347 6
107 349 8
107 350 5
107 352 2
107 353 9
107 354 8
107 355 4
107 357 7
107 358 8
107 359 8
107 360 1
107 361 1
107 365 1
107 367 5
107 369 5
107 370 10
107 372 9
107 374 1
107 375 4
107 376 5
107 377 7
107 378 2
107 379 9
107 380 4
107 381 8
107 383 10
107 384 1
107 385 2
107 389 6
107 390 9
107 391 2
107 393 4
107 394 8
107 396 3
107 397 2
107 398 1
107 399 10
108 109 6
108 113 7
108 117 9
108 118 6
108 119 8
108 120 1
108 121 1
108 123 7
108 125 7
108 128 8
108 129 6
108 130 4
108 131 9
108 132 3
108 133 6
108 134 8
108 136 1
108 137 4
108 139 6
108 142 8
108 144 3
108 145 10
108 148 9
108 149 10
108 152 7
108 154 7
108 155 4
108 156 6
108 157 4
108 159 3
108 163 3
108 164 3
108 167 2
108 169 9
108 173 2
108 174 9
108 175 8
108 176 9
108 179 4
108 180 4
108 181 4
108 182 5
108 183 10
108 184 1
108 185 5
108 187 7
108 188 4
108 193 6
108 194 5
108 195 9
108 196 2
108 198 6
108 199 3
108 203 8
108 208 2
108 209 4
108 210 1
108 211 8
108 216 6
108 217 6
108 218 1
108 219 6
108 220 2
108 222 3
108 223 10
108 224 1
108 227 3
108 228 5
108 229 5
108 230 3
108 232 1
108 234 8
108 235 7
108 237 4
108 239 5
108 242 4
108 245 7
108 247 1
108 251 6
108 253 8
108 254 9
108 255 8
108 256 7
108 260 1
108 262 5
108 265 2
108 269 8
108 272 10
108 273 5
108 275 3
108 281 10
108 282 4
108 284 2
108 285 8
108 288 5
108 289 9
108 290 4
108 291 1
108 295 9
108 296 6
108 299 5
108 300 8
108 301 7
108 302 4
108 303 2
108 305 4
108 306 6
108 309 9
108 313 3
108 314 5
108 315 1
108 319 4
108 321 1
108 322 3
108 323 3
108 326 3
108 327 4
108 328 3
108 334 5
108 336 6
108 339 3
108 340 7
108 342 6
108 343 6
108 344 4
108 347 9
108 350 3
108 351 3
108 354 2
108 355 6
108 359 6
108 363 3
108 364 10
108 369 2
108 370 4
108 371 5
108 372 7
108 374 10
108 375 5
108 376 5
108 379 3
108 380 6
108 381 8
108 385 2
108 386 10
108 387 6
108 388 7
108 389 2
108 391 5
108 393 5
108 394 7
108 396 4
108 399 9
109 111 10
109 114 3
109 115 10
109 117 10
109 118 2
109 119 7
109 120 3
109 122 6
109 123 7
109 124 4
109 125 1
109 126 9
109 129 6
109 131 4
109 132 3
109 133 6
109 136 4
109 137 2
109 139 5
109 142 6
109 145 5
109 146 3
109 149 9
109 150 3
109 151 10
109 152 8
109 153 10
109 154 2
109 155 6
109 157 5
109 158 8
109 162 2
109 163 10
109 164 2
109 165 4
109 166 10
109 167 7
109 170 5
109 171 10
109 172 1
109 173 10
109 174 2
109 175 7
109 176 2
109 177 5
109 178 3
109 179 5
109 180 10
109 184 5
109 187 8
109 189 10
109 190 2
109 197 10
109 200 4
109 202 8
109 204 5
109 205 1
109 207 8
109 208 8
109 210 6
109 211 7
109 212 4
109 213 6
109 214 1
109 217 8
109 219 10
109 222 8
109 224 10
109 225 6
109 227 9
109 231 9
109 233 3
109 234 9
109 235 8
109 237 7
109 238 6
109 240 10
109 241 8
109 242 4
109 244 10
109 245 3
109 246 3
109 247 7
109 248 2
109 249 6
109 253 9
109 254 7
109 255 5
109 256 9
109 258 5
109 260 5
109 261 4
109 267 8
109 268 9
109 269 2
109 270 9
109 272 9
109 274 7
109 275 2
109 276 5
109 278 4
109 280 4
109 285 2
109 287 9
109 288 9
109 289 5
109 290 2
109 291 5
109 293 9
109 294 5
109 299 4
109 300 7
109 301 4
109 303 4
109 304 6
109 308 10
109 310 6
109 311 6
109 312 5
109 314 6
109 315 8
109 317 3
109 318 8
109 319 3
109 321 1
109 324 6
109 326 3
109 327 6
109 328 7
109 330 5
109 332 5
109 335 9
109 336 2
109 343 9
109 344 2
109 351 6
109 353 6
109 356 10
109 357 2
109 358 8
109 363 7
109 365 2
109 366 2
109 367 5
109 371 7
109 372 7
109 374 5
109 377 5
109 379 2
109 380 8
109 383 2
109 385 10
109 388 3
109 389 8
109 391 5
109 392 4
109 393 7
109 395 6
109 398 6
110 111 5
110 114 8
110 115 2
110 117 6
110 118 2
110 119 10
110 121 1
110 123 2
110 124 8
110 128 3
110 129 7
110 131 6
110 132 5
110 133 5
110 139 9
110 148 9
110 150 4
110 151 1
110 154 5
110 158 7
110 160 3
110 161 7
110 162 4
110 163 10
110 164 5
110 165 5
110 166 9
110 170 3
110 172 8
110 173 9
110 177 5
110 178 2
110 180 1
110 182 6
110 183 9
110 185 7
110 186 9
110 187 1
110 189 8
110 192 1
110 193 7
110 194 6
110 197 4
110 198 3
110 200 1
110 202 1
110 203 1
110 207 6
110 210 8
110 216 4
110 219 5
110 223 4
110 225 4
110 226 4
110 228 9
110 229 8
110 231 9
110 234 3
110 236 2
110 237 1
110 238 3
110 240 5
110 242 7
110 243 7
110 244 9
110 245 1
110 247 2
110 249 4
110 256 8
110 257 8
110 259 2
110 265 3
110 268 4
110 272 8
110 274 7
110 275 9
110 279 4
110 281 9
110 282 10
110 283 7
110 285 10
110 288 2
110 293 10
110 294 10
110 295 5
110 296 5
110 299 8
110 305 10
110 308 7
110 310 1
110 311 10
110 312 5
110 313 8
110 314 8
110 315 1
110 316 4
110 317 7
110 319 10
110 320 9
110 323 9
110 324 10
110 325 5
110 326 2
110 329 3
110 330 7
110 331 9
110 335 7
110 337 4
110 339 3
110 341 7
110 345 5
110 348 1
110 349 3
110 350 7
110 351 10
110 352 4
110 354 2
110 355 3
110 356 2
110 359 10
110 360 7
110 362 2
110 363 4
110 365 1
110 368 6
110 370 4
110 378 1
110 379 9
110 381 5
110 384 3
110 385 4
110 386 7
110 389 9
110 391 8
110 393 2
110 394 1
110 399 10
111 114 7
111 115 3
111 116 7
111 117 10
111 118 1
111 120 1
111 121 4
111 124 4
111 125 1
111 127 3
111 133 10
111 135 6
111 137 4
111 139 3
111 144 2
111 145 8
111 150 5
111 152 5
111 162 1
111 163 6
111 164 2
111 171 8
111 172 3
111 173 6
111 175 9
111 183 3
111 185 10
111 187 4
111 188 9
111 189 7
111 190 1
111 191 4
111 194 10
111 196 3
111 199 8
111 201 10
111 203 2
111 205 1
111 206 8
111 207 7
111 210 8
111 212 5
111 213 9
111 214 7
111 215 5
111 216 6
111 218 6
111 219 4
111 221 10
111 223 4
111 226 5
111 227 3
111 228 8
111 233 2
111 234 4
111 235 8
111 236 4
111 242 4
111 244 3
111 247 1
111 248 3
111 250 8
111 252 9
111 253 3
111 254 9
111 255 6
111 256 1
111 257 6
111 260 6
111 261 5
111 262 4
111 263 2
111 264 4
111 266 6
111 269 3
111 270 6
111 277 6
111 278 8
111 280 3
111 281 6
111 282 9
111 284 1
111 287 9
111 289 7
111 294 6
111 295 6
111 298 2
111 300 8
111 301 10
111 303 10
111 304 6
111 305 3
111 308 5
111 309 9
111 312 7
111 315 3
111 318 2
111 323 1
111 326 6
111 327 5
111 331 8
111 335 9
111 338 9
111 339 4
111 342 2
111 345 8
111 348 5
111 349 7
111 351 6
111 352 8
111 353 9
111 354 7
111 355 1
111 357 6
111 358 10
111 360 10
111 361 4
111 363 7
111 365 8
111 366 4
111 371 2
111 373 6
111 376 5
111 377 2
111 379 7
111 381 10
111 383 8
111 385 9
111 386 4
111 389 4
111 395 10
111 396 3
111 397 7
111 398 3
111 399 9
112 116 6
112 117 9
112 118 3
112 121 9
112 126 2
112 128 8
112 129 8
112 134 2
112 136 4
112 137 9
112 139 5
112 141 3
112 143 4
112 144 5
112 145 9
112 147 3
112 151 10
112 155 3
112 157 7
112 163 6
112 165 4
112 169 5
112 173 8
112 181 4
112 182 9
112 183 4
112 188 3
112 189 8
112 191 8
112 197 10
112 199 5
112 202 3
112 203 10
112 204 2
112 205 1
112 207 7
112 209 10
112 210 9
112 211 1
112 212 4
112 215 8
112 217 8
112 218 6
112 222 8
112 223 6
112 224 7
112 225 1
112 226 3
112 227 7
112 228 6
112 229 4
112 231 2
112 232 4
112 234 1
112 235 8
112 236 7
112 238 10
112 240 6
112 241 4
112 243 9
112 244 9
112 249 2
112 250 4
112 252 5
112 253 10
112 255 7
112 257 5
112 259 8
112 261 2
112 262 10
112 263 3
112 269 9
112 272 10
112 273 10
112 274 8
112 282 6
112 283 4
112 284 4
112 286 1
112 291 4
112 292 5
112 296 9
112 297 8
112 299 7
112 300 4
112 301 3
112 302 3
112 305 9
112 306 8
112 310 5
112 311 4
112 316 10
112 317 3
112 319 9
112 320 10
112 321 4
112 323 9
112 326 6
112 330 2
112 334 5
112 341 5
112 342 6
112 344 3
112 345 6
112 346 9
112 347 8
112 349 4
112 351 4
112 352 2
112 353 10
112 359 3
112 360 1
112 362 9
112 363 10
112 364 3
112 366 10
112 367 5
112 368 1
112 369 10
112 371 9
112 372 3
112 373 5
112 376 2
112 378 2
112 380 4
112 381 9
112 383 1
112 385 6
112 386 4
112 387 10
112 389 9
112 392 7
112 393 9
112 394 5
112 395 3
112 396 9
112 399 2
113 114 7
113 115 7
113 116 2
113 118 7
113 120 7
113 122 4
113 124 6
113 128 7
113 134 8
113 135 10
113 137 1
113 139 5
113 142 3
113 144 6
113 145 6
113 146 7
113 150 6
113 154 3
113 156 5
113 157 4
113 158 8
113 159 10
113 161 4
113 162 1
113 163 8
113 167 4
113 168 8
113 172 10
113 175 7
113 178 9
113 179 6
113 180 1
113 181 9
113 182 4
113 183 9
113 189 2
113 191 5
113 192 6
113 196 8
113 201 3
113 203 5
113 206 8
113 207 7
113 208 3
113 210 10
113 211 10
113 214 7
113 218 10
113 219 9
113 221 8
113 225 3
113 227 8
113 228 10
113 231 2
113 232 7
113 234 8
113 235 2
113 236 6
113 238 2
113 240 9
113 241 1
113 242 10
113 245 4
113 246 8
113 247 10
113 248 8
113 251 7
113 252 1
113 254 8
113 255 7
113 256 9
113 258 2
113 262 3
113 264 1
113 269 2
113 270 10
113 273 8
113 274 10
113 275 5
113 278 8
113 279 9
113 281 10
113 284 7
113 286 9
113 289 3
113 290 2
113 291 10
113 293 4
113 296 7
113 299 1
113 300 10
113 301 8
113 302 5
113 303 6
113 305 8
113 306 9
113 308 7
113 310 9
113 313 7
113 314 2
113 315 9
113 316 4
113 319 6
113 320 2
113 322 10
113 323 6
113 325 10
113 326 2
113 329 9
113 332 9
113 334 10
113 335 4
113 338 5
113 339 1
113 340 5
113 341 5
113 342 8
113 343 2
113 344 1
113 345 7
113 348 1
113 352 4
113 354 3
113 365 9
113 367 5
113 370 3
113 371 7
113 372 5
113 373 10
113 375 10
113 376 1
113 378 7
113 379 1
113 380 10
113 384 10
113 385 7
113 386 8
113 392 7
113 393 10
113 396 1
113 397 2
113 399 7
114 116 9
114 120 3
114 122 5
114 123 1
114 125 8
114 126 5
114 130 4
114 132 7
114 136 9
114 137 3
114 145 10
114 146 5
114 150 5
114 151 4
114 152 8
114 153 1
114 154 9
114 155 2
114 160 5
114 166 6
114 167 8
114 169 3
114 171 9
114 177 1
114 180 3
114 181 2
114 183 2
114 184 8
114 186 10
114 188 7
114 190 8
114 191 9
114 192 1
114 193 4
114 195 5
114 197 5
114 198 1
114 200 6
114 202 1
114 206 3
114 209 9
114 210 6
114 211 4
114 212 9
114 216 8
114 217 6
114 218 3
114 222 10
114 223 3
114 224 7
114 225 1
114 228 4
114 229 10
114 230 4
114 231 10
114 232 7
114 233 6
114 234 4
114 235 2
114 236 5
114 240 4
114 242 9
114 248 1
114 249 5
114 252 2
114 253 7
114 256 2
114 258 6
114 259 5
114 261 10
114 262 2
114 265 10
114 267 2
114 269 1
114 274 3
114 277 7
114 279 10
114 280 6
114 283 8
114 284 4
114 285 5
114 286 9
114 287 1
114 288 4
114 289 4
114 291 1
114 292 9
114 294 6
114 295 7
114 301 6
114 302 9
114 303 5
114 304 4
114 306 1
114 308 3
114 309 3
114 311 10
114 314 10
114 317 8
114 318 3
114 320 7
114 321 9
114 322 2
114 326 6
114 327 8
114 329 9
114 330 1
114 331 3
114 334 1
114 335 2
114 336 8
114 338 5
114 339 4
114 342 4
114 344 4
114 346 9
114 349 5
114 350 2
114 351 1
114 353 10
114 357 6
114 358 6
114 359 2
114 360 9
114 361 1
114 362 7
114 363 3
114 364 6
114 368 5
114 370 7
114 372 5
114 377 7
114 378 5
114 381 2
114 385 3
114 386 8
114 388 4
114 389 8
114 391 7
114 392 5
114 399 1
115 118 4
115 120 5
115 121 8
115 123 7
115 124 2
115 130 2
115 132 2
115 133 9
115 135 1
115 136 5
115 138 9
115 140 5
115 142 9
115 143 10
115 144 9
115 146 10
115 150 2
115 151 9
115 152 10
115 153 5
115 154 6
115 156 2
115 160 8
115 164 1
115 169 8
115 170 4
115 174 8
115 176 6
115 177 10
115 178 2
115 179 9
115 182 10
115 183 8
115 185 3
115 186 4
115 189 10
115 191 7
115 192 4
115 193 8
115 196 9
115 200 4
115 202 3
115 203 7
115 204 5
115 207 2
115 208 7
115 210 3
115 212 1
115 214 7
115 216 1
115 218 8
115 219 10
115 223 3
115 224 5
115 225 6
115 228 6
115 229 9
115 230 9
115 232 7
115 233 9
115 235 4
115 237 2
115 238 9
115 239 6
115 240 1
115 241 3
115 245 8
115 248 2
115 249 8
115 250 6
115 251 3
115 252 4
115 254 7
115 257 3
115 258 2
115 261 10
115 262 7
115 264 5
115 265 6
115 268 3
115 269 1
115 270 9
115 272 7
115 273 8
115 274 9
115 275 1
115 276 3
115 278 7
115 280 9
115 282 5
115 283 1
115 285 6
115 286 7
115 287 3
115 288 8
115 292 7
115 293 7
115 295 8
115 297 7
115 301 4
115 302 5
115 303 7
115 304 8
115 307 5
115 308 6
115 313 10
115 314 6
115 316 3
115 317 6
115 318 7
115 319 3
115 321 9
115 322 2
115 323 2
115 326 6
115 327 6
115 331 10
115 333 6
115 334 9
115 337 8
115 340 10
115 341 6
115 342 6
115 344 5
115 345 3
115 351 10
115 354 2
115 356 1
115 363 2
115 365 3
115 366 9
115 368 10
115 370 5
115 372 1
115 373 10
115 376 1
115 380 2
115 382 7
115 384 9
115 386 3
115 387 5
115 391 10
115 392 10
115 394 3
115 396 2
116 117 1
116 118 9
116 119 8
116 120 3
116 121 2
116 123 1
116 125 3
116 129 3
116 134 5
116 137 2
116 138 10
116 140 10
116 141 6
116 142 6
116 143 7
116 144 3
116 149 1
116 150 4
116 152 5
116 154 2
116 155 2
116 157 9
116 159 4
116 161 9
116 162 4
116 164 10
116 165 7
116 167 8
116 169 3
116 170 1
116 171 8
116 173 6
116 175 6
116 177 9
116 179 9
116 180 4
116 181 2
116 183 9
116 184 10
116 186 3
116 191 9
116 193 10
116 194 4
116 197 5
116 198 2
116 201 10
116 202 5
116 205 1
116 206 6
116 207 9
116 208 10
116 210 2
116 213 8
116 217 5
116 219 5
116 220 4
116 221 3
116 224 10
116 227 6
116 228 4
116 231 10
116 232 8
116 233 5
116 235 7
116 237 6
116 239 3
116 240 2
116 242 1
116 244 9
116 248 10
116 249 2
116 250 10
116 253 6
116 254 3
116 255 4
116 256 7
116 259 3
116 261 4
116 262 2
116 263 9
116 264 8
116 266 7
116 268 2
116 269 8
116 273 5
116 274 1
116 276 3
116 277 4
116 279 9
116 285 6
116 286 1
116 287 9
116 288 6
116 289 5
116 293 4
116 294 4
116 295 5
116 297 7
116 299 10
116 300 8
116 301 6
116 305 4
116 308 2
116 309 7
116 315 3
116 317 10
116 319 9
116 320 10
116 324 2
116 326 1
116 329 1
116 330 4
116 333 6
116 334 10
116 336 6
116 339 9
116 341 9
116 346 2
116 347 3
116 348 5
116 350 1
116 354 5
116 358 10
116 359 1
116 360 7
116 364 3
116 366 10
116 370 3
116 372 5
116 380 10
116 381 8
116 382 1
116 383 7
116 384 5
116 389 8
116 391 9
116 395 5
116 397 1
117 122 3
117 126 6
117 129 9
117 130 2
117 131 6
117 133 4
117 134 3
117 137 9
117 139 6
117 140 4
117 141 7
117 142 6
117 144 5
117 146 7
117 148 9
117 150 9
117 151 5
117 156 8
117 160 8
117 165 4
117 168 9
117 171 9
117 172 5
117 174 8
117 177 9
117 178 9
117 182 9
117 184 5
117 186 2
117 188 5
117 190 7
117 191 9
117 200 5
117 201 3
117 202 4
117 203 7
117 204 2
117 206 4
117 207 2
117 208 10
117 210 5
117 211 3
117 215 10
117 216 1
117 217 8
117 218 8
117 220 1
117 221 2
117 223 2
117 224 6
117 225 3
117 226 3
117 229 9
117 230 4
117 233 4
117 235 2
117 242 9
117 245 8
117 247 1
117 248 8
117 250 1
117 252 8
117 253 8
117 257 1
117 258 3
117 261 3
117 262 2
117 263 3
117 264 9
117 266 2
117 267 2
117 269 5
117 271 5
117 272 8
117 273 3
117 274 1
117 275 6
117 279 5
117 280 2
117 281 7
117 284 6
117 285 7
117 287 5
117 288 1
117 289 1
117 293 10
117 296 6
117 298 7
117 301 8
117 305 2
117 306 1
117 307 2
117 308 1
117 310 5
117 313 4
117 314 5
117 317 4
117 321 5
117 323 10
117 326 3
117 327 5
117 331 8
117 332 8
117 333 3
117 335 10
117 336 8
117 337 10
117 340 6
117 343 5
117 344 3
117 346 4
117 352 6
117 353 7
117 354 5
117 357 10
117 359 8
117 360 5
117 362 4
117 363 9
117 365 7
117 366 5
117 369 9
117 370 3
117 373 9
117 375 4
117 376 9
117 377 10
117 378 6
117 379 2
117 380 9
117 382 5
117 383 7
117 385 9
117 386 10
117 390 7
117 392 4
117 395 8
117 397 9
118 119 1
118 122 9
118 129 10
118 130 2
118 132 10
118 134 9
118 135 8
118 136 4
118 137 4
118 139 1
118 140 6
118 142 10
118 144 2
118 147 9
118 148 2
118 150 4
118 152 2
118 157 10
118 159 1
118 160 4
118 161 9
118 162 3
118 165 7
118 166 7
118 168 3
118 173 10
118 174 10
118 181 9
118 182 8
118 184 10
118 185 1
118 188 6
118 189 5
118 191 1
118 192 3
118 194 1
118 196 1
118 197 10
118 198 8
118 200 4
118 201 9
118 205 2
118 207 1
118 209 2
118 211 7
118 212 8
118 214 6
118 215 2
118 216 10
118 217 10
118 220 3
118 223 5
118 224 5
118 226 5
118 228 6
118 229 10
118 232 7
118 233 7
118 236 8
118 238 4
118 239 6
118 240 10
118 241 2
118 245 4
118 247 7
118 249 1
118 250 5
118 251 1
118 252 1
118 253 5
118 254 9
118 255 7
118 259 5
118 262 2
118 264 8
118 268 10
118 275 9
118 276 6
118 279 10
118 281 9
118 282 10
118 283 2
118 284 5
118 285 5
118 286 3
118 288 2
118 294 5
118 295 10
118 296 10
118 297 6
118 298 6
118 302 9
118 303 7
118 304 1
118 306 8
118 308 5
118 309 8
118 310 4
118 314 6
118 315 4
118 316 5
118 317 2
118 320 1
118 321 7
118 324 5
118 329 5
118 330 9
118 331 8
118 333 7
118 337 1
118 339 8
118 340 8
118 343 2
118 345 5
118 346 6
118 347 3
118 348 10
118 350 6
118 353 3
118 354 5
118 355 7
118 356 6
118 357 3
118 361 1
118 362 3
118 363 7
118 364 10
118 367 2
118 371 1
118 373 7
118 374 10
118 375 8
118 377 4
118 380 9
118 381 9
118 384 7
118 385 10
118 386 3
118 390 1
118 391 5
118 392 3
118 393 3
118 394 10
118 395 7
118 396 4
119 120 4
119 121 4
119 124 6
119 125 7
119 126 8
119 136 7
119 137 7
119 138 3
119 140 6
119 141 5
119 143 8
119 146 3
119 148 10
119 149 6
119 153 1
119 155 6
119 157 10
119 160 1
119 163 9
119 164 3
119 165 7
119 168 9
119 171 9
119 173 8
119 174 3
119 176 2
119 177 5
119 181 10
119 183 4
119 185 10
119 186 6
119 187 3
119 189 6
119 192 4
119 193 5
119 197 5
119 198 1
119 200 3
119 202 5
119 203 8
119 204 1
119 206 2
119 207 5
119 209 3
119 211 2
119 214 9
119 215 6
119 217 8
119 218 5
119 219 2
119 221 2
119 222 10
119 224 9
119 225 6
119 227 10
119 228 3
119 231 4
119 232 9
119 233 2
119 234 2
119 237 6
119 239 7
119 240 6
119 241 1
119 243 1
119 244 4
119 246 4
119 249 7
119 255 8
119 256 5
119 258 1
119 260 4
119 263 6
119 264 1
119 265 2
119 266 4
119 267 4
119 269 8
119 273 1
119 275 8
119 278 9
119 280 9
119 281 6
119 282 3
119 283 1
119 284 1
119 286 1
119 289 4
119 290 3
119 291 2
119 293 4
119 294 7
119 296 5
119 297 4
119 299 7
119 300 2
119 301 4
119 306 2
119 308 2
119 309 1
119 311 2
119 313 1
119 314 6
119 315 7
119 316 6
119 318 10
119 321 8
119 322 6
119 323 5
119 324 9
119 325 4
119 328 2
119 330 1
119 331 4
119 332 5
119 333 7
119 334 7
119 335 1
119 338 2
119 339 2
119 342 5
119 343 9
119 347 7
119 351 10
119 354 1
119 358 4
119 359 8
119 360 2
119 361 4
119 362 4
119 366 6
119 367 5
119 371 7
119 373 2
119 376 6
119 378 7
119 381 6
119 382 7
119 383 3
119 384 2
119 385 7
119 392 10
119 399 9
120 121 7
120 122 5
120 126 3
120 127 9
120 128 7
120 130 4
120 131 5
120 132 2
120 133 7
120 134 9
120 139 10
120 143 9
120 144 4
120 145 1
120 147 3
120 150 6
120 155 6
120 156 2
120 158 1
120 160 3
120 161 6
120 162 10
120 163 9
120 164 7
120 165 2
120 170 8
120 171 6
120 173 9
120 174 8
120 175 6
120 176 9
120 178 4
120 179 9
120 180 6
120 181 4
120 182 3
120 183 9
120 184 6
120 185 9
120 187 1
120 189 10
120 191 8
120 192 4
120 193 8
120 194 4
120 196 1
120 197 8
120 198 1
120 200 7
120 201 3
120 204 6
120 208 9
120 210 5
120 215 3
120 219 7
120 223 3
120 224 7
120 228 4
120 229 8
120 230 4
120 232 7
120 233 2
120 235 10
120 236 4
120 240 5
120 245 7
120 249 8
120 250 3
120 251 5
120 255 9
120 256 2
120 257 3
120 258 6
120 260 7
120 263 8
120 264 9
120 265 2
120 266 4
120 270 6
120 272 5
120 274 4
120 279 4
120 285 4
120 286 6
120 287 1
120 288 7
120 289 1
120 291 3
120 292 6
120 295 3
120 298 1
120 299 8
120 300 5
120 302 2
120 304 2
120 305 2
120 306 9
120 307 1
120 308 9
120 309 10
120 312 9
120 314 1
120 316 5
120 320 4
120 321 6
120 324 5
120 326 5
120 327 1
120 331 6
120 332 10
120 335 7
120 336 9
120 337 9
120 339 5
120 341 7
120 344 9
120 345 3
120 348 5
120 350 4
120 351 9
120 356 2
120 358 10
120 359 5
120 360 6
120 363 7
120 366 8
120 368 1
120 370 2
120 375 4
120 376 4
120 378 8
120 379 3
120 381 1
120 383 9
120 384 6
120 385 5
120 386 1
120 387 7
120 389 5
120 390 7
120 391 3
120 396 2
120 397 6
120 398 4
121 122 5
121 124 6
121 125 6
121 126 6
121 131 7
121 132 2
121 136 4
121 137 7
121 140 6
121 141 10
121 142 3
121 145 2
121 146 9
121 148 6
121 152 1
121 154 5
121 155 5
121 157 3
121 160 5
121 162 10
121 164 8
121 172 7
121 175 6
121 177 7
121 178 9
121 179 4
121 181 2
121 184 10
121 187 5
121 191 6
121 195 5
121 197 3
121 198 2
121 200 6
121 204 5
121 205 2
121 206 4
121 207 6
121 208 8
121 211 6
121 213 6
121 215 9
121 216 7
121 220 1
121 221 7
121 225 8
121 228 5
121 231 7
121 232 9
121 233 5
121 234 10
121 235 10
121 237 7
121 238 9
121 240 2
121 242 5
121 243 5
121 244 3
121 246 6
121 247 3
121 251 1
121 252 5
121 253 4
121 255 5
121 257 2
121 259 3
121 261 8
121 263 6
121 265 4
121 267 10
121 269 4
121 271 10
121 272 2
121 274 2
121 275 4
121 276 2
121 278 3
121 282 8
121 284 7
121 285 8
121 288 5
121 290 9
121 291 4
121 295 6
121 298 4
121 300 5
121 302 9
121 303 7
121 304 7
121 306 6
121 307 1
121 309 6
121 310 9
121 311 4
121 314 8
121 317 2
121 319 2
121 320 5
121 321 4
121 325 9
121 326 4
121 329 1
121 330 5
121 332 6
121 333 6
121 337 8
121 338 5
121 339 7
121 342 3
121 343 2
121 344 7
121 345 3
121 346 4
121 350 9
121 352 4
121 353 2
121 356 3
121 357 5
121 359 7
121 360 2
121 361 10
121 362 1
121 363 5
121 367 9
121 368 1
121 369 4
121 370 1
121 375 8
121 376 1
121 379 2
121 382 4
121 383 3
121 384 10
121 385 2
121 386 10
121 388 1
121 389 4
121 390 8
121 391 5
121 397 7
121 398 2
121 399 4
122 123 3
122 124 9
122 126 3
122 127 6
122 128 9
122 129 8
122 133 1
122 134 3
122 135 4
122 137 1
122 140 8
122 142 6
122 144 3
122 145 6
122 150 8
122 151 1
122 155 3
122 156 2
122 157 1
122 158 5
122 159 10
122 160 6
122 161 9
122 162 8
122 163 3
122 164 7
122 166 9
122 167 10
122 168 6
122 169 6
122 171 1
122 172 10
122 173 6
122 174 8
122 176 7
122 178 10
122 179 10
122 180 8
122 183 8
122 187 6
122 188 1
122 189 3
122 194 7
122 197 9
122 198 9
122 200 9
122 201 7
122 203 3
122 204 1
122 205 2
122 208 7
122 209 6
122 210 1
122 216 10
122 217 9
122 219 10
122 221 7
122 222 4
122 224 6
122 225 4
122 226 4
122 230 10
122 234 10
122 235 2
122 243 4
122 244 9
122 246 7
122 250 7
122 251 8
122 253 7
122 259 1
122 265 3
122 267 8
122 268 2
122 270 9
122 272 3
122 277 7
122 278 9
122 279 1
122 282 1
122 284 9
122 287 5
122 290 7
122 291 1
122 293 8
122 295 6
122 296 9
122 297 4
122 298 3
122 299 7
122 300 5
122 301 3
122 304 3
122 305 2
122 307 5
122 309 1
122 310 8
122 312 4
122 313 1
122 314 1
122 317 5
122 319 3
122 326 6
122 329 9
122 331 10
122 332 4
122 333 1
122 335 7
122 336 8
122 338 1
122 341 4
122 344 8
122 345 2
122 347 5
122 349 5
122 351 6
122 352 8
122 358 4
122 359 4
122 360 9
122 361 10
122 362 2
122 363 3
122 365 4
122 366 9
122 367 5
122 368 8
122 369 9
122 372 2
122 373 6
122 374 5
122 375 1
122 379 10
122 380 1
122 381 5
122 382 4
122 385 9
122 386 2
122 389 3
122 394 6
122 395 10
122 397 6
122 398 1
123 125 3
123 129 6
123 134 2
123 139 7
123 142 8
123 143 3
123 144 3
123 148 10
123 149 10
123 150 7
123 151 5
123 153 8
123 155 4
123 157 7
123 159 6
123 162 7
123 163 6
123 164 7
123 165 10
123 167 4
123 168 7
123 169 1
123 170 10
123 171 2
123 172 1
123 174 6
123 175 1
123 177 7
123 178 10
123 179 1
123 180 3
123 181 2
123 190 10
123 191 3
123 192 9
123 194 3
123 195 7
123 196 5
123 197 5
123 198 10
123 200 1
123 201 6
123 202 6
123 203 6
123 207 1
123 209 5
123 211 2
123 212 7
123 216 3
123 219 9
123 220 10
123 221 10
123 224 9
123 225 1
123 231 8
123 233 8
123 235 5
123 236 1
123 237 7
123 238 10
123 240 9
123 242 3
123 250 9
123 251 10
123 252 9
123 253 7
123 255 8
123 258 8
123 259 4
123 260 1
123 261 2
123 263 8
123 265 9
123 268 4
123 270 5
123 272 8
123 276 5
123 278 10
123 279 10
123 280 1
123 292 4
123 294 10
123 295 10
123 298 6
123 304 3
123 306 4
123 310 8
123 314 2
123 317 4
123 318 9
123 319 1
123 321 5
123 322 7
123 325 6
123 326 7
123 329 4
123 330 6
123 332 1
123 333 4
123 337 9
123 340 5
123 342 4
123 343 7
123 344 4
123 346 3
123 347 2
123 348 8
123 349 7
123 352 8
123 357 9
123 358 4
123 360 8
123 363 7
123 364 10
123 368 8
123 370 5
123 371 6
123 372 10
123 373 5
123 377 4
123 378 5
123 381 9
123 385 6
123 386 1
123 391 2
123 392 9
123 393 9
123 394 3
123 397 6
123 399 8
124 125 3
124 127 2
124 128 4
124 130 6
124 133 5
124 134 1
124 135 2
124 142 7
124 145 8
124 146 9
124 147 3
124 149 2
124 151 9
124 152 5
124 156 5
124 162 7
124 163 4
124 166 6
124 167 5
124 170 6
124 174 7
124 175 1
124 176 6
124 179 3
124 180 2
124 181 10
124 184 8
124 185 2
124 188 6
124 189 10
124 190 9
124 195 3
124 197 7
124 198 6
124 199 8
124 201 9
124 203 9
124 205 6
124 206 8
124 207 6
124 211 7
124 212 10
124 213 3
124 214 7
124 215 8
124 219 2
124 220 4
124 222 10
124 223 10
124 224 10
124 227 6
124 229 2
124 230 10
124 231 7
124 233 3
124 234 7
124 235 4
124 236 5
124 240 7
124 244 5
124 245 6
124 247 7
124 249 10
124 250 8
124 251 5
124 253 4
124 255 7
124 256 1
124 260 7
124 263 10
124 264 8
124 267 10
124 268 5
124 269 8
124 271 5
124 273 6
124 274 9
124 275 7
124 276 5
124 278 6
124 279 6
124 281 9
124 282 5
124 285 2
124 286 8
124 287 3
124 288 3
124 289 1
124 292 9
124 296 8
124 297 9
124 298 2
124 299 3
124 300 5
124 301 8
124 302 4
124 304 8
124 305 8
124 307 1
124 308 6
124 312 2
124 315 9
124 318 9
124 319 10
124 321 4
124 333 1
124 334 1
124 335 7
124 336 9
124 337 7
124 338 3
124 339 8
124 340 9
124 341 9
124 343 3
124 346 5
124 347 7
124 349 8
124 350 3
124 351 4
124 352 4
124 357 1
124 358 1
124 360 10
124 361 1
124 363 2
124 365 8
124 366 2
124 369 5
124 371 5
124 372 9
124 373 6
124 374 4
124 375 3
124 377 5
124 384 4
124 387 1
124 389 5
124 392 7
124 394 4
124 395 9
124 396 7
124 398 7
124 399 10
125 126 1
125 127 1
125 128 4
125 129 8
125 130 10
125 140 4
125 141 5
125 143 2
125 145 9
125 146 3
125 147 9
125 148 9
125 149 8
125 150 4
125 152 3
125 155 9
125 156 5
125 157 8
125 160 10
125 162 4
125 163 8
125 165 3
125 166 8
125 167 4
125 168 5
125 174 7
125 176 4
125 177 4
125 179 10
125 185 5
125 186 6
125 189 8
125 191 7
125 192 1
125 194 7
125 201 10
125 202 10
125 204 10
125 205 10
125 206 8
125 208 8
125 209 4
125 213 1
125 216 8
125 219 8
125 220 10
125 226 4
125 227 6
125 230 7
125 232 4
125 233 10
125 236 5
125 239 10
125 240 2
125 242 5
125 243 5
125 245 3
125 246 2
125 247 7
125 248 8
125 251 8
125 255 3
125 256 1
125 258 9
125 260 4
125 261 6
125 263 4
125 264 7
125 265 9
125 266 10
125 267 3
125 268 3
125 270 4
125 274 2
125 278 2
125 279 5
125 280 3
125 282 8
125 283 5
125 284 9
125 286 9
125 287 9
125 289 3
125 291 5
125 293 6
125 297 6
125 298 8
125 299 5
125 300 3
125 301 10
125 302 3
125 304 10
125 306 5
125 307 10
125 308 4
125 310 9
125 312 2
125 315 1
125 317 5
125 318 4
125 319 9
125 320 6
125 322 4
125 324 4
125 326 8
125 328 10
125 330 1
125 332 3
125 333 5
125 335 1
125 336 5
125 337 2
125 338 8
125 339 8
125 340 7
125 342 6
125 343 7
125 344 1
125 346 10
125 347 3
125 348 1
125 349 9
125 353 2
125 354 10
125 358 3
125 359 5
125 360 1
125 361 6
125 362 9
125 363 5
125 364 7
125 366 7
125 367 8
125 368 10
125 369 1
125 372 1
125 373 7
125 375 7
125 376 3
125 379 9
125 380 10
125 383 6
125 386 4
125 390 9
125 391 7
125 392 4
125 393 9
125 394 1
125 395 3
125 396 7
125 399 3
126 128 9
126 131 3
126 132 7
126 134 3
126 136 9
126 137 1
126 142 8
126 144 4
126 145 8
126 149 9
126 151 1
126 153 7
126 154 10
126 155 10
126 162 5
126 164 1
126 165 1
126 166 5
126 169 8
126 172 5
126 175 10
126 177 6
126 178 10
126 179 3
126 182 1
126 184 9
126 185 2
126 188 2
126 191 10
126 192 5
126 196 9
126 199 8
126 201 10
126 203 10
126 204 1
126 205 10
126 206 6
126 208 4
126 211 9
126 214 7
126 217 6
126 223 4
126 224 9
126 226 6
126 229 9
126 235 4
126 236 9
126 238 1
126 239 4
126 241 3
126 242 2
126 243 9
126 245 8
126 247 1
126 249 2
126 250 10
126 251 1
126 255 2
126 257 2
126 260 5
126 261 10
126 264 10
126 272 3
126 273 4
126 276 5
126 277 9
126 278 10
126 283 1
126 286 1
126 287 9
126 290 6
126 291 2
126 292 10
126 294 9
126 296 1
126 297 4
126 300 5
126 301 5
126 304 6
126 308 4
126 309 9
126 310 10
126 311 7
126 313 3
126 314 1
126 315 7
126 317 7
126 322 9
126 326 4
126 331 3
126 332 2
126 334 8
126 337 9
126 338 2
126 340 4
126 342 1
126 343 1
126 345 9
126 350 7
126 352 3
126 354 1
126 356 4
126 357 2
126 360 5
126 363 9
126 364 1
126 365 10
126 366 6
126 367 6
126 368 3
126 369 3
126 374 8
126 375 10
126 377 8
126 381 8
126 383 10
126 384 5
126 385 6
126 391 8
126 393 6
126 394 1
126 398 9
126 399 7
127 129 9
127 132 4
127 134 6
127 135 10
127 136 9
127 138 2
127 139 4
127 140 1
127 141 10
127 142 6
127 144 9
127 147 7
127 149 10
127 150 3
127 151 6
127 154 10
127 155 9
127 156 2
127 157 5
127 158 9
127 160 7
127 161 10
127 162 9
127 164 1
127 168 8
127 169 8
127 170 6
127 171 5
127 173 5
127 174 5
127 176 4
127 177 3
127 178 3
127 180 9
127 181 2
127 182 8
127 183 9
127 184 9
127 185 1
127 187 6
127 190 8
127 192 3
127 196 2
127 198 3
127 199 5
127 201 7
127 203 3
127 204 5
127 208 1
127 210 7
127 212 2
127 213 3
127 214 2
127 216 10
127 218 8
127 219 8
127 220 8
127 221 2
127 224 5
127 225 10
127 228 4
127 229 8
127 234 10
127 235 2
127 239 9
127 240 4
127 241 10
127 244 1
127 245 8
127 246 1
127 249 2
127 250 7
127 255 9
127 256 10
127 258 1
127 259 7
127 260 10
127 262 8
127 263 8
127 272 2
127 274 4
127 276 1
127 277 8
127 279 4
127 280 8
127 281 1
127 283 3
127 286 8
127 288 2
127 292 8
127 294 7
127 297 2
127 299 4
127 300 5
127 301 3
127 306 4
127 308 9
127 310 4
127 311 2
127 313 4
127 314 5
127 315 8
127 316 4
127 317 1
127 320 2
127 322 6
127 323 10
127 326 1
127 328 2
127 329 10
127 331 8
127 336 6
127 338 9
127 339 8
127 340 2
127 341 4
127 344 3
127 346 2
127 347 4
127 350 8
127 355 3
127 356 7
127 357 2
127 358 6
127 360 4
127 363 9
127 364 6
127 365 5
127 370 5
127 372 2
127 373 2
127 374 6
127 375 8
127 377 5
127 379 9
127 385 7
127 386 4
127 389 5
127 391 5
127 392 2
127 394 9
127 395 3
127 399 3
128 129 1
128 131 10
128 134 6
128 140 8
128 143 10
128 146 1
128 151 1
128 154 2
128 156 4
128 158 8
128 159 6
128 161 5
128 162 1
128 164 1
128 165 7
128 167 1
128 168 10
128 172 7
128 173 9
128 175 9
128 180 1
128 181 3
128 182 9
128 183 3
128 184 8
128 185 10
128 191 5
128 194 4
128 196 2
128 197 10
128 202 2
128 203 6
128 206 2
128 208 5
128 213 10
128 215 3
128 216 8
128 217 3
128 218 7
128 219 10
128 221 8
128 222 2
128 223 5
128 226 9
128 227 2
128 228 1
128 229 2
128 231 7
128 233 6
128 235 9
128 240 8
128 241 3
128 242 8
128 243 1
128 244 5
128 246 8
128 247 5
128 251 9
128 254 7
128 260 5
128 262 10
128 263 7
128 264 9
128 266 10
128 267 10
128 269 1
128 271 6
128 272 5
128 273 7
128 274 1
128 275 4
128 277 7
128 279 10
128 280 2
128 283 6
128 284 3
128 285 9
128 286 9
128 289 6
128 290 9
128 291 9
128 295 1
128 297 6
128 298 9
128 300 4
128 304 10
128 306 4
128 309 6
128 310 8
128 311 7
128 313 9
128 314 6
128 315 1
128 320 4
128 322 7
128 323 1
128 324 5
128 325 1
128 327 10
128 329 8
128 330 7
128 331 5
128 332 9
128 335 5
128 339 7
128 340 10
128 344 6
128 346 7
128 347 4
128 354 4
128 358 4
128 363 6
128 367 5
128 368 2
128 370 6
128 372 3
128 374 10
128 375 10
128 378 9
128 379 3
128 382 3
128 383 3
128 386 6
128 388 10
128 391 10
128 393 10
128 394 2
128 395 5
128 398 1
129 130 9
129 131 5
129 133 6
129 136 10
129 137 7
129 140 5
129 143 2
129 147 8
129 149 5
129 151 5
129 152 9
129 153 3
129 154 2
129 155 10
129 156 4
129 158 3
129 161 9
129 162 10
129 163 4
129 164 9
129 165 3
129 166 8
129 167 9
129 168 8
129 171 6
129 172 10
129 174 1
129 175 2
129 178 2
129 179 5
129 180 2
129 182 9
129 183 7
129 188 9
129 189 3
129 192 8
129 193 7
129 195 4
129 197 4
129 198 7
129 202 7
129 206 9
129 208 5
129 210 3
129 212 4
129 214 5
129 215 3
129 217 10
129 218 8
129 222 7
129 225 9
129 226 5
129 227 6
129 228 1
129 229 10
129 230 1
129 234 1
129 235 7
129 238 4
129 240 4
129 243 3
129 244 5
129 245 5
129 246 4
129 249 4
129 255 10
129 256 8
129 258 3
129 260 10
129 261 9
129 262 9
129 263 4
129 264 10
129 265 2
129 268 6
129 269 5
129 270 4
129 272 3
129 273 3
129 275 8
129 276 8
129 277 6
129 278 8
129 279 9
129 281 1
129 282 9
129 283 2
129 285 9
129 286 2
129 287 5
129 289 6
129 292 3
129 294 10
129 297 3
129 299 9
129 300 5
129 302 4
129 305 1
129 308 8
129 309 7
129 310 4
129 313 8
129 314 4
129 316 4
129 318 9
129 319 9
129 321 9
129 322 10
129 323 1
129 324 10
129 325 10
129 326 9
129 327 3
129 329 3
129 332 5
129 333 6
129 336 9
129 339 8
129 341 8
129 342 2
129 343 9
129 352 1
129 356 6
129 359 9
129 362 6
129 370 7
129 373 1
129 378 4
129 379 1
129 382 4
129 383 8
129 385 2
129 394 5
129 395 1
130 131 3
130 133 1
130 135 4
130 136 7
130 139 6
130 141 7
130 142 3
130 144 7
130 149 3
130 152 6
130 155 1
130 156 9
130 160 9
130 162 2
130 163 5
130 164 8
130 171 9
130 173 9
130 178 7
130 179 5
130 180 7
130 183 5
130 184 8
130 185 6
130 190 7
130 191 6
130 193 5
130 195 3
130 197 7
130 200 1
130 201 5
130 204 8
130 205 5
130 207 10
130 209 8
130 210 10
130 212 4
130 215 2
130 217 4
130 218 2
130 222 6
130 224 4
130 225 9
130 226 1
130 232 1
130 233 6
130 234 3
130 235 4
130 241 3
130 242 5
130 243 1
130 245 5
130 247 9
130 249 5
130 250 1
130 251 8
130 252 10
130 253 7
130 255 4
130 256 4
130 261 8
130 262 9
130 263 7
130 266 2
130 267 2
130 268 2
130 270 2
130 272 7
130 273 7
130 276 10
130 277 9
130 278 6
130 280 8
130 282 4
130 283 9
130 285 10
130 286 5
130 288 6
130 289 9
130 290 10
130 294 6
130 295 2
130 296 5
130 297 1
130 300 10
130 302 7
130 303 4
130 304 8
130 305 6
130 309 3
130 312 2
130 313 1
130 314 4
130 318 1
130 319 4
130 321 1
130 323 1
130 324 10
130 325 1
130 328 5
130 330 4
130 332 7
130 333 8
130 334 8
130 336 4
130 337 6
130 343 1
130 345 10
130 346 7
130 347 6
130 349 2
130 350 1
130 351 4
130 352 3
130 355 5
130 357 3
130 360 7
130 362 1
130 363 1
130 364 3
130 365 2
130 367 7
130 376 4
130 377 10
130 378 10
130 380 5
130 381 5
130 382 6
130 383 3
130 384 10
130 385 9
130 387 5
130 388 10
130 390 10
130 392 9
130 393 2
130 399 6
131 132 7
131 135 4
131 137 3
131 140 3
131 142 1
131 143 3
131 148 4
131 149 2
131 150 2
131 152 1
131 153 8
131 156 7
131 158 7
131 162 8
131 163 5
131 164 7
131 170 3
131 171 2
131 174 4
131 175 1
131 178 6
131 182 5
131 183 3
131 184 10
131 188 8
131 190 7
131 191 6
131 195 3
131 196 10
131 197 5
131 199 3
131 200 7
131 202 10
131 203 3
131 204 5
131 207 7
131 208 4
131 210 7
131 211 10
131 212 9
131 221 3
131 222 4
131 225 7
131 228 5
131 229 2
131 230 4
131 234 3
131 235 3
131 236 4
131 237 2
131 240 8
131 244 7
131 245 6
131 246 10
131 248 5
131 250 4
131 251 9
131 252 1
131 256 4
131 257 1
131 258 2
131 259 1
131 260 5
131 262 7
131 264 7
131 268 2
131 269 3
131 270 2
131 272 2
131 274 1
131 275 9
131 276 5
131 277 2
131 280 5
131 281 7
131 282 6
131 284 9
131 290 2
131 293 3
131 295 4
131 300 1
131 301 1
131 302 6
131 303 8
131 305 8
131 306 10
131 307 2
131 308 10
131 309 1
131 310 9
131 312 2
131 314 2
131 315 7
131 317 1
131 319 6
131 323 8
131 324 4
131 327 3
131 328 1
131 329 7
131 330 1
131 331 8
131 334 4
131 335 4
131 336 4
131 337 1
131 342 6
131 343 5
131 347 8
131 348 2
131 350 8
131 351 7
131 352 9
131 354 1
131 356 1
131 362 9
131 363 8
131 365 7
131 366 4
131 367 4
131 369 5
131 370 4
131 372 10
131 373 6
131 375 2
131 376 3
131 379 8
131 383 8
131 386 10
131 389 3
131 390 7
131 391 6
131 392 5
131 395 10
131 397 3
131 399 5
132 134 1
132 137 10
132 138 8
132 143 9
132 144 10
132 145 6
132 148 5
132 151 8
132 154 6
132 155 2
132 162 4
132 164 3
132 168 5
132 169 1
132 170 6
132 171 1
132 172 6
132 173 4
132 174 5
132 175 10
132 177 4
132 179 1
132 181 9
132 183 8
132 186 3
132 188 2
132 189 6
132 190 8
132 192 9
132 193 2
132 195 3
132 196 4
132 199 3
132 200 3
132 202 4
132 207 1
132 209 1
132 212 1
132 213 4
132 216 4
132 217 5
132 221 6
132 223 9
132 224 1
132 225 5
132 229 6
132 230 6
132 231 2
132 232 5
132 233 9
132 237 5
132 240 3
132 242 3
132 243 1
132 244 2
132 245 2
132 247 8
132 251 1
132 252 3
132 258 2
132 259 3
132 262 8
132 263 1
132 264 6
132 269 3
132 270 9
132 273 2
132 274 8
132 275 2
132 276 6
132 277 4
132 278 2
132 282 4
132 286 1
132 288 6
132 289 5
132 292 8
132 295 4
132 301 2
132 302 1
132 304 6
132 305 9
132 308 1
132 309 7
132 310 6
132 313 9
132 314 8
132 315 9
132 317 5
132 318 7
132 319 1
132 323 7
132 325 1
132 329 9
132 330 8
132 333 6
132 334 10
132 342 5
132 344 6
132 345 8
132 347 3
132 351 8
132 353 10
132 354 8
132 355 3
132 358 7
132 360 6
132 362 1
132 364 5
132 365 7
132 367 9
132 369 9
132 370 6
132 377 2
132 378 1
132 379 3
132 385 9
132 386 2
132 387 7
132 389 9
132 391 1
132 392 10
132 393 3
132 394 10
132 396 9
132 398 4
133 134 3
133 135 4
133 136 1
133 139 2
133 141 5
133 143 2
133 145 4
133 146 7
133 147 10
133 149 8
133 151 9
133 152 5
133 158 5
133 160 1
133 161 1
133 165 3
133 167 10
133 168 6
133 169 5
133 170 3
133 173 8
133 175 8
133 178 6
133 179 10
133 184 3
133 186 8
133 187 6
133 190 10
133 192 5
133 193 2
133 194 10
133 195 10
133 200 3
133 201 8
133 202 6
133 204 9
133 205 9
133 206 9
133 207 9
133 210 4
133 211 7
133 213 5
133 214 5
133 215 6
133 216 1
133 225 9
133 227 3
133 228 3
133 231 10
133 233 2
133 234 5
133 236 2
133 237 3
133 241 3
133 244 3
133 245 3
133 247 8
133 248 4
133 249 8
133 250 7
133 253 5
133 254 5
133 256 3
133 260 10
133 261 7
133 266 9
133 268 3
133 270 9
133 271 1
133 273 2
133 278 4
133 282 4
133 287 6
133 288 6
133 289 10
133 290 7
133 291 6
133 292 3
133 295 6
133 297 7
133 298 5
133 300 10
133 303 9
133 304 9
133 307 8
133 310 7
133 311 3
133 312 2
133 313 4
133 316 10
133 318 10
133 321 3
133 323 3
133 326 4
133 327 3
133 328 9
133 330 6
133 332 6
133 333 7
133 334 1
133 337 8
133 338 8
133 339 7
133 340 7
133 341 5
133 348 4
133 349 8
133 353 6
133 354 2
133 355 8
133 356 8
133 357 7
133 358 10
133 360 7
133 362 3
133 364 8
133 365 2
133 366 3
133 369 10
133 370 3
133 371 9
133 373 3
133 375 7
133 376 10
133 379 8
133 380 5
133 382 1
133 384 3
133 385 3
133 387 2
133 388 10
133 392 8
133 396 1
133 398 3
133 399 7
134 135 9
134 137 5
134 140 6
134 142 6
134 148 1
134 150 9
134 154 7
134 156 7
134 158 10
134 159 2
134 160 4
134 161 3
134 162 6
134 164 8
134 165 4
134 169 4
134 170 5
134 172 7
134 173 1
134 178 9
134 179 2
134 184 5
134 185 9
134 186 5
134 187 5
134 188 9
134 189 4
134 190 3
134 191 7
134 192 6
134 197 5
134 198 3
134 202 7
134 203 2
134 204 2
134 205 2
134 208 4
134 209 2
134 210 8
134 211 7
134 214 8
134 215 10
134 218 3
134 219 7
134 220 7
134 221 1
134 222 5
134 224 8
134 225 1
134 226 10
134 227 9
134 228 8
134 230 2
134 231 3
134 232 3
134 233 10
134 237 3
134 243 3
134 245 10
134 248 7
134 250 10
134 255 2
134 257 3
134 259 8
134 260 7
134 261 3
134 262 9
134 263 3
134 264 5
134 266 5
134 269 4
134 273 7
134 276 10
134 277 2
134 281 3
134 282 10
134 283 3
134 289 5
134 291 5
134 293 1
134 296 7
134 299 5
134 300 3
134 303 6
134 304 8
134 307 8
134 310 4
134 311 2
134 312 7
134 313 5
134 319 8
134 320 5
134 322 9
134 325 10
134 326 6
134 327 6
134 329 5
134 330 9
134 331 1
134 332 2
134 335 1
134 342 9
134 344 10
134 346 1
134 347 1
134 349 2
134 352 6
134 357 1
134 358 1
134 363 1
134 364 9
134 365 2
134 367 3
134 368 3
134 370 1
134 372 1
134 374 3
134 375 8
134 377 6
134 382 9
134 383 10
134 384 10
134 385 2
134 388 1
134 389 5
134 392 9
134 394 1
134 398 2
134 399 7
135 137 1
135 138 5
135 139 10
135 142 6
135 146 7
135 147 9
135 149 4
135 154 8
135 156 7
135 157 10
135 158 7
135 159 7
135 161 9
135 162 1
135 165 2
135 166 1
135 168 6
135 169 8
135 170 5
135 171 7
135 172 8
135 175 4
135 177 3
135 178 1
135 180 9
135 181 5
135 183 9
135 187 5
135 188 3
135 190 2
135 191 10
135 192 3
135 193 5
135 194 3
135 195 7
135 197 5
135 198 10
135 199 8
135 200 3
135 201 5
135 206 6
135 208 1
135 209 4
135 210 6
135 211 8
135 216 10
135 219 9
135 220 9
135 221 5
135 222 10
135 224 9
135 226 4
135 230 2
135 232 3
135 234 9
135 235 6
135 237 7
135 238 5
135 243 1
135 245 9
135 247 7
135 249 5
135 250 3
135 251 10
135 253 9
135 255 2
135 256 3
135 257 3
135 259 2
135 261 5
135 263 7
135 264 2
135 265 2
135 267 3
135 268 1
135 269 8
135 272 7
135 274 7
135 275 10
135 276 4
135 277 1
135 278 5
135 285 3
135 286 10
135 288 3
135 289 8
135 293 8
135 295 9
135 296 6
135 299 6
135 300 10
135 302 2
135 303 10
135 308 4
135 310 9
135 311 10
135 312 10
135 313 1
135 316 6
135 317 10
135 318 3
135 319 2
135 321 9
135 322 1
135 323 4
135 327 1
135 328 10
135 330 1
135 331 7
135 332 9
135 333 4
135 336 3
135 337 4
135 340 7
135 341 6
135 344 9
135 346 4
135 347 8
135 349 3
135 352 3
135 353 6
135 355 8
135 357 10
135 358 8
135 359 5
135 361 1
135 363 10
135 364 2
135 365 9
135 368 1
135 369 5
135 370 7
135 372 4
135 373 10
135 374 10
135 376 6
135 377 3
135 381 6
135 384 7
135 385 10
135 386 1
135 389 10
135 390 2
135 391 3
135 394 10
135 395 9
135 398 8
136 137 10
136 141 5
136 143 2
136 144 6
136 146 4
136 147 9
136 149 7
136 151 1
136 152 9
136 154 4
136 162 10
136 163 5
136 164 5
136 166 7
136 168 8
136 169 1
136 171 2
136 173 8
136 175 6
136 177 4
136 178 4
136 180 4
136 183 6
136 185 9
136 186 2
136 187 1
136 188 4
136 189 2
136 191 5
136 192 9
136 193 5
136 195 8
136 199 1
136 200 1
136 202 9
136 204 10
136 205 9
136 206 6
136 207 9
136 209 9
136 210 9
136 211 7
136 212 7
136 215 5
136 217 3
136 218 5
136 219 2
136 228 5
136 229 8
136 231 10
136 233 6
136 237 2
136 239 3
136 240 2
136 247 7
136 248 5
136 249 4
136 250 10
136 251 3
136 252 6
136 253 5
136 254 9
136 256 9
136 257 1
136 258 9
136 259 9
136 260 6
136 261 7
136 264 6
136 266 9
136 267 8
136 268 5
136 269 4
136 270 7
136 271 9
136 275 9
136 277 9
136 278 3
136 279 10
136 281 8
136 284 1
136 285 1
136 286 1
136 288 1
136 290 8
136 291 2
136 292 7
136 293 10
136 295 1
136 297 2
136 298 4
136 301 1
136 304 1
136 306 6
136 307 8
136 309 1
136 310 7
136 311 8
136 313 10
136 317 9
136 318 8
136 319 9
136 320 7
136 321 3
136 328 5
136 330 9
136 332 3
136 335 6
136 337 7
136 340 7
136 342 9
136 343 6
136 350 1
136 353 9
136 356 3
136 357 1
136 358 3
136 359 3
136 360 4
136 361 5
136 364 5
136 365 1
136 366 10
136 367 2
136 368 1
136 370 10
136 373 3
136 375 1
136 380 1
136 381 3
136 382 4
136 383 5
136 386 6
136 387 3
136 389 3
136 391 3
136 392 6
136 393 4
136 394 1
136 396 9
136 398 8
136 399 4
137 138 7
137 140 5
137 141 10
137 148 1
137 150 2
137 151 5
137 152 7
137 153 9
137 154 1
137 155 2
137 157 6
137 161 6
137 162 2
137 167 4
137 168 3
137 173 10
137 176 7
137 178 9
137 179 8
137 181 3
137 187 7
137 189 2
137 190 6
137 192 7
137 193 8
137 194 3
137 195 4
137 196 4
137 197 9
137 199 3
137 201 4
137 204 4
137 205 7
137 207 7
137 208 7
137 209 4
137 210 2
137 214 2
137 215 6
137 216 8
137 217 9
137 218 2
137 221 10
137 222 5
137 223 5
137 224 7
137 230 2
137 232 9
137 234 7
137 235 9
137 236 9
137 237 4
137 238 9
137 240 5
137 242 6
137 243 8
137 244 6
137 247 6
137 251 6
137 252 1
137 256 9
137 257 4
137 258 9
137 259 9
137 261 5
137 262 5
137 263 4
137 264 8
137 265 7
137 270 2
137 272 3
137 274 6
137 275 10
137 276 6
137 280 2
137 281 8
137 285 9
137 286 6
137 288 4
137 289 5
137 290 10
137 293 6
137 295 10
137 297 3
137 301 1
137 302 7
137 306 3
137 309 1
137 310 7
137 311 2
137 315 4
137 316 8
137 319 1
137 321 1
137 322 6
137 324 1
137 325 9
137 326 7
137 328 6
137 329 3
137 332 9
137 337 4
137 344 3
137 350 7
137 352 3
137 356 4
137 357 2
137 358 2
137 360 4
137 361 6
137 362 7
137 363 2
137 366 9
137 367 3
137 369 5
137 373 7
137 374 8
137 375 1
137 377 5
137 379 1
137 383 2
137 384 2
137 385 5
137 386 4
137 389 7
137 390 6
137 395 8
137 397 8
137 398 4
138 139 8
138 143 6
138 144 6
138 147 4
138 149 1
138 151 1
138 153 8
138 154 6
138 155 8
138 156 2
138 157 4
138 158 7
138 159 6
138 161 10
138 162 4
138 163 1
138 165 9
138 167 9
138 168 8
138 171 2
138 173 3
138 174 1
138 175 8
138 176 8
138 177 8
138 178 8
138 180 1
138 182 5
138 183 6
138 185 5
138 187 1
138 188 4
138 189 8
138 190 8
138 192 10
138 196 9
138 198 7
138 199 2
138 201 10
138 202 3
138 203 4
138 204 9
138 205 10
138 206 3
138 207 4
138 208 2
138 209 8
138 215 6
138 216 7
138 218 7
138 221 8
138 222 5
138 223 5
138 226 5
138 231 8
138 235 8
138 237 6
138 241 9
138 242 8
138 243 1
138 244 1
138 245 9
138 246 1
138 247 10
138 249 10
138 252 4
138 253 7
138 255 7
138 258 4
138 267 5
138 270 7
138 272 8
138 273 5
138 274 1
138 279 2
138 281 1
138 282 1
138 283 10
138 286 7
138 287 6
138 288 7
138 289 10
138 291 2
138 293 2
138 294 6
138 297 7
138 298 7
138 299 10
138 303 10
138 304 9
138 306 4
138 307 3
138 308 10
138 313 4
138 315 7
138 316 7
138 318 1
138 319 7
138 323 4
138 328 6
138 331 5
138 336 6
138 337 5
138 345 2
138 346 10
138 348 1
138 349 6
138 350 8
138 351 10
138 352 10
138 356 10
138 359 2
138 361 3
138 362 4
138 364 5
138 371 5
138 373 8
138 375 2
138 376 8
138 378 6
138 380 10
138 381 7
138 384 8
138 385 5
138 387 2
138 388 4
138 390 5
138 391 8
138 392 7
138 393 2
138 395 8
138 398 4
139 141 4
139 142 7
139 143 5
139 144 4
139 147 2
139 148 8
139 149 5
139 150 3
139 152 7
139 153 6
139 155 5
139 156 4
139 158 1
139 159 7
139 160 6
139 161 4
139 163 5
139 165 9
139 169 1
139 170 9
139 172 4
139 175 8
139 176 1
139 177 10
139 181 2
139 182 8
139 183 1
139 188 10
139 191 10
139 192 3
139 194 10
139 198 10
139 199 8
139 204 3
139 205 1
139 207 5
139 208 9
139 210 4
139 212 10
139 214 3
139 215 9
139 218 10
139 220 10
139 223 2
139 224 4
139 226 3
139 231 7
139 232 5
139 233 4
139 235 10
139 238 10
139 240 3
139 241 3
139 242 2
139 246 6
139 249 6
139 253 8
139 254 7
139 255 2
139 257 1
139 260 7
139 263 10
139 264 1
139 267 1
139 270 3
139 272 8
139 275 10
139 283 1
139 284 3
139 289 8
139 290 6
139 293 4
139 294 3
139 295 6
139 297 7
139 298 10
139 301 7
139 303 6
139 304 8
139 306 1
139 307 7
139 308 1
139 312 5
139 314 9
139 316 8
139 319 9
139 323 2
139 325 4
139 326 2
139 328 8
139 331 7
139 333 9
139 334 8
139 335 8
139 336 9
139 338 7
139 339 4
139 343 6
139 344 1
139 345 5
139 346 5
139 347 4
139 348 2
139 349 6
139 350 2
139 351 2
139 353 2
139 354 8
139 355 7
139 356 9
139 357 5
139 358 6
139 359 8
139 361 8
139 365 8
139 367 7
139 369 1
139 370 6
139 371 1
139 372 2
139 373 3
139 375 2
139 377 2
139 379 2
139 381 9
139 384 2
139 385 1
139 386 5
139 387 6
139 389 8
139 390 9
139 394 3
139 398 8
139 399 9
140 142 3
140 143 1
140 144 7
140 145 4
140 146 9
140 149 2
140 152 10
140 156 8
140 158 3
140 159 3
140 160 1
140 161 9
140 162 8
140 164 4
140 165 4
140 166 7
140 169 3
140 171 8
140 173 10
140 175 3
140 176 2
140 178 5
140 182 5
140 184 6
140 185 2
140 186 4
140 188 9
140 189 2
140 190 6
140 191 3
140 192 6
140 194 5
140 195 8
140 197 3
140 198 10
140 199 3
140 201 7
140 203 1
140 208 1
140 210 7
140 211 6
140 213 1
140 215 1
140 220 6
140 221 6
140 224 1
140 227 9
140 229 8
140 230 7
140 231 4
140 235 7
140 239 1
140 240 6
140 241 3
140 242 7
140 243 4
140 247 9
140 249 7
140 250 8
140 252 10
140 253 1
140 258 1
140 259 3
140 262 3
140 263 8
140 266 5
140 269 1
140 271 10
140 272 4
140 278 9
140 279 1
140 280 2
140 281 1
140 283 6
140 284 1
140 285 10
140 286 5
140 287 5
140 288 9
140 291 1
140 295 9
140 296 1
140 298 3
140 301 6
140 303 1
140 304 3
140 305 6
140 311 4
140 314 4
140 316 1
140 319 10
140 320 5
140 324 8
140 325 3
140 326 2
140 327 10
140 329 5
140 330 10
140 332 6
140 333 1
140 334 1
140 336 1
140 341 3
140 343 4
140 344 4
140 346 9
140 347 6
140 348 10
140 349 9
140 350 8
140 351 4
140 356 7
140 357 5
140 362 3
140 364 6
140 366 5
140 367 10
140 369 2
140 370 10
140 373 3
140 376 9
140 377 1
140 383 1
140 384 4
140 385 5
140 386 7
140 387 7
140 393 1
140 394 1
140 395 6
140 396 3
140 397 9
140 399 8
141 142 10
141 143 7
141 146 5
141 148 9
141 151 9
141 152 7
141 157 5
141 158 2
141 159 10
141 160 10
141 161 5
141 162 8
141 163 6
141 166 4
141 167 7
141 173 8
141 174 6
141 178 4
141 179 7
141 180 2
141 187 5
141 188 9
141 189 2
141 192 4
141 193 3
141 196 2
141 197 1
141 199 10
141 200 1
141 205 7
141 207 3
141 208 9
141 212 5
141 214 6
141 218 7
141 219 9
141 220 7
141 221 7
141 227 5
141 230 4
141 231 5
141 232 2
141 233 9
141 234 4
141 239 8
141 240 2
141 245 4
141 246 2
141 248 7
141 249 1
141 252 1
141 254 6
141 255 8
141 260 8
141 263 8
141 265 3
141 266 1
141 267 4
141 270 10
141 273 2
141 276 7
141 278 7
141 279 8
141 281 4
141 282 9
141 284 10
141 285 3
141 288 10
141 289 9
141 290 6
141 292 10
141 293 1
141 294 10
141 295 6
141 296 2
141 298 2
141 299 10
141 300 9
141 302 1
141 303 2
141 306 3
141 310 10
141 316 3
141 317 4
141 318 3
141 321 2
141 323 4
141 324 7
141 325 9
141 327 9
141 328 4
141 330 6
141 333 7
141 337 9
141 338 3
141 339 6
141 340 10
141 341 5
141 347 5
141 350 4
141 353 7
141 356 9
141 357 4
141 359 8
141 360 4
141 361 6
141 364 2
141 365 4
141 366 8
141 370 10
141 372 6
141 374 2
141 375 3
141 378 10
141 379 7
141 381 10
141 382 8
141 385 10
141 386 2
141 390 2
141 393 5
141 395 10
141 397 10
142 143 5
142 144 5
142 145 4
142 149 1
142 151 1
142 154 6
142 156 2
142 157 10
142 158 5
142 159 5
142 160 4
142 163 1
142 165 5
142 169 8
142 170 4
142 171 7
142 172 7
142 174 9
142 176 1
142 178 5
142 181 2
142 183 5
142 190 5
142 191 6
142 193 10
142 195 8
142 198 10
142 199 1
142 204 6
142 206 2
142 207 1
142 208 1
142 209 10
142 210 9
142 211 5
142 215 10
142 220 8
142 224 3
142 226 6
142 229 1
142 230 3
142 234 3
142 235 6
142 238 1
142 240 7
142 241 8
142 242 9
142 246 1
142 247 7
142 248 3
142 250 2
142 251 2
142 252 4
142 255 6
142 257 7
142 258 5
142 261 5
142 262 9
142 263 4
142 265 10
142 267 6
142 268 9
142 270 4
142 271 8
142 272 8
142 274 5
142 276 6
142 279 2
142 281 4
142 282 9
142 284 10
142 287 7
142 292 9
142 294 10
142 299 2
142 301 2
142 302 5
142 306 7
142 308 6
142 310 3
142 311 6
142 313 10
142 314 9
142 315 3
142 316 3
142 318 10
142 319 6
142 320 3
142 323 2
142 324 9
142 325 3
142 327 6
142 329 7
142 332 7
142 334 3
142 335 6
142 336 7
142 338 1
142 339 6
142 340 2
142 341 1
142 342 2
142 343 8
142 344 6
142 345 4
142 346 9
142 348 2
142 349 4
142 353 7
142 354 3
142 356 9
142 358 1
142 361 9
142 362 7
142 363 6
142 364 1
142 366 2
142 367 1
142 368 6
142 372 7
142 374 10
142 375 1
142 376 10
142 379 1
142 383 1
142 385 10
142 386 4
142 389 9
142 391 7
142 392 5
142 393 6
142 395 2
142 397 7
142 398 5
143 146 1
143 147 10
143 148 6
143 149 7
143 152 2
143 155 4
143 156 8
143 159 8
143 164 9
143 166 3
143 169 7
143 170 3
143 172 7
143 173 4
143 174 2
143 175 1
143 177 2
143 178 2
143 180 3
143 181 6
143 182 1
143 183 2
143 184 3
143 186 1
143 187 4
143 189 2
143 190 1
143 193 4
143 195 3
143 197 2
143 198 7
143 201 1
143 203 6
143 204 9
143 205 4
143 207 7
143 208 4
143 209 9
143 211 10
143 212 10
143 218 8
143 220 6
143 222 3
143 224 10
143 226 2
143 228 10
143 229 3
143 231 4
143 233 9
143 234 7
143 235 3
143 236 9
143 238 8
143 241 6
143 242 8
143 243 4
143 244 5
143 246 7
143 251 7
143 253 1
143 254 1
143 255 8
143 257 2
143 260 5
143 264 8
143 265 3
143 266 2
143 269 3
143 272 1
143 273 8
143 274 4
143 275 5
143 276 1
143 279 9
143 281 10
143 283 4
143 285 8
143 286 10
143 288 8
143 289 1
143 290 10
143 291 10
143 301 4
143 303 3
143 304 2
143 306 2
143 309 7
143 310 10
143 313 9
143 317 8
143 318 6
143 321 2
143 322 3
143 327 10
143 328 8
143 330 9
143 331 9
143 332 5
143 333 2
143 335 6
143 336 6
143 338 8
143 340 2
143 342 5
143 347 6
143 349 4
143 350 8
143 353 8
143 354 10
143 356 6
143 357 1
143 358 1
143 359 7
143 360 2
143 363 2
143 365 1
143 371 9
143 372 5
143 373 3
143 374 10
143 375 10
143 378 3
143 379 7
143 380 5
143 381 1
143 382 4
143 388 1
143 389 6
143 391 10
143 393 10
143 395 8
143 396 7
143 398 1
143 399 6
144 145 5
144 148 2
144 152 9
144 153 2
144 160 6
144 161 6
144 162 2
144 163 6
144 165 4
144 167 8
144 171 9
144 172 5
144 174 3
144 178 5
144 180 7
144 182 1
144 184 5
144 185 5
144 186 6
144 187 2
144 189 8
144 190 7
144 192 7
144 195 7
144 198 4
144 199 1
144 202 1
144 203 3
144 207 3
144 212 7
144 215 5
144 216 1
144 217 3
144 218 2
144 219 1
144 222 10
144 224 2
144 227 2
144 228 2
144 229 10
144 230 7
144 234 1
144 237 1
144 238 9
144 239 10
144 240 5
144 241 9
144 243 2
144 247 6
144 248 5
144 249 9
144 250 2
144 251 3
144 252 10
144 254 4
144 256 6
144 259 8
144 263 5
144 264 4
144 265 5
144 270 9
144 271 1
144 273 2
144 274 7
144 275 7
144 277 7
144 278 8
144 279 1
144 280 4
144 284 7
144 287 7
144 288 5
144 290 1
144 291 6
144 292 8
144 293 7
144 294 3
144 295 4
144 297 6
144 300 6
144 301 6
144 303 8
144 305 6
144 307 9
144 309 10
144 310 5
144 312 5
144 313 3
144 315 9
144 316 4
144 318 10
144 319 9
144 322 9
144 323 9
144 324 3
144 326 3
144 327 3
144 330 7
144 331 5
144 333 1
144 334 9
144 335 3
144 336 6
144 337 8
144 338 2
144 340 10
144 342 6
144 343 1
144 347 8
144 350 7
144 355 6
144 357 2
144 358 7
144 359 4
144 360 3
144 363 7
144 364 5
144 366 8
144 374 5
144 375 5
144 378 3
144 382 5
144 383 2
144 385 8
144 387 1
144 389 3
144 390 3
144 393 9
144 395 7
144 396 6
145 146 7
145 149 7
145 151 5
145 153 2
145 156 4
145 158 1
145 159 10
145 160 6
145 162 1
145 164 3
145 166 6
145 170 9
145 173 5
145 174 6
145 175 10
145 177 1
145 179 6
145 180 3
145 181 2
145 183 8
145 184 9
145 187 3
145 188 3
145 189 10
145 197 7
145 198 6
145 199 7
145 202 3
145 203 5
145 204 9
145 205 5
145 208 8
145 209 10
145 212 2
145 213 3
145 215 6
145 216 5
145 218 7
145 222 4
145 223 6
145 225 6
145 227 4
145 228 7
145 231 3
145 232 3
145 233 7
145 234 3
145 235 1
145 239 10
145 240 6
145 242 2
145 243 8
145 244 4
145 246 7
145 249 10
145 251 5
145 253 4
145 254 5
145 255 5
145 256 4
145 257 2
145 258 2
145 260 9
145 261 6
145 262 4
145 265 7
145 266 8
145 267 6
145 268 4
145 269 2
145 270 4
145 271 9
145 273 3
145 276 8
145 277 9
145 279 7
145 280 5
145 283 5
145 286 4
145 289 3
145 296 7
145 297 3
145 299 10
145 301 3
145 302 10
145 304 6
145 305 6
145 307 4
145 312 9
145 313 5
145 314 4
145 315 8
145 316 8
145 317 9
145 318 3
145 319 8
145 320 9
145 325 8
145 327 1
145 328 1
145 331 3
145 335 9
145 337 2
145 346 9
145 348 4
145 350 5
145 351 5
145 352 4
145 356 7
145 363 10
145 364 10
145 367 9
145 369 9
145 371 10
145 373 7
145 375 9
145 377 3
145 379 9
145 380 8
145 381 3
145 382 10
145 383 4
145 384 7
145 385 9
145 388 6
145 393 9
145 396 9
145 399 8
146 148 8
146 150 9
146 151 7
146 153 10
146 156 3
146 157 3
146 159 2
146 160 5
146 166 5
146 167 10
146 172 10
146 173 7
146 174 1
146 176 1
146 178 5
146 182 5
146 183 5
146 184 9
146 187 5
146 192 5
146 193 7
146 195 9
146 196 8
146 197 6
146 200 10
146 201 10
146 203 8
146 204 9
146 205 2
146 206 5
146 209 6
146 216 7
146 218 1
146 219 2
146 220 3
146 222 4
146 223 8
146 224 2
146 227 3
146 228 7
146 229 9
146 232 2
146 234 10
146 235 1
146 236 8
146 237 1
146 239 5
146 240 4
146 243 8
146 250 9
146 252 4
146 254 10
146 256 6
146 258 5
146 260 2
146 261 1
146 262 7
146 264 1
146 265 7
146 266 1
146 270 10
146 271 8
146 273 10
146 274 6
146 276 10
146 279 6
146 281 8
146 282 7
146 283 10
146 289 8
146 290 5
146 293 1
146 295 3
146 296 9
146 297 6
146 299 6
146 300 2
146 301 3
146 302 6
146 303 10
146 304 10
146 307 10
146 308 3
146 309 10
146 313 2
146 314 5
146 315 1
146 319 5
146 321 3
146 322 5
146 323 3
146 324 3
146 326 8
146 329 1
146 331 9
146 334 9
146 335 4
146 337 3
146 340 2
146 341 1
146 347 2
146 348 2
146 350 3
146 354 10
146 355 3
146 356 7
146 360 6
146 361 6
146 365 10
146 367 8
146 371 1
146 373 3
146 375 9
146 378 7
146 388 2
146 389 2
146 390 7
146 392 3
146 396 8
146 398 3
146 399 9
147 152 10
147 153 3
147 155 6
147 156 4
147 157 7
147 158 6
147 160 5
147 161 4
147 163 10
147 164 5
147 165 10
147 167 8
147 168 3
147 169 7
147 170 9
147 171 5
147 172 2
147 175 5
147 176 7
147 178 1
147 181 6
147 182 7
147 185 7
147 186 1
147 188 1
147 189 7
147 190 3
147 192 7
147 195 9
147 196 10
147 197 9
147 198 3
147 203 5
147 206 10
147 208 6
147 209 8
147 210 5
147 216 6
147 222 3
147 224 8
147 227 6
147 228 9
147 229 1
147 233 10
147 235 2
147 237 3
147 238 2
147 243 1
147 245 5
147 247 5
147 248 1
147 250 10
147 252 3
147 254 1
147 258 2
147 262 10
147 263 6
147 264 4
147 266 7
147 268 2
147 269 1
147 270 7
147 271 3
147 272 4
147 276 5
147 277 6
147 280 2
147 282 10
147 284 7
147 286 7
147 287 9
147 291 9
147 292 10
147 294 1
147 296 6
147 297 3
147 298 7
147 299 7
147 300 3
147 301 10
147 304 2
147 305 9
147 306 4
147 309 7
147 311 3
147 312 8
147 313 1
147 315 3
147 316 6
147 317 8
147 318 4
147 319 1
147 320 9
147 321 8
147 323 1
147 324 9
147 325 10
147 327 7
147 328 7
147 329 7
147 335 5
147 338 6
147 342 1
147 345 4
147 347 1
147 352 3
147 353 5
147 354 4
147 356 10
147 357 3
147 359 4
147 360 10
147 363 4
147 367 1
147 369 3
147 373 7
147 374 9
147 375 9
147 376 10
147 378 1
147 381 3
147 382 2
147 384 4
147 385 6
147 386 8
147 390 1
147 391 3
147 394 3
147 396 10
148 150 6
148 151 2
148 153 1
148 155 5
148 159 2
148 161 5
148 162 6
148 163 5
148 164 1
148 168 9
148 169 2
148 173 1
148 178 7
148 179 4
148 180 9
148 181 9
148 182 4
148 183 9
148 187 8
148 188 3
148 194 2
148 196 8
148 197 2
148 199 2
148 202 3
148 203 4
148 206 1
148 207 6
148 208 1
148 211 9
148 214 5
148 215 10
148 217 8
148 220 7
148 221 8
148 222 8
148 223 6
148 224 3
148 226 2
148 228 4
148 229 5
148 236 9
148 239 6
148 241 3
148 242 5
148 243 7
148 244 9
148 245 8
148 246 5
148 249 1
148 250 10
148 251 5
148 253 4
148 258 8
148 259 9
148 261 3
148 263 1
148 264 5
148 268 2
148 270 5
148 272 9
148 273 5
148 275 6
148 277 8
148 278 6
148 280 8
148 281 5
148 282 7
148 283 9
148 287 9
148 288 6
148 290 2
148 293 3
148 295 10
148 299 3
148 300 5
148 301 7
148 304 10
148 305 5
148 307 7
148 314 6
148 315 8
148 317 2
148 323 3
148 324 5
148 325 3
148 328 6
148 329 1
148 331 3
148 337 9
148 338 1
148 339 8
148 340 1
148 342 2
148 345 1
148 346 2
148 348 6
148 349 9
148 352 10
148 355 8
148 356 1
148 357 10
148 363 4
148 366 4
148 367 6
148 369 4
148 372 8
148 373 2
148 374 8
148 375 1
148 378 6
148 379 3
148 380 10
148 381 3
148 384 6
148 386 9
148 388 10
148 390 3
148 394 3
148 398 7
149 151 6
149 152 6
149 153 7
149 154 5
149 158 5
149 161 3
149 162 4
149 168 7
149 169 7
149 173 2
149 177 6
149 178 7
149 179 3
149 180 6
149 183 10
149 184 6
149 185 2
149 187 9
149 188 8
149 191 2
149 193 7
149 195 10
149 196 1
149 199 8
149 200 2
149 202 1
149 203 3
149 205 7
149 207 1
149 208 8
149 209 9
149 211 6
149 215 9
149 216 7
149 219 2
149 222 3
149 223 10
149 226 7
149 227 6
149 228 3
149 232 6
149 234 8
149 235 7
149 237 9
149 238 2
149 242 8
149 244 4
149 245 2
149 246 6
149 249 9
149 251 10
149 254 3
149 256 10
149 261 10
149 268 2
149 273 10
149 275 7
149 276 2
149 278 10
149 279 9
149 281 7
149 283 7
149 284 1
149 285 6
149 288 1
149 290 10
149 291 2
149 292 10
149 293 6
149 296 7
149 297 10
149 300 3
149 301 2
149 304 6
149 305 1
149 306 10
149 307 1
149 308 4
149 311 6
149 314 3
149 316 9
149 317 8
149 319 2
149 322 10
149 324 10
149 325 4
149 326 1
149 328 1
149 331 4
149 332 4
149 333 2
149 334 5
149 336 1
149 338 2
149 339 3
149 342 8
149 343 1
149 344 10
149 345 7
149 348 5
149 349 5
149 350 3
149 351 2
149 352 10
149 355 9
149 359 1
149 360 10
149 362 8
149 363 1
149 368 7
149 371 1
149 378 7
149 380 3
149 384 3
149 385 1
149 386 8
149 387 2
149 388 7
149 390 10
149 392 1
149 394 2
149 395 2
149 397 1
149 398 5
149 399 1
150 152 9
150 154 9
150 156 9
150 157 1
150 158 3
150 161 10
150 162 6
150 163 9
150 165 1
150 166 9
150 168 1
150 169 6
150 170 1
150 172 1
150 175 10
150 177 9
150 186 5
150 188 5
150 190 10
150 191 2
150 192 7
150 193 5
150 194 8
150 195 2
150 198 3
150 199 7
150 200 5
150 201 4
150 202 2
150 204 5
150 206 6
150 211 7
150 212 9
150 216 7
150 217 8
150 218 7
150 220 10
150 221 10
150 222 10
150 225 9
150 226 8
150 227 5
150 228 5
150 229 6
150 231 9
150 233 9
150 235 6
150 238 4
150 239 3
150 240 6
150 242 3
150 245 8
150 246 5
150 247 2
150 248 3
150 253 4
150 254 10
150 256 10
150 257 2
150 258 8
150 259 5
150 260 6
150 262 2
150 263 9
150 264 7
150 265 3
150 269 2
150 270 1
150 273 1
150 274 10
150 276 1
150 278 4
150 280 8
150 282 5
150 285 3
150 286 2
150 288 7
150 290 10
150 291 3
150 292 3
150 293 7
150 298 5
150 300 4
150 301 1
150 303 3
150 304 1
150 306 3
150 313 6
150 315 3
150 317 6
150 318 4
150 320 5
150 321 2
150 323 5
150 324 6
150 325 4
150 326 2
150 327 2
150 328 3
150 331 6
150 332 5
150 335 8
150 336 8
150 339 4
150 342 4
150 343 9
150 344 2
150 347 5
150 348 4
150 349 8
150 350 6
150 351 3
150 352 2
150 353 2
150 355 1
150 357 4
150 365 2
150 366 1
150 368 10
150 371 9
150 372 6
150 374 1
150 376 5
150 380 8
150 381 1
150 383 9
150 384 1
150 385 8
150 386 6
150 388 2
150 389 8
150 390 1
150 391 9
150 394 10
150 396 5
150 397 6
151 152 1
151 153 9
151 156 9
151 159 9
151 161 2
151 163 5
151 165 1
151 170 7
151 172 4
151 177 7
151 180 5
151 181 9
151 182 5
151 184 3
151 186 3
151 187 2
151 188 9
151 189 9
151 190 2
151 193 5
151 194 6
151 196 8
151 197 5
151 198 4
151 200 8
151 204 10
151 205 3
151 206 1
151 211 4
151 212 8
151 213 2
151 215 3
151 217 2
151 220 6
151 223 5
151 225 2
151 226 10
151 229 3
151 230 4
151 231 2
151 232 10
151 233 7
151 234 7
151 235 1
151 237 1
151 238 6
151 239 9
151 249 3
151 250 4
151 251 9
151 252 5
151 255 2
151 256 6
151 257 1
151 260 2
151 261 2
151 266 1
151 267 9
151 268 10
151 274 4
151 275 2
151 278 9
151 279 3
151 280 8
151 281 4
151 285 4
151 286 4
151 287 2
151 289 3
151 290 4
151 291 8
151 292 6
151 293 1
151 295 8
151 296 1
151 301 6
151 302 5
151 305 9
151 306 4
151 307 2
151 309 5
151 310 9
151 312 1
151 318 9
151 321 6
151 324 2
151 326 5
151 327 10
151 329 5
151 330 6
151 333 6
151 339 10
151 340 1
151 344 2
151 345 6
151 346 2
151 348 4
151 350 7
151 351 10
151 352 3
151 354 3
151 355 8
151 356 7
151 359 1
151 361 3
151 362 2
151 363 1
151 365 4
151 366 10
151 367 10
151 368 6
151 370 10
151 371 8
151 372 5
151 374 5
151 375 9
151 376 2
151 377 4
151 379 8
151 380 2
151 382 10
151 383 10
151 384 9
151 386 1
151 388 2
151 389 7
151 390 2
151 391 2
151 392 1
151 393 6
151 396 4
151 397 1
151 399 2
152 153 4
152 155 10
152 161 8
152 163 5
152 164 4
152 165 10
152 166 5
152 169 3
152 170 1
152 171 6
152 172 8
152 174 5
152 175 9
152 177 6
152 178 7
152 180 9
152 181 8
152 182 7
152 183 10
152 184 5
152 193 6
152 195 10
152 198 5
152 199 9
152 201 1
152 203 9
152 204 8
152 205 9
152 206 1
152 207 3
152 211 7
152 212 2
152 213 4
152 216 9
152 219 1
152 220 6
152 221 5
152 226 6
152 229 5
152 232 10
152 235 9
152 238 9
152 241 7
152 242 2
152 243 2
152 244 3
152 245 10
152 249 1
152 251 8
152 254 8
152 257 8
152 260 3
152 261 4
152 269 6
152 271 1
152 273 6
152 275 1
152 277 2
152 278 7
152 280 7
152 282 9
152 289 5
152 291 5
152 294 10
152 295 7
152 299 2
152 303 2
152 304 8
152 308 3
152 311 8
152 316 3
152 318 9
152 321 7
152 328 3
152 329 7
152 330 8
152 331 3
152 333 5
152 334 10
152 337 5
152 339 4
152 341 9
152 344 2
152 346 3
152 347 6
152 348 7
152 349 7
152 350 5
152 352 5
152 355 4
152 356 6
152 357 1
152 358 6
152 361 8
152 364 7
152 366 10
152 367 7
152 369 9
152 373 5
152 374 2
152 376 6
152 377 4
152 382 5
152 383 3
152 386 5
152 387 1
152 388 3
152 390 9
152 391 2
152 393 2
152 399 3
153 155 4
153 156 5
153 159 6
153 160 7
153 161 8
153 162 3
153 164 4
153 165 7
153 166 6
153 167 8
153 169 5
153 174 8
153 175 8
153 180 2
153 182 4
153 183 9
153 184 5
153 186 9
153 192 1
153 197 3
153 199 9
153 200 8
153 201 7
153 203 5
153 204 8
153 208 3
153 212 3
153 213 4
153 215 5
153 216 3
153 218 7
153 220 9
153 221 3
153 222 2
153 224 6
153 226 5
153 227 4
153 229 10
153 232 3
153 233 7
153 235 6
153 236 7
153 237 3
153 239 2
153 241 4
153 242 8
153 244 7
153 245 6
153 247 9
153 249 9
153 266 8
153 267 7
153 268 4
153 269 3
153 271 5
153 272 9
153 277 10
153 283 4
153 284 5
153 285 10
153 286 1
153 287 4
153 288 4
153 289 1
153 290 5
153 292 3
153 295 4
153 296 1
153 302 10
153 304 7
153 305 4
153 308 9
153 309 9
153 313 3
153 317 5
153 320 1
153 324 4
153 328 5
153 329 4
153 330 6
153 331 10
153 332 4
153 333 3
153 335 6
153 338 10
153 341 2
153 342 8
153 343 3
153 344 4
153 347 6
153 348 2
153 349 10
153 350 6
153 352 2
153 353 3
153 355 8
153 356 5
153 357 4
153 358 5
153 359 8
153 360 3
153 362 2
153 365 5
153 366 10
153 374 10
153 375 1
153 378 1
153 379 10
153 380 2
153 381 7
153 382 2
153 384 2
153 385 3
153 386 7
153 387 1
153 389 4
153 391 2
153 394 7
153 395 8
153 397 6
154 155 10
154 161 1
154 164 1
154 166 4
154 167 5
154 169 9
154 172 8
154 173 8
154 174 6
154 176 1
154 178 8
154 179 2
154 185 9
154 186 7
154 188 4
154 189 1
154 193 7
154 195 9
154 197 8
154 199 6
154 200 4
154 201 8
154 202 3
154 207 4
154 209 4
154 215 10
154 216 6
154 217 7
154 222 8
154 224 9
154 225 2
154 226 9
154 227 5
154 231 3
154 232 1
154 236 4
154 237 3
154 239 1
154 240 8
154 247 3
154 249 8
154 252 6
154 253 3
154 254 4
154 257 8
154 259 7
154 262 10
154 264 2
154 265 10
154 266 5
154 268 3
154 274 3
154 276 9
154 277 10
154 278 1
154 279 9
154 281 10
154 282 4
154 288 10
154 292 10
154 293 6
154 295 8
154 298 9
154 301 9
154 302 8
154 304 9
154 305 7
154 308 7
154 310 9
154 311 3
154 314 5
154 316 8
154 325 4
154 326 3
154 331 5
154 333 9
154 334 2
154 335 2
154 336 2
154 337 7
154 339 7
154 340 3
154 343 9
154 344 4
154 345 6
154 346 3
154 347 10
154 349 10
154 357 1
154 361 1
154 363 5
154 366 8
154 369 1
154 371 8
154 372 5
154 377 9
154 382 2
154 384 10
154 385 10
154 386 2
154 389 4
154 390 5
154 391 9
154 393 7
154 395 1
154 396 6
154 397 4
154 399 2
155 156 10
155 158 3
155 160 9
155 163 4
155 164 1
155 169 1
155 172 9
155 173 9
155 175 4
155 177 7
155 180 2
155 190 8
155 191 2
155 192 8
155 193 4
155 195 10
155 197 3
155 199 9
155 201 2
155 203 6
155 204 4
155 207 4
155 209 1
155 213 1
155 214 6
155 217 4
155 218 1
155 219 4
155 223 2
155 227 10
155 228 3
155 231 6
155 232 6
155 233 5
155 235 10
155 237 9
155 239 9
155 240 6
155 241 10
155 242 9
155 243 3
155 244 9
155 248 5
155 250 6
155 252 5
155 254 5
155 256 4
155 257 4
155 260 10
155 261 9
155 264 10
155 266 10
155 267 10
155 268 4
155 271 1
155 276 3
155 277 10
155 278 4
155 281 5
155 282 3
155 283 6
155 286 10
155 287 4
155 288 8
155 290 2
155 291 8
155 293 3
155 295 3
155 299 7
155 300 6
155 301 3
155 304 9
155 305 6
155 307 6
155 308 5
155 309 3
155 311 10
155 313 9
155 314 3
155 315 4
155 320 7
155 322 9
155 323 8
155 328 8
155 329 8
155 331 2
155 332 6
155 333 7
155 337 8
155 339 6
155 342 6
155 346 4
155 348 8
155 349 2
155 350 3
155 351 10
155 353 6
155 355 7
155 356 4
155 357 10
155 358 8
155 359 7
155 360 4
155 361 6
155 364 9
155 367 6
155 368 7
155 372 10
155 375 5
155 379 9
155 380 8
155 382 1
155 383 7
155 384 6
155 385 1
155 388 1
155 390 9
155 391 5
155 392 3
155 393 5
155 396 7
155 397 2
156 157 2
156 158 9
156 159 9
156 163 10
156 165 1
156 167 7
156 169 6
156 170 10
156 171 5
156 172 10
156 173 2
156 174 2
156 177 9
156 180 1
156 182 10
156 184 1
156 186 9
156 188 10
156 190 2
156 192 6
156 195 5
156 198 9
156 201 4
156 203 4
156 205 7
156 206 4
156 209 10
156 210 8
156 212 4
156 213 6
156 214 2
156 215 5
156 216 3
156 217 7
156 219 9
156 221 9
156 222 4
156 225 10
156 228 6
156 229 5
156 230 3
156 233 10
156 234 9
156 235 1
156 236 1
156 238 4
156 239 3
156 245 2
156 246 5
156 248 10
156 250 3
156 251 8
156 253 6
156 254 2
156 257 5
156 258 3
156 259 2
156 261 4
156 264 1
156 265 5
156 267 4
156 272 9
156 273 8
156 274 8
156 275 4
156 279 9
156 280 9
156 281 1
156 284 4
156 285 4
156 286 9
156 287 7
156 288 6
156 289 7
156 291 8
156 292 9
156 293 7
156 296 8
156 297 7
156 298 5
156 299 3
156 301 10
156 303 3
156 307 3
156 311 10
156 312 7
156 313 7
156 314 5
156 316 2
156 320 10
156 321 6
156 327 1
156 328 10
156 332 6
156 334 5
156 337 2
156 340 2
156 342 9
156 343 7
156 345 2
156 346 6
156 347 1
156 349 4
156 355 3
156 357 10
156 359 3
156 362 9
156 364 5
156 365 1
156 367 6
156 372 4
156 374 9
156 375 1
156 377 8
156 379 5
156 380 9
156 384 7
156 385 10
156 386 3
156 387 7
156 389 2
156 390 2
156 393 7
156 394 10
156 397 1
156 398 9
156 399 6
157 160 10
157 161 7
157 163 1
157 165 6
157 166 1
157 170 10
157 171 6
157 172 10
157 177 9
157 178 9
157 180 1
157 182 3
157 186 4
157 188 9
157 191 4
157 192 9
157 193 10
157 194 3
157 195 9
157 196 8
157 197 10
157 198 3
157 201 4
157 202 10
157 203 1
157 205 5
157 206 8
157 207 1
157 208 9
157 210 7
157 213 3
157 215 2
157 217 4
157 218 10
157 219 8
157 220 6
157 222 7
157 223 7
157 224 7
157 226 4
157 227 5
157 228 6
157 233 4
157 234 8
157 235 10
157 236 6
157 241 3
157 242 1
157 243 2
157 244 7
157 246 2
157 247 10
157 249 10
157 250 5
157 251 5
157 253 2
157 256 6
157 257 1
157 259 9
157 262 9
157 268 4
157 271 10
157 272 9
157 274 7
157 275 7
157 279 2
157 281 9
157 282 3
157 284 2
157 285 2
157 287 7
157 289 1
157 291 4
157 292 5
157 294 5
157 295 1
157 297 4
157 299 7
157 300 4
157 301 7
157 305 5
157 306 1
157 310 8
157 313 10
157 314 10
157 315 7
157 316 9
157 317 3
157 318 3
157 320 2
157 322 8
157 324 6
157 325 7
157 326 3
157 327 2
157 330 4
157 332 5
157 334 2
157 335 10
157 340 4
157 341 3
157 344 7
157 346 1
157 349 6
157 350 6
157 354 3
157 356 8
157 357 1
157 359 4
157 361 10
157 363 7
157 364 9
157 365 5
157 367 3
157 368 7
157 371 7
157 374 7
157 378 10
157 379 10
157 381 2
157 382 6
157 386 1
157 387 4
157 391 8
157 393 6
157 394 4
157 395 7
157 396 4
157 397 2
157 398 6
158 160 3
158 161 10
158 163 8
158 164 7
158 165 8
158 166 9
158 168 5
158 169 10
158 175 7
158 176 5
158 177 4
158 178 4
158 180 4
158 182 8
158 184 5
158 187 9
158 192 10
158 193 1
158 194 9
158 196 4
158 198 4
158 201 8
158 205 8
158 207 1
158 210 8
158 212 3
158 213 9
158 214 6
158 215 6
158 216 10
158 217 2
158 219 6
158 220 5
158 222 8
158 223 6
158 228 2
158 229 4
158 231 6
158 232 3
158 238 6
158 241 5
158 242 4
158 243 10
158 245 9
158 248 8
158 255 3
158 260 1
158 262 6
158 263 5
158 266 9
158 270 9
158 272 1
158 274 1
158 275 10
158 276 2
158 277 3
158 278 6
158 280 3
158 281 3
158 282 7
158 283 6
158 284 7
158 286 3
158 288 9
158 289 4
158 291 3
158 292 2
158 295 7
158 296 4
158 299 10
158 300 4
158 303 6
158 304 8
158 305 8
158 307 8
158 310 4
158 311 2
158 316 10
158 317 6
158 318 10
158 319 2
158 323 1
158 324 5
158 328 9
158 330 1
158 334 1
158 338 5
158 339 3
158 340 10
158 343 6
158 350 8
158 352 10
158 356 10
158 357 8
158 363 4
158 364 1
158 365 3
158 367 10
158 371 3
158 373 3
158 374 6
158 375 6
158 378 4
158 380 4
158 385 6
158 387 6
158 391 3
158 392 7
158 396 4
158 398 2
159 160 7
159 161 9
159 163 4
159 164 7
159 166 7
159 167 8
159 168 8
159 169 10
159 170 7
159 172 9
159 173 9
159 176 8
159 177 10
159 181 7
159 182 8
159 185 5
159 189 10
159 190 8
159 191 1
159 192 2
159 205 1
159 208 10
159 210 5
159 212 9
159 214 3
159 217 3
159 221 6
159 222 7
159 224 6
159 226 7
159 227 9
159 230 8
159 232 7
159 235 9
159 237 10
159 238 1
159 239 3
159 241 1
159 243 1
159 245 4
159 246 2
159 247 5
159 250 7
159 252 4
159 258 2
159 259 4
159 261 4
159 263 8
159 265 5
159 267 10
159 269 10
159 270 6
159 274 3
159 275 4
159 276 8
159 277 4
159 280 8
159 282 1
159 283 8
159 288 10
159 289 3
159 290 8
159 293 10
159 294 9
159 296 7
159 299 7
159 300 4
159 302 9
159 305 1
159 307 9
159 308 3
159 309 2
159 314 4
159 316 1
159 318 10
159 320 7
159 321 5
159 322 1
159 324 9
159 325 6
159 326 5
159 327 2
159 328 8
159 329 3
159 330 7
159 331 10
159 332 3
159 333 9
159 336 5
159 338 7
159 339 7
159 340 7
159 341 4
159 348 6
159 351 10
159 352 6
159 354 5
159 356 7
159 358 1
159 361 5
159 362 8
159 363 9
159 364 3
159 365 2
159 368 5
159 370 1
159 375 3
159 377 2
159 379 2
159 381 7
159 382 9
159 386 4
159 389 10
159 392 2
159 393 3
159 394 6
159 396 10
159 399 8
160 162 2
160 163 3
160 164 5
160 167 3
160 168 6
160 170 3
160 171 10
160 173 6
160 175 8
160 177 9
160 184 6
160 187 9
160 189 10
160 192 7
160 193 2
160 196 9
160 197 10
160 198 1
160 200 8
160 201 9
160 204 7
160 206 2
160 207 10
160 210 4
160 211 4
160 213 2
160 214 8
160 216 6
160 217 2
160 218 8
160 219 6
160 220 8
160 233 10
160 236 7
160 241 7
160 243 4
160 244 10
160 247 9
160 248 3
160 249 3
160 250 6
160 251 7
160 252 6
160 260 7
160 262 8
160 263 6
160 264 4
160 265 9
160 266 5
160 267 2
160 270 8
160 272 9
160 273 5
160 274 4
160 280 10
160 282 3
160 283 4
160 285 1
160 286 10
160 287 4
160 288 6
160 289 7
160 292 3
160 294 3
160 295 6
160 296 7
160 297 7
160 298 9
160 299 5
160 300 4
160 302 4
160 304 5
160 306 9
160 311 8
160 313 3
160 314 2
160 316 3
160 317 7
160 318 4
160 320 4
160 321 2
160 323 3
160 324 8
160 325 2
160 326 7
160 327 10
160 329 4
160 330 7
160 332 6
160 334 10
160 337 2
160 338 1
160 339 9
160 343 10
160 344 1
160 345 6
160 346 1
160 347 9
160 351 3
160 352 5
160 354 4
160 357 9
160 358 3
160 360 8
160 362 7
160 366 4
160 367 7
160 368 10
160 370 6
160 372 5
160 374 1
160 377 9
160 378 1
160 379 6
160 381 8
160 382 6
160 391 9
160 395 5
160 396 4
160 397 1
160 398 2
160 399 1
161 162 4
161 163 6
161 164 5
161 166 2
161 167 1
161 168 3
161 170 4
161 171 2
161 172 6
161 175 6
161 176 5
161 182 9
161 185 8
161 186 5
161 188 8
161 190 9
161 191 4
161 192 4
161 197 2
161 198 2
161 199 8
161 201 10
161 204 6
161 205 9
161 208 10
161 209 5
161 210 10
161 213 10
161 214 4
161 215 8
161 219 7
161 228 5
161 229 9
161 232 6
161 242 9
161 244 7
161 246 2
161 247 6
161 250 2
161 253 4
161 254 5
161 255 5
161 259 5
161 261 1
161 262 10
161 265 5
161 266 1
161 270 3
161 271 10
161 277 2
161 278 6
161 279 8
161 280 4
161 282 7
161 287 4
161 288 3
161 290 3
161 291 10
161 293 9
161 295 3
161 296 6
161 297 6
161 298 2
161 299 1
161 300 4
161 301 7
161 302 9
161 303 6
161 304 7
161 309 10
161 310 1
161 311 5
161 313 2
161 314 10
161 315 5
161 316 10
161 317 1
161 318 10
161 319 8
161 322 6
161 326 1
161 331 3
161 332 3
161 333 1
161 334 7
161 335 10
161 338 8
161 340 1
161 341 4
161 345 6
161 348 10
161 349 5
161 351 5
161 352 8
161 354 10
161 358 2
161 361 4
161 362 4
161 364 5
161 366 4
161 369 5
161 370 8
161 371 10
161 372 9
161 376 3
161 377 6
161 378 3
161 379 4
161 380 2
161 382 3
161 383 9
161 384 6
161 389 4
161 390 7
161 391 5
161 392 5
161 394 7
161 395 10
161 398 9
161 399 3
162 164 3
162 166 1
162 169 6
162 170 1
162 174 7
162 177 7
162 185 6
162 186 3
162 187 2
162 189 10
162 190 2
162 192 7
162 194 2
162 196 1
162 197 10
162 199 4
162 203 7
162 205 10
162 206 7
162 207 4
162 208 8
162 209 9
162 212 10
162 213 3
162 214 7
162 217 2
162 218 7
162 220 9
162 224 10
162 225 10
162 226 1
162 227 10
162 228 10
162 229 5
162 233 9
162 235 4
162 238 3
162 242 6
162 245 5
162 246 4
162 248 2
162 250 8
162 252 10
162 254 7
162 255 10
162 265 2
162 266 9
162 268 3
162 272 2
162 274 1
162 277 2
162 279 7
162 281 4
162 283 8
162 284 6
162 285 7
162 286 1
162 287 5
162 289 2
162 290 8
162 294 4
162 295 6
162 296 8
162 297 5
162 298 8
162 300 9
162 301 9
162 304 10
162 306 10
162 307 7
162 309 6
162 311 7
162 314 2
162 316 10
162 317 10
162 319 9
162 320 5
162 321 5
162 323 1
162 327 1
162 328 3
162 330 9
162 332 6
162 333 8
162 336 5
162 339 9
162 341 5
162 342 9
162 346 3
162 347 6
162 349 5
162 350 2
162 352 7
162 353 4
162 357 1
162 358 7
162 359 1
162 363 2
162 364 7
162 366 3
162 367 1
162 370 2
162 371 3
162 374 1
162 375 4
162 378 2
162 379 3
162 380 3
162 384 7
162 385 2
162 388 9
162 392 5
162 393 3
162 399 5
163 164 7
163 168 3
163 170 6
163 172 8
163 174 4
163 176 4
163 177 9
163 178 8
163 179 6
163 180 8
163 183 10
163 184 9
163 185 10
163 186 1
163 187 6
163 189 9
163 190 5
163 191 1
163 194 7
163 196 3
163 197 6
163 201 9
163 203 4
163 204 5
163 205 10
163 206 9
163 207 4
163 209 1
163 211 3
163 214 2
163 217 5
163 218 3
163 222 9
163 223 6
163 224 6
163 225 4
163 227 8
163 229 4
163 233 7
163 234 10
163 236 3
163 237 8
163 238 1
163 241 2
163 243 6
163 247 6
163 248 4
163 250 5
163 253 5
163 254 2
163 255 8
163 257 3
163 262 5
163 263 2
163 264 6
163 267 9
163 269 4
163 270 3
163 276 7
163 277 2
163 278 8
163 279 2
163 283 4
163 287 3
163 288 4
163 290 3
163 291 8
163 292 4
163 294 7
163 296 7
163 297 7
163 298 2
163 301 5
163 302 8
163 303 5
163 307 3
163 308 5
163 309 10
163 312 3
163 314 9
163 315 10
163 316 5
163 318 2
163 319 9
163 321 7
163 322 5
163 328 4
163 331 1
163 333 5
163 334 1
163 335 10
163 336 7
163 337 7
163 339 3
163 340 3
163 342 5
163 343 10
163 345 3
163 346 3
163 348 7
163 351 10
163 353 4
163 355 2
163 356 3
163 359 9
163 360 4
163 362 3
163 363 2
163 364 1
163 368 6
163 370 5
163 373 5
163 374 2
163 377 4
163 378 4
163 379 8
163 380 9
163 381 10
163 386 3
163 391 3
163 394 8
163 396 1
163 398 7
163 399 9
164 166 6
164 168 10
164 169 7
164 170 9
164 172 4
164 174 3
164 175 5
164 177 5
164 180 10
164 181 4
164 187 6
164 188 4
164 190 6
164 192 6
164 193 9
164 196 7
164 198 9
164 200 6
164 202 5
164 203 5
164 205 4
164 206 4
164 207 7
164 208 1
164 209 2
164 210 5
164 211 6
164 212 8
164 217 8
164 218 8
164 219 4
164 223 6
164 227 4
164 229 4
164 231 8
164 232 8
164 237 5
164 240 10
164 243 6
164 246 4
164 247 1
164 249 4
164 250 2
164 255 2
164 256 7
164 258 10
164 260 6
164 265 3
164 266 4
164 267 3
164 268 5
164 269 1
164 270 7
164 271 10
164 273 1
164 274 4
164 275 5
164 276 4
164 277 9
164 278 1
164 279 7
164 280 5
164 281 7
164 282 1
164 283 3
164 285 5
164 286 4
164 289 10
164 292 6
164 294 2
164 295 10
164 296 8
164 297 3
164 304 2
164 306 10
164 307 10
164 311 7
164 315 3
164 316 1
164 328 5
164 329 1
164 331 7
164 332 8
164 334 4
164 337 10
164 338 6
164 341 6
164 342 4
164 343 2
164 345 10
164 346 2
164 348 9
164 351 8
164 352 6
164 353 9
164 354 1
164 358 7
164 362 7
164 363 4
164 366 2
164 371 5
164 374 6
164 380 6
164 381 1
164 382 9
164 384 4
164 388 10
164 390 9
164 391 10
164 392 8
164 396 5
165 166 2
165 168 6
165 170 2
165 173 8
165 177 6
165 180 7
165 181 5
165 182 10
165 183 5
165 184 5
165 188 4
165 190 4
165 191 3
165 192 5
165 197 6
165 198 4
165 200 10
165 202 10
165 203 3
165 204 3
165 206 6
165 207 10
165 208 8
165 212 2
165 213 1
165 214 7
165 215 9
165 216 2
165 218 10
165 221 4
165 224 10
165 225 4
165 226 6
165 227 9
165 228 9
165 229 9
165 230 3
165 231 7
165 232 5
165 234 2
165 235 9
165 236 6
165 238 9
165 242 8
165 243 10
165 244 9
165 246 2
165 247 4
165 248 1
165 250 1
165 251 5
165 252 2
165 253 5
165 254 4
165 259 1
165 263 5
165 265 1
165 266 8
165 267 4
165 270 5
165 274 4
165 275 8
165 277 5
165 279 2
165 280 7
165 281 1
165 283 4
165 284 2
165 287 3
165 288 9
165 290 10
165 291 5
165 293 7
165 294 2
165 296 3
165 298 4
165 301 9
165 307 3
165 308 4
165 311 3
165 313 3
165 315 1
165 319 3
165 320 7
165 322 9
165 323 4
165 326 9
165 331 5
165 333 2
165 335 4
165 336 2
165 337 2
165 340 4
165 342 2
165 346 9
165 347 6
165 348 8
165 349 7
165 350 1
165 353 2
165 355 1
165 357 4
165 360 2
165 362 5
165 364 4
165 366 1
165 367 6
165 368 1
165 373 4
165 375 9
165 377 6
165 379 3
165 381 8
165 383 5
165 390 10
165 391 4
165 392 2
165 393 2
165 394 2
165 395 9
165 397 8
165 398 5
165 399 1
166 169 4
166 176 3
166 178 9
166 179 1
166 181 5
166 184 1
166 186 8
166 187 2
166 190 8
166 191 1
166 193 7
166 195 4
166 197 9
166 200 1
166 201 5
166 204 5
166 205 5
166 206 4
166 216 2
166 217 5
166 218 1
166 220 1
166 221 8
166 222 10
166 228 1
166 229 1
166 230 7
166 235 1
166 236 8
166 239 2
166 241 10
166 244 3
166 247 2
166 253 10
166 255 5
166 256 5
166 257 8
166 258 3
166 261 9
166 262 8
166 268 2
166 269 5
166 272 1
166 275 10
166 278 7
166 281 8
166 283 5
166 287 6
166 288 5
166 291 5
166 292 7
166 293 5
166 294 1
166 296 4
166 297 3
166 301 6
166 302 7
166 304 7
166 305 9
166 306 4
166 307 1
166 308 6
166 309 4
166 311 2
166 312 2
166 313 3
166 318 3
166 322 8
166 323 2
166 327 1
166 332 8
166 336 4
166 337 6
166 338 2
166 340 2
166 345 5
166 348 4
166 350 3
166 353 1
166 354 3
166 355 9
166 357 2
166 359 3
166 363 7
166 375 2
166 376 8
166 377 7
166 380 6
166 381 7
166 384 7
166 388 6
166 390 3
166 391 3
166 392 4
166 393 4
166 394 6
166 395 2
166 396 4
166 397 3
166 398 9
166 399 3
167 168 1
167 169 2
167 170 1
167 172 2
167 173 10
167 174 8
167 181 1
167 182 3
167 183 2
167 185 1
167 186 5
167 187 5
167 188 8
167 190 5
167 191 10
167 192 7
167 193 7
167 194 10
167 196 10
167 197 7
167 198 3
167 199 6
167 201 8
167 202 3
167 206 7
167 209 1
167 212 6
167 217 3
167 220 1
167 221 9
167 222 10
167 224 10
167 225 1
167 226 6
167 229 8
167 230 3
167 231 6
167 234 10
167 235 6
167 236 10
167 240 2
167 242 10
167 244 3
167 245 4
167 247 1
167 252 3
167 253 7
167 254 10
167 260 5
167 261 5
167 263 9
167 269 9
167 270 1
167 271 5
167 273 1
167 274 9
167 280 3
167 282 1
167 285 5
167 287 8
167 288 10
167 291 10
167 293 2
167 295 7
167 296 5
167 297 3
167 299 7
167 304 8
167 308 1
167 312 6
167 314 9
167 315 8
167 318 10
167 321 8
167 322 9
167 324 3
167 325 1
167 328 10
167 329 5
167 330 8
167 332 7
167 336 7
167 337 1
167 338 5
167 340 10
167 341 5
167 342 2
167 344 4
167 348 4
167 352 10
167 353 1
167 354 2
167 355 3
167 357 4
167 362 1
167 363 5
167 367 3
167 368 4
167 369 8
167 373 3
167 376 5
167 378 2
167 379 5
167 380 9
167 382 3
167 383 8
167 385 4
167 386 7
167 388 1
167 389 3
167 393 9
167 395 5
167 397 3
167 399 9
168 170 6
168 171 8
168 172 4
168 177 9
168 181 4
168 184 2
168 185 9
168 186 5
168 188 8
168 190 3
168 192 1
168 193 1
168 195 9
168 197 6
168 201 5
168 204 5
168 205 3
168 207 1
168 209 3
168 210 10
168 211 6
168 214 2
168 215 3
168 217 9
168 220 8
168 221 9
168 222 10
168 228 4
168 229 4
168 230 8
168 234 10
168 235 6
168 236 2
168 238 4
168 239 6
168 240 6
168 241 6
168 242 4
168 244 9
168 246 8
168 247 7
168 248 3
168 249 6
168 250 3
168 252 1
168 254 5
168 255 7
168 258 9
168 262 9
168 263 8
168 265 4
168 267 7
168 268 9
168 270 8
168 271 10
168 274 9
168 275 7
168 280 8
168 281 9
168 284 7
168 285 4
168 287 5
168 288 6
168 289 4
168 290 10
168 291 8
168 292 1
168 294 9
168 298 6
168 299 7
168 300 1
168 303 7
168 304 6
168 305 3
168 307 9
168 309 6
168 310 5
168 311 9
168 314 6
168 316 2
168 317 3
168 318 1
168 319 2
168 320 6
168 323 9
168 325 3
168 326 6
168 328 5
168 330 4
168 332 5
168 334 8
168 335 1
168 338 5
168 341 9
168 348 1
168 349 4
168 352 7
168 353 2
168 357 6
168 360 9
168 361 1
168 362 7
168 363 1
168 365 10
168 366 10
168 367 10
168 368 4
168 370 8
168 371 2
168 377 8
168 379 9
168 380 10
168 386 9
168 388 10
168 390 6
168 391 10
168 392 8
168 395 5
168 397 3
168 398 3
169 174 9
169 177 7
169 179 10
169 180 4
169 181 10
169 186 10
169 188 10
169 189 10
169 192 3
169 193 4
169 197 9
169 199 5
169 200 1
169 203 6
169 204 10
169 205 5
169 207 6
169 210 1
169 211 4
169 213 3
169 214 2
169 215 4
169 216 5
169 217 3
169 219 7
169 221 2
169 224 4
169 225 7
169 228 9
169 230 10
169 231 10
169 235 2
169 239 2
169 244 8
169 245 7
169 249 8
169 250 3
169 251 6
169 252 9
169 254 4
169 256 8
169 257 7
169 260 3
169 261 9
169 263 3
169 264 4
169 265 8
169 266 9
169 267 4
169 268 1
169 270 2
169 272 1
169 275 7
169 277 5
169 278 6
169 280 4
169 281 5
169 283 7
169 285 10
169 287 1
169 288 8
169 289 9
169 292 8
169 293 6
169 294 1
169 295 7
169 296 10
169 298 5
169 299 4
169 300 8
169 302 7
169 306 9
169 307 10
169 308 9
169 309 1
169 315 10
169 318 4
169 320 5
169 322 7
169 323 6
169 324 4
169 329 5
169 331 2
169 332 5
169 334 6
169 335 4
169 339 1
169 343 6
169 344 5
169 347 6
169 348 6
169 350 2
169 351 5
169 353 1
169 356 3
169 357 5
169 360 5
169 361 3
169 363 10
169 364 9
169 366 4
169 368 4
169 370 7
169 373 8
169 374 8
169 375 4
169 376 8
169 379 6
169 380 1
169 383 4
169 384 5
169 388 5
169 389 5
169 391 8
169 392 4
169 394 3
169 395 6
169 396 5
169 397 7
169 399 7
170 171 3
170 173 8
170 174 1
170 176 9
170 177 2
170 182 6
170 184 2
170 187 3
170 189 8
170 191 9
170 201 2
170 204 6
170 205 2
170 206 1
170 207 7
170 208 6
170 209 10
170 211 7
170 212 9
170 213 8
170 214 8
170 215 10
170 217 9
170 219 9
170 220 6
170 222 8
170 225 3
170 226 6
170 228 9
170 229 5
170 230 1
170 234 4
170 235 7
170 236 7
170 238 5
170 239 6
170 242 10
170 243 10
170 245 5
170 246 1
170 250 5
170 252 3
170 253 2
170 256 10
170 258 1
170 259 8
170 262 10
170 265 4
170 266 8
170 270 8
170 272 3
170 276 10
170 277 8
170 279 7
170 280 2
170 282 5
170 284 2
170 285 6
170 286 8
170 288 6
170 291 9
170 292 8
170 293 2
170 294 2
170 296 9
170 297 1
170 298 9
170 300 7
170 301 10
170 303 9
170 304 3
170 307 6
170 309 2
170 310 3
170 312 7
170 313 7
170 318 7
170 319 7
170 321 8
170 322 2
170 323 6
170 324 8
170 325 8
170 327 8
170 331 10
170 332 8
170 333 5
170 334 5
170 339 10
170 342 7
170 344 10
170 345 2
170 347 5
170 348 3
170 351 2
170 355 9
170 358 10
170 370 1
170 375 6
170 376 2
170 377 10
170 378 1
170 379 2
170 380 8
170 381 1
170 383 9
170 385 1
170 386 7
170 387 4
170 388 2
170 392 2
170 396 2
170 399 10
171 172 5
171 182 4
171 183 7
171 185 5
171 186 8
171 187 1
171 191 10
171 193 10
171 195 10
171 196 6
171 206 10
171 210 3
171 212 3
171 214 4
171 215 2
171 216 2
171 217 2
171 219 8
171 221 6
171 222 6
171 228 9
171 229 10
171 230 1
171 234 1
171 236 6
171 237 3
171 240 9
171 242 7
171 243 8
171 250 7
171 252 2
171 253 5
171 254 3
171 256 3
171 257 9
171 259 6
171 260 1
171 261 7
171 263 10
171 266 5
171 268 9
171 272 7
171 273 1
171 275 5
171 277 7
171 280 6
171 281 5
171 283 3
171 285 8
171 286 9
171 291 8
171 297 3
171 299 9
171 303 5
171 304 6
171 305 4
171 306 9
171 310 4
171 312 1
171 315 7
171 316 6
171 320 10
171 322 7
171 326 2
171 327 1
171 329 8
171 333 6
171 334 2
171 336 8
171 338 5
171 339 3
171 341 1
171 342 3
171 346 3
171 347 7
171 349 8
171 352 6
171 355 3
171 361 9
171 362 4
171 363 6
171 366 4
171 367 8
171 369 2
171 370 3
171 373 5
171 374 10
171 375 9
171 377 4
171 378 9
171 379 9
171 381 3
171 383 3
171 384 7
171 385 8
171 392 8
171 393 6
171 395 5
171 397 2
171 399 10
172 173 8
172 175 10
172 176 7
172 177 7
172 180 6
172 181 9
172 182 8
172 183 5
172 185 9
172 187 7
172 188 4
172 189 9
172 191 3
172 192 4
172 193 10
172 195 6
172 196 4
172 201 8
172 202 2
172 204 2
172 207 3
172 208 4
172 209 4
172 210 1
172 211 6
172 212 2
172 213 7
172 216 9
172 219 4
172 220 4
172 221 1
172 222 3
172 224 9
172 226 1
172 227 7
172 228 10
172 230 1
172 231 6
172 233 7
172 234 10
172 235 9
172 238 5
172 241 2
172 242 1
172 244 2
172 245 3
172 246 10
172 247 2
172 250 3
172 256 5
172 258 4
172 259 9
172 260 8
172 262 3
172 264 7
172 265 3
172 267 3
172 268 2
172 269 10
172 271 3
172 273 7
172 274 9
172 276 9
172 277 1
172 278 8
172 279 2
172 280 8
172 282 9
172 284 8
172 285 10
172 288 3
172 290 2
172 291 2
172 292 5
172 294 9
172 298 4
172 301 8
172 302 10
172 311 3
172 313 7
172 314 1
172 316 2
172 319 6
172 322 3
172 324 1
172 325 10
172 326 7
172 329 9
172 330 3
172 334 1
172 342 9
172 345 6
172 347 5
172 349 8
172 350 3
172 357 8
172 361 5
172 362 7
172 363 9
172 364 4
172 365 2
172 366 3
172 367 7
172 371 5
172 376 2
172 377 4
172 379 6
172 380 10
172 381 3
172 382 9
172 386 1
172 387 5
172 390 5
172 391 6
172 396 10
173 175 1
173 176 9
173 178 2
173 180 8
173 181 1
173 183 2
173 185 4
173 187 7
173 190 10
173 191 10
173 192 7
173 193 2
173 194 10
173 196 6
173 199 7
173 200 7
173 202 10
173 205 1
173 207 2
173 209 6
173 213 8
173 215 6
173 216 1
173 218 1
173 222 8
173 223 5
173 224 3
173 225 2
173 226 4
173 227 1
173 229 2
173 230 3
173 231 2
173 235 7
173 237 9
173 239 4
173 242 8
173 243 6
173 244 5
173 245 9
173 246 6
173 249 3
173 250 8
173 251 2
173 258 2
173 259 2
173 260 10
173 261 3
173 262 7
173 264 8
173 266 7
173 268 9
173 269 7
173 274 1
173 279 2
173 280 3
173 281 7
173 285 6
173 286 3
173 287 2
173 288 8
173 297 5
173 300 2
173 301 8
173 303 4
173 305 7
173 306 6
173 307 6
173 308 6
173 309 4
173 310 3
173 311 9
173 312 4
173 313 5
173 314 10
173 315 5
173 316 7
173 318 9
173 322 1
173 327 9
173 328 8
173 329 6
173 331 6
173 332 4
173 338 4
173 342 8
173 345 1
173 346 3
173 347 3
173 348 2
173 355 3
173 356 2
173 357 10
173 358 8
173 363 1
173 364 1
173 365 9
173 366 5
173 372 1
173 374 5
173 375 9
173 378 3
173 379 5
173 380 10
173 381 5
173 383 7
173 384 9
173 385 4
173 386 2
173 390 10
173 394 6
173 395 7
173 396 4
173 397 2
173 398 6
173 399 2
174 178 10
174 179 7
174 181 8
174 183 4
174 184 4
174 185 6
174 187 1
174 189 7
174 190 6
174 191 2
174 192 10
174 193 7
174 197 8
174 200 7
174 202 1
174 207 8
174 210 1
174 212 4
174 214 4
174 218 8
174 219 2
174 220 10
174 221 8
174 227 8
174 231 2
174 233 1
174 234 10
174 237 6
174 239 3
174 240 1
174 241 2
174 242 9
174 244 10
174 248 6
174 249 5
174 250 9
174 254 5
174 256 5
174 259 10
174 260 7
174 261 5
174 265 4
174 269 8
174 271 1
174 273 7
174 274 5
174 276 2
174 277 7
174 280 8
174 282 10
174 283 2
174 286 7
174 287 5
174 290 8
174 294 3
174 295 6
174 297 1
174 299 10
174 301 3
174 304 5
174 308 1
174 312 4
174 314 9
174 315 1
174 316 1
174 317 6
174 318 7
174 319 5
174 322 10
174 323 8
174 326 1
174 327 10
174 329 2
174 330 8
174 331 9
174 332 4
174 333 9
174 338 7
174 340 7
174 343 3
174 344 4
174 345 2
174 346 4
174 347 6
174 349 2
174 351 10
174 353 9
174 354 4
174 357 7
174 358 7
174 359 7
174 360 4
174 362 4
174 363 9
174 365 3
174 366 6
174 367 2
174 368 4
174 369 9
174 370 1
174 372 6
174 375 8
174 376 9
174 380 9
174 386 3
174 389 6
174 390 2
174 391 6
174 392 7
174 393 7
174 395 4
175 176 1
175 177 3
175 178 8
175 179 6
175 184 3
175 185 10
175 186 5
175 187 3
175 189 2
175 192 1
175 195 9
175 197 8
175 198 1
175 200 6
175 202 6
175 213 10
175 214 2
175 215 3
175 216 3
175 219 9
175 223 5
175 225 3
175 229 5
175 231 9
175 233 3
175 234 7
175 238 2
175 240 3
175 244 5
175 245 6
175 246 6
175 247 1
175 249 1
175 250 8
175 252 7
175 254 9
175 255 2
175 258 1
175 259 2
175 265 8
175 266 9
175 271 3
175 272 10
175 275 5
175 276 5
175 277 2
175 278 5
175 283 6
175 284 6
175 286 4
175 289 9
175 292 7
175 296 1
175 297 8
175 299 1
175 302 9
175 303 2
175 304 4
175 305 5
175 306 5
175 307 10
175 309 10
175 312 4
175 316 5
175 317 1
175 318 2
175 319 9
175 323 2
175 324 2
175 325 10
175 330 7
175 331 8
175 332 10
175 334 4
175 335 3
175 336 4
175 338 8
175 340 6
175 346 8
175 347 2
175 352 7
175 356 7
175 358 5
175 359 4
175 362 5
175 368 1
175 369 10
175 372 10
175 375 1
175 377 5
175 378 2
175 382 8
175 383 10
175 384 3
175 385 7
175 386 7
175 387 2
175 390 10
175 391 9
175 392 9
175 393 3
175 397 3
175 398 10
175 399 4
176 180 3
176 181 2
176 182 2
176 184 1
176 185 8
176 186 10
176 190 2
176 194 1
176 197 4
176 198 1
176 200 3
176 201 4
176 202 2
176 203 8
176 204 8
176 205 8
176 206 6
176 209 7
176 214 10
176 215 10
176 217 2
176 218 9
176 219 7
176 220 4
176 221 10
176 223 7
176 225 3
176 227 8
176 228 9
176 229 6
176 230 10
176 231 3
176 232 6
176 234 9
176 236 6
176 237 5
176 238 6
176 239 9
176 240 7
176 242 5
176 243 5
176 245 4
176 246 4
176 249 6
176 250 1
176 252 10
176 255 2
176 256 3
176 265 6
176 267 4
176 271 5
176 272 8
176 273 9
176 274 5
176 276 8
176 277 9
176 279 1
176 282 10
176 283 7
176 286 8
176 288 8
176 292 7
176 293 6
176 294 3
176 295 7
176 299 2
176 301 5
176 302 3
176 306 3
176 307 7
176 311 10
176 312 5
176 313 8
176 314 5
176 315 8
176 320 4
176 321 6
176 322 10
176 323 5
176 326 9
176 328 8
176 330 3
176 331 7
176 332 6
176 333 10
176 334 7
176 335 7
176 338 7
176 339 1
176 340 2
176 341 6
176 345 8
176 346 9
176 347 10
176 348 1
176 351 2
176 352 3
176 355 8
176 356 2
176 357 5
176 358 5
176 359 6
176 361 6
176 362 10
176 370 6
176 374 10
176 375 7
176 378 1
176 381 10
176 382 7
176 385 8
176 387 7
176 389 7
176 390 7
176 394 5
176 395 4
176 396 2
176 397 8
176 398 2
177 178 7
177 179 3
177 180 8
177 181 9
177 189 6
177 190 5
177 192 9
177 193 9
177 194 3
177 195 1
177 198 7
177 200 10
177 201 9
177 202 6
177 203 4
177 204 6
177 206 8
177 207 4
177 210 7
177 211 3
177 212 6
177 215 2
177 216 8
177 220 4
177 224 1
177 225 9
177 227 7
177 229 1
177 231 5
177 232 4
177 233 7
177 236 10
177 237 3
177 239 2
177 240 7
177 244 8
177 245 1
177 247 3
177 248 2
177 250 1
177 251 10
177 253 4
177 259 5
177 262 3
177 268 1
177 269 8
177 271 2
177 272 5
177 274 10
177 278 9
177 280 2
177 281 10
177 282 8
177 283 4
177 284 7
177 285 6
177 286 10
177 288 5
177 289 10
177 290 4
177 292 2
177 293 3
177 297 1
177 298 8
177 302 8
177 307 3
177 313 2
177 315 3
177 317 8
177 318 6
177 321 7
177 324 1
177 326 5
177 327 3
177 329 7
177 331 2
177 332 8
177 334 1
177 335 1
177 336 10
177 337 7
177 338 1
177 341 9
177 342 6
177 344 10
177 346 9
177 350 8
177 352 1
177 355 5
177 356 10
177 357 10
177 359 4
177 361 8
177 362 5
177 370 8
177 372 9
177 373 5
177 374 3
177 376 9
177 378 8
177 379 10
177 380 1
177 382 7
177 384 7
177 385 8
177 388 10
177 389 1
177 391 6
177 393 8
177 395 6
177 396 10
177 397 1
177 398 3
177 399 5
178 180 4
178 181 10
178 182 6
178 184 6
178 186 8
178 187 10
178 189 2
178 190 8
178 191 7
178 192 10
178 193 3
178 194 6
178 195 9
178 196 4
178 198 6
178 200 10
178 202 1
178 203 4
178 206 4
178 207 4
178 208 10
178 209 2
178 211 3
178 212 4
178 213 8
178 214 10
178 215 8
178 216 4
178 217 2
178 219 10
178 220 7
178 222 4
178 225 9
178 226 7
178 229 7
178 231 7
178 234 8
178 236 1
178 237 1
178 238 4
178 239 2
178 240 7
178 241 9
178 243 7
178 246 1
178 250 8
178 253 4
178 255 2
178 257 8
178 258 7
178 260 7
178 262 1
178 263 9
178 264 7
178 266 10
178 270 10
178 271 6
178 273 2
178 274 7
178 276 7
178 279 10
178 280 4
178 283 8
178 287 4
178 289 8
178 290 6
178 292 7
178 294 7
178 296 9
178 298 4
178 299 2
178 302 4
178 303 1
178 306 4
178 309 10
178 314 6
178 315 7
178 316 8
178 317 10
178 318 7
178 319 1
178 320 8
178 325 5
178 326 8
178 330 8
178 331 2
178 332 1
178 333 5
178 336 9
178 337 4
178 339 8
178 340 9
178 342 1
178 344 5
178 346 2
178 348 10
178 351 6
178 352 8
178 353 1
178 356 7
178 361 4
178 362 9
178 363 6
178 366 2
178 367 7
178 368 8
178 370 9
178 371 7
178 372 1
178 373 7
178 374 6
178 376 4
178 377 2
178 378 1
178 380 6
178 381 6
178 393 3
178 395 2
178 396 4
178 397 3
178 398 8
179 180 5
179 183 2
179 187 4
179 189 3
179 190 2
179 192 2
179 193 2
179 194 5
179 201 8
179 203 9
179 205 5
179 207 10
179 209 5
179 210 4
179 214 7
179 215 2
179 220 4
179 228 8
179 229 6
179 230 1
179 233 10
179 234 4
179 235 10
179 236 7
179 237 1
179 242 8
179 243 1
179 250 7
179 251 1
179 252 7
179 254 8
179 255 3
179 256 1
179 257 10
179 259 1
179 261 7
179 263 1
179 272 3
179 273 2
179 274 6
179 276 4
179 280 3
179 286 6
179 287 7
179 288 9
179 290 9
179 293 10
179 295 6
179 299 3
179 300 6
179 302 9
179 303 10
179 307 1
179 308 10
179 310 7
179 311 9
179 312 10
179 314 3
179 315 2
179 318 5
179 320 5
179 325 6
179 326 2
179 327 8
179 329 10
179 330 6
179 333 7
179 336 4
179 338 3
179 339 6
179 340 1
179 341 6
179 343 5
179 347 10
179 348 2
179 351 9
179 352 6
179 353 7
179 354 10
179 355 2
179 357 7
179 359 1
179 360 10
179 361 1
179 363 1
179 366 2
179 369 2
179 370 9
179 371 6
179 373 10
179 374 3
179 376 3
179 377 6
179 378 1
179 379 10
179 381 2
179 382 4
179 384 4
179 385 7
179 391 1
179 393 5
179 394 2
179 395 2
179 396 8
179 397 1
179 398 3
179 399 1
180 181 3
180 184 5
180 186 6
180 187 6
180 188 4
180 189 2
180 194 10
180 195 4
180 197 6
180 198 5
180 200 6
180 202 3
180 206 7
180 210 9
180 211 1
180 212 8
180 215 6
180 217 1
180 219 4
180 221 4
180 222 7
180 224 3
180 225 5
180 227 4
180 228 9
180 232 9
180 233 4
180 234 7
180 235 9
180 236 6
180 243 2
180 245 5
180 246 8
180 252 3
180 253 10
180 256 4
180 257 5
180 259 8
180 260 5
180 261 1
180 263 8
180 264 4
180 266 7
180 267 10
180 271 10
180 272 8
180 274 5
180 276 9
180 281 7
180 282 3
180 284 10
180 286 8
180 288 3
180 289 10
180 290 6
180 291 7
180 292 1
180 293 6
180 294 7
180 296 5
180 297 1
180 298 1
180 300 5
180 301 9
180 302 4
180 304 5
180 305 1
180 306 5
180 307 1
180 308 6
180 311 4
180 313 7
180 314 6
180 317 2
180 318 3
180 319 5
180 322 1
180 323 8
180 324 9
180 326 5
180 329 10
180 332 2
180 338 7
180 341 10
180 342 5
180 343 3
180 347 5
180 350 4
180 353 9
180 354 7
180 356 6
180 358 4
180 359 5
180 360 2
180 361 9
180 362 7
180 365 2
180 367 9
180 371 4
180 372 6
180 373 9
180 374 8
180 375 10
180 377 7
180 384 4
180 385 3
180 387 6
180 388 4
180 389 4
180 390 6
180 391 3
180 392 5
180 393 4
180 395 10
180 396 4
180 397 10
180 399 4
181 182 9
181 183 3
181 186 5
181 187 4
181 189 2
181 192 4
181 195 6
181 196 4
181 197 10
181 198 8
181 199 8
181 200 10
181 202 10
181 204 2
181 205 5
181 208 10
181 212 3
181 214 1
181 216 8
181 224 1
181 226 3
181 227 7
181 228 4
181 229 6
181 233 10
181 236 1
181 239 1
181 240 4
181 241 5
181 243 6
181 245 3
181 249 5
181 251 6
181 260 4
181 261 5
181 264 9
181 265 5
181 271 10
181 272 10
181 273 4
181 275 2
181 278 4
181 279 8
181 280 4
181 281 9
181 282 4
181 283 2
181 284 2
181 286 10
181 288 1
181 289 6
181 290 10
181 293 10
181 294 10
181 295 1
181 297 2
181 298 7
181 299 9
181 301 5
181 302 1
181 303 2
181 304 1
181 305 9
181 306 9
181 309 9
181 315 6
181 317 2
181 318 1
181 321 7
181 327 9
181 328 1
181 333 10
181 337 10
181 338 7
181 339 9
181 340 9
181 344 9
181 346 2
181 347 4
181 348 4
181 349 1
181 353 5
181 355 7
181 357 9
181 358 6
181 362 1
181 364 3
181 369 4
181 370 4
181 371 8
181 373 3
181 375 2
181 377 1
181 378 9
181 379 1
181 381 1
181 383 2
181 387 2
181 390 2
181 393 3
181 395 9
181 397 4
182 184 8
182 186 3
182 188 6
182 194 9
182 196 9
182 199 5
182 200 8
182 201 5
182 202 1
182 203 10
182 204 2
182 205 7
182 207 6
182 210 5
182 211 2
182 213 2
182 217 5
182 218 8
182 220 6
182 221 6
182 222 6
182 223 8
182 224 6
182 226 6
182 227 7
182 229 8
182 230 2
182 231 5
182 232 1
182 235 7
182 236 1
182 242 9
182 244 8
182 247 5
182 252 4
182 254 4
182 255 9
182 256 4
182 257 8
182 258 6
182 259 7
182 261 5
182 265 4
182 266 9
182 267 8
182 270 7
182 272 6
182 273 5
182 274 5
182 275 9
182 277 3
182 280 6
182 284 6
182 285 6
182 286 8
182 288 4
182 290 9
182 293 5
182 294 8
182 298 3
182 300 3
182 302 3
182 304 2
182 312 9
182 313 5
182 314 7
182 315 7
182 316 3
182 317 3
182 321 4
182 322 5
182 324 1
182 327 8
182 329 7
182 331 10
182 332 2
182 335 8
182 339 6
182 340 9
182 341 2
182 342 6
182 343 4
182 346 8
182 351 5
182 355 3
182 356 4
182 357 6
182 360 5
182 362 1
182 364 3
182 366 6
182 367 1
182 368 9
182 371 3
182 372 8
182 373 3
182 374 2
182 377 1
182 378 5
182 380 4
182 383 1
182 388 5
182 390 10
182 391 9
182 392 9
182 396 7
182 397 5
182 398 3
182 399 5
183 191 5
183 192 5
183 193 6
183 195 9
183 199 1
183 201 6
183 202 2
183 204 8
183 208 5
183 209 6
183 210 2
183 213 8
183 214 4
183 216 3
183 217 5
183 224 3
183 225 4
183 227 8
183 231 4
183 232 1
183 235 7
183 237 6
183 239 7
183 244 3
183 245 6
183 246 10
183 250 9
183 252 1
183 253 4
183 255 8
183 257 5
183 259 1
183 260 1
183 261 7
183 262 4
183 263 2
183 264 7
183 265 2
183 266 5
183 267 4
183 269 1
183 272 7
183 275 6
183 276 4
183 277 4
183 278 2
183 281 1
183 282 10
183 284 3
183 285 1
183 288 10
183 290 2
183 292 10
183 293 9
183 294 5
183 295 10
183 296 3
183 300 1
183 301 3
183 302 9
183 303 7
183 311 8
183 312 10
183 315 3
183 316 10
183 319 6
183 320 4
183 322 8
183 324 9
183 325 3
183 326 4
183 327 2
183 328 3
183 329 9
183 330 7
183 331 1
183 334 10
183 337 5
183 341 4
183 347 2
183 348 9
183 349 3
183 352 6
183 353 2
183 354 4
183 355 2
183 356 9
183 362 4
183 365 10
183 366 8
183 367 4
183 368 6
183 369 5
183 372 8
183 374 5
183 376 3
183 377 5
183 378 1
183 379 4
183 380 6
183 381 2
183 384 9
183 385 9
183 389 7
183 391 8
183 392 10
183 393 3
183 394 5
183 397 8
184 186 4
184 188 10
184 191 6
184 192 7
184 193 2
184 199 9
184 201 6
184 203 10
184 207 1
184 208 2
184 209 2
184 214 10
184 216 4
184 217 7
184 221 2
184 222 7
184 223 5
184 224 4
184 225 2
184 228 4
184 229 4
184 230 6
184 231 5
184 232 10
184 233 7
184 237 4
184 241 6
184 245 10
184 247 6
184 250 8
184 252 6
184 257 9
184 258 8
184 259 9
184 261 6
184 264 7
184 266 7
184 269 2
184 270 2
184 272 2
184 275 8
184 276 4
184 277 9
184 281 2
184 282 6
184 283 6
184 284 4
184 286 10
184 288 8
184 293 2
184 294 3
184 297 4
184 298 2
184 301 8
184 304 6
184 308 5
184 311 7
184 312 8
184 316 6
184 317 3
184 318 10
184 319 8
184 320 9
184 321 6
184 322 5
184 323 7
184 324 2
184 326 7
184 329 10
184 332 2
184 338 8
184 339 7
184 340 2
184 341 5
184 343 5
184 344 5
184 345 4
184 349 7
184 350 1
184 353 3
184 355 2
184 359 1
184 360 6
184 364 6
184 365 5
184 367 3
184 368 10
184 371 7
184 372 3
184 375 6
184 381 5
184 382 10
184 383 5
184 384 4
184 386 2
184 391 7
184 392 3
184 394 2
184 397 4
185 194 1
185 197 2
185 199 7
185 202 7
185 203 3
185 209 4
185 210 3
185 211 9
185 213 9
185 217 1
185 218 7
185 223 2
185 224 1
185 227 10
185 229 9
185 231 3
185 235 3
185 237 8
185 238 8
185 239 6
185 241 2
185 243 8
185 244 9
185 249 10
185 250 8
185 252 3
185 253 9
185 257 6
185 259 7
185 260 3
185 261 8
185 265 6
185 266 7
185 267 4
185 268 6
185 269 7
185 271 4
185 272 9
185 274 7
185 276 8
185 277 8
185 280 2
185 281 5
185 283 2
185 292 2
185 293 1
185 294 10
185 296 1
185 297 7
185 299 5
185 300 3
185 302 8
185 303 2
185 304 4
185 305 10
185 306 8
185 307 10
185 308 3
185 309 1
185 312 4
185 314 7
185 315 4
185 316 10
185 317 1
185 318 4
185 319 8
185 321 1
185 322 4
185 323 1
185 326 6
185 328 1
185 329 8
185 330 2
185 336 9
185 337 8
185 338 8
185 339 10
185 341 8
185 342 3
185 347 2
185 348 5
185 351 10
185 352 4
185 354 6
185 355 4
185 358 5
185 359 10
185 362 7
185 363 10
185 364 4
185 367 1
185 368 3
185 369 3
185 370 10
185 372 10
185 375 5
185 376 7
185 377 8
185 378 8
185 381 1
185 382 3
185 384 6
185 386 3
185 387 2
185 388 3
185 389 6
185 391 7
185 396 6
185 397 4
185 399 2
186 187 6
186 190 10
186 191 10
186 193 9
186 194 10
186 196 3
186 197 3
186 198 7
186 199 8
186 200 6
186 203 2
186 207 5
186 211 8
186 214 6
186 215 3
186 217 6
186 219 9
186 221 1
186 222 4
186 223 5
186 225 3
186 228 7
186 229 2
186 230 7
186 232 9
186 233 3
186 236 5
186 238 4
186 239 2
186 241 9
186 242 10
186 244 3
186 248 7
186 249 2
186 252 5
186 253 1
186 257 6
186 259 1
186 260 8
186 261 2
186 263 10
186 264 9
186 266 3
186 269 4
186 270 3
186 271 3
186 272 6
186 274 6
186 275 6
186 276 3
186 277 7
186 278 2
186 281 3
186 282 9
186 285 2
186 287 5
186 288 1
186 290 5
186 291 1
186 292 6
186 293 7
186 294 7
186 300 9
186 301 4
186 302 7
186 305 8
186 307 2
186 308 2
186 310 10
186 311 6
186 312 5
186 313 7
186 315 2
186 319 3
186 320 7
186 321 7
186 322 10
186 323 2
186 324 5
186 325 2
186 328 5
186 333 9
186 335 5
186 337 6
186 341 5
186 342 7
186 343 8
186 344 4
186 348 6
186 350 7
186 352 3
186 353 9
186 362 1
186 363 7
186 365 8
186 368 2
186 371 3
186 373 7
186 374 1
186 375 4
186 377 4
186 381 2
186 382 7
186 384 8
186 385 4
186 386 10
186 387 10
186 390 4
186 392 9
186 393 8
186 397 2
186 398 6
186 399 3
187 189 3
187 190 4
187 193 4
187 196 6
187 198 10
187 200 3
187 201 1
187 202 1
187 203 7
187 205 5
187 211 1
187 212 8
187 214 5
187 215 7
187 216 8
187 217 8
187 222 6
187 224 8
187 227 6
187 228 4
187 229 5
187 232 6
187 237 9
187 238 9
187 239 7
187 241 8
187 242 10
187 244 9
187 245 2
187 246 4
187 247 2
187 248 3
187 249 4
187 250 1
187 251 8
187 252 10
187 253 1
187 258 10
187 262 2
187 263 9
187 265 10
187 266 4
187 267 2
187 269 8
187 270 1
187 272 9
187 275 1
187 276 6
187 277 9
187 278 9
187 280 8
187 281 5
187 282 10
187 284 9
187 286 9
187 289 5
187 291 9
187 295 1
187 299 4
187 300 3
187 301 7
187 304 3
187 310 1
187 311 7
187 315 1
187 317 3
187 318 8
187 321 9
187 322 9
187 324 3
187 328 2
187 336 5
187 337 4
187 338 7
187 340 7
187 343 3
187 344 5
187 346 10
187 347 7
187 351 2
187 352 9
187 353 7
187 355 9
187 356 9
187 357 3
187 360 10
187 362 1
187 364 5
187 365 1
187 369 9
187 372 8
187 373 6
187 375 5
187 376 1
187 379 5
187 383 5
187 384 2
187 385 9
187 386 4
187 388 4
187 390 8
187 392 7
187 393 8
187 394 8
187 396 7
187 398 4
187 399 4
188 190 6
188 191 2
188 192 7
188 193 3
188 194 10
188 196 6
188 199 10
188 202 2
188 203 7
188 204 6
188 207 9
188 208 1
188 211 3
188 213 10
188 217 10
188 219 8
188 220 5
188 222 3
188 223 10
188 225 3
188 227 4
188 228 8
188 231 8
188 234 3
188 238 8
188 242 3
188 243 5
188 246 1
188 249 5
188 250 1
188 255 2
188 257 1
188 258 4
188 262 1
188 263 1
188 265 6
188 267 7
188 270 2
188 272 3
188 273 8
188 275 2
188 280 8
188 281 9
188 282 8
188 285 4
188 286 1
188 287 6
188 288 6
188 289 10
188 292 2
188 293 6
188 296 4
188 297 1
188 298 7
188 299 8
188 302 7
188 304 4
188 307 3
188 310 1
188 314 6
188 317 10
188 320 3
188 323 3
188 325 6
188 326 4
188 329 10
188 332 1
188 333 10
188 334 6
188 337 2
188 338 1
188 339 7
188 340 7
188 344 10
188 345 10
188 346 5
188 347 4
188 351 2
188 352 5
188 353 3
188 357 7
188 358 2
188 359 9
188 361 5
188 363 9
188 364 9
188 366 1
188 367 2
188 372 4
188 373 1
188 374 10
188 375 2
188 376 10
188 378 8
188 379 7
188 380 8
188 382 10
188 384 7
188 386 4
188 387 3
188 391 4
188 392 2
188 393 9
188 394 9
188 397 10
188 399 10
189 192 9
189 193 2
189 194 1
189 195 4
189 197 9
189 199 5
189 201 2
189 202 6
189 203 8
189 205 1
189 208 9
189 211 1
189 214 10
189 215 9
189 216 5
189 217 10
189 219 9
189 221 7
189 222 7
189 223 9
189 224 9
189 226 10
189 228 10
189 231 8
189 235 9
189 237 1
189 238 2
189 247 7
189 250 6
189 251 1
189 252 4
189 255 4
189 256 2
189 257 9
189 258 6
189 259 5
189 262 1
189 263 4
189 264 4
189 265 10
189 266 2
189 268 2
189 269 10
189 272 2
189 275 5
189 276 5
189 278 3
189 281 1
189 283 7
189 284 9
189 285 9
189 286 10
189 287 3
189 290 4
189 291 3
189 292 7
189 294 4
189 297 7
189 298 5
189 299 10
189 305 3
189 307 4
189 310 9
189 312 9
189 314 1
189 315 2
189 318 4
189 320 9
189 321 3
189 323 3
189 327 8
189 328 8
189 329 3
189 335 1
189 338 4
189 339 3
189 340 3
189 343 4
189 348 4
189 350 5
189 351 7
189 353 4
189 355 7
189 358 3
189 359 5
189 360 6
189 361 5
189 362 6
189 363 9
189 364 6
189 365 1
189 367 6
189 368 9
189 370 10
189 371 8
189 375 10
189 376 6
189 377 6
189 379 6
189 380 4
189 382 3
189 383 4
189 385 5
189 386 4
189 388 2
189 392 5
189 395 1
189 397 9
189 398 2
189 399 4
190 191 9
190 194 8
190 196 2
190 197 7
190 198 1
190 199 9
190 200 8
190 202 8
190 204 2
190 205 6
190 214 10
190 215 8
190 217 7
190 219 5
190 220 10
190 223 4
190 224 2
190 225 5
190 229 4
190 230 5
190 234 7
190 236 4
190 237 8
190 241 10
190 242 2
190 243 2
190 244 2
190 245 5
190 249 7
190 250 3
190 251 2
190 253 7
190 256 4
190 258 8
190 259 5
190 261 7
190 264 5
190 265 9
190 266 4
190 268 9
190 269 6
190 270 2
190 271 6
190 272 6
190 277 3
190 279 9
190 285 4
190 286 3
190 287 8
190 288 2
190 290 2
190 291 1
190 294 8
190 297 10
190 298 10
190 299 1
190 300 8
190 302 3
190 304 10
190 305 7
190 307 1
190 310 5
190 311 7
190 312 10
190 314 3
190 317 4
190 318 4
190 319 9
190 320 5
190 322 4
190 323 5
190 326 9
190 328 1
190 329 4
190 331 6
190 335 6
190 337 6
190 340 7
190 343 9
190 345 6
190 350 10
190 351 6
190 353 8
190 356 6
190 358 1
190 361 1
190 364 8
190 366 10
190 367 7
190 368 2
190 370 9
190 371 8
190 373 9
190 374 5
190 375 3
190 376 2
190 377 8
190 378 3
190 380 9
190 381 4
190 382 5
190 383 7
190 387 7
190 388 2
190 389 4
190 390 3
190 391 10
190 394 6
190 395 3
190 399 10
191 192 2
191 193 8
191 194 9
191 195 9
191 196 2
191 197 8
191 198 8
191 201 5
191 202 2
191 203 9
191 204 8
191 206 3
191 207 6
191 208 6
191 210 4
191 211 5
191 216 10
191 217 4
191 219 4
191 221 4
191 227 10
191 228 4
191 229 6
191 231 6
191 232 10
191 233 1
191 235 6
191 236 8
191 237 4
191 238 8
191 240 7
191 242 7
191 243 3
191 244 1
191 245 7
191 247 10
191 248 9
191 249 8
191 250 2
191 252 9
191 253 9
191 257 2
191 259 1
191 262 6
191 263 3
191 264 8
191 265 8
191 267 10
191 274 6
191 275 9
191 277 2
191 281 8
191 283 6
191 285 9
191 290 8
191 292 9
191 293 3
191 294 5
191 295 8
191 301 9
191 302 8
191 304 1
191 305 4
191 306 4
191 307 3
191 308 8
191 309 7
191 313 9
191 316 8
191 317 1
191 318 7
191 326 7
191 329 2
191 330 3
191 332 2
191 333 7
191 334 4
191 335 10
191 336 6
191 337 1
191 338 6
191 339 4
191 341 6
191 344 8
191 347 8
191 348 10
191 349 2
191 351 10
191 353 3
191 358 1
191 359 10
191 360 6
191 361 8
191 363 1
191 367 9
191 371 8
191 374 1
191 384 8
191 385 9
191 388 9
191 391 10
191 393 5
191 395 2
191 398 5
191 399 1
192 194 10
192 195 6
192 199 5
192 201 2
192 202 3
192 203 7
192 204 2
192 205 6
192 209 10
192 212 3
192 216 7
192 218 1
192 219 1
192 220 5
192 227 6
192 228 7
192 229 6
192 232 8
192 233 9
192 239 9
192 240 6
192 243 5
192 244 9
192 252 4
192 253 3
192 256 9
192 257 8
192 258 3
192 259 7
192 263 3
192 264 8
192 266 10
192 268 9
192 270 7
192 272 2
192 273 4
192 274 2
192 280 2
192 287 5
192 288 7
192 289 10
192 291 6
192 292 10
192 300 3
192 302 2
192 303 5
192 304 2
192 305 10
192 307 7
192 310 2
192 312 2
192 313 4
192 314 2
192 315 9
192 316 8
192 317 9
192 320 4
192 321 9
192 324 1
192 329 4
192 330 1
192 331 1
192 333 5
192 334 8
192 337 8
192 338 2
192 340 6
192 343 2
192 346 2
192 347 8
192 348 4
192 351 1
192 353 4
192 358 7
192 360 6
192 361 6
192 363 7
192 365 3
192 366 6
192 370 10
192 371 6
192 375 10
192 378 3
192 379 8
192 383 10
192 384 5
192 385 10
192 387 3
192 389 5
192 390 9
192 392 2
192 393 4
192 394 2
192 395 8
192 396 10
192 399 5
193 195 10
193 196 2
193 197 6
193 198 8
193 202 2
193 203 3
193 207 7
193 208 4
193 210 4
193 214 8
193 215 2
193 216 7
193 219 5
193 220 7
193 223 6
193 230 4
193 231 5
193 233 7
193 239 4
193 240 6
193 241 3
193 245 3
193 247 7
193 250 2
193 252 7
193 255 10
193 257 6
193 258 3
193 260 10
193 263 2
193 264 5
193 267 2
193 269 7
193 272 8
193 273 1
193 274 4
193 275 2
193 277 8
193 279 7
193 281 5
193 282 7
193 283 10
193 284 8
193 285 4
193 286 1
193 290 4
193 291 4
193 292 6
193 295 3
193 296 9
193 298 5
193 299 5
193 301 8
193 303 6
193 306 2
193 307 3
193 309 7
193 311 7
193 313 8
193 315 8
193 320 10
193 322 2
193 323 3
193 327 8
193 331 2
193 336 7
193 338 8
193 340 1
193 343 10
193 344 3
193 348 9
193 349 8
193 350 4
193 352 4
193 353 1
193 355 9
193 359 2
193 361 6
193 363 6
193 369 2
193 373 3
193 374 7
193 375 2
193 376 9
193 377 2
193 379 8
193 387 3
193 388 2
193 389 7
193 390 4
193 391 9
193 393 10
193 395 10
193 396 6
194 195 4
194 196 9
194 197 9
194 200 4
194 202 9
194 204 8
194 206 8
194 209 3
194 213 10
194 214 2
194 215 1
194 217 4
194 219 2
194 220 2
194 227 9
194 229 10
194 230 3
194 231 6
194 232 10
194 234 1
194 239 7
194 242 4
194 244 1
194 245 5
194 247 3
194 248 8
194 255 1
194 257 6
194 258 9
194 259 7
194 260 5
194 263 8
194 264 2
194 268 3
194 270 10
194 272 4
194 273 3
194 274 6
194 275 6
194 277 8
194 279 10
194 281 7
194 288 1
194 290 7
194 293 1
194 294 1
194 297 2
194 300 3
194 301 9
194 304 7
194 306 8
194 307 3
194 310 5
194 312 1
194 314 10
194 315 9
194 316 5
194 317 6
194 318 3
194 320 4
194 321 10
194 323 6
194 327 4
194 328 8
194 329 4
194 331 5
194 336 4
194 337 9
194 341 5
194 342 10
194 343 5
194 345 6
194 347 8
194 350 5
194 351 6
194 352 10
194 358 9
194 362 2
194 363 5
194 367 9
194 370 3
194 371 1
194 374 3
194 377 2
194 380 10
194 381 9
194 382 6
194 384 2
194 387 9
194 389 9
194 390 2
194 391 10
194 394 9
194 397 9
194 398 3
194 399 2
195 196 7
195 197 10
195 200 9
195 201 4
195 202 1
195 204 2
195 206 7
195 207 9
195 212 9
195 214 4
195 215 2
195 219 4
195 222 2
195 223 9
195 224 4
195 225 3
195 226 9
195 227 3
195 230 10
195 231 10
195 232 4
195 234 10
195 236 3
195 237 1
195 238 9
195 239 1
195 244 9
195 245 9
195 246 5
195 249 2
195 250 9
195 251 6
195 252 1
195 253 8
195 254 6
195 259 3
195 260 5
195 263 1
195 264 6
195 265 4
195 266 10
195 267 6
195 273 8
195 274 10
195 275 1
195 276 10
195 280 8
195 281 1
195 282 6
195 283 3
195 284 9
195 286 7
195 287 4
195 289 7
195 291 1
195 293 2
195 294 1
195 295 2
195 296 1
195 300 3
195 304 1
195 305 1
195 307 2
195 310 3
195 311 5
195 312 9
195 313 9
195 314 6
195 316 1
195 324 4
195 329 2
195 333 10
195 334 7
195 335 7
195 336 9
195 337 10
195 338 4
195 339 1
195 340 6
195 341 2
195 343 7
195 345 7
195 346 2
195 347 10
195 350 3
195 351 5
195 355 8
195 356 10
195 357 10
195 359 1
195 360 8
195 363 4
195 366 8
195 367 9
195 368 8
195 376 3
195 377 3
195 378 3
195 380 3
195 386 1
195 388 2
195 389 6
195 390 7
195 392 4
195 395 9
195 396 2
195 399 7
196 197 6
196 198 3
196 203 6
196 205 8
196 206 4
196 207 2
196 211 3
196 212 7
196 214 7
196 215 1
196 216 1
196 217 9
196 218 3
196 219 8
196 220 4
196 223 5
196 226 9
196 227 7
196 228 2
196 231 2
196 232 6
196 234 1
196 235 5
196 236 8
196 239 6
196 241 2
196 242 9
196 246 8
196 249 6
196 251 1
196 253 5
196 255 6
196 259 8
196 260 7
196 261 5
196 263 10
196 266 7
196 270 2
196 272 10
196 277 6
196 282 9
196 283 1
196 284 8
196 288 1
196 290 1
196 294 1
196 297 2
196 300 4
196 301 3
196 302 9
196 303 9
196 304 5
196 305 6
196 306 6
196 307 9
196 314 7
196 315 10
196 320 5
196 325 4
196 326 7
196 328 2
196 330 3
196 332 2
196 333 4
196 334 3
196 339 8
196 342 9
196 344 8
196 346 2
196 349 9
196 353 7
196 354 6
196 355 6
196 356 7
196 357 3
196 361 8
196 362 2
196 363 6
196 364 8
196 365 9
196 367 8
196 369 10
196 372 5
196 373 3
196 375 2
196 376 1
196 377 10
196 380 5
196 384 4
196 385 7
196 386 6
196 387 3
196 388 3
196 389 8
196 390 2
196 393 4
196 396 7
197 198 6
197 202 10
197 204 7
197 205 8
197 206 2
197 210 9
197 213 9
197 216 1
197 217 10
197 219 7
197 221 10
197 229 7
197 231 8
197 233 5
197 234 4
197 237 2
197 238 3
197 239 1
197 241 1
197 242 2
197 246 6
197 247 8
197 249 2
197 252 10
197 255 5
197 257 1
197 258 6
197 262 4
197 263 6
197 266 2
197 268 5
197 270 4
197 271 3
197 274 6
197 275 3
197 277 7
197 279 3
197 281 7
197 282 7
197 283 7
197 288 7
197 291 10
197 293 10
197 294 1
197 295 4
197 297 7
197 298 3
197 300 3
197 301 10
197 302 8
197 303 3
197 304 7
197 306 7
197 309 10
197 310 6
197 312 3
197 315 6
197 326 5
197 327 1
197 328 4
197 329 4
197 331 2
197 332 6
197 339 6
197 340 5
197 343 9
197 344 9
197 345 9
197 348 10
197 349 1
197 351 8
197 353 2
197 357 7
197 358 7
197 359 2
197 360 1
197 361 10
197 362 9
197 363 1
197 364 10
197 368 5
197 371 5
197 373 8
197 375 1
197 380 2
197 381 10
197 382 1
197 383 5
197 387 9
197 388 1
197 390 6
197 395 6
197 396 4
197 397 4
198 201 3
198 204 6
198 206 3
198 215 2
198 218 2
198 220 10
198 223 10
198 225 1
198 227 9
198 231 10
198 232 4
198 236 4
198 238 7
198 239 3
198 240 2
198 242 1
198 244 10
198 246 2
198 249 3
198 251 7
198 253 10
198 256 2
198 260 9
198 263 7
198 264 3
198 265 10
198 269 6
198 276 6
198 277 4
198 278 2
198 279 6
198 282 1
198 284 10
198 285 7
198 290 3
198 293 9
198 294 4
198 296 4
198 305 4
198 307 3
198 308 7
198 310 1
198 312 8
198 314 2
198 315 10
198 316 1
198 317 5
198 322 9
198 323 5
198 324 8
198 325 5
198 326 5
198 328 7
198 331 6
198 334 4
198 337 1
198 339 6
198 341 2
198 344 8
198 346 3
198 347 9
198 348 1
198 350 6
198 353 10
198 358 6
198 361 9
198 362 2
198 363 3
198 364 7
198 366 7
198 368 8
198 369 7
198 370 9
198 371 6
198 374 9
198 375 6
198 378 9
198 379 7
198 380 3
198 381 6
198 386 6
198 387 10
198 388 3
198 389 5
198 393 5
198 396 8
198 398 8
199 201 8
199 203 7
199 204 1
199 205 6
199 206 6
199 207 2
199 210 1
199 211 6
199 213 8
199 216 9
199 217 10
199 218 3
199 219 4
199 220 3
199 227 4
199 228 5
199 230 5
199 231 6
199 232 3
199 236 10
199 238 6
199 241 9
199 242 2
199 243 4
199 244 6
199 248 1
199 249 9
199 251 4
199 252 9
199 253 6
199 254 9
199 255 1
199 257 6
199 264 1
199 265 8
199 266 3
199 267 3
199 270 10
199 271 9
199 275 10
199 277 3
199 280 6
199 281 10
199 282 5
199 285 8
199 287 2
199 288 2
199 290 5
199 293 5
199 295 7
199 297 2
199 300 6
199 301 3
199 302 5
199 303 1
199 304 4
199 306 8
199 308 6
199 310 2
199 312 9
199 313 3
199 315 9
199 327 9
199 330 8
199 331 8
199 332 10
199 333 3
199 334 4
199 338 6
199 340 1
199 343 6
199 344 5
199 348 10
199 349 8
199 350 4
199 353 9
199 354 2
199 355 1
199 358 10
199 360 10
199 364 5
199 365 9
199 366 8
199 368 6
199 369 1
199 370 5
199 372 10
199 375 5
199 377 4
199 378 1
199 380 4
199 381 2
199 383 2
199 385 2
199 386 9
199 387 4
199 389 10
199 390 9
199 393 9
199 394 4
199 396 2
199 397 8
199 399 2
200 202 5
200 203 3
200 204 8
200 206 1
200 207 5
200 209 8
200 219 9
200 220 9
200 221 7
200 222 1
200 224 7
200 226 10
200 227 10
200 228 2
200 235 4
200 237 2
200 239 4
200 241 3
200 243 7
200 248 9
200 249 8
200 252 8
200 254 5
200 261 8
200 262 6
200 267 2
200 269 1
200 272 2
200 273 4
200 274 8
200 278 3
200 279 3
200 280 10
200 281 1
200 283 1
200 286 2
200 288 4
200 289 10
200 290 8
200 294 8
200 297 9
200 298 6
200 299 10
200 300 8
200 302 2
200 304 3
200 305 1
200 306 6
200 307 6
200 312 10
200 314 8
200 318 5
200 319 4
200 322 8
200 323 3
200 324 4
200 328 9
200 332 7
200 333 6
200 334 9
200 335 1
200 336 7
200 337 3
200 338 8
200 339 7
200 340 5
200 342 3
200 343 8
200 344 5
200 346 3
200 350 8
200 351 4
200 352 1
200 355 3
200 356 1
200 357 3
200 361 2
200 362 6
200 363 4
200 364 6
200 365 5
200 367 8
200 369 2
200 373 9
200 375 4
200 376 6
200 378 8
200 379 6
200 383 5
200 393 2
200 395 2
200 396 4
200 398 9
200 399 9
201 206 1
201 208 6
201 211 2
201 212 2
201 213 1
201 215 3
201 216 6
201 217 3
201 220 10
201 221 3
201 222 3
201 224 10
201 225 7
201 226 1
201 228 3
201 231 9
201 232 10
201 233 9
201 238 3
201 240 2
201 242 4
201 243 4
201 244 4
201 247 6
201 248 10
201 249 9
201 251 4
201 252 3
201 255 4
201 256 5
201 259 4
201 262 6
201 265 9
201 266 10
201 269 10
201 270 8
201 272 10
201 275 10
201 278 9
201 280 8
201 282 9
201 284 3
201 285 6
201 286 5
201 287 10
201 288 9
201 289 4
201 290 2
201 294 8
201 296 1
201 299 3
201 300 6
201 301 4
201 302 7
201 306 2
201 308 10
201 310 10
201 313 2
201 314 2
201 315 3
201 318 7
201 319 4
201 322 2
201 323 1
201 324 6
201 327 2
201 329 6
201 330 10
201 332 9
201 334 2
201 338 3
201 340 4
201 342 2
201 344 5
201 345 1
201 349 2
201 354 9
201 356 9
201 357 7
201 361 2
201 363 4
201 368 10
201 373 10
201 376 4
201 377 5
201 378 10
201 380 10
201 381 1
201 385 10
201 388 10
201 390 2
201 391 5
201 392 9
201 393 8
201 395 10
201 396 7
201 397 2
201 399 2
202 203 5
202 204 9
202 205 8
202 209 5
202 211 9
202 214 3
202 217 6
202 218 9
202 221 3
202 222 1
202 224 7
202 226 4
202 227 3
202 228 9
202 230 8
202 231 2
202 232 9
202 233 3
202 235 4
202 237 4
202 238 7
202 239 9
202 240 3
202 242 3
202 243 9
202 244 2
202 249 10
202 250 3
202 251 9
202 252 1
202 254 5
202 258 9
202 259 3
202 261 8
202 262 1
202 265 8
202 267 6
202 268 4
202 269 5
202 273 10
202 274 4
202 276 2
202 277 9
202 279 1
202 283 5
202 284 6
202 285 4
202 287 3
202 292 4
202 293 9
202 294 6
202 296 6
202 297 10
202 298 10
202 299 7
202 302 6
202 304 4
202 305 4
202 307 8
202 308 5
202 309 5
202 314 6
202 315 3
202 317 8
202 319 3
202 320 2
202 321 2
202 325 7
202 326 10
202 327 7
202 328 9
202 329 9
202 332 6
202 336 6
202 339 5
202 343 4
202 344 1
202 345 10
202 346 8
202 347 5
202 349 3
202 350 3
202 353 5
202 355 2
202 358 6
202 359 4
202 360 6
202 364 3
202 366 3
202 370 2
202 371 3
202 372 4
202 374 1
202 377 8
202 380 10
202 383 10
202 384 7
202 386 2
202 387 5
202 390 7
202 394 7
202 399 6
203 205 9
203 206 10
203 207 3
203 209 10
203 210 4
203 212 10
203 215 7
203 223 3
203 226 2
203 228 10
203 230 2
203 231 6
203 233 3
203 235 5
203 237 8
203 240 9
203 243 8
203 246 7
203 247 5
203 248 7
203 249 10
203 253 4
203 254 1
203 255 2
203 256 2
203 257 10
203 260 5
203 262 3
203 264 3
203 269 7
203 272 5
203 274 7
203 275 4
203 276 6
203 278 2
203 279 7
203 282 10
203 283 1
203 284 2
203 286 5
203 287 9
203 288 9
203 289 8
203 291 9
203 296 5
203 298 4
203 299 7
203 300 1
203 301 3
203 302 2
203 304 5
203 306 10
203 307 6
203 308 7
203 311 3
203 313 1
203 315 6
203 321 2
203 323 2
203 327 3
203 328 2
203 329 7
203 336 4
203 337 1
203 339 1
203 340 3
203 341 5
203 343 1
203 344 1
203 346 8
203 347 8
203 349 8
203 350 10
203 352 10
203 353 9
203 356 5
203 357 4
203 358 6
203 359 9
203 363 4
203 364 1
203 365 9
203 366 1
203 369 1
203 371 10
203 372 1
203 373 2
203 377 2
203 381 2
203 383 9
203 385 5
203 386 2
203 387 5
203 392 6
203 393 10
203 398 2
204 208 10
204 210 2
204 211 10
204 215 1
204 217 3
204 219 3
204 223 10
204 224 10
204 227 4
204 228 3
204 230 7
204 232 1
204 235 6
204 237 6
204 238 6
204 239 4
204 243 9
204 244 6
204 251 10
204 252 4
204 254 9
204 256 4
204 257 1
204 259 2
204 261 10
204 263 5
204 264 7
204 266 1
204 271 7
204 273 10
204 274 4
204 276 3
204 279 7
204 280 2
204 281 2
204 282 10
204 283 8
204 285 8
204 287 9
204 289 5
204 290 8
204 291 5
204 292 8
204 293 7
204 294 7
204 295 8
204 297 6
204 299 3
204 300 2
204 301 8
204 302 4
204 303 8
204 307 6
204 308 7
204 310 1
204 311 5
204 312 5
204 318 7
204 320 6
204 326 1
204 327 8
204 328 10
204 329 1
204 330 8
204 332 4
204 338 4
204 339 5
204 340 6
204 345 2
204 346 3
204 349 5
204 351 9
204 353 5
204 354 9
204 355 1
204 357 9
204 359 3
204 360 2
204 361 2
204 366 2
204 367 9
204 368 10
204 371 7
204 373 7
204 374 2
204 375 5
204 376 9
204 377 3
204 380 5
204 381 7
204 382 9
204 384 9
204 386 3
204 388 7
204 389 8
204 390 5
204 391 4
204 394 4
204 395 1
204 397 10
204 399 2
205 207 7
205 209 1
205 210 8
205 211 8
205 212 6
205 220 8
205 221 9
205 222 2
205 223 2
205 224 4
205 227 10
205 228 4
205 229 9
205 232 1
205 233 8
205 238 9
205 240 6
205 244 7
205 246 9
205 247 4
205 250 5
205 253 5
205 257 2
205 258 8
205 260 9
205 264 10
205 265 8
205 266 5
205 267 8
205 268 5
205 271 6
205 272 4
205 274 8
205 275 6
205 278 4
205 279 5
205 280 6
205 282 10
205 285 7
205 286 3
205 287 8
205 290 3
205 292 5
205 293 4
205 295 2
205 299 7
205 300 7
205 303 4
205 306 4
205 311 8
205 315 6
205 316 10
205 317 10
205 318 6
205 319 5
205 320 2
205 321 8
205 322 2
205 323 7
205 326 4
205 327 5
205 328 3
205 329 10
205 332 6
205 334 4
205 337 7
205 340 10
205 341 6
205 343 7
205 344 1
205 345 1
205 346 1
205 348 5
205 351 7
205 356 8
205 359 6
205 362 1
205 363 6
205 365 1
205 369 10
205 372 2
205 373 9
205 374 2
205 375 10
205 379 7
205 381 7
205 386 3
205 389 5
205 390 9
205 393 5
205 394 8
205 396 6
205 398 4
206 208 10
206 210 2
206 213 4
206 214 8
206 217 9
206 218 1
206 220 3
206 222 3
206 225 8
206 227 8
206 228 9
206 231 5
206 233 2
206 235 5
206 236 2
206 240 6
206 242 2
206 244 3
206 245 9
206 247 10
206 248 2
206 252 1
206 256 7
206 257 4
206 265 10
206 266 10
206 268 10
206 269 7
206 272 1
206 273 5
206 275 9
206 278 1
206 280 6
206 281 3
206 282 8
206 283 8
206 284 8
206 285 7
206 286 5
206 287 10
206 289 6
206 292 2
206 293 1
206 295 5
206 300 10
206 303 9
206 304 10
206 307 10
206 310 10
206 311 6
206 313 4
206 315 6
206 317 10
206 319 10
206 322 5
206 323 3
206 324 1
206 325 5
206 326 6
206 327 4
206 328 4
206 329 7
206 330 2
206 332 8
206 333 9
206 334 7
206 335 7
206 339 4
206 340 10
206 341 4
206 345 4
206 348 10
206 349 3
206 354 2
206 357 4
206 358 4
206 359 8
206 361 4
206 363 10
206 364 6
206 365 1
206 368 2
206 370 1
206 371 10
206 372 5
206 375 5
206 380 4
206 382 4
206 385 4
206 387 9
206 388 3
206 392 1
206 394 1
206 396 9
206 397 8
206 398 10
207 208 3
207 210 4
207 212 10
207 214 5
207 215 9
207 216 10
207 217 8
207 218 4
207 219 2
207 222 5
207 223 10
207 225 1
207 229 9
207 231 1
207 234 2
207 238 8
207 242 8
207 243 1
207 244 10
207 245 1
207 248 8
207 249 7
207 255 6
207 256 2
207 258 2
207 265 6
207 267 8
207 268 1
207 269 9
207 270 8
207 272 6
207 273 5
207 274 7
207 276 5
207 277 5
207 279 2
207 282 3
207 283 3
207 284 3
207 286 5
207 287 8
207 290 1
207 291 4
207 292 9
207 294 4
207 296 2
207 297 10
207 304 2
207 305 3
207 307 4
207 308 4
207 309 3
207 310 4
207 312 6
207 314 1
207 316 3
207 318 2
207 320 10
207 321 7
207 322 4
207 323 8
207 325 1
207 329 2
207 331 3
207 332 6
207 335 10
207 336 1
207 342 3
207 343 9
207 345 3
207 346 9
207 350 9
207 352 7
207 353 2
207 354 9
207 355 10
207 359 6
207 360 10
207 368 4
207 370 9
207 371 10
207 374 6
207 375 6
207 376 4
207 378 6
207 383 3
207 385 9
207 388 2
207 391 2
208 210 2
208 211 9
208 213 2
208 215 5
208 216 2
208 217 4
208 220 1
208 223 7
208 225 2
208 226 2
208 229 2
208 231 5
208 232 4
208 235 5
208 237 7
208 240 3
208 241 10
208 242 7
208 243 1
208 245 5
208 246 6
208 247 8
208 248 2
208 251 8
208 252 3
208 253 4
208 256 2
208 257 7
208 258 7
208 259 10
208 262 7
208 263 2
208 266 4
208 269 10
208 270 4
208 273 6
208 274 7
208 275 2
208 277 8
208 278 3
208 284 10
208 286 4
208 288 1
208 291 3
208 292 8
208 293 4
208 295 7
208 296 10
208 303 8
208 305 8
208 307 8
208 308 8
208 311 8
208 312 3
208 313 2
208 315 8
208 316 3
208 318 4
208 321 8
208 323 8
208 324 5
208 330 10
208 331 10
208 332 6
208 333 10
208 334 4
208 336 6
208 338 1
208 339 7
208 340 3
208 345 8
208 349 2
208 350 2
208 352 4
208 354 7
208 355 2
208 356 2
208 363 5
208 364 7
208 365 6
208 366 9
208 367 1
208 369 7
208 370 6
208 371 2
208 372 3
208 374 6
208 375 3
208 377 7
208 378 1
208 380 2
208 382 10
208 384 8
208 385 8
208 386 10
208 391 5
208 392 4
208 393 5
208 395 8
208 398 6
209 210 8
209 212 5
209 213 8
209 214 5
209 217 3
209 218 6
209 219 6
209 223 1
209 226 2
209 227 10
209 228 3
209 230 6
209 231 3
209 232 2
209 234 7
209 236 8
209 237 1
209 238 2
209 243 1
209 244 7
209 246 5
209 247 2
209 248 7
209 249 2
209 250 1
209 253 1
209 256 5
209 258 8
209 259 3
209 263 4
209 269 4
209 272 7
209 275 9
209 279 2
209 281 10
209 282 5
209 284 7
209 286 5
209 288 2
209 290 1
209 291 2
209 294 6
209 297 10
209 298 8
209 299 1
209 300 5
209 301 8
209 302 2
209 303 7
209 304 8
209 307 2
209 309 2
209 311 2
209 312 5
209 313 4
209 314 10
209 315 4
209 316 9
209 318 3
209 320 7
209 321 9
209 322 6
209 326 10
209 327 8
209 331 1
209 333 8
209 334 2
209 335 3
209 336 7
209 342 1
209 345 6
209 346 8
209 347 9
209 349 3
209 350 6
209 351 4
209 353 9
209 354 3
209 358 7
209 359 5
209 360 1
209 361 1
209 364 4
209 365 1
209 366 6
209 369 9
209 371 2
209 372 5
209 375 8
209 376 7
209 377 3
209 378 1
209 381 2
209 383 9
209 384 2
209 385 5
209 386 6
209 388 7
209 392 4
209 393 3
209 394 5
209 396 4
209 397 10
209 398 8
210 211 3
210 213 5
210 214 2
210 215 5
210 216 2
210 217 4
210 218 5
210 219 3
210 225 10
210 228 10
210 230 3
210 231 9
210 232 10
210 234 6
210 235 4
210 236 9
210 237 3
210 240 5
210 243 7
210 247 10
210 250 10
210 251 8
210 252 1
210 253 6
210 256 3
210 258 10
210 261 5
210 262 7
210 263 3
210 264 7
210 265 4
210 268 3
210 271 7
210 274 10
210 275 6
210 278 2
210 279 8
210 281 1
210 282 9
210 284 7
210 285 7
210 287 7
210 288 8
210 289 8
210 290 3
210 292 1
210 295 8
210 296 2
210 298 6
210 299 1
210 304 6
210 305 2
210 308 9
210 315 6
210 319 8
210 322 4
210 324 5
210 325 9
210 326 10
210 328 1
210 329 8
210 332 6
210 334 10
210 335 5
210 336 7
210 342 2
210 343 8
210 344 7
210 345 4
210 347 4
210 350 3
210 352 8
210 355 9
210 356 10
210 357 2
210 359 9
210 360 10
210 362 6
210 363 10
210 364 5
210 365 4
210 367 3
210 370 8
210 372 4
210 374 9
210 376 9
210 378 3
210 379 6
210 380 4
210 382 2
210 386 7
210 387 1
210 388 7
210 389 1
210 390 10
210 392 7
210 394 5
210 398 9
210 399 1
211 212 7
211 215 1
211 216 1
211 217 10
211 219 3
211 222 8
211 223 3
211 224 3
211 225 5
211 226 9
211 228 1
211 231 3
211 232 1
211 234 7
211 240 10
211 247 8
211 248 5
211 250 1
211 252 1
211 253 7
211 255 10
211 256 5
211 260 6
211 261 5
211 268 1
211 269 8
211 273 1
211 275 6
211 277 2
211 279 7
211 280 7
211 285 6
211 287 9
211 289 2
211 290 5
211 292 6
211 293 3
211 294 1
211 295 7
211 296 6
211 301 3
211 302 1
211 304 1
211 308 6
211 310 6
211 317 5
211 323 4
211 324 6
211 326 5
211 327 2
211 328 1
211 329 1
211 330 6
211 331 10
211 338 9
211 340 3
211 341 4
211 342 7
211 344 8
211 345 10
211 349 5
211 352 7
211 355 9
211 358 7
211 359 6
211 360 7
211 362 1
211 365 4
211 369 5
211 371 5
211 374 5
211 375 4
211 376 4
211 377 4
211 383 3
211 384 1
211 385 4
211 393 7
211 396 9
211 398 1
212 213 1
212 214 5
212 218 4
212 219 2
212 220 10
212 221 5
212 223 5
212 224 3
212 226 8
212 229 1
212 230 6
212 231 3
212 232 5
212 233 6
212 234 5
212 237 8
212 239 1
212 240 9
212 242 2
212 243 10
212 244 4
212 248 8
212 252 9
212 254 1
212 255 7
212 260 3
212 261 5
212 262 7
212 263 2
212 264 10
212 266 10
212 267 10
212 268 10
212 269 5
212 270 4
212 271 3
212 273 6
212 274 4
212 277 2
212 278 3
212 279 4
212 280 10
212 282 7
212 285 8
212 289 3
212 290 5
212 291 9
212 293 5
212 294 6
212 297 2
212 298 2
212 299 9
212 300 1
212 303 1
212 305 8
212 309 8
212 310 6
212 312 8
212 314 5
212 315 2
212 316 9
212 317 7
212 318 6
212 320 4
212 327 2
212 328 1
212 330 1
212 331 9
212 334 7
212 338 9
212 340 8
212 342 1
212 344 5
212 347 10
212 348 3
212 349 2
212 354 1
212 356 4
212 357 3
212 361 3
212 364 5
212 366 5
212 368 3
212 369 9
212 374 6
212 375 1
212 376 7
212 377 2
212 378 9
212 382 9
212 383 2
212 384 7
212 385 7
212 386 5
212 392 8
212 393 2
212 394 5
212 396 10
212 397 3
212 399 7
213 215 4
213 221 5
213 223 1
213 227 8
213 229 1
213 230 1
213 231 3
213 232 2
213 234 6
213 238 8
213 239 5
213 240 7
213 241 1
213 242 7
213 244 7
213 246 3
213 247 9
213 249 9
213 250 10
213 251 6
213 252 9
213 253 9
213 254 1
213 256 3
213 258 2
213 259 8
213 261 1
213 263 1
213 270 7
213 271 10
213 272 1
213 274 6
213 278 5
213 279 9
213 281 4
213 282 10
213 283 1
213 284 1
213 285 5
213 288 5
213 289 7
213 290 2
213 292 5
213 294 2
213 296 2
213 297 8
213 298 8
213 299 7
213 300 3
213 302 10
213 303 10
213 304 8
213 305 3
213 307 9
213 309 3
213 310 1
213 311 4
213 312 9
213 313 9
213 314 3
213 315 10
213 318 1
213 319 4
213 320 10
213 321 9
213 323 3
213 324 9
213 327 2
213 328 3
213 330 8
213 331 4
213 332 4
213 333 1
213 334 7
213 338 6
213 341 2
213 343 8
213 345 6
213 347 2
213 351 10
213 353 1
213 354 5
213 356 6
213 357 2
213 360 4
213 361 8
213 366 9
213 367 10
213 368 9
213 369 8
213 370 3
213 373 6
213 377 3
213 380 9
213 381 3
213 382 1
213 385 4
213 386 8
213 387 6
213 389 8
213 390 3
213 391 2
213 393 8
213 395 8
214 215 1
214 216 1
214 219 4
214 220 7
214 222 5
214 223 6
214 225 2
214 226 1
214 230 4
214 231 6
214 235 10
214 236 5
214 237 9
214 238 7
214 241 1
214 242 1
214 246 6
214 247 5
214 249 4
214 252 9
214 254 5
214 256 10
214 263 1
214 265 10
214 268 4
214 269 3
214 270 5
214 271 9
214 272 5
214 273 5
214 274 6
214 275 8
214 277 8
214 279 2
214 284 10
214 288 4
214 293 3
214 294 3
214 295 2
214 296 5
214 297 10
214 298 6
214 304 10
214 305 8
214 313 1
214 316 5
214 317 8
214 318 5
214 319 3
214 320 8
214 321 9
214 326 1
214 331 5
214 334 4
214 337 9
214 338 5
214 339 5
214 342 8
214 343 9
214 345 3
214 349 10
214 350 5
214 352 6
214 354 6
214 355 1
214 356 5
214 357 6
214 359 5
214 362 3
214 365 2
214 372 2
214 375 10
214 376 9
214 377 8
214 381 9
214 383 3
214 385 5
214 394 9
214 395 8
214 396 6
214 398 5
215 217 9
215 218 2
215 219 7
215 220 3
215 221 9
215 222 4
215 224 10
215 226 2
215 228 2
215 232 9
215 235 3
215 236 3
215 237 2
215 239 6
215 242 9
215 244 1
215 245 3
215 248 7
215 249 9
215 252 10
215 253 3
215 257 3
215 258 7
215 262 7
215 264 1
215 267 9
215 268 2
215 270 3
215 271 1
215 272 3
215 274 3
215 275 3
215 278 4
215 283 3
215 287 2
215 288 6
215 290 5
215 295 2
215 299 9
215 300 1
215 302 5
215 305 2
215 307 1
215 308 9
215 309 2
215 311 5
215 313 7
215 314 4
215 316 4
215 318 4
215 319 5
215 321 9
215 322 9
215 328 2
215 329 3
215 330 3
215 331 5
215 335 9
215 336 8
215 337 7
215 343 7
215 344 7
215 346 2
215 349 6
215 351 4
215 353 9
215 356 8
215 358 5
215 361 6
215 368 2
215 370 2
215 371 4
215 372 2
215 374 10
215 376 5
215 378 6
215 379 10
215 388 4
215 390 3
215 391 6
215 392 5
215 393 9
215 396 1
216 217 8
216 218 6
216 219 7
216 220 7
216 221 10
216 224 5
216 228 9
216 234 1
216 236 5
216 239 3
216 240 9
216 242 7
216 243 10
216 245 4
216 246 3
216 247 7
216 248 2
216 249 10
216 250 7
216 251 2
216 252 10
216 253 9
216 256 8
216 258 3
216 259 6
216 260 9
216 263 6
216 264 7
216 265 2
216 266 10
216 267 10
216 268 3
216 270 6
216 271 6
216 272 10
216 273 1
216 276 1
216 279 7
216 281 7
216 283 2
216 285 7
216 286 4
216 289 3
216 292 1
216 293 10
216 295 9
216 300 10
216 303 5
216 305 2
216 307 6
216 308 5
216 309 3
216 313 7
216 317 6
216 319 3
216 320 6
216 321 8
216 327 8
216 328 10
216 329 3
216 330 1
216 331 4
216 335 1
216 337 8
216 338 6
216 339 5
216 347 1
216 348 3
216 350 1
216 352 9
216 353 2
216 354 1
216 356 9
216 359 5
216 361 1
216 364 5
216 366 6
216 368 8
216 370 10
216 372 2
216 375 4
216 378 2
216 382 7
216 383 1
216 385 7
216 387 1
216 389 1
216 390 4
216 393 4
216 394 8
216 395 3
216 397 9
217 218 9
217 219 10
217 220 4
217 225 10
217 226 10
217 227 5
217 230 3
217 232 6
217 233 10
217 234 1
217 235 9
217 240 9
217 241 5
217 243 4
217 245 5
217 247 8
217 250 1
217 252 2
217 253 10
217 254 5
217 255 4
217 257 3
217 259 8
217 261 8
217 263 1
217 265 2
217 266 9
217 267 10
217 269 5
217 270 5
217 271 10
217 272 3
217 273 7
217 280 1
217 285 10
217 286 7
217 288 10
217 292 10
217 293 9
217 294 9
217 296 1
217 298 9
217 299 2
217 300 5
217 301 1
217 302 2
217 303 1
217 304 4
217 306 1
217 309 8
217 310 4
217 315 5
217 316 4
217 318 2
217 320 3
217 322 4
217 324 4
217 327 7
217 328 7
217 329 1
217 330 10
217 331 5
217 333 6
217 335 2
217 336 4
217 337 5
217 338 7
217 339 10
217 341 6
217 342 8
217 343 3
217 345 6
217 346 9
217 347 4
217 350 5
217 351 7
217 352 3
217 353 3
217 357 10
217 358 7
217 360 5
217 364 10
217 367 9
217 370 1
217 371 4
217 373 6
217 376 4
217 377 8
217 380 10
217 381 3
217 383 5
217 384 10
217 385 1
217 388 7
217 391 4
217 392 3
217 394 3
217 395 5
217 397 8
218 221 6
218 223 4
218 225 6
218 229 6
218 232 4
218 233 3
218 234 2
218 235 3
218 236 6
218 238 9
218 240 4
218 241 5
218 243 9
218 246 4
218 248 10
218 249 3
218 250 5
218 254 2
218 255 9
218 256 9
218 258 9
218 260 2
218 261 2
218 266 5
218 267 10
218 268 6
218 270 10
218 271 10
218 273 5
218 276 8
218 278 5
218 279 10
218 280 10
218 288 1
218 289 7
218 290 8
218 291 3
218 292 5
218 295 4
218 298 2
218 299 9
218 304 1
218 305 5
218 315 8
218 316 3
218 318 10
218 320 5
218 321 2
218 322 5
218 324 10
218 326 3
218 328 3
218 329 6
218 330 9
218 333 9
218 334 6
218 335 1
218 339 3
218 341 5
218 342 4
218 343 6
218 344 7
218 345 6
218 346 9
218 348 8
218 349 10
218 352 2
218 355 10
218 356 1
218 357 10
218 358 1
218 360 5
218 364 2
218 367 9
218 371 1
218 374 2
218 375 8
218 376 8
218 377 2
218 383 1
218 384 1
218 386 10
218 389 5
218 392 9
218 393 3
219 220 6
219 224 8
219 226 6
219 227 8
219 229 9
219 230 1
219 231 4
219 232 3
219 233 1
219 234 6
219 235 2
219 236 9
219 237 2
219 239 6
219 240 9
219 241 8
219 243 2
219 247 1
219 250 2
219 251 4
219 252 4
219 253 10
219 254 8
219 255 3
219 256 6
219 258 7
219 261 4
219 263 9
219 264 6
219 266 1
219 268 1
219 271 9
219 273 8
219 274 5
219 279 2
219 280 9
219 283 8
219 287 9
219 288 7
219 289 10
219 290 3
219 291 7
219 293 2
219 296 3
219 298 8
219 301 7
219 302 3
219 304 10
219 306 2
219 307 8
219 308 9
219 310 8
219 314 10
219 316 10
219 317 8
219 318 8
219 325 7
219 328 9
219 331 4
219 332 10
219 333 6
219 334 2
219 337 5
219 339 10
219 340 1
219 341 9
219 349 10
219 353 6
219 355 6
219 357 10
219 358 2
219 360 9
219 365 9
219 369 8
219 372 5
219 374 9
219 379 5
219 380 9
219 381 9
219 382 2
219 384 2
219 385 8
219 389 10
219 390 5
219 391 2
219 392 8
219 395 4
219 396 3
219 398 2
220 221 9
220 222 6
220 223 9
220 225 6
220 227 4
220 229 4
220 230 2
220 231 1
220 236 1
220 243 6
220 246 1
220 247 8
220 250 5
220 251 7
220 252 7
220 253 5
220 257 6
220 260 9
220 261 5
220 263 1
220 264 3
220 265 3
220 266 5
220 268 5
220 269 5
220 271 5
220 273 2
220 276 4
220 277 9
220 279 2
220 284 6
220 288 6
220 289 2
220 290 10
220 292 6
220 293 10
220 295 9
220 297 8
220 300 10
220 302 1
220 303 7
220 304 5
220 306 2
220 307 5
220 309 1
220 314 4
220 316 9
220 318 2
220 319 7
220 320 8
220 321 8
220 323 4
220 327 6
220 328 3
220 329 3
220 333 9
220 335 7
220 336 5
220 337 7
220 338 10
220 339 6
220 340 2
220 341 9
220 343 1
220 345 1
220 346 2
220 348 7
220 349 4
220 352 4
220 353 5
220 354 2
220 357 8
220 358 1
220 361 8
220 363 7
220 367 3
220 369 9
220 370 1
220 371 2
220 372 10
220 373 2
220 375 9
220 380 6
220 381 1
220 389 2
220 391 1
220 392 9
220 395 7
220 396 9
220 397 3
220 398 10
221 226 10
221 228 1
221 229 6
221 231 4
221 232 5
221 234 5
221 235 7
221 237 4
221 239 10
221 240 2
221 241 6
221 242 5
221 244 3
221 245 7
221 246 10
221 247 1
221 250 1
221 251 5
221 252 2
221 254 7
221 256 7
221 257 7
221 259 8
221 260 1
221 261 5
221 262 6
221 263 4
221 264 3
221 265 7
221 266 6
221 269 8
221 270 2
221 271 2
221 272 10
221 274 8
221 277 4
221 282 10
221 288 3
221 295 8
221 298 7
221 299 5
221 301 3
221 302 3
221 303 4
221 304 1
221 305 5
221 311 5
221 313 2
221 314 5
221 316 7
221 317 9
221 319 4
221 320 2
221 322 9
221 324 4
221 325 7
221 326 9
221 327 6
221 332 9
221 334 8
221 335 4
221 339 6
221 341 9
221 342 5
221 344 7
221 345 6
221 346 7
221 349 7
221 350 2
221 351 8
221 353 9
221 354 1
221 355 5
221 357 10
221 358 9
221 359 9
221 361 9
221 362 3
221 364 2
221 366 10
221 371 2
221 372 6
221 373 4
221 375 6
221 377 3
221 380 8
221 383 8
221 386 5
221 390 3
221 392 6
221 393 5
221 396 9
222 224 3
222 225 6
222 226 3
222 228 8
222 230 2
222 231 1
222 236 1
222 237 4
222 238 9
222 240 6
222 242 4
222 243 4
222 244 8
222 250 4
222 252 6
222 254 1
222 259 4
222 261 10
222 262 3
222 264 8
222 268 1
222 269 3
222 274 8
222 277 4
222 279 4
222 280 10
222 284 8
222 285 8
222 287 8
222 288 2
222 289 7
222 290 9
222 292 3
222 295 10
222 296 8
222 297 10
222 298 2
222 299 3
222 300 7
222 302 3
222 304 6
222 305 8
222 308 5
222 309 5
222 310 5
222 311 9
222 312 2
222 314 9
222 315 3
222 318 9
222 319 3
222 320 7
222 321 9
222 322 2
222 325 10
222 330 4
222 331 5
222 333 6
222 334 5
222 335 1
222 337 9
222 343 9
222 348 10
222 349 4
222 354 2
222 355 5
222 356 4
222 357 6
222 358 7
222 360 3
222 361 9
222 362 3
222 364 4
222 369 4
222 370 7
222 371 8
222 372 3
222 373 2
222 374 8
222 375 4
222 376 3
222 378 3
222 379 8
222 381 10
222 384 2
222 386 3
222 388 3
222 395 6
222 396 2
222 398 6
223 225 2
223 228 9
223 229 3
223 230 1
223 233 3
223 234 9
223 236 10
223 237 1
223 238 7
223 241 2
223 244 5
223 245 8
223 248 6
223 249 7
223 251 10
223 254 5
223 256 6
223 260 8
223 261 3
223 262 4
223 266 5
223 268 6
223 270 7
223 272 7
223 276 8
223 277 10
223 281 5
223 283 2
223 285 10
223 288 4
223 292 7
223 296 1
223 298 6
223 301 7
223 303 8
223 304 9
223 305 3
223 306 2
223 309 3
223 310 3
223 312 2
223 314 10
223 316 5
223 318 6
223 319 9
223 321 9
223 322 8
223 323 3
223 325 9
223 329 10
223 331 4
223 332 3
223 333 10
223 335 7
223 339 4
223 341 10
223 345 9
223 346 1
223 347 6
223 348 7
223 349 1
223 350 3
223 352 3
223 353 7
223 354 9
223 357 1
223 359 2
223 360 5
223 361 1
223 362 3
223 363 5
223 365 6
223 366 4
223 367 10
223 375 3
223 378 2
223 379 9
223 382 9
223 383 3
223 385 1
223 386 5
223 388 5
223 389 6
223 391 10
223 393 9
223 395 8
224 226 2
224 227 4
224 232 5
224 237 7
224 239 8
224 240 6
224 244 6
224 249 6
224 250 6
224 251 8
224 252 3
224 253 1
224 255 4
224 258 7
224 259 10
224 260 6
224 261 8
224 262 5
224 263 9
224 266 7
224 267 5
224 268 4
224 269 1
224 270 1
224 274 6
224 275 6
224 276 9
224 277 6
224 278 5
224 279 3
224 280 7
224 281 1
224 282 4
224 283 2
224 284 6
224 286 7
224 287 2
224 289 5
224 290 5
224 295 8
224 296 2
224 297 10
224 299 7
224 301 1
224 302 1
224 303 6
224 304 5
224 305 9
224 306 3
224 308 7
224 309 4
224 310 3
224 311 7
224 313 5
224 315 7
224 319 8
224 320 4
224 325 10
224 326 2
224 329 2
224 330 6
224 331 8
224 333 9
224 334 10
224 335 9
224 340 3
224 341 4
224 343 6
224 344 10
224 350 3
224 351 4
224 352 2
224 353 5
224 356 3
224 359 7
224 362 10
224 363 9
224 364 6
224 367 6
224 369 7
224 373 10
224 374 6
224 375 9
224 377 2
224 379 3
224 381 10
224 382 7
224 383 5
224 385 6
224 388 6
224 389 1
224 392 3
224 394 7
224 395 3
224 396 3
224 397 6
224 398 7
225 226 2
225 227 8
225 228 9
225 229 9
225 230 5
225 231 3
225 232 5
225 235 10
225 238 3
225 242 9
225 243 8
225 244 7
225 246 10
225 247 3
225 248 7
225 249 4
225 250 9
225 252 7
225 253 6
225 256 10
225 260 6
225 261 6
225 263 7
225 264 1
225 265 7
225 266 4
225 273 9
225 274 8
225 277 10
225 282 4
225 285 5
225 287 8
225 288 9
225 290 3
225 291 10
225 292 8
225 295 6
225 296 4
225 297 1
225 298 9
225 303 10
225 304 10
225 307 3
225 308 3
225 309 1
225 311 10
225 312 4
225 316 2
225 319 4
225 320 10
225 323 4
225 328 10
225 332 6
225 334 3
225 335 3
225 339 6
225 340 1
225 341 4
225 342 3
225 344 4
225 346 5
225 348 1
225 349 2
225 350 3
225 351 1
225 352 7
225 354 4
225 355 5
225 356 9
225 357 1
225 359 8
225 360 10
225 364 10
225 365 2
225 367 3
225 372 5
225 373 1
225 374 8
225 375 4
225 376 7
225 379 3
225 380 2
225 381 5
225 383 5
225 387 7
225 389 8
225 390 3
225 392 8
225 394 1
225 395 8
225 396 8
225 398 7
226 227 1
226 229 2
226 233 1
226 236 8
226 239 6
226 240 6
226 242 7
226 243 2
226 245 8
226 247 5
226 250 1
226 252 10
226 253 1
226 254 9
226 261 4
226 262 5
226 267 4
226 270 10
226 272 8
226 274 10
226 275 1
226 282 1
226 285 4
226 286 5
226 287 5
226 289 7
226 290 7
226 291 8
226 292 3
226 294 1
226 295 4
226 296 2
226 298 10
226 299 2
226 300 6
226 309 2
226 311 9
226 313 1
226 315 5
226 317 5
226 327 5
226 329 7
226 331 2
226 332 1
226 333 2
226 334 2
226 335 4
226 338 6
226 339 3
226 340 4
226 341 9
226 342 4
226 343 3
226 345 3
226 353 5
226 354 7
226 355 2
226 357 10
226 358 3
226 360 3
226 363 1
226 364 1
226 365 6
226 366 5
226 367 1
226 368 5
226 369 7
226 371 9
226 372 8
226 373 4
226 374 3
226 378 6
226 380 8
226 383 1
226 384 10
226 385 4
226 386 9
226 390 1
226 393 3
226 395 3
226 397 5
226 398 1
226 399 3
227 228 5
227 233 10
227 234 3
227 237 9
227 239 2
227 241 5
227 243 4
227 244 8
227 250 8
227 258 7
227 260 1
227 261 8
227 262 9
227 268 4
227 270 5
227 271 3
227 275 7
227 276 9
227 277 2
227 280 7
227 281 7
227 283 6
227 290 5
227 293 1
227 298 8
227 299 10
227 301 10
227 302 9
227 304 7
227 305 5
227 306 4
227 310 8
227 312 7
227 314 9
227 317 9
227 318 1
227 319 8
227 320 3
227 322 10
227 324 4
227 325 1
227 326 1
227 328 5
227 329 7
227 330 2
227 331 3
227 333 4
227 336 5
227 338 5
227 339 2
227 340 8
227 341 7
227 342 4
227 344 8
227 346 7
227 348 7
227 349 5
227 351 6
227 352 10
227 353 9
227 354 1
227 355 5
227 356 10
227 357 5
227 359 9
227 362 8
227 364 9
227 365 7
227 366 1
227 367 3
227 368 3
227 371 9
227 373 1
227 375 4
227 378 10
227 380 6
227 381 1
227 382 9
227 383 8
227 384 10
227 386 9
227 394 8
227 395 6
227 397 9
227 399 6
228 229 10
228 230 9
228 231 9
228 235 6
228 236 4
228 239 7
228 240 9
228 241 3
228 244 7
228 246 10
228 247 2
228 249 2
228 251 2
228 252 1
228 254 1
228 255 10
228 256 6
228 257 6
228 258 1
228 260 4
228 261 8
228 262 10
228 263 10
228 264 10
228 266 10
228 273 6
228 274 3
228 275 7
228 279 3
228 280 2
228 281 7
228 282 6
228 288 7
228 289 8
228 290 1
228 291 6
228 293 3
228 295 7
228 296 3
228 300 10
228 301 7
228 302 8
228 304 3
228 305 4
228 306 3
228 309 3
228 310 5
228 312 10
228 314 7
228 315 7
228 317 10
228 319 7
228 320 10
228 321 4
228 323 6
228 328 9
228 330 1
228 331 2
228 334 7
228 335 6
228 336 8
228 337 4
228 338 8
228 343 10
228 344 3
228 346 9
228 347 7
228 350 3
228 351 2
228 353 5
228 356 4
228 357 4
228 358 7
228 359 2
228 360 8
228 362 8
228 364 8
228 365 4
228 367 1
228 370 7
228 371 3
228 374 1
228 382 6
228 384 3
228 385 10
228 387 4
228 389 6
228 392 7
228 395 4
228 397 10
228 398 5
228 399 3
229 231 4
229 233 10
229 236 9
229 237 7
229 238 5
229 241 1
229 245 5
229 248 2
229 250 10
229 253 3
229 254 2
229 258 9
229 261 6
229 262 8
229 264 2
229 265 7
229 266 10
229 271 6
229 272 6
229 273 1
229 276 5
229 277 1
229 281 5
229 282 1
229 283 10
229 285 1
229 287 6
229 289 4
229 298 5
229 299 5
229 300 5
229 303 8
229 305 7
229 306 8
229 307 3
229 308 6
229 309 3
229 310 10
229 311 3
229 314 3
229 315 9
229 316 3
229 317 9
229 320 8
229 321 7
229 322 3
229 323 1
229 325 6
229 327 8
229 328 2
229 329 4
229 330 8
229 331 3
229 332 2
229 333 9
229 334 7
229 337 1
229 340 8
229 342 8
229 346 4
229 348 1
229 350 2
229 354 6
229 355 3
229 358 3
229 359 5
229 361 10
229 362 1
229 363 5
229 368 10
229 369 10
229 370 9
229 373 7
229 375 10
229 376 3
229 377 10
229 378 4
229 382 4
229 386 7
229 389 3
229 393 4
229 395 5
229 397 3
229 398 4
229 399 7
230 233 8
230 234 7
230 235 3
230 236 8
230 237 5
230 239 3
230 240 9
230 241 9
230 242 8
230 243 1
230 244 6
230 248 9
230 249 6
230 250 4
230 251 10
230 252 5
230 253 9
230 254 8
230 255 8
230 258 6
230 261 7
230 264 7
230 265 3
230 266 8
230 268 3
230 270 7
230 272 8
230 273 3
230 278 7
230 280 1
230 283 6
230 284 1
230 285 5
230 287 2
230 290 2
230 295 5
230 296 9
230 297 3
230 298 3
230 302 3
230 304 8
230 305 3
230 306 7
230 308 7
230 310 1
230 311 8
230 317 5
230 319 2
230 320 10
230 322 5
230 324 4
230 326 6
230 328 5
230 330 10
230 335 1
230 337 2
230 339 1
230 341 10
230 342 4
230 343 5
230 346 2
230 347 5
230 350 10
230 352 9
230 353 7
230 354 5
230 358 9
230 359 1
230 361 2
230 363 7
230 364 10
230 366 7
230 367 8
230 369 5
230 371 1
230 372 8
230 375 5
230 377 6
230 378 3
230 380 5
230 381 4
230 382 7
230 383 3
230 385 8
230 386 10
230 388 4
230 389 6
230 390 7
230 392 4
230 394 1
230 395 4
230 396 1
230 397 7
230 399 9
231 235 4
231 237 2
231 240 9
231 242 6
231 243 5
231 245 3
231 247 7
231 249 7
231 251 6
231 252 8
231 253 10
231 255 5
231 261 10
231 262 5
231 263 1
231 265 4
231 266 7
231 267 6
231 268 10
231 269 4
231 270 1
231 271 3
231 272 1
231 275 3
231 278 3
231 280 2
231 283 7
231 287 7
231 289 9
231 293 10
231 294 10
231 295 4
231 296 5
231 297 1
231 299 7
231 301 10
231 304 9
231 307 1
231 309 7
231 310 8
231 311 1
231 312 4
231 314 3
231 317 1
231 320 8
231 324 7
231 329 4
231 330 1
231 334 2
231 336 1
231 338 4
231 341 5
231 342 5
231 343 5
231 344 6
231 348 8
231 349 2
231 351 6
231 352 7
231 355 4
231 356 4
231 361 2
231 363 7
231 364 9
231 366 5
231 368 8
231 370 7
231 372 10
231 373 2
231 375 7
231 377 6
231 378 8
231 379 6
231 381 5
231 384 7
231 385 7
231 387 7
231 389 8
231 390 2
231 393 3
231 399 9
232 237 5
232 238 4
232 239 4
232 240 6
232 242 7
232 243 2
232 244 8
232 245 6
232 246 7
232 248 2
232 249 6
232 250 2
232 252 7
232 255 2
232 256 4
232 257 6
232 258 7
232 260 3
232 261 7
232 262 5
232 263 1
232 265 10
232 273 6
232 276 5
232 279 4
232 280 3
232 282 2
232 283 3
232 286 3
232 287 10
232 296 8
232 297 10
232 298 7
232 299 10
232 302 2
232 303 3
232 305 2
232 306 1
232 307 1
232 308 2
232 313 5
232 317 3
232 318 9
232 319 9
232 320 3
232 322 8
232 323 9
232 325 6
232 326 5
232 328 8
232 333 2
232 334 1
232 337 1
232 341 5
232 342 3
232 345 2
232 347 2
232 348 7
232 350 10
232 356 7
232 357 8
232 358 6
232 359 5
232 360 6
232 361 7
232 362 9
232 364 4
232 366 9
232 367 9
232 369 4
232 370 10
232 372 3
232 374 7
232 375 2
232 380 8
232 381 9
232 382 5
232 384 3
232 388 9
232 392 7
232 394 8
232 395 2
232 397 1
232 399 9
233 234 3
233 235 5
233 237 6
233 238 8
233 239 7
233 240 7
233 241 5
233 242 7
233 243 2
233 244 4
233 247 4
233 248 7
233 253 3
233 255 1
233 256 7
233 257 8
233 259 10
233 261 1
233 263 1
233 267 9
233 270 10
233 277 2
233 279 8
233 281 9
233 282 5
233 285 5
233 286 3
233 288 3
233 289 3
233 290 7
233 297 10
233 301 3
233 302 2
233 303 6
233 304 4
233 305 2
233 307 8
233 309 10
233 311 8
233 314 10
233 318 1
233 319 9
233 320 2
233 321 8
233 322 3
233 323 8
233 326 4
233 327 5
233 332 9
233 335 1
233 336 3
233 337 6
233 340 2
233 341 3
233 345 7
233 347 10
233 348 5
233 350 2
233 352 5
233 354 1
233 356 9
233 357 9
233 359 10
233 363 7
233 368 5
233 371 7
233 374 6
233 376 1
233 378 2
233 380 5
233 381 9
233 382 3
233 385 6
233 387 10
233 388 3
233 394 8
233 395 5
233 396 6
233 398 1
233 399 1
234 235 7
234 236 3
234 237 1
234 238 3
234 239 10
234 241 7
234 246 8
234 247 6
234 248 4
234 249 8
234 250 3
234 257 2
234 259 3
234 262 10
234 264 2
234 271 9
234 273 4
234 274 2
234 277 10
234 279 9
234 284 1
234 285 6
234 287 7
234 290 7
234 292 4
234 293 10
234 294 4
234 295 10
234 300 5
234 302 1
234 303 8
234 305 10
234 306 9
234 307 4
234 308 10
234 310 5
234 311 1
234 313 3
234 314 9
234 315 1
234 316 6
234 317 6
234 318 10
234 320 8
234 321 2
234 325 10
234 327 4
234 329 5
234 333 1
234 334 9
234 335 3
234 338 7
234 339 1
234 345 7
234 348 8
234 352 10
234 353 9
234 356 6
234 358 1
234 360 5
234 361 10
234 363 6
234 365 10
234 367 5
234 368 2
234 370 2
234 373 2
234 374 3
234 375 8
234 376 8
234 379 3
234 385 5
234 387 7
234 389 9
234 390 9
234 392 2
234 394 4
234 395 5
234 397 3
234 398 10
235 237 8
235 240 8
235 245 9
235 248 3
235 249 2
235 251 10
235 255 8
235 256 8
235 257 7
235 259 8
235 260 8
235 261 5
235 266 2
235 267 4
235 268 3
235 270 6
235 271 10
235 275 7
235 279 8
235 283 3
235 284 7
235 287 6
235 288 6
235 290 4
235 292 5
235 293 4
235 295 3
235 298 6
235 301 1
235 302 8
235 304 5
235 306 10
235 308 7
235 310 6
235 313 7
235 315 4
235 316 2
235 317 7
235 319 3
235 323 9
235 324 6
235 325 9
235 329 6
235 330 9
235 331 3
235 332 2
235 333 1
235 338 6
235 339 3
235 343 7
235 344 3
235 348 6
235 349 6
235 350 8
235 352 4
235 353 1
235 355 6
235 356 10
235 360 2
235 363 10
235 364 2
235 367 7
235 368 5
235 370 2
235 371 10
235 373 4
235 380 7
235 383 8
235 384 4
235 386 2
235 387 2
235 388 9
235 391 2
235 394 2
235 395 6
235 398 7
235 399 2
236 238 5
236 239 6
236 240 4
236 242 7
236 243 8
236 244 2
236 251 5
236 252 7
236 253 3
236 254 4
236 260 9
236 262 6
236 265 9
236 267 10
236 268 9
236 271 9
236 272 10
236 274 9
236 276 4
236 278 7
236 279 8
236 282 5
236 283 4
236 284 2
236 285 9
236 287 8
236 291 5
236 292 3
236 294 2
236 297 9
236 300 7
236 303 8
236 308 10
236 310 6
236 311 9
236 314 5
236 315 1
236 316 9
236 319 1
236 320 10
236 321 2
236 322 3
236 327 2
236 328 7
236 333 1
236 334 10
236 335 5
236 337 10
236 338 3
236 340 3
236 341 5
236 343 10
236 344 9
236 345 3
236 346 1
236 347 6
236 351 3
236 352 1
236 354 6
236 357 6
236 358 1
236 359 4
236 362 2
236 363 2
236 364 5
236 368 8
236 370 4
236 371 2
236 374 3
236 376 10
236 377 10
236 379 8
236 380 4
236 384 9
236 385 3
236 386 10
236 387 2
236 388 2
236 390 6
236 395 2
236 396 2
236 398 8
237 240 10
237 241 3
237 245 2
237 247 8
237 248 4
237 249 8
237 252 1
237 256 6
237 257 2
237 258 6
237 259 4
237 262 4
237 263 3
237 264 5
237 267 4
237 268 2
237 271 2
237 272 1
237 273 2
237 274 1
237 277 1
237 278 8
237 279 10
237 281 10
237 283 4
237 285 2
237 286 5
237 287 7
237 288 10
237 289 4
237 290 10
237 291 10
237 295 10
237 299 6
237 302 8
237 305 3
237 306 3
237 309 5
237 311 3
237 313 2
237 316 5
237 319 6
237 323 7
237 324 7
237 327 3
237 328 7
237 336 1
237 337 3
237 340 8
237 342 4
237 346 5
237 347 2
237 348 7
237 351 9
237 353 1
237 355 1
237 356 4
237 357 4
237 358 3
237 359 7
237 363 8
237 365 4
237 369 8
237 371 10
237 377 10
237 381 6
237 385 1
237 386 9
237 387 6
237 388 10
237 396 1
238 239 5
238 241 9
238 244 5
238 246 6
238 247 10
238 249 1
238 251 5
238 252 3
238 254 2
238 258 9
238 260 9
238 263 10
238 264 2
238 266 3
238 267 8
238 269 2
238 271 4
238 273 6
238 275 1
238 277 7
238 278 8
238 280 7
238 281 1
238 282 4
238 283 3
238 284 5
238 288 7
238 291 5
238 292 8
238 294 2
238 295 9
238 298 7
238 299 3
238 300 1
238 302 5
238 304 7
238 308 9
238 309 4
238 310 5
238 312 5
238 313 6
238 314 6
238 321 2
238 322 6
238 324 10
238 326 5
238 327 7
238 328 4
238 329 6
238 330 3
238 331 10
238 333 3
238 337 4
238 340 6
238 341 6
238 346 7
238 347 10
238 348 2
238 352 3
238 354 9
238 356 7
238 358 2
238 360 4
238 362 9
238 363 8
238 364 9
238 368 10
238 370 2
238 373 6
238 374 9
238 376 1
238 377 3
238 380 3
238 381 10
238 382 7
238 383 4
238 385 2
238 387 2
238 390 4
238 391 9
238 392 5
238 395 6
238 396 6
238 398 1
238 399 8
239 242 4
239 245 2
239 246 6
239 247 8
239 249 5
239 251 4
239 255 3
239 259 4
239 260 4
239 262 7
239 263 6
239 264 10
239 266 4
239 267 10
239 269 5
239 270 1
239 271 3
239 273 5
239 274 1
239 278 5
239 281 9
239 282 7
239 283 10
239 284 2
239 287 1
239 290 2
239 291 6
239 292 9
239 299 4
239 300 9
239 303 2
239 304 5
239 306 10
239 309 6
239 312 5
239 314 6
239 318 1
239 319 8
239 322 4
239 323 2
239 324 3
239 325 2
239 326 9
239 327 4
239 328 5
239 329 9
239 330 10
239 332 4
239 333 6
239 336 7
239 337 10
239 338 10
239 339 4
239 343 7
239 345 2
239 350 6
239 351 4
239 352 3
239 354 10
239 355 3
239 356 3
239 359 10
239 360 2
239 363 3
239 365 6
239 366 7
239 367 9
239 369 10
239 372 4
239 374 2
239 376 10
239 377 1
239 378 2
239 379 9
239 384 2
239 386 5
239 389 3
239 392 5
239 393 3
239 397 1
240 241 1
240 242 5
240 244 9
240 246 7
240 248 10
240 249 5
240 251 6
240 252 1
240 253 4
240 258 8
240 259 6
240 262 9
240 263 5
240 265 5
240 266 1
240 267 5
240 268 9
240 271 7
240 274 7
240 280 6
240 283 3
240 285 4
240 287 9
240 289 6
240 290 9
240 294 2
240 295 10
240 296 10
240 298 8
240 300 9
240 302 10
240 304 3
240 305 2
240 306 10
240 307 7
240 309 6
240 310 10
240 312 7
240 313 3
240 314 7
240 320 4
240 321 5
240 326 4
240 331 10
240 333 9
240 335 9
240 336 10
240 339 10
240 340 7
240 341 6
240 342 5
240 343 3
240 344 10
240 345 9
240 348 3
240 349 3
240 350 6
240 351 1
240 353 8
240 354 5
240 355 2
240 356 10
240 357 5
240 358 1
240 359 5
240 360 4
240 363 8
240 364 5
240 365 6
240 366 2
240 367 10
240 369 4
240 370 5
240 371 1
240 373 1
240 374 4
240 375 9
240 378 3
240 380 3
240 381 1
240 383 4
240 384 10
240 385 4
240 386 10
240 388 6
240 389 2
240 392 8
240 396 9
240 397 10
240 398 10
240 399 8
241 242 4
241 244 2
241 246 5
241 248 10
241 250 7
241 251 5
241 254 1
241 256 3
241 258 2
241 259 9
241 261 2
241 263 8
241 265 8
241 268 2
241 274 8
241 280 7
241 283 4
241 285 5
241 286 8
241 288 3
241 289 2
241 290 5
241 291 4
241 294 4
241 295 9
241 297 4
241 299 7
241 302 6
241 306 2
241 313 4
241 316 6
241 317 3
241 318 3
241 320 6
241 322 3
241 323 8
241 324 2
241 325 5
241 326 1
241 330 5
241 332 2
241 333 3
241 334 6
241 335 9
241 336 6
241 339 6
241 341 1
241 345 10
241 346 4
241 348 3
241 351 9
241 354 9
241 356 2
241 357 8
241 358 8
241 359 9
241 360 10
241 362 8
241 363 7
241 365 3
241 367 1
241 368 2
241 371 3
241 372 1
241 375 2
241 379 10
241 380 4
241 381 1
241 382 2
241 385 2
241 386 9
241 388 7
241 392 4
241 396 7
242 243 10
242 245 7
242 246 7
242 247 2
242 248 10
242 253 9
242 255 3
242 257 3
242 259 2
242 260 8
242 262 10
242 263 6
242 264 4
242 265 2
242 266 3
242 268 4
242 271 8
242 272 7
242 273 5
242 278 6
242 282 6
242 284 10
242 285 9
242 287 9
242 291 3
242 293 1
242 295 5
242 296 8
242 297 9
242 300 1
242 301 5
242 304 8
242 305 1
242 308 1
242 309 6
242 310 4
242 313 4
242 314 10
242 316 9
242 319 2
242 321 8
242 323 3
242 324 3
242 327 1
242 329 9
242 331 7
242 332 2
242 334 1
242 338 8
242 340 10
242 342 6
242 343 8
242 344 6
242 345 5
242 347 5
242 351 10
242 352 6
242 353 3
242 355 6
242 356 8
242 358 8
242 363 9
242 364 5
242 365 6
242 367 4
242 368 7
242 372 10
242 374 4
242 376 2
242 377 2
242 381 7
242 382 8
242 383 9
242 386 7
242 388 5
242 389 2
242 390 5
242 392 7
242 394 1
242 396 7
242 397 5
242 398 6
242 399 5
243 244 3
243 252 3
243 253 6
243 254 2
243 255 10
243 257 9
243 259 1
243 262 7
243 267 7
243 271 2
243 272 3
243 273 4
243 274 3
243 278 2
243 279 3
243 281 5
243 282 1
243 286 9
243 287 7
243 288 6
243 290 6
243 292 7
243 295 6
243 296 10
243 298 1
243 301 8
243 302 8
243 303 1
243 313 8
243 314 4
243 317 1
243 319 1
243 321 1
243 322 3
243 323 6
243 324 4
243 327 3
243 328 2
243 330 10
243 331 10
243 339 9
243 342 5
243 343 7
243 345 2
243 346 4
243 348 3
243 350 8
243 351 7
243 353 5
243 354 4
243 355 5
243 356 9
243 357 9
243 358 9
243 359 8
243 361 8
243 362 7
243 364 10
243 366 7
243 368 7
243 369 10
243 370 8
243 372 1
243 374 6
243 378 6
243 379 10
243 380 7
243 382 2
243 386 7
243 390 8
243 391 10
243 392 4
243 393 4
243 395 3
243 398 6
244 246 8
244 248 8
244 251 1
244 252 7
244 253 4
244 257 8
244 258 6
244 259 8
244 260 7
244 264 10
244 267 2
244 270 3
244 271 2
244 272 9
244 274 10
244 276 7
244 279 6
244 287 9
244 291 7
244 292 1
244 297 9
244 298 9
244 300 8
244 303 8
244 305 8
244 309 7
244 310 10
244 311 1
244 312 4
244 313 7
244 314 1
244 316 5
244 317 4
244 319 5
244 320 5
244 324 10
244 325 4
244 327 1
244 330 2
244 331 9
244 336 6
244 337 8
244 338 10
244 343 1
244 345 8
244 346 8
244 347 1
244 348 5
244 351 4
244 352 9
244 357 7
244 360 5
244 361 10
244 365 8
244 366 4
244 367 2
244 369 4
244 370 7
244 371 1
244 373 4
244 374 6
244 375 4
244 376 2
244 378 10
244 379 9
244 381 8
244 382 5
244 384 4
244 386 2
244 387 7
244 388 8
244 389 7
244 393 4
244 395 5
244 398 10
244 399 7
245 248 7
245 249 4
245 252 8
245 258 8
245 259 1
245 264 10
245 265 5
245 267 7
245 269 9
245 273 9
245 282 5
245 284 6
245 287 2
245 290 5
245 291 8
245 294 10
245 295 3
245 296 4
245 298 6
245 300 1
245 304 3
245 306 4
245 309 2
245 310 1
245 311 4
245 313 10
245 315 1
245 316 3
245 318 3
245 320 5
245 322 10
245 326 9
245 329 7
245 337 10
245 340 1
245 342 3
245 344 9
245 345 9
245 347 9
245 351 7
245 356 1
245 361 2
245 363 9
245 364 10
245 365 10
245 366 3
245 367 4
245 368 6
245 372 5
245 373 4
245 374 7
245 376 8
245 378 9
245 381 3
245 384 2
245 386 6
245 387 2
245 389 6
245 390 2
245 391 10
245 393 9
245 395 2
245 397 6
245 398 2
246 248 1
246 249 2
246 252 1
246 253 2
246 256 2
246 259 8
246 260 10
246 263 4
246 266 5
246 268 5
246 273 9
246 274 10
246 279 3
246 280 4
246 282 8
246 284 4
246 285 5
246 290 9
246 291 6
246 293 4
246 296 2
246 299 2
246 302 7
246 303 1
246 304 3
246 305 3
246 307 4
246 308 4
246 312 1
246 314 4
246 316 4
246 318 7
246 319 3
246 321 10
246 324 2
246 325 5
246 329 5
246 331 7
246 334 6
246 338 4
246 339 10
246 342 5
246 343 5
246 344 10
246 347 9
246 348 5
246 352 7
246 353 10
246 354 8
246 356 10
246 358 4
246 360 8
246 364 1
246 368 5
246 369 9
246 371 3
246 372 10
246 373 8
246 374 8
246 379 6
246 380 1
246 381 8
246 386 10
246 387 8
246 391 6
246 393 10
246 394 8
246 395 10
246 397 1
246 398 7
247 250 5
247 251 6
247 254 2
247 255 4
247 256 8
247 259 4
247 263 6
247 264 5
247 265 8
247 268 1
247 269 9
247 272 3
247 273 1
247 274 2
247 275 9
247 276 5
247 277 7
247 283 8
247 284 8
247 286 2
247 287 6
247 288 6
247 289 4
247 290 7
247 291 4
247 294 1
247 296 2
247 297 1
247 303 7
247 306 2
247 309 9
247 310 4
247 311 10
247 312 9
247 313 7
247 314 3
247 315 9
247 317 10
247 319 1
247 322 9
247 323 9
247 326 1
247 329 9
247 330 2
247 332 10
247 333 3
247 338 4
247 341 7
247 342 5
247 343 5
247 345 10
247 350 10
247 354 2
247 355 9
247 357 2
247 358 4
247 359 4
247 360 8
247 361 2
247 362 2
247 364 9
247 365 6
247 367 8
247 372 5
247 375 6
247 376 5
247 377 4
247 378 1
247 381 2
247 382 3
247 383 10
247 384 7
247 386 4
247 392 9
247 395 2
247 396 7
247 397 4
247 398 5
248 253 5
248 254 4
248 255 6
248 257 3
248 258 8
248 261 10
248 263 9
248 264 6
248 267 8
248 269 8
248 271 1
248 273 1
248 274 2
248 275 2
248 277 5
248 278 7
248 279 3
248 280 2
248 283 5
248 284 5
248 285 3
248 286 9
248 289 7
248 292 3
248 293 5
248 296 2
248 298 3
248 299 2
248 300 4
248 302 10
248 303 3
248 304 2
248 305 2
248 306 3
248 307 2
248 308 6
248 309 7
248 310 2
248 312 10
248 313 2
248 316 9
248 317 5
248 319 4
248 320 6
248 322 3
248 323 8
248 327 2
248 329 6
248 331 10
248 334 6
248 336 6
248 340 6
248 341 8
248 342 2
248 345 10
248 346 10
248 349 7
248 350 8
248 351 9
248 352 6
248 354 6
248 355 6
248 356 3
248 357 9
248 358 10
248 362 6
248 363 5
248 365 7
248 366 7
248 371 2
248 374 1
248 376 1
248 377 1
248 381 10
248 382 10
248 383 3
248 385 3
248 386 1
248 387 7
248 388 1
248 389 3
248 390 8
248 391 1
248 393 3
248 395 4
248 398 8
248 399 7
249 250 6
249 252 6
249 253 1
249 255 6
249 256 3
249 257 9
249 259 4
249 260 8
249 261 5
249 263 1
249 264 9
249 265 8
249 267 7
249 269 8
249 271 3
249 272 10
249 276 9
249 277 4
249 281 1
249 284 10
249 287 1
249 290 6
249 291 3
249 297 5
249 298 7
249 299 1
249 300 8
249 301 6
249 303 7
249 305 3
249 306 9
249 307 10
249 313 1
249 315 3
249 316 8
249 317 7
249 319 10
249 323 10
249 324 2
249 325 3
249 328 3
249 330 6
249 331 4
249 333 3
249 335 6
249 336 7
249 338 9
249 339 6
249 344 5
249 346 9
249 348 3
249 351 2
249 353 6
249 354 7
249 355 2
249 356 7
249 359 2
249 360 2
249 361 4
249 366 2
249 367 1
249 368 4
249 369 9
249 371 10
249 372 9
249 373 4
249 376 7
249 379 8
249 380 2
249 381 6
249 382 4
249 383 1
249 387 8
249 388 10
249 389 4
249 391 5
249 394 10
249 395 7
249 397 1
249 398 8
249 399 3
250 258 10
250 259 9
250 260 8
250 265 6
250 266 7
250 270 7
250 271 3
250 272 2
250 274 7
250 275 1
250 277 4
250 280 4
250 281 9
250 283 4
250 284 3
250 286 10
250 287 5
250 288 10
250 289 1
250 291 5
250 292 4
250 293 7
250 295 2
250 296 3
250 299 10
250 303 7
250 304 9
250 306 5
250 310 2
250 312 5
250 314 10
250 315 9
250 316 2
250 319 5
250 320 3
250 321 9
250 322 1
250 323 2
250 324 2
250 327 2
250 329 7
250 331 7
250 333 9
250 337 3
250 338 7
250 339 10
250 341 8
250 342 2
250 343 6
250 345 8
250 346 6
250 347 9
250 349 3
250 352 4
250 353 10
250 357 10
250 362 7
250 363 4
250 366 1
250 368 10
250 370 5
250 371 3
250 373 4
250 374 1
250 375 10
250 377 4
250 380 9
250 381 5
250 383 1
250 387 3
250 388 2
250 389 2
250 391 3
250 394 10
250 397 9
250 399 3
251 252 4
251 253 5
251 255 2
251 256 9
251 259 9
251 261 7
251 262 7
251 266 3
251 271 10
251 273 9
251 274 2
251 276 6
251 278 10
251 279 2
251 281 1
251 282 8
251 284 3
251 290 4
251 291 6
251 294 6
251 295 3
251 298 10
251 299 10
251 300 1
251 301 1
251 303 10
251 308 6
251 314 2
251 317 5
251 321 6
251 323 2
251 326 9
251 327 9
251 328 9
251 330 5
251 333 7
251 337 9
251 338 1
251 341 3
251 345 2
251 348 9
251 349 1
251 359 1
251 360 1
251 361 3
251 362 7
251 364 7
251 365 3
251 366 3
251 367 3
251 368 3
251 370 6
251 371 3
251 375 10
251 376 2
251 377 8
251 382 6
251 383 9
251 385 6
251 386 8
251 387 8
251 388 1
251 389 7
251 393 8
251 394 7
251 395 1
251 396 4
251 399 4
252 253 1
252 255 4
252 259 8
252 261 2
252 262 3
252 263 2
252 265 3
252 266 8
252 267 7
252 269 6
252 274 3
252 276 9
252 277 7
252 278 6
252 279 1
252 282 6
252 284 7
252 287 9
252 288 3
252 289 3
252 290 6
252 292 7
252 293 6
252 294 9
252 296 1
252 298 5
252 300 4
252 302 9
252 303 6
252 304 5
252 306 9
252 309 9
252 310 6
252 311 7
252 312 3
252 314 7
252 315 6
252 316 8
252 317 1
252 318 3
252 319 6
252 320 5
252 321 3
252 326 9
252 329 2
252 330 1
252 332 1
252 337 8
252 338 2
252 339 8
252 341 4
252 343 3
252 345 4
252 346 4
252 347 10
252 348 3
252 349 9
252 351 3
252 352 1
252 353 3
252 354 9
252 356 8
252 357 7
252 358 9
252 360 6
252 361 6
252 362 3
252 363 7
252 364 2
252 365 9
252 368 10
252 371 2
252 373 2
252 374 8
252 375 4
252 376 4
252 377 8
252 380 4
252 382 9
252 385 4
252 390 9
252 391 8
252 395 5
252 396 10
253 254 7
253 255 9
253 256 8
253 258 8
253 259 10
253 262 6
253 264 9
253 265 10
253 272 5
253 273 5
253 274 10
253 276 1
253 277 7
253 278 4
253 280 1
253 284 5
253 285 7
253 286 6
253 288 8
253 293 9
253 294 2
253 297 8
253 300 1
253 301 6
253 303 6
253 304 1
253 308 10
253 310 3
253 317 6
253 319 3
253 325 10
253 326 7
253 327 5
253 332 5
253 333 6
253 334 6
253 335 6
253 336 1
253 337 1
253 339 2
253 341 4
253 342 1
253 344 1
253 349 6
253 350 6
253 352 7
253 356 7
253 357 6
253 362 3
253 364 1
253 365 6
253 366 2
253 367 5
253 374 10
253 375 6
253 378 6
253 381 6
253 386 4
253 387 5
253 389 1
253 391 3
253 394 10
253 395 1
253 397 6
254 255 4
254 256 2
254 258 4
254 259 4
254 262 3
254 267 10
254 269 9
254 274 9
254 276 6
254 277 6
254 278 7
254 279 7
254 283 7
254 284 3
254 285 10
254 289 8
254 292 5
254 294 1
254 297 1
254 300 4
254 304 8
254 306 9
254 309 3
254 311 1
254 316 4
254 317 6
254 319 8
254 321 1
254 325 8
254 332 9
254 333 7
254 334 9
254 335 9
254 338 10
254 339 5
254 342 2
254 343 9
254 345 2
254 346 9
254 347 4
254 348 4
254 349 3
254 351 10
254 352 4
254 354 4
254 356 7
254 358 9
254 360 6
254 361 2
254 362 3
254 364 6
254 365 6
254 366 8
254 369 3
254 370 8
254 371 1
254 372 4
254 375 2
254 379 10
254 380 9
254 381 3
254 382 9
254 383 9
254 385 9
254 386 7
254 387 5
254 390 9
254 395 6
254 396 10
254 397 5
254 399 8
255 256 1
255 258 3
255 262 10
255 266 9
255 268 4
255 269 8
255 271 8
255 274 6
255 276 1
255 278 6
255 279 1
255 281 7
255 282 10
255 284 1
255 292 6
255 293 7
255 302 9
255 303 8
255 304 6
255 308 10
255 311 9
255 313 8
255 314 6
255 315 5
255 316 5
255 319 1
255 321 5
255 322 10
255 323 9
255 324 3
255 325 3
255 326 7
255 329 2
255 332 4
255 333 5
255 335 9
255 337 7
255 339 5
255 344 2
255 350 3
255 351 9
255 355 9
255 356 6
255 357 1
255 358 9
255 359 6
255 360 9
255 362 4
255 364 6
255 365 9
255 370 1
255 374 4
255 375 10
255 376 7
255 382 7
255 385 6
255 387 6
255 389 4
255 390 5
255 395 6
255 396 5
255 398 10
255 399 1
256 257 9
256 260 2
256 261 7
256 262 3
256 263 5
256 264 5
256 265 5
256 266 10
256 267 6
256 271 4
256 272 10
256 274 8
256 275 6
256 276 2
256 278 9
256 280 9
256 286 5
256 287 1
256 289 9
256 294 2
256 296 3
256 297 10
256 298 3
256 301 6
256 303 9
256 304 5
256 307 7
256 308 2
256 309 2
256 310 2
256 311 9
256 312 5
256 314 7
256 316 7
256 320 6
256 321 5
256 322 9
256 323 9
256 325 4
256 326 2
256 333 9
256 335 9
256 338 10
256 340 7
256 341 5
256 345 7
256 346 9
256 347 2
256 349 8
256 351 1
256 354 6
256 355 3
256 356 8
256 358 1
256 360 8
256 364 7
256 365 3
256 367 4
256 368 4
256 371 7
256 375 2
256 378 3
256 382 8
256 384 7
256 385 8
256 386 10
256 387 9
256 389 9
256 391 2
256 392 6
256 393 7
256 395 6
256 398 8
257 258 9
257 260 4
257 264 10
257 265 7
257 268 9
257 270 10
257 271 7
257 272 5
257 273 7
257 276 3
257 278 10
257 283 9
257 285 1
257 287 9
257 289 10
257 295 6
257 300 6
257 303 10
257 308 4
257 310 1
257 312 1
257 313 6
257 314 8
257 315 4
257 316 9
257 318 6
257 319 9
257 320 10
257 321 4
257 324 10
257 326 10
257 327 3
257 328 5
257 329 8
257 330 3
257 333 6
257 335 2
257 336 2
257 339 1
257 340 1
257 343 7
257 344 3
257 345 7
257 346 2
257 347 3
257 348 9
257 349 5
257 351 6
257 352 2
257 354 8
257 356 6
257 359 6
257 362 6
257 364 7
257 366 8
257 367 8
257 368 8
257 369 8
257 370 4
257 372 3
257 375 6
257 376 7
257 377 1
257 379 8
257 380 2
257 382 8
257 383 10
257 386 1
257 388 6
257 389 9
257 390 10
257 392 2
257 393 5
258 260 10
258 261 7
258 262 10
258 263 7
258 265 9
258 267 2
258 272 3
258 273 9
258 275 3
258 276 2
258 277 6
258 279 5
258 282 7
258 284 8
258 285 5
258 286 5
258 288 8
258 289 5
258 290 3
258 291 2
258 292 4
258 296 7
258 297 10
258 298 1
258 300 9
258 301 3
258 303 6
258 309 4
258 311 10
258 315 5
258 317 7
258 320 5
258 321 3
258 324 7
258 325 2
258 326 2
258 327 5
258 332 6
258 333 4
258 334 3
258 335 9
258 341 5
258 344 10
258 346 4
258 347 7
258 348 3
258 350 10
258 353 8
258 354 7
258 357 8
258 358 10
258 359 4
258 361 7
258 362 6
258 363 10
258 366 4
258 368 10
258 370 8
258 378 4
258 380 10
258 382 10
258 383 6
258 384 6
258 386 10
258 387 10
258 389 3
258 390 8
258 396 9
258 399 3
259 260 2
259 261 9
259 262 10
259 263 4
259 266 3
259 267 3
259 269 10
259 271 1
259 273 1
259 276 1
259 277 8
259 279 4
259 280 2
259 285 5
259 290 9
259 291 9
259 292 8
259 297 8
259 301 4
259 304 3
259 305 1
259 306 3
259 307 10
259 308 8
259 310 6
259 311 7
259 312 6
259 314 1
259 316 2
259 318 3
259 319 5
259 320 5
259 322 1
259 323 3
259 324 2
259 327 8
259 328 8
259 329 5
259 332 2
259 334 7
259 335 4
259 336 4
259 337 7
259 338 6
259 341 6
259 342 9
259 347 3
259 348 1
259 349 6
259 351 5
259 352 5
259 357 4
259 362 4
259 366 2
259 369 6
259 370 1
259 371 3
259 372 10
259 373 9
259 375 8
259 377 5
259 378 4
259 379 8
259 380 10
259 383 5
259 384 3
259 386 9
259 388 3
259 391 10
259 392 5
259 393 4
259 394 8
259 395 5
259 396 5
260 262 7
260 264 7
260 265 4
260 267 2
260 269 2
260 270 5
260 272 2
260 273 5
260 274 8
260 275 6
260 278 5
260 279 2
260 281 2
260 282 7
260 286 4
260 287 2
260 291 6
260 292 3
260 294 4
260 295 3
260 297 10
260 303 4
260 304 8
260 308 5
260 310 4
260 314 10
260 316 1
260 317 10
260 319 8
260 321 6
260 323 6
260 328 6
260 329 3
260 331 5
260 333 1
260 334 2
260 335 2
260 337 4
260 339 9
260 340 6
260 342 9
260 343 3
260 344 10
260 345 5
260 346 2
260 351 4
260 354 2
260 357 4
260 359 3
260 362 3
260 363 3
260 365 4
260 368 3
260 371 7
260 373 3
260 374 3
260 376 1
260 380 4
260 382 4
260 384 7
260 391 10
260 394 7
260 396 5
260 397 1
260 398 4
261 263 8
261 264 6
261 266 6
261 267 3
261 268 7
261 273 6
261 274 2
261 279 2
261 280 5
261 281 10
261 282 1
261 284 2
261 288 10
261 289 5
261 290 1
261 292 8
261 301 2
261 302 4
261 310 3
261 311 10
261 313 9
261 315 1
261 316 8
261 318 2
261 320 10
261 322 10
261 324 2
261 325 10
261 326 1
261 329 3
261 330 10
261 331 9
261 335 6
261 336 2
261 337 2
261 338 5
261 341 4
261 343 8
261 345 5
261 346 10
261 350 10
261 353 8
261 354 6
261 360 5
261 363 2
261 364 5
261 365 9
261 366 7
261 370 9
261 371 9
261 372 5
261 381 1
261 382 2
261 383 9
261 386 6
261 387 5
261 389 8
261 390 8
261 393 3
261 394 3
261 395 3
261 397 8
262 263 8
262 266 6
262 267 10
262 269 8
262 270 4
262 271 4
262 273 10
262 274 4
262 275 2
262 276 10
262 277 2
262 278 8
262 280 10
262 281 10
262 288 4
262 289 6
262 292 5
262 294 6
262 295 4
262 296 5
262 297 7
262 301 10
262 303 5
262 304 2
262 306 9
262 308 2
262 309 6
262 310 3
262 311 6
262 312 3
262 313 5
262 316 3
262 317 6
262 318 9
262 321 10
262 323 7
262 324 3
262 327 1
262 328 9
262 329 5
262 330 2
262 333 2
262 335 9
262 336 10
262 337 6
262 340 1
262 341 9
262 346 3
262 349 7
262 353 8
262 355 7
262 361 4
262 363 1
262 364 9
262 366 10
262 367 2
262 368 4
262 369 9
262 370 2
262 371 3
262 373 4
262 374 2
262 375 4
262 376 3
262 381 9
262 384 5
262 386 10
262 388 7
262 390 10
262 391 5
262 392 4
262 394 2
262 396 4
262 397 2
263 265 10
263 266 8
263 268 2
263 269 3
263 270 5
263 271 1
263 277 10
263 280 9
263 281 8
263 284 2
263 285 8
263 287 4
263 288 4
263 289 4
263 290 4
263 291 8
263 294 1
263 296 5
263 298 10
263 299 5
263 303 2
263 304 5
263 305 9
263 307 7
263 308 5
263 309 5
263 310 8
263 311 2
263 312 5
263 316 6
263 318 8
263 320 6
263 322 1
263 323 9
263 324 8
263 325 8
263 327 3
263 329 5
263 330 9
263 331 9
263 332 3
263 334 7
263 335 5
263 337 9
263 340 8
263 341 1
263 343 6
263 346 8
263 351 5
263 354 2
263 356 5
263 357 1
263 362 4
263 363 10
263 367 6
263 370 4
263 371 6
263 373 8
263 374 5
263 380 9
263 381 8
263 382 2
263 384 4
263 386 5
263 389 9
263 390 9
263 391 3
263 395 2
263 397 5
264 265 4
264 266 4
264 267 1
264 271 8
264 277 9
264 281 2
264 283 10
264 284 6
264 286 8
264 288 1
264 290 3
264 291 7
264 292 7
264 293 9
264 295 4
264 296 3
264 297 1
264 300 2
264 301 2
264 304 5
264 305 4
264 306 4
264 307 3
264 308 9
264 309 10
264 311 1
264 312 7
264 313 9
264 314 4
264 315 2
264 317 10
264 318 6
264 319 10
264 320 9
264 322 4
264 326 6
264 327 10
264 329 9
264 331 2
264 333 2
264 335 10
264 338 6
264 341 10
264 346 5
264 347 10
264 348 2
264 353 7
264 355 3
264 356 5
264 364 9
264 366 7
264 369 6
264 370 9
264 371 5
264 372 9
264 374 6
264 375 7
264 380 9
264 381 8
264 382 7
264 383 3
264 386 1
264 390 1
264 392 1
264 393 9
264 397 2
264 398 4
265 267 9
265 268 8
265 269 7
265 270 10
265 271 5
265 274 6
265 275 1
265 277 9
265 280 6
265 283 2
265 284 10
265 285 8
265 286 5
265 288 4
265 290 4
265 292 2
265 294 9
265 296 6
265 298 6
265 299 6
265 303 1
265 306 8
265 307 8
265 308 3
265 309 3
265 316 1
265 319 2
265 320 7
265 321 8
265 324 7
265 328 9
265 329 8
265 331 4
265 334 4
265 335 10
265 338 9
265 340 5
265 341 5
265 342 1
265 343 5
265 347 6
265 349 3
265 350 5
265 351 5
265 352 4
265 353 8
265 356 10
265 358 2
265 361 9
265 363 2
265 366 2
265 370 2
265 371 9
265 372 6
265 373 6
265 374 9
265 375 9
265 379 2
265 381 3
265 384 1
265 387 6
265 390 2
265 391 6
265 392 8
265 393 4
265 395 2
265 396 7
265 397 4
265 398 6
266 268 9
266 269 2
266 270 6
266 271 1
266 274 5
266 278 5
266 280 7
266 281 1
266 282 2
266 284 9
266 288 10
266 290 10
266 293 2
266 296 5
266 298 7
266 299 7
266 302 7
266 303 7
266 308 4
266 309 5
266 310 5
266 312 2
266 320 5
266 321 9
266 325 5
266 327 3
266 328 5
266 329 5
266 330 8
266 332 2
266 335 1
266 336 5
266 337 6
266 339 1
266 340 10
266 343 2
266 344 6
266 346 9
266 347 6
266 348 1
266 349 3
266 350 6
266 352 4
266 353 2
266 357 10
266 358 5
266 361 10
266 365 7
266 366 5
266 370 7
266 375 3
266 376 2
266 377 9
266 378 1
266 379 3
266 380 1
266 382 4
266 383 9
266 384 8
266 385 1
266 388 2
266 390 7
266 391 4
266 393 5
266 395 5
266 396 2
266 397 10
266 398 5
267 268 7
267 272 9
267 273 6
267 277 1
267 278 7
267 279 6
267 280 1
267 283 2
267 285 10
267 286 2
267 287 5
267 291 7
267 292 2
267 295 3
267 297 3
267 299 8
267 301 5
267 304 5
267 305 6
267 307 4
267 309 1
267 311 9
267 312 5
267 313 7
267 314 6
267 318 1
267 319 2
267 323 8
267 324 10
267 325 2
267 326 1
267 328 5
267 331 5
267 333 2
267 334 7
267 339 1
267 340 3
267 341 4
267 342 1
267 343 8
267 344 4
267 346 1
267 349 9
267 351 2
267 361 1
267 362 9
267 363 3
267 365 1
267 367 5
267 368 6
267 369 5
267 374 2
267 375 3
267 376 4
267 378 2
267 379 6
267 384 8
267 389 4
267 390 3
267 391 10
267 396 3
267 398 9
268 269 1
268 271 10
268 272 4
268 273 8
268 275 3
268 276 4
268 277 5
268 279 6
268 284 10
268 285 4
268 289 4
268 291 3
268 292 8
268 294 8
268 296 6
268 298 5
268 302 5
268 303 7
268 304 8
268 305 7
268 307 9
268 308 2
268 309 3
268 310 1
268 313 7
268 315 5
268 318 10
268 319 2
268 320 5
268 324 8
268 325 10
268 326 9
268 327 5
268 328 4
268 333 5
268 334 6
268 336 7
268 337 1
268 338 10
268 339 5
268 341 2
268 343 7
268 348 10
268 349 3
268 351 5
268 353 6
268 364 1
268 370 8
268 372 5
268 375 7
268 378 8
268 382 1
268 383 1
268 386 10
268 387 5
268 388 10
268 391 8
268 392 7
268 393 10
268 394 3
268 397 8
268 399 9
269 271 8
269 276 8
269 280 1
269 281 10
269 282 3
269 283 3
269 284 4
269 287 2
269 289 3
269 291 1
269 293 2
269 294 6
269 295 8
269 297 10
269 299 5
269 303 6
269 304 10
269 305 5
269 306 8
269 309 9
269 310 5
269 312 10
269 315 1
269 317 3
269 318 9
269 319 4
269 321 1
269 323 10
269 325 3
269 326 10
269 327 8
269 328 5
269 329 4
269 330 10
269 331 3
269 332 10
269 334 2
269 335 10
269 338 5
269 339 3
269 341 8
269 344 4
269 346 6
269 347 10
269 348 2
269 349 5
269 357 3
269 359 9
269 363 6
269 365 7
269 366 2
269 369 10
269 372 1
269 374 10
269 376 10
269 378 3
269 380 4
269 382 2
269 385 8
269 386 7
269 388 7
269 396 2
269 397 9
269 399 5
270 271 5
270 272 10
270 275 4
270 276 8
270 277 7
270 278 5
270 281 2
270 282 5
270 284 5
270 289 7
270 291 8
270 293 9
270 295 7
270 296 8
270 299 6
270 301 2
270 304 3
270 305 2
270 308 10
270 314 1
270 318 4
270 319 7
270 320 9
270 322 8
270 326 4
270 328 6
270 329 8
270 330 2
270 331 3
270 333 1
270 336 6
270 337 6
270 338 3
270 342 1
270 345 3
270 348 1
270 349 6
270 351 3
270 353 8
270 355 8
270 358 3
270 359 8
270 363 4
270 364 9
270 365 2
270 371 4
270 374 1
270 375 4
270 379 6
270 380 4
270 381 1
270 382 1
270 383 4
270 384 3
270 386 7
270 387 2
270 391 9
270 392 9
270 393 2
270 394 9
270 395 5
270 396 4
270 397 3
271 272 3
271 273 2
271 274 8
271 275 4
271 276 5
271 277 5
271 281 1
271 282 2
271 284 1
271 290 10
271 292 6
271 293 5
271 294 5
271 295 4
271 296 1
271 297 2
271 299 3
271 300 7
271 301 5
271 302 5
271 307 1
271 310 4
271 311 6
271 314 9
271 318 7
271 319 5
271 321 7
271 323 7
271 329 2
271 332 10
271 337 3
271 340 4
271 347 1
271 348 6
271 349 9
271 352 7
271 353 1
271 355 4
271 356 10
271 357 8
271 358 1
271 362 8
271 363 8
271 364 8
271 367 5
271 370 3
271 371 3
271 375 1
271 376 10
271 378 3
271 379 7
271 381 10
271 383 2
271 385 6
271 388 4
271 389 3
271 390 6
271 396 6
271 398 7
271 399 1
272 273 7
272 275 4
272 276 1
272 278 4
272 279 10
272 280 8
272 281 6
272 282 8
272 283 4
272 284 1
272 288 8
272 291 10
272 293 8
272 295 7
272 297 4
272 298 6
272 300 2
272 306 6
272 310 7
272 312 7
272 313 5
272 314 2
272 315 7
272 316 6
272 318 2
272 319 1
272 320 4
272 322 7
272 323 10
272 324 2
272 326 10
272 329 8
272 332 9
272 333 4
272 336 3
272 337 3
272 343 8
272 344 7
272 347 3
272 349 2
272 351 5
272 354 7
272 356 8
272 359 8
272 360 8
272 361 9
272 362 3
272 365 8
272 366 9
272 367 7
272 368 6
272 371 6
272 372 10
272 374 7
272 375 7
272 376 2
272 378 1
272 384 9
272 385 3
272 391 6
272 392 6
272 393 9
272 395 5
272 397 2
272 398 3
273 279 4
273 280 7
273 283 4
273 285 5
273 286 5
273 291 2
273 292 1
273 293 3
273 294 1
273 296 1
273 298 2
273 299 8
273 302 7
273 304 5
273 305 6
273 306 4
273 307 5
273 309 3
273 310 5
273 311 7
273 312 1
273 316 3
273 318 2
273 320 4
273 321 5
273 322 2
273 325 3
273 326 3
273 327 8
273 328 8
273 331 7
273 333 1
273 335 10
273 336 2
273 337 6
273 340 7
273 342 4
273 343 7
273 346 1
273 347 1
273 350 4
273 352 3
273 353 2
273 356 2
273 357 3
273 360 10
273 361 8
273 363 6
273 364 10
273 365 3
273 367 10
273 368 8
273 369 5
273 373 5
273 374 8
273 375 1
273 377 10
273 380 9
273 382 4
273 388 7
273 391 9
273 393 10
273 395 5
273 398 6
273 399 7
274 275 7
274 278 1
274 279 3
274 280 3
274 281 9
274 282 10
274 283 2
274 284 8
274 286 1
274 289 9
274 290 3
274 291 1
274 292 5
274 293 6
274 297 7
274 299 6
274 303 2
274 304 5
274 305 2
274 306 5
274 307 6
274 308 6
274 310 2
274 313 6
274 316 4
274 323 2
274 324 7
274 327 8
274 329 7
274 330 1
274 334 7
274 335 7
274 337 4
274 338 8
274 340 4
274 342 2
274 345 6
274 348 2
274 349 8
274 350 2
274 352 2
274 353 3
274 356 1
274 357 2
274 359 4
274 361 6
274 362 2
274 363 9
274 368 2
274 370 10
274 371 6
274 373 9
274 375 10
274 379 9
274 380 2
274 381 8
274 383 6
274 388 2
274 389 2
274 392 8
274 393 1
274 395 9
274 397 10
274 399 8
275 276 6
275 281 6
275 282 6
275 285 10
275 286 5
275 288 1
275 289 7
275 290 3
275 291 1
275 292 9
275 295 5
275 296 3
275 298 4
275 300 8
275 307 7
275 308 6
275 309 9
275 310 7
275 312 8
275 314 1
275 316 9
275 318 4
275 320 4
275 321 8
275 322 6
275 326 1
275 332 5
275 333 5
275 336 4
275 338 7
275 339 1
275 341 2
275 342 8
275 343 3
275 345 4
275 349 9
275 350 1
275 351 8
275 352 4
275 353 8
275 354 7
275 358 5
275 360 8
275 369 1
275 374 2
275 375 5
275 376 2
275 378 5
275 380 2
275 381 7
275 382 1
275 383 3
275 384 6
275 386 5
275 390 6
275 391 7
275 394 3
275 395 9
275 396 4
276 277 8
276 278 10
276 280 6
276 281 6
276 282 5
276 286 1
276 287 10
276 290 9
276 293 8
276 295 10
276 297 7
276 300 4
276 301 5
276 303 8
276 306 2
276 307 4
276 310 4
276 311 5
276 312 7
276 313 3
276 315 7
276 316 2
276 319 3
276 323 3
276 327 5
276 328 2
276 329 10
276 330 9
276 333 2
276 336 5
276 338 7
276 340 10
276 341 4
276 342 6
276 343 2
276 344 8
276 345 5
276 346 7
276 347 6
276 349 5
276 350 7
276 355 1
276 362 1
276 363 10
276 369 3
276 371 5
276 378 3
276 382 6
276 384 4
276 386 2
276 388 2
276 389 8
276 390 5
276 391 2
276 392 6
276 395 8
276 398 6
276 399 10
277 278 4
277 279 9
277 281 9
277 284 6
277 292 3
277 296 8
277 297 7
277 298 4
277 300 7
277 301 3
277 303 9
277 304 6
277 306 2
277 307 2
277 308 4
277 309 9
277 313 8
277 315 9
277 320 3
277 322 3
277 324 10
277 326 3
277 327 1
277 329 6
277 336 3
277 339 6
277 340 10
277 344 5
277 345 10
277 349 2
277 350 4
277 352 6
277 353 6
277 357 10
277 358 9
277 360 6
277 361 4
277 362 2
277 363 3
277 364 2
277 365 1
277 367 2
277 370 5
277 371 8
277 372 8
277 375 3
277 377 5
277 381 2
277 383 3
277 387 10
277 388 2
277 389 7
277 390 6
277 391 2
277 393 1
277 394 10
277 399 10
278 279 8
278 280 4
278 281 10
278 283 2
278 286 1
278 287 2
278 289 9
278 290 7
278 292 4
278 295 7
278 299 9
278 300 5
278 301 7
278 303 7
278 304 1
278 306 1
278 307 10
278 311 10
278 312 3
278 313 3
278 316 5
278 319 3
278 320 9
278 321 3
278 323 1
278 324 2
278 325 3
278 330 6
278 331 1
278 333 9
278 334 6
278 339 2
278 341 8
278 342 2
278 343 8
278 344 6
278 345 9
278 346 5
278 347 5
278 351 3
278 352 2
278 357 5
278 358 10
278 359 1
278 361 10
278 364 1
278 365 4
278 369 7
278 370 8
278 373 7
278 375 1
278 376 3
278 379 7
278 380 5
278 382 9
278 384 4
278 385 4
278 386 1
278 390 10
278 396 7
278 397 8
278 398 8
279 281 3
279 282 8
279 284 8
279 286 1
279 287 8
279 288 3
279 291 5
279 295 6
279 297 1
279 301 6
279 303 4
279 304 5
279 305 2
279 306 10
279 310 10
279 313 10
279 314 10
279 315 4
279 322 7
279 324 7
279 327 4
279 329 9
279 330 3
279 331 4
279 333 9
279 338 9
279 341 4
279 343 4
279 344 8
279 345 3
279 346 10
279 350 8
279 351 9
279 355 4
279 357 1
279 358 9
279 360 9
279 362 8
279 363 3
279 364 10
279 365 3
279 366 3
279 367 10
279 371 7
279 372 6
279 378 7
279 379 7
279 382 6
279 385 9
279 389 3
279 394 7
279 396 8
279 397 9
280 282 10
280 284 5
280 286 10
280 287 7
280 288 7
280 289 2
280 292 1
280 294 1
280 296 5
280 298 9
280 299 5
280 302 3
280 303 4
280 304 6
280 305 4
280 306 10
280 308 1
280 309 1
280 311 7
280 313 6
280 314 8
280 315 2
280 317 9
280 320 1
280 322 4
280 323 7
280 327 9
280 329 5
280 330 10
280 331 3
280 332 3
280 333 10
280 334 7
280 336 6
280 340 8
280 343 1
280 344 6
280 347 4
280 348 5
280 349 3
280 352 2
280 354 8
280 355 3
280 357 9
280 363 5
280 364 6
280 366 3
280 368 4
280 371 10
280 372 6
280 374 8
280 377 3
280 378 7
280 379 9
280 380 1
280 381 10
280 384 6
280 387 6
280 388 10
280 392 4
280 394 7
280 395 7
280 396 3
280 397 10
280 398 9
280 399 2
281 284 1
281 285 4
281 286 7
281 287 2
281 288 2
281 290 7
281 291 10
281 292 10
281 293 5
281 295 5
281 297 9
281 298 4
281 300 3
281 301 5
281 302 5
281 303 1
281 304 1
281 305 1
281 309 8
281 310 9
281 311 4
281 313 8
281 318 3
281 319 1
281 321 8
281 322 8
281 323 6
281 325 1
281 327 1
281 328 7
281 330 6
281 332 5
281 334 5
281 336 7
281 338 5
281 339 7
281 340 2
281 341 6
281 342 2
281 344 9
281 345 8
281 346 10
281 347 4
281 348 8
281 349 8
281 351 10
281 353 3
281 355 9
281 356 2
281 358 3
281 359 1
281 360 4
281 362 8
281 364 10
281 369 7
281 370 2
281 371 3
281 372 9
281 373 7
281 375 4
281 376 5
281 377 4
281 378 3
281 379 10
281 382 3
281 383 8
281 384 7
281 387 8
281 388 5
281 390 2
281 392 5
281 394 4
281 399 3
282 284 5
282 286 5
282 287 4
282 288 9
282 294 2
282 295 7
282 296 7
282 298 10
282 302 6
282 304 6
282 305 1
282 306 5
282 309 2
282 313 8
282 314 3
282 315 4
282 317 1
282 319 8
282 320 8
282 323 9
282 324 2
282 325 10
282 326 9
282 329 2
282 330 10
282 333 5
282 334 5
282 335 8
282 339 7
282 342 7
282 343 8
282 346 4
282 347 9
282 348 8
282 354 1
282 355 9
282 356 9
282 357 10
282 362 10
282 363 5
282 364 5
282 365 4
282 368 10
282 370 8
282 372 9
282 376 7
282 378 1
282 379 2
282 380 2
282 381 6
282 382 2
282 383 8
282 384 10
282 386 2
282 387 7
282 388 4
282 389 2
283 284 6
283 285 7
283 286 1
283 287 10
283 288 4
283 289 7
283 292 5
283 293 5
283 295 9
283 298 6
283 299 3
283 305 5
283 307 10
283 308 9
283 309 1
283 312 2
283 314 5
283 316 5
283 317 3
283 319 8
283 323 9
283 326 3
283 327 5
283 332 7
283 337 6
283 338 7
283 343 2
283 345 10
283 347 5
283 348 3
283 350 9
283 352 4
283 355 4
283 358 2
283 360 7
283 363 9
283 364 8
283 365 5
283 366 10
283 372 2
283 374 2
283 375 4
283 376 4
283 377 5
283 382 6
283 383 4
283 384 1
283 389 5
283 390 4
283 394 10
283 397 2
283 398 5
284 286 5
284 287 5
284 288 3
284 289 6
284 290 5
284 292 9
284 294 6
284 297 3
284 298 2
284 299 3
284 302 4
284 303 6
284 305 10
284 306 6
284 308 4
284 309 1
284 311 1
284 312 4
284 313 6
284 315 8
284 316 1
284 317 8
284 321 1
284 322 10
284 323 2
284 327 8
284 329 4
284 331 8
284 333 9
284 337 6
284 338 5
284 343 1
284 346 8
284 347 1
284 349 7
284 350 5
284 352 5
284 353 8
284 358 1
284 359 10
284 362 2
284 363 4
284 364 1
284 365 5
284 366 3
284 369 2
284 370 1
284 375 7
284 377 3
284 380 6
284 383 4
284 384 6
284 385 7
284 388 6
284 389 7
284 391 2
284 392 8
284 395 7
284 399 5
285 287 1
285 291 5
285 292 4
285 293 7
285 295 10
285 296 9
285 297 9
285 298 6
285 303 10
285 304 4
285 305 1
285 306 5
285 308 7
285 315 8
285 319 6
285 320 8
285 328 6
285 334 6
285 336 4
285 340 7
285 342 1
285 343 4
285 348 8
285 349 4
285 350 3
285 353 7
285 354 7
285 358 8
285 363 7
285 364 4
285 365 2
285 368 3
285 370 4
285 372 4
285 381 6
285 382 10
285 384 1
285 385 9
285 386 6
285 388 9
285 389 6
285 391 4
285 393 6
285 397 8
286 287 6
286 289 2
286 291 6
286 292 8
286 293 6
286 294 2
286 295 1
286 296 2
286 300 1
286 302 10
286 303 6
286 304 4
286 305 2
286 307 7
286 312 6
286 313 5
286 314 5
286 317 10
286 318 5
286 325 9
286 326 8
286 331 8
286 332 4
286 333 8
286 335 9
286 336 7
286 337 1
286 340 8
286 341 2
286 343 3
286 344 7
286 346 3
286 347 5
286 351 2
286 352 9
286 353 7
286 354 3
286 357 9
286 359 6
286 366 2
286 367 10
286 368 10
286 369 9
286 371 1
286 373 10
286 374 10
286 375 2
286 376 6
286 377 5
286 378 2
286 379 3
286 380 3
286 381 4
286 386 9
286 388 8
286 390 4
286 394 2
286 395 3
286 396 2
287 289 10
287 290 4
287 292 5
287 294 6
287 296 9
287 297 10
287 300 2
287 301 4
287 303 6
287 304 1
287 305 6
287 308 3
287 316 9
287 319 10
287 323 7
287 325 8
287 333 7
287 334 2
287 335 8
287 336 4
287 340 8
287 341 4
287 342 5
287 343 7
287 344 2
287 345 5
287 346 10
287 347 10
287 350 4
287 353 9
287 356 1
287 361 9
287 362 6
287 363 9
287 364 8
287 367 1
287 370 10
287 371 4
287 372 4
287 374 5
287 377 7
287 382 2
287 385 6
287 390 7
287 391 3
287 392 1
287 394 7
287 396 2
287 397 4
287 399 6
288 290 3
288 291 4
288 293 2
288 296 9
288 297 9
288 301 9
288 305 4
288 308 1
288 309 7
288 310 10
288 311 2
288 314 2
288 317 1
288 320 3
288 324 4
288 325 5
288 326 10
288 328 7
288 330 2
288 331 10
288 334 3
288 335 10
288 338 5
288 339 4
288 342 4
288 345 6
288 346 9
288 347 6
288 348 9
288 349 7
288 352 9
288 356 3
288 357 1
288 358 3
288 363 5
288 364 1
288 370 9
288 371 3
288 373 3
288 374 2
288 375 4
288 378 4
288 379 3
288 380 3
288 381 3
288 383 7
288 386 2
288 391 10
288 393 5
288 396 8
288 397 9
288 398 9
289 293 4
289 295 10
289 297 5
289 304 6
289 306 6
289 307 6
289 308 9
289 311 2
289 313 10
289 314 5
289 316 8
289 318 7
289 320 2
289 323 7
289 325 6
289 328 8
289 329 2
289 333 2
289 335 10
289 336 7
289 340 3
289 342 2
289 343 1
289 344 2
289 346 7
289 347 7
289 351 7
289 354 8
289 355 2
289 365 1
289 366 3
289 368 1
289 369 6
289 372 10
289 373 2
289 377 9
289 378 5
289 380 7
289 384 9
289 385 2
289 387 2
289 393 3
289 395 7
289 399 1
290 292 2
290 296 5
290 301 3
290 302 4
290 310 7
290 311 10
290 313 7
290 316 7
290 317 3
290 318 4
290 319 3
290 321 7
290 322 6
290 323 6
290 324 3
290 328 4
290 329 7
290 330 10
290 331 1
290 332 1
290 335 7
290 337 8
290 341 4
290 342 2
290 343 3
290 345 10
290 347 8
290 352 6
290 353 1
290 354 4
290 356 6
290 361 1
290 364 4
290 366 8
290 367 8
290 368 3
290 369 3
290 371 9
290 373 5
290 376 4
290 378 6
290 380 6
290 381 3
290 382 4
290 385 3
290 387 4
290 391 8
290 396 8
290 397 2
291 292 6
291 293 4
291 294 9
291 296 6
291 298 5
291 299 7
291 300 7
291 303 6
291 305 5
291 308 2
291 309 5
291 310 9
291 311 3
291 312 9
291 314 8
291 315 2
291 318 4
291 320 8
291 322 9
291 323 5
291 328 2
291 331 7
291 332 6
291 333 6
291 334 8
291 335 9
291 336 8
291 339 1
291 343 5
291 344 6
291 345 6
291 346 9
291 347 5
291 350 9
291 351 8
291 352 8
291 353 4
291 358 2
291 361 8
291 364 6
291 367 2
291 369 9
291 370 4
291 372 6
291 373 7
291 374 2
291 375 1
291 377 8
291 380 9
291 381 3
291 383 1
291 388 8
291 390 6
291 391 7
291 394 2
291 395 8
291 399 3
292 297 2
292 298 8
292 299 1
292 300 9
292 302 4
292 305 8
292 306 8
292 308 8
292 311 1
292 312 10
292 314 9
292 315 1
292 317 2
292 318 1
292 319 4
292 322 9
292 323 3
292 325 2
292 328 8
292 329 9
292 332 5
292 333 5
292 334 7
292 335 8
292 338 1
292 339 4
292 340 2
292 343 6
292 344 7
292 346 6
292 347 8
292 348 3
292 349 1
292 350 4
292 351 6
292 358 2
292 359 10
292 360 7
292 363 3
292 365 7
292 370 4
292 372 3
292 373 7
292 374 6
292 375 9
292 376 2
292 377 7
292 378 4
292 379 10
292 380 6
292 381 9
292 382 5
292 383 10
292 385 7
292 387 7
292 389 3
292 391 3
292 392 5
292 393 9
292 397 10
292 398 9
292 399 2
293 294 3
293 295 4
293 296 4
293 299 3
293 301 3
293 302 9
293 303 9
293 304 4
293 307 2
293 308 9
293 310 1
293 311 2
293 313 5
293 314 5
293 315 9
293 316 6
293 317 1
293 318 10
293 319 10
293 320 5
293 322 2
293 323 8
293 324 10
293 325 10
293 327 1
293 333 9
293 335 1
293 336 8
293 337 4
293 340 5
293 342 9
293 346 10
293 347 10
293 348 6
293 349 7
293 350 1
293 355 10
293 356 5
293 357 8
293 358 9
293 360 4
293 361 1
293 364 3
293 365 2
293 367 9
293 368 6
293 369 4
293 370 5
293 371 2
293 375 8
293 377 2
293 380 2
293 382 1
293 386 7
293 387 1
293 388 6
293 389 6
293 390 7
293 391 1
293 393 9
293 395 8
293 399 8
294 299 7
294 300 3
294 301 1
294 303 5
294 307 5
294 308 1
294 310 1
294 312 1
294 313 7
294 315 3
294 316 5
294 317 9
294 318 6
294 319 2
294 321 9
294 322 3
294 323 6
294 325 3
294 328 4
294 330 3
294 332 8
294 334 3
294 336 3
294 337 3
294 344 3
294 346 8
294 353 8
294 355 7
294 356 9
294 358 1
294 360 10
294 361 1
294 362 2
294 366 10
294 369 10
294 370 5
294 373 10
294 374 6
294 375 6
294 376 4
294 379 8
294 388 5
294 389 2
294 390 1
294 394 1
294 397 2
294 398 9
294 399 3
295 300 1
295 303 5
295 304 3
295 307 3
295 310 6
295 312 1
295 314 3
295 317 7
295 322 6
295 326 1
295 327 6
295 328 6
295 329 6
295 330 10
295 331 10
295 332 4
295 334 1
295 336 3
295 337 5
295 338 3
295 339 7
295 340 7
295 341 4
295 344 2
295 349 8
295 350 5
295 351 2
295 352 1
295 353 8
295 354 10
295 356 2
295 359 5
295 360 4
295 364 7
295 366 1
295 369 9
295 374 10
295 375 6
295 376 9
295 378 3
295 387 5
295 391 8
295 392 2
295 393 1
295 396 2
295 397 5
295 398 1
295 399 4
296 300 1
296 302 3
296 303 10
296 304 6
296 307 6
296 309 8
296 311 6
296 313 1
296 315 8
296 317 6
296 321 1
296 323 3
296 324 10
296 330 9
296 332 4
296 335 9
296 336 1
296 337 5
296 339 5
296 341 3
296 343 4
296 345 10
296 347 10
296 349 4
296 350 2
296 351 6
296 353 2
296 358 7
296 359 4
296 360 4
296 361 7
296 362 8
296 363 7
296 366 6
296 369 5
296 371 9
296 372 10
296 373 9
296 375 7
296 376 2
296 381 9
296 384 5
296 387 5
296 388 4
296 389 8
296 392 2
296 393 9
296 395 5
296 398 8
296 399 10
297 298 5
297 300 7
297 301 2
297 302 9
297 304 10
297 307 5
297 314 4
297 315 1
297 316 1
297 317 7
297 318 5
297 319 9
297 320 2
297 322 8
297 325 5
297 329 4
297 334 2
297 336 9
297 339 5
297 340 2
297 343 3
297 344 9
297 346 5
297 354 9
297 355 6
297 357 10
297 361 3
297 364 7
297 366 3
297 368 5
297 369 3
297 372 3
297 373 2
297 375 10
297 376 7
297 377 2
297 378 10
297 379 10
297 380 6
297 381 3
297 383 10
297 384 8
297 386 2
297 391 5
297 392 9
297 393 4
297 394 5
297 396 10
297 398 9
298 300 6
298 303 1
298 305 1
298 306 1
298 309 3
298 312 9
298 313 6
298 314 1
298 315 10
298 316 7
298 322 6
298 324 3
298 326 3
298 329 6
298 330 2
298 332 9
298 333 6
298 334 7
298 335 5
298 337 1
298 338 4
298 341 10
298 347 7
298 348 3
298 349 1
298 354 4
298 359 8
298 361 4
298 362 4
298 364 4
298 367 5
298 372 3
298 374 2
298 376 1
298 377 3
298 380 6
298 381 1
298 385 8
298 386 7
298 389 1
298 391 3
298 392 2
298 394 3
298 395 4
298 399 3
299 304 5
299 306 8
299 307 9
299 310 3
299 311 1
299 314 3
299 315 2
299 317 5
299 319 8
299 320 7
299 321 4
299 322 10
299 323 5
299 324 10
299 326 2
299 327 7
299 329 4
299 332 6
299 335 8
299 336 10
299 337 10
299 339 6
299 340 5
299 341 3
299 344 4
299 346 6
299 347 9
299 353 3
299 356 3
299 357 2
299 358 6
299 361 4
299 363 4
299 365 8
299 366 2
299 369 8
299 372 3
299 375 10
299 377 7
299 378 5
299 379 9
299 381 2
299 382 7
299 385 3
299 387 9
299 389 2
299 390 9
299 394 10
299 395 10
299 396 10
299 397 9
300 301 9
300 302 6
300 303 4
300 304 10
300 306 8
300 307 4
300 309 4
300 310 7
300 317 7
300 318 9
300 319 3
300 320 2
300 321 1
300 323 3
300 328 1
300 329 5
300 330 10
300 332 10
300 335 9
300 336 2
300 337 8
300 341 5
300 343 4
300 346 4
300 347 6
300 350 9
300 351 10
300 352 7
300 354 7
300 357 3
300 359 3
300 361 7
300 362 9
300 363 1
300 365 10
300 371 2
300 372 1
300 373 9
300 375 1
300 376 6
300 378 7
300 381 8
300 384 6
300 385 10
300 389 3
300 393 4
300 396 6
301 302 9
301 303 5
301 304 1
301 305 7
301 308 5
301 311 4
301 315 5
301 321 6
301 324 5
301 325 3
301 327 3
301 328 8
301 329 7
301 333 8
301 334 1
301 335 10
301 337 9
301 339 4
301 340 3
301 341 4
301 342 1
301 343 3
301 344 7
301 345 9
301 346 10
301 347 2
301 353 9
301 356 8
301 357 2
301 361 8
301 362 8
301 364 1
301 365 8
301 367 5
301 372 5
301 375 5
301 377 8
301 380 7
301 382 1
301 384 3
301 385 1
301 386 9
301 387 5
301 388 7
301 390 3
301 391 5
301 392 9
301 394 6
301 395 10
301 397 7
301 398 7
301 399 6
302 303 5
302 304 5
302 309 10
302 310 9
302 311 8
302 313 3
302 319 4
302 321 1
302 322 6
302 324 8
302 326 5
302 327 7
302 328 1
302 331 7
302 332 6
302 333 9
302 341 8
302 342 4
302 343 8
302 344 2
302 346 6
302 347 1
302 350 3
302 351 9
302 352 2
302 353 8
302 355 5
302 356 3
302 358 2
302 362 1
302 363 8
302 364 3
302 365 6
302 367 2
302 370 5
302 372 5
302 374 8
302 376 5
302 379 4
302 381 3
302 382 6
302 385 1
302 386 5
302 387 3
302 392 9
302 393 2
302 397 8
302 398 7
302 399 2
303 305 10
303 308 10
303 309 1
303 313 2
303 316 4
303 317 1
303 320 7
303 321 4
303 324 9
303 325 7
303 328 5
303 331 9
303 332 1
303 334 4
303 337 6
303 339 3
303 341 7
303 343 5
303 345 5
303 346 1
303 347 9
303 349 6
303 350 2
303 353 10
303 355 2
303 357 7
303 358 4
303 359 7
303 363 4
303 364 3
303 366 3
303 367 10
303 368 3
303 369 6
303 372 3
303 373 3
303 374 3
303 378 3
303 380 3
303 381 3
303 382 6
303 387 4
303 389 8
303 391 9
303 395 8
303 396 5
304 307 6
304 308 2
304 309 3
304 312 3
304 317 7
304 318 3
304 320 9
304 321 4
304 323 5
304 326 9
304 328 4
304 329 8
304 330 6
304 332 5
304 334 2
304 335 7
304 337 9
304 338 7
304 339 1
304 340 9
304 343 7
304 348 4
304 350 2
304 353 10
304 356 10
304 358 8
304 360 5
304 362 10
304 363 1
304 364 3
304 366 3
304 367 1
304 369 4
304 370 7
304 374 1
304 375 2
304 376 6
304 377 5
304 378 9
304 379 5
304 381 9
304 384 4
304 387 7
304 388 5
304 392 7
304 395 3
304 397 5
304 398 10
304 399 7
305 308 5
305 309 10
305 311 9
305 313 3
305 314 6
305 315 6
305 316 8
305 317 3
305 318 3
305 319 3
305 320 9
305 321 3
305 327 9
305 328 6
305 330 6
305 332 2
305 333 9
305 337 2
305 338 4
305 340 3
305 344 3
305 345 4
305 346 10
305 348 6
305 349 10
305 350 3
305 352 4
305 354 1
305 355 4
305 356 6
305 362 5
305 366 3
305 367 1
305 368 9
305 372 8
305 373 9
305 375 6
305 376 6
305 378 10
305 379 5
305 380 2
305 382 4
305 383 7
305 384 10
305 390 10
305 392 6
305 394 7
305 395 9
305 396 4
305 397 4
305 399 9
306 310 1
306 311 9
306 314 6
306 315 2
306 317 6
306 320 4
306 323 2
306 327 3
306 329 4
306 330 7
306 331 2
306 332 2
306 335 7
306 339 2
306 340 7
306 341 4
306 344 7
306 346 7
306 347 10
306 348 8
306 350 2
306 353 4
306 354 8
306 355 3
306 356 1
306 358 10
306 362 3
306 363 3
306 369 5
306 373 1
306 377 5
306 380 4
306 384 6
306 386 5
306 391 9
306 392 10
306 393 4
306 396 7
306 398 3
307 308 6
307 310 5
307 311 7
307 312 2
307 316 8
307 318 6
307 322 6
307 326 5
307 327 3
307 331 8
307 333 7
307 334 9
307 336 10
307 337 8
307 338 1
307 340 3
307 341 5
307 342 6
307 345 3
307 347 10
307 348 1
307 349 6
307 353 10
307 356 7
307 359 7
307 361 3
307 364 6
307 366 4
307 372 6
307 375 8
307 376 8
307 378 6
307 380 7
307 385 4
307 386 3
307 387 1
307 388 4
307 390 2
307 395 6
307 396 9
307 397 8
308 312 2
308 316 4
308 317 4
308 319 7
308 321 2
308 322 10
308 324 8
308 327 7
308 329 3
308 331 1
308 333 1
308 336 7
308 338 2
308 340 6
308 349 3
308 350 2
308 356 9
308 357 8
308 359 2
308 360 2
308 361 7
308 362 8
308 363 3
308 364 4
308 366 8
308 367 8
308 370 3
308 373 10
308 376 8
308 377 7
308 379 8
308 380 2
308 381 9
308 384 8
308 385 4
308 389 1
308 391 3
308 392 10
308 393 8
308 394 10
309 310 2
309 313 7
309 314 7
309 315 1
309 316 2
309 319 6
309 320 9
309 321 7
309 322 1
309 324 4
309 327 1
309 328 3
309 329 10
309 330 1
309 331 7
309 336 5
309 344 2
309 346 7
309 347 6
309 348 4
309 349 4
309 350 3
309 351 10
309 352 7
309 353 4
309 355 8
309 356 4
309 357 8
309 358 4
309 360 5
309 361 7
309 362 2
309 364 7
309 366 1
309 368 9
309 370 5
309 371 7
309 374 8
309 375 4
309 376 8
309 377 4
309 385 2
309 386 8
309 389 2
309 392 9
309 394 1
309 398 10
309 399 10
310 311 5
310 315 2
310 320 8
310 321 10
310 323 4
310 325 9
310 333 7
310 334 9
310 336 8
310 338 1
310 340 1
310 341 2
310 342 9
310 345 8
310 350 5
310 351 9
310 352 10
310 353 3
310 357 6
310 361 4
310 363 9
310 364 6
310 366 10
310 367 9
310 369 6
310 370 1
310 373 2
310 375 9
310 376 6
310 377 3
310 379 6
310 380 2
310 384 6
310 386 1
310 388 6
310 391 5
310 392 1
310 394 3
310 395 6
310 396 8
310 397 7
310 398 9
310 399 8
311 316 9
311 318 9
311 321 8
311 322 8
311 323 5
311 326 1
311 327 1
311 330 6
311 331 6
311 338 3
311 345 6
311 346 5
311 348 7
311 349 10
311 352 6
311 354 2
311 358 8
311 364 7
311 368 10
311 370 5
311 371 6
311 372 3
311 373 5
311 374 3
311 375 9
311 378 2
311 379 3
311 381 8
311 383 1
311 384 1
311 385 8
311 391 10
311 393 2
311 394 1
311 395 1
311 398 10
311 399 2
312 313 8
312 315 8
312 316 4
312 317 6
312 318 6
312 319 1
312 320 7
312 321 9
312 322 5
312 323 3
312 329 9
312 332 10
312 335 10
312 337 9
312 340 9
312 343 8
312 344 8
312 347 1
312 348 2
312 349 8
312 352 6
312 353 2
312 354 9
312 358 3
312 360 8
312 361 9
312 362 4
312 363 7
312 366 9
312 367 9
312 369 1
312 371 9
312 373 8
312 377 2
312 378 6
312 380 8
312 381 9
312 382 10
312 383 2
312 384 10
312 389 5
312 390 6
312 392 4
312 394 1
312 397 5
312 398 6
312 399 7
313 314 3
313 318 3
313 319 2
313 321 8
313 324 9
313 325 9
313 326 2
313 328 2
313 329 8
313 330 4
313 331 10
313 332 1
313 334 4
313 335 3
313 336 5
313 337 6
313 340 3
313 343 8
313 345 3
313 347 6
313 349 9
313 350 3
313 351 2
313 353 3
313 355 3
313 357 10
313 359 9
313 360 10
313 361 1
313 363 3
313 364 5
313 365 7
313 368 3
313 369 3
313 370 2
313 372 1
313 373 5
313 374 2
313 376 8
313 377 9
313 382 10
313 386 9
313 390 2
313 392 10
313 394 10
313 399 1
314 315 1
314 316 2
314 319 8
314 320 4
314 321 3
314 322 4
314 325 5
314 326 2
314 329 2
314 330 7
314 331 7
314 332 10
314 333 10
314 334 7
314 335 1
314 338 4
314 340 8
314 342 8
314 343 7
314 344 10
314 346 1
314 350 4
314 351 10
314 352 3
314 354 8
314 355 10
314 358 6
314 359 3
314 361 3
314 362 3
314 365 2
314 367 8
314 372 3
314 373 10
314 375 10
314 376 6
314 377 2
314 380 2
314 381 5
314 382 9
314 388 6
314 392 1
314 393 7
314 395 10
314 399 2
315 316 3
315 317 3
315 324 5
315 327 3
315 328 9
315 329 2
315 332 3
315 343 6
315 345 10
315 346 4
315 350 3
315 351 8
315 352 10
315 355 10
315 358 2
315 361 10
315 364 3
315 367 9
315 370 1
315 371 8
315 373 4
315 374 4
315 375 3
315 376 1
315 377 2
315 378 3
315 380 10
315 382 3
315 384 5
315 385 10
315 388 4
315 390 5
315 394 4
315 395 2
315 396 8
315 399 10
316 318 2
316 319 8
316 321 1
316 323 9
316 325 7
316 328 2
316 330 7
316 331 7
316 332 5
316 333 8
316 334 8
316 336 5
316 343 1
316 344 8
316 345 10
316 347 3
316 348 3
316 349 10
316 350 1
316 352 10
316 353 9
316 356 10
316 357 2
316 358 1
316 360 7
316 361 5
316 362 4
316 363 6
316 368 2
316 370 5
316 371 3
316 372 5
316 376 2
316 378 1
316 379 6
316 380 10
316 381 3
316 382 7
316 383 3
316 384 10
316 385 7
316 386 9
316 387 2
316 389 5
316 390 6
316 391 7
316 394 1
316 395 4
316 396 9
317 318 1
317 320 4
317 321 8
317 323 5
317 324 2
317 328 9
317 329 2
317 332 7
317 334 6
317 335 4
317 338 4
317 339 4
317 340 5
317 341 7
317 346 5
317 350 1
317 351 1
317 353 9
317 354 5
317 355 2
317 357 4
317 359 2
317 360 10
317 363 10
317 365 3
317 366 2
317 370 6
317 371 7
317 374 8
317 375 8
317 376 9
317 377 6
317 378 7
317 383 5
317 385 10
317 386 5
317 388 7
317 389 9
317 391 4
317 394 7
317 397 1
317 398 8
317 399 5
318 322 8
318 323 3
318 325 3
318 328 9
318 329 1
318 330 4
318 331 3
318 332 7
318 337 6
318 338 9
318 341 1
318 342 7
318 343 10
318 344 10
318 345 7
318 348 4
318 349 10
318 353 8
318 354 3
318 357 5
318 358 7
318 359 6
318 364 10
318 365 8
318 366 5
318 371 3
318 372 1
318 373 5
318 375 8
318 377 10
318 378 9
318 381 2
318 384 6
318 386 5
318 387 4
318 389 5
318 390 1
318 392 3
318 394 10
318 396 3
319 322 1
319 323 6
319 324 10
319 325 9
319 326 9
319 330 1
319 335 7
319 336 3
319 338 7
319 339 9
319 340 5
319 341 2
319 343 3
319 344 3
319 347 10
319 348 7
319 350 4
319 351 5
319 352 6
319 353 9
319 354 10
319 356 7
319 357 7
319 358 3
319 360 3
319 362 9
319 364 5
319 365 6
319 366 3
319 370 10
319 372 6
319 373 10
319 374 10
319 375 8
319 376 4
319 384 2
319 388 9
319 389 5
319 396 4
319 397 6
319 398 3
319 399 4
320 322 8
320 327 2
320 331 4
320 332 7
320 333 10
320 335 1
320 342 5
320 344 1
320 345 1
320 346 2
320 348 3
320 350 2
320 353 5
320 356 2
320 357 2
320 360 3
320 365 7
320 366 10
320 369 2
320 370 2
320 371 2
320 376 2
320 377 8
320 378 3
320 379 8
320 381 1
320 383 10
320 386 5
320 389 10
320 390 4
320 394 5
320 396 5
321 323 1
321 324 1
321 326 7
321 327 8
321 328 7
321 330 3
321 331 6
321 332 1
321 334 8
321 335 7
321 337 3
321 340 9
321 345 9
321 346 4
321 349 2
321 351 4
321 352 10
321 357 9
321 359 3
321 360 5
321 361 5
321 364 4
321 369 6
321 370 6
321 372 10
321 373 3
321 374 5
321 375 6
321 379 1
321 386 10
321 387 1
321 389 1
321 392 5
321 395 1
321 396 8
321 398 10
322 324 8
322 326 6
322 330 1
322 332 9
322 333 9
322 334 4
322 337 6
322 339 8
322 341 1
322 346 10
322 349 8
322 350 7
322 352 10
322 353 4
322 355 6
322 356 4
322 357 3
322 358 5
322 359 8
322 361 7
322 362 2
322 363 5
322 366 1
322 367 2
322 368 3
322 369 10
322 370 7
322 372 5
322 374 4
322 375 9
322 377 2
322 378 8
322 379 5
322 382 5
322 385 1
322 386 4
322 388 7
322 389 10
322 391 5
322 392 9
322 393 4
322 397 5
322 398 9
322 399 6
323 326 3
323 329 6
323 330 10
323 331 9
323 333 3
323 336 9
323 337 8
323 339 10
323 340 7
323 342 8
323 343 6
323 344 4
323 345 7
323 347 4
323 350 2
323 353 10
323 357 8
323 362 3
323 363 9
323 364 6
323 365 1
323 368 4
323 369 1
323 370 2
323 371 10
323 377 6
323 379 8
323 380 5
323 381 6
323 382 10
323 383 7
323 387 3
323 388 1
323 390 9
323 391 9
323 394 4
323 396 5
323 398 8
323 399 7
324 325 8
324 326 6
324 329 9
324 330 8
324 331 2
324 332 5
324 333 10
324 335 2
324 336 10
324 340 5
324 343 7
324 344 2
324 350 8
324 352 9
324 356 1
324 358 1
324 359 9
324 361 10
324 367 6
324 368 10
324 371 4
324 376 7
324 379 1
324 380 7
324 384 5
324 386 6
324 387 5
324 388 7
324 389 1
324 390 4
324 392 10
324 393 7
324 395 9
324 396 2
324 397 1
324 398 6
325 328 7
325 329 5
325 331 8
325 334 7
325 336 3
325 337 6
325 338 9
325 340 1
325 341 2
325 342 3
325 343 6
325 344 10
325 345 8
325 349 1
325 351 5
325 352 6
325 353 3
325 354 3
325 355 6
325 357 3
325 359 2
325 361 3
325 362 4
325 363 4
325 365 2
325 366 5
325 370 3
325 371 10
325 378 7
325 379 9
325 381 2
325 382 3
325 384 3
325 386 8
325 387 4
325 388 8
325 389 6
325 395 8
325 396 8
326 327 9
326 328 1
326 329 10
326 333 10
326 334 1
326 336 5
326 338 6
326 339 1
326 340 3
326 341 8
326 342 2
326 343 3
326 344 7
326 345 7
326 346 5
326 349 8
326 350 6
326 353 6
326 365 9
326 366 6
326 368 2
326 370 2
326 374 3
326 377 6
326 379 5
326 385 4
326 386 8
326 387 5
326 388 10
326 397 3
326 398 7
327 328 9
327 329 8
327 330 7
327 332 6
327 333 6
327 334 1
327 335 6
327 338 10
327 340 4
327 342 10
327 343 7
327 345 2
327 346 1
327 349 3
327 351 5
327 352 3
327 354 9
327 355 10
327 357 6
327 358 6
327 359 8
327 369 8
327 370 5
327 372 8
327 373 3
327 377 9
327 379 5
327 381 3
327 383 1
327 384 10
327 386 7
327 388 5
327 389 9
327 390 7
327 393 8
327 395 2
327 397 7
327 398 3
327 399 3
328 332 4
328 334 3
328 335 5
328 336 6
328 345 5
328 347 3
328 349 5
328 353 8
328 356 2
328 358 1
328 360 10
328 361 6
328 366 5
328 369 1
328 371 6
328 373 1
328 378 2
328 380 1
328 381 3
328 382 2
328 386 3
328 388 6
328 390 2
328 395 5
328 398 2
328 399 6
329 331 5
329 341 10
329 346 2
329 347 3
329 348 3
329 349 7
329 352 6
329 353 5
329 354 9
329 360 8
329 361 6
329 363 1
329 365 2
329 369 3
329 370 2
329 371 3
329 374 4
329 375 2
329 377 1
329 380 10
329 382 10
329 383 9
329 385 4
329 386 4
329 388 3
329 389 2
329 390 2
329 391 4
329 392 8
329 393 7
329 394 8
329 395 2
329 396 9
329 399 5
330 331 5
330 332 2
330 334 10
330 335 2
330 338 5
330 340 2
330 341 5
330 342 2
330 345 5
330 347 6
330 349 4
330 350 7
330 352 10
330 354 4
330 355 10
330 357 8
330 359 1
330 361 7
330 363 6
330 366 4
330 367 9
330 368 2
330 371 9
330 372 2
330 373 3
330 375 3
330 377 5
330 378 3
330 379 2
330 380 5
330 383 3
330 384 1
330 385 1
330 386 7
330 388 10
330 389 9
330 394 8
330 397 2
330 399 1
331 332 10
331 334 3
331 335 4
331 337 8
331 338 3
331 339 10
331 341 8
331 343 8
331 345 7
331 346 5
331 348 7
331 349 10
331 350 6
331 351 3
331 352 1
331 356 2
331 357 4
331 358 5
331 363 7
331 370 5
331 371 3
331 377 8
331 379 2
331 380 4
331 381 9
331 388 3
331 389 7
331 393 5
331 394 4
331 396 2
331 397 9
331 398 5
331 399 2
332 333 6
332 334 3
332 335 3
332 337 9
332 338 1
332 340 8
332 343 3
332 346 6
332 348 1
332 350 8
332 352 10
332 353 10
332 354 5
332 355 5
332 356 6
332 358 1
332 359 7
332 361 1
332 362 9
332 366 6
332 368 6
332 369 10
332 370 6
332 371 10
332 372 5
332 373 10
332 374 8
332 375 5
332 377 10
332 378 1
332 380 2
332 381 5
332 382 8
332 385 9
332 386 9
332 387 9
332 388 9
332 391 9
332 392 5
332 393 6
332 395 10
332 396 9
333 334 1
333 335 8
333 336 10
333 337 7
333 340 10
333 342 3
333 343 7
333 350 8
333 351 2
333 352 1
333 354 10
333 355 9
333 356 1
333 361 7
333 363 10
333 365 10
333 367 7
333 370 8
333 371 2
333 372 7
333 373 6
333 374 2
333 377 2
333 378 2
333 381 10
333 382 10
333 383 6
333 384 3
333 386 5
333 388 5
333 389 6
333 391 7
333 392 4
333 394 8
333 395 8
333 396 8
334 335 8
334 336 7
334 338 4
334 340 7
334 341 5
334 345 5
334 349 8
334 350 10
334 354 10
334 361 10
334 362 1
334 363 10
334 365 7
334 368 9
334 371 5
334 373 3
334 374 5
334 375 2
334 377 5
334 378 10
334 379 3
334 381 1
334 383 6
334 384 1
334 386 10
334 388 9
334 392 6
334 393 8
334 394 8
334 395 8
335 340 5
335 342 3
335 344 10
335 349 3
335 350 3
335 352 4
335 353 9
335 354 8
335 355 1
335 357 7
335 361 1
335 362 2
335 363 3
335 365 9
335 370 10
335 374 7
335 375 3
335 378 7
335 381 4
335 383 6
335 384 10
335 386 5
335 389 9
335 392 1
335 393 3
335 395 1
335 396 3
335 398 9
336 337 5
336 338 8
336 340 9
336 341 2
336 342 1
336 344 10
336 345 7
336 346 5
336 347 9
336 348 9
336 350 9
336 351 3
336 352 10
336 355 9
336 356 9
336 358 2
336 359 3
336 361 10
336 362 8
336 363 5
336 372 9
336 373 5
336 374 4
336 378 8
336 379 1
336 381 9
336 383 7
336 384 7
336 387 5
336 389 6
336 390 2
336 392 8
336 393 2
336 395 9
336 398 4
337 342 8
337 343 5
337 344 9
337 346 3
337 353 6
337 356 6
337 358 1
337 359 10
337 362 1
337 365 6
337 368 6
337 369 1
337 371 9
337 372 9
337 373 6
337 374 7
337 375 6
337 376 4
337 379 1
337 380 8
337 382 3
337 383 5
337 384 3
337 385 1
337 386 7
337 388 4
337 393 5
337 394 10
337 398 6
338 340 3
338 341 1
338 343 1
338 345 4
338 351 4
338 352 4
338 355 1
338 356 3
338 357 2
338 358 4
338 359 2
338 360 10
338 361 7
338 363 5
338 367 4
338 369 3
338 371 8
338 374 10
338 375 9
338 377 9
338 379 10
338 381 10
338 384 5
338 386 7
338 389 4
338 390 7
338 391 7
338 393 10
338 395 8
338 399 2
339 343 10
339 345 4
339 348 2
339 351 3
339 352 10
339 355 7
339 356 4
339 357 7
339 358 6
339 360 5
339 361 2
339 363 8
339 364 10
339 366 5
339 368 2
339 369 2
339 371 1
339 372 2
339 377 1
339 379 1
339 381 8
339 382 10
339 383 5
339 385 5
339 388 2
339 389 6
339 390 4
339 392 9
339 393 6
339 394 1
339 395 10
339 397 1
339 399 8
340 341 4
340 343 8
340 346 4
340 350 7
340 353 3
340 354 4
340 356 6
340 357 10
340 362 5
340 363 9
340 366 7
340 367 10
340 369 8
340 372 2
340 373 1
340 376 2
340 377 3
340 379 10
340 380 8
340 382 6
340 386 5
340 387 7
340 388 1
340 391 5
340 392 7
340 393 6
340 397 7
340 399 10
341 345 5
341 347 1
341 348 7
341 350 4
341 351 9
341 355 3
341 357 2
341 362 9
341 364 2
341 365 9
341 366 2
341 367 7
341 370 7
341 371 8
341 372 2
341 376 8
341 385 8
341 386 6
341 388 5
341 390 7
341 394 4
341 396 2
341 398 9
342 343 3
342 345 5
342 346 9
342 353 9
342 354 2
342 360 7
342 361 4
342 362 2
342 365 5
342 368 1
342 370 4
342 372 3
342 373 3
342 374 7
342 379 3
342 380 7
342 381 9
342 382 4
342 383 8
342 384 1
342 386 2
342 387 4
342 388 1
342 389 6
342 390 4
342 391 1
342 393 3
342 396 5
342 399 4
343 344 9
343 345 3
343 346 2
343 347 3
343 350 4
343 357 3
343 358 6
343 359 4
343 361 9
343 363 8
343 365 4
343 370 5
343 373 7
343 379 5
343 380 10
343 381 10
343 383 1
343 384 2
343 386 4
343 390 9
343 391 7
343 395 1
343 396 3
343 397 1
343 399 8
344 345 6
344 346 6
344 347 7
344 348 3
344 350 7
344 351 2
344 353 10
344 354 1
344 355 4
344 356 8
344 357 4
344 358 10
344 362 1
344 363 9
344 367 8
344 372 6
344 374 1
344 377 3
344 378 2
344 379 1
344 381 2
344 383 9
344 389 2
344 391 8
344 392 1
344 394 10
344 395 2
344 396 10
344 397 10
345 347 3
345 348 3
345 351 2
345 355 3
345 357 2
345 358 4
345 359 4
345 360 7
345 361 9
345 362 8
345 363 6
345 364 2
345 367 3
345 369 1
345 371 5
345 372 6
345 373 2
345 376 9
345 380 9
345 381 3
345 383 9
345 385 7
345 386 5
345 388 7
345 390 1
345 391 3
345 392 8
345 395 6
345 397 9
346 350 1
346 353 5
346 355 3
346 356 9
346 359 2
346 360 1
346 363 7
346 367 10
346 370 3
346 373 8
346 374 2
346 377 6
346 378 10
346 382 6
346 384 8
346 385 3
346 386 8
346 388 4
346 390 3
346 394 4
346 395 8
346 398 2
347 348 10
347 350 7
347 355 2
347 359 2
347 360 4
347 365 8
347 366 2
347 367 5
347 368 2
347 369 9
347 371 2
347 372 1
347 373 7
347 376 10
347 377 3
347 378 1
347 383 9
347 384 6
347 385 7
347 386 5
347 387 2
347 391 5
347 393 4
347 395 4
347 396 4
347 398 6
347 399 9
348 349 9
348 350 2
348 351 4
348 354 3
348 357 10
348 358 10
348 361 2
348 362 3
348 363 10
348 366 1
348 367 7
348 370 5
348 372 9
348 373 10
348 377 10
348 380 2
348 381 4
348 382 10
348 383 10
348 385 3
348 386 2
348 387 3
348 388 8
348 390 8
348 391 7
348 395 2
348 397 6
349 350 10
349 353 10
349 356 5
349 357 3
349 359 6
349 360 6
349 361 5
349 362 10
349 364 2
349 369 9
349 370 5
349 373 8
349 376 7
349 377 9
349 378 4
349 381 10
349 384 5
349 385 3
349 386 4
349 387 8
349 389 10
349 390 6
349 392 5
349 393 5
349 395 2
349 398 2
350 351 9
350 353 4
350 360 5
350 362 2
350 363 5
350 365 2
350 366 10
350 367 6
350 370 4
350 371 7
350 372 10
350 374 2
350 375 2
350 380 2
350 381 2
350 382 7
350 391 2
350 393 5
350 394 2
350 395 9
350 396 9
350 397 5
350 398 8
351 355 8
351 356 2
351 357 5
351 359 9
351 360 6
351 364 7
351 366 7
351 368 3
351 372 10
351 376 8
351 377 4
351 379 6
351 380 10
351 384 1
351 386 7
351 387 6
351 389 3
351 390 7
351 391 3
351 392 8
351 394 10
351 396 7
352 353 4
352 356 9
352 358 3
352 360 8
352 361 7
352 365 10
352 366 1
352 367 8
352 368 8
352 370 5
352 371 5
352 372 10
352 373 1
352 375 9
352 376 5
352 377 8
352 378 4
352 382 7
352 384 3
352 386 6
352 389 3
352 390 3
352 392 2
352 396 3
352 399 5
353 354 1
353 357 2
353 359 8
353 360 2
353 363 10
353 371 8
353 373 9
353 375 10
353 378 4
353 379 6
353 382 10
353 387 5
353 388 10
353 392 2
353 395 1
353 396 8
354 355 7
354 357 4
354 358 2
354 361 1
354 368 9
354 370 9
354 373 5
354 374 10
354 375 10
354 376 1
354 377 9
354 382 8
354 387 3
354 389 5
354 390 7
354 391 6
354 393 4
354 395 6
354 398 8
354 399 6
355 356 7
355 357 10
355 358 8
355 361 9
355 362 5
355 363 1
355 365 9
355 366 3
355 368 5
355 369 1
355 373 6
355 375 5
355 376 4
355 377 4
355 378 10
355 379 10
355 380 6
355 383 4
355 384 6
355 386 7
355 388 8
355 389 8
355 392 6
355 394 2
355 395 8
355 396 3
355 397 4
355 398 2
356 357 1
356 358 6
356 360 8
356 361 1
356 363 1
356 364 1
356 367 9
356 369 2
356 371 1
356 373 10
356 374 10
356 375 10
356 376 2
356 378 5
356 380 4
356 381 8
356 382 10
356 383 7
356 386 9
356 391 4
356 395 1
356 397 5
357 359 7
357 361 1
357 364 4
357 366 7
357 370 5
357 371 10
357 372 9
357 373 7
357 374 5
357 375 6
357 376 10
357 378 7
357 381 4
357 383 6
357 386 1
357 387 1
357 391 8
357 392 10
357 393 1
357 397 8
357 398 3
357 399 1
358 361 10
358 362 1
358 364 1
358 366 2
358 373 1
358 374 1
358 378 10
358 380 3
358 382 3
358 383 9
358 386 6
358 390 6
358 391 4
358 392 9
358 393 4
358 394 5
358 398 1
359 360 1
359 361 5
359 362 6
359 364 10
359 365 8
359 368 10
359 369 4
359 370 3
359 371 8
359 372 10
359 373 9
359 376 1
359 378 4
359 380 9
359 382 1
359 385 2
359 389 3
359 390 5
359 391 2
359 392 10
359 393 7
359 397 6
359 398 5
359 399 9
360 361 8
360 362 5
360 366 9
360 367 1
360 369 8
360 371 8
360 372 1
360 373 10
360 374 8
360 382 1
360 385 10
360 386 8
360 387 5
360 388 7
360 389 3
360 392 6
360 393 7
360 394 2
360 395 5
360 398 6
360 399 8
361 362 10
361 368 10
361 370 9
361 371 5
361 376 9
361 377 1
361 379 5
361 380 10
361 382 9
361 384 9
361 385 2
361 386 3
361 387 10
361 393 1
361 394 5
361 395 8
361 396 9
361 397 5
361 398 7
362 363 3
362 364 2
362 365 2
362 367 4
362 369 9
362 370 4
362 371 8
362 372 7
362 378 2
362 379 8
362 382 3
362 388 9
362 390 10
362 392 7
363 365 9
363 372 10
363 374 1
363 375 10
363 382 9
363 383 2
363 384 1
363 386 2
363 388 7
363 389 6
363 390 10
363 391 10
363 396 4
363 398 2
363 399 7
364 365 8
364 366 3
364 367 2
364 369 8
364 371 1
364 373 3
364 375 5
364 376 8
364 378 3
364 380 8
364 384 8
364 386 2
364 388 2
364 391 9
364 392 5
364 393 4
364 395 4
364 397 9
364 398 10
364 399 7
365 366 6
365 368 7
365 369 3
365 374 1
365 375 2
365 376 2
365 377 8
365 380 10
365 382 8
365 387 6
365 388 2
365 390 3
365 391 5
365 392 7
365 397 3
366 368 6
366 373 2
366 375 7
366 378 1
366 380 8
366 381 1
366 382 2
366 384 3
366 385 2
366 390 1
366 394 4
366 398 5
366 399 1
367 370 8
367 372 10
367 374 2
367 376 6
367 378 3
367 379 3
367 380 7
367 382 9
367 383 5
367 386 9
367 387 7
367 389 2
367 390 1
367 392 9
367 393 10
367 394 4
367 396 5
367 397 5
367 399 3
368 369 8
368 370 2
368 374 9
368 377 3
368 378 5
368 379 10
368 380 10
368 381 8
368 383 2
368 386 10
368 387 7
368 389 8
368 390 10
368 393 3
368 397 6
368 399 9
369 371 4
369 373 1
369 377 9
369 378 3
369 379 9
369 381 3
369 382 3
369 383 4
369 384 4
369 385 9
369 387 6
369 388 1
369 390 1
369 391 1
369 395 2
369 397 3
370 371 1
370 373 4
370 376 5
370 377 9
370 378 4
370 381 7
370 382 3
370 383 5
370 385 1
370 386 2
370 388 6
370 392 6
370 394 2
370 397 7
370 398 3
371 373 1
371 374 3
371 376 4
371 379 4
371 381 8
371 383 4
371 385 9
371 386 1
371 387 1
371 390 2
371 393 5
371 394 4
371 396 4
372 373 2
372 374 4
372 376 10
372 378 6
372 380 1
372 384 7
372 385 9
372 387 1
372 388 4
372 391 7
372 392 9
372 393 3
372 395 3
372 396 8
372 397 8
372 399 3
373 374 7
373 375 9
373 376 4
373 378 4
373 379 2
373 380 10
373 383 1
373 386 9
373 387 5
373 388 3
373 389 4
373 390 9
373 391 5
373 394 4
373 395 6
373 396 5
373 397 4
373 398 8
373 399 9
374 375 8
374 376 7
374 377 8
374 378 4
374 379 9
374 382 3
374 385 1
374 386 7
374 387 3
374 389 3
374 396 6
374 397 1
374 399 8
375 376 5
375 377 6
375 381 7
375 384 7
375 385 6
375 386 4
375 387 5
375 391 9
375 393 7
375 395 6
375 396 8
375 399 1
376 377 5
376 379 4
376 384 9
376 388 2
376 389 2
376 391 3
376 394 6
376 395 2
376 396 2
376 398 9
377 378 2
377 379 5
377 380 2
377 381 4
377 382 7
377 383 1
377 388 10
377 389 4
377 390 8
377 394 4
377 395 1
377 397 9
377 398 4
377 399 10
378 379 1
378 382 5
378 385 2
378 389 9
378 390 6
378 391 7
378 393 6
378 395 3
378 396 10
378 398 2
378 399 8
379 381 8
379 382 2
379 383 2
379 386 1
379 388 4
379 389 7
379 392 5
379 394 3
379 395 10
379 397 8
379 398 10
380 382 10
380 385 4
380 389 2
380 390 9
380 393 10
380 395 10
380 396 2
380 398 9
381 384 2
381 390 2
381 393 2
381 396 3
382 383 7
382 385 5
382 386 2
382 388 8
382 389 10
382 392 8
382 393 7
382 394 4
382 395 9
382 398 10
383 384 3
383 385 7
383 386 9
383 388 10
383 389 4
383 390 6
383 399 7
384 385 8
384 386 3
384 388 7
384 389 4
384 392 8
384 394 7
384 396 7
384 397 1
384 398 4
384 399 5
385 386 3
385 388 9
385 389 8
385 391 1
385 392 10
385 394 1
385 396 9
386 388 7
386 391 5
386 396 3
386 397 9
387 388 10
387 389 10
387 392 10
387 393 10
388 391 10
388 392 5
388 394 7
388 396 8
388 397 5
388 398 9
388 399 6
389 391 4
389 392 1
389 394 5
389 396 1
389 397 2
389 398 3
390 391 4
390 393 5
390 395 4
390 396 10
390 397 10
390 398 6
391 394 5
391 395 2
391 396 2
391 398 6
391 399 2
393 395 10
393 397 5
394 395 3
394 396 9
394 397 4
395 399 1
396 399 9
397 398 4
398 399 7
