350 30580
0 2 10
0 3 1
0 4 9
0 8 3
0 9 8
0 10 4
0 11 8
0 13 10
0 14 1
0 17 8
0 20 10
0 23 4
0 24 3
0 26 3
0 27 7
0 28 7
0 35 2
0 42 10
0 43 3
0 44 9
0 45 3
0 46 10
0 47 5
0 48 3
0 50 5
0 51 8
0 52 7
0 53 5
0 57 8
0 59 7
0 60 9
0 67 9
0 68 5
0 69 8
0 70 3
0 71 6
0 74 5
0 76 10
0 78 9
0 79 8
0 80 2
0 82 2
0 85 10
0 86 1
0 89 3
0 90 6
0 91 10
0 94 6
0 95 1
0 96 4
0 101 10
0 105 9
0 107 2
0 108 6
0 109 6
0 112 8
0 114 2
0 117 9
0 120 4
0 125 7
0 126 4
0 127 3
0 131 3
0 132 1
0 135 9
0 136 7
0 137 1
0 140 3
0 141 6
0 143 7
0 145 3
0 146 5
0 149 1
0 150 5
0 153 6
0 155 10
0 156 1
0 157 4
0 159 10
0 160 7
0 161 2
0 163 8
0 166 5
0 167 6
0 169 5
0 170 8
0 173 5
0 176 10
0 177 7
0 178 7
0 179 2
0 180 10
0 184 5
0 185 1
0 186 3
0 188 1
0 189 4
0 190 9
0 191 9
0 192 1
0 193 8
0 195 9
0 198 10
0 204 2
0 205 5
0 206 7
0 207 4
0 208 3
0 209 8
0 211 9
0 213 5
0 214 4
0 219 5
0 220 5
0 225 4
0 229 3
0 231 3
0 232 10
0 235 10
0 236 8
0 238 7
0 241 1
0 245 2
0 247 10
0 248 7
0 250 6
0 251 6
0 253 3
0 254 6
0 257 1
0 258 9
0 259 1
0 263 1
0 264 5
0 270 5
0 272 3
0 275 1
0 276 6
0 277 6
0 279 10
0 282 8
0 284 8
0 285 10
0 288 3
0 289 10
0 290 9
0 291 4
0 294 1
0 297 1
0 298 8
0 299 4
0 305 1
0 306 3
0 307 1
0 312 8
0 313 10
0 314 1
0 317 5
0 319 2
0 325 5
0 327 5
0 332 2
0 334 8
0 337 10
0 339 8
0 340 1
0 342 6
0 343 4
0 344 8
0 345 8
0 348 3
1 2 2
1 6 2
1 8 7
1 10 8
1 11 7
1 12 7
1 14 1
1 17 5
1 19 4
1 21 9
1 27 4
1 28 10
1 30 7
1 31 7
1 34 7
1 35 1
1 36 9
1 37 4
1 38 10
1 39 6
1 40 2
1 45 2
1 47 4
1 48 3
1 49 2
1 52 1
1 53 7
1 54 1
1 55 10
1 58 1
1 59 5
1 62 4
1 66 4
1 67 3
1 68 6
1 69 4
1 70 5
1 72 6
1 73 9
1 75 4
1 77 5
1 78 3
1 80 9
1 83 4
1 84 2
1 85 10
1 88 7
1 89 9
1 91 5
1 105 2
1 106 4
1 107 8
1 112 6
1 113 10
1 114 6
1 115 9
1 116 5
1 118 10
1 119 8
1 122 6
1 123 7
1 125 7
1 126 3
1 127 6
1 133 2
1 134 6
1 135 6
1 139 6
1 143 2
1 144 9
1 145 6
1 146 3
1 147 4
1 149 1
1 150 3
1 151 8
1 152 6
1 154 10
1 155 9
1 157 9
1 159 6
1 160 6
1 161 8
1 162 9
1 163 4
1 164 3
1 166 7
1 169 5
1 170 2
1 171 4
1 174 8
1 180 6
1 181 1
1 182 3
1 183 9
1 186 7
1 189 2
1 192 6
1 195 8
1 196 8
1 197 1
1 200 2
1 202 1
1 205 3
1 209 7
1 212 5
1 213 10
1 214 4
1 216 10
1 219 3
1 224 10
1 227 1
1 230 4
1 231 1
1 233 5
1 236 6
1 238 6
1 239 4
1 241 6
1 242 8
1 244 2
1 245 5
1 247 10
1 250 5
1 251 7
1 253 5
1 255 5
1 259 8
1 261 7
1 262 2
1 264 7
1 266 1
1 268 2
1 270 10
1 272 5
1 273 7
1 274 1
1 275 8
1 276 3
1 279 7
1 280 4
1 281 5
1 285 1
1 286 1
1 287 5
1 288 9
1 289 1
1 290 10
1 292 5
1 296 10
1 298 9
1 301 4
1 302 7
1 303 9
1 304 5
1 306 10
1 308 6
1 309 10
1 311 3
1 312 2
1 314 9
1 316 5
1 320 10
1 322 8
1 323 9
1 326 9
1 331 2
1 332 6
1 334 9
1 335 6
1 336 9
1 337 1
1 338 1
1 340 7
1 341 10
1 344 1
2 4 8
2 9 1
2 10 10
2 11 8
2 14 5
2 15 1
2 20 1
2 21 3
2 22 9
2 23 3
2 24 9
2 25 5
2 26 3
2 33 1
2 34 7
2 36 1
2 39 6
2 42 2
2 43 5
2 44 10
2 45 7
2 48 8
2 50 6
2 54 9
2 55 6
2 56 4
2 58 8
2 63 10
2 64 7
2 65 3
2 69 9
2 72 7
2 74 6
2 77 1
2 78 4
2 81 1
2 84 8
2 85 8
2 87 1
2 90 9
2 93 5
2 95 6
2 100 7
2 102 7
2 106 2
2 107 3
2 110 3
2 111 2
2 113 8
2 116 5
2 117 9
2 118 4
2 121 1
2 123 8
2 127 8
2 131 2
2 132 9
2 137 1
2 139 2
2 141 6
2 143 10
2 144 10
2 146 10
2 152 1
2 153 8
2 157 4
2 158 1
2 163 5
2 164 9
2 167 6
2 170 1
2 172 1
2 173 2
2 174 5
2 178 1
2 179 1
2 182 3
2 184 9
2 185 10
2 186 10
2 187 8
2 188 8
2 192 8
2 193 2
2 194 4
2 197 7
2 198 5
2 200 4
2 201 6
2 202 10
2 203 2
2 207 6
2 210 8
2 214 9
2 216 9
2 218 1
2 221 3
2 231 3
2 232 3
2 235 1
2 236 4
2 238 4
2 239 6
2 245 10
2 247 3
2 250 9
2 251 8
2 253 2
2 260 7
2 262 9
2 264 2
2 270 8
2 271 6
2 272 4
2 276 2
2 277 2
2 280 7
2 281 8
2 282 6
2 284 7
2 285 9
2 286 4
2 288 9
2 289 4
2 293 8
2 295 2
2 296 10
2 297 9
2 298 7
2 299 8
2 301 10
2 302 9
2 303 5
2 306 2
2 310 1
2 311 6
2 312 3
2 313 4
2 315 10
2 319 2
2 321 7
2 322 5
2 324 7
2 326 4
2 327 7
2 329 1
2 330 8
2 332 8
2 334 2
2 335 2
2 336 10
2 337 8
2 339 1
2 340 7
2 342 3
2 343 1
2 344 3
2 345 5
2 349 7
3 6 6
3 9 7
3 13 6
3 15 5
3 16 3
3 17 2
3 19 1
3 21 5
3 22 10
3 24 8
3 25 3
3 28 2
3 31 6
3 33 6
3 39 3
3 40 4
3 41 7
3 42 10
3 43 2
3 44 6
3 45 6
3 46 2
3 48 6
3 49 3
3 51 4
3 53 3
3 54 8
3 60 8
3 61 6
3 62 9
3 69 10
3 71 8
3 73 6
3 74 7
3 76 7
3 85 3
3 88 8
3 89 6
3 91 8
3 92 3
3 93 7
3 96 5
3 97 8
3 99 7
3 101 2
3 102 5
3 103 7
3 104 8
3 108 8
3 109 5
3 110 9
3 113 2
3 115 2
3 116 4
3 117 4
3 119 1
3 120 9
3 121 9
3 123 7
3 125 10
3 126 9
3 128 9
3 129 10
3 130 3
3 131 9
3 132 4
3 133 8
3 134 10
3 136 6
3 137 8
3 142 6
3 144 1
3 145 6
3 151 7
3 152 10
3 153 3
3 154 4
3 159 9
3 161 9
3 164 2
3 165 5
3 166 1
3 167 1
3 168 9
3 170 1
3 173 8
3 177 6
3 178 7
3 179 6
3 183 9
3 185 3
3 188 9
3 195 6
3 196 10
3 197 7
3 198 7
3 199 1
3 200 4
3 202 3
3 203 8
3 204 8
3 206 6
3 211 4
3 215 3
3 218 8
3 219 4
3 220 1
3 221 8
3 222 7
3 224 6
3 227 6
3 228 6
3 229 7
3 230 3
3 232 4
3 233 5
3 234 4
3 235 7
3 236 8
3 240 1
3 241 6
3 243 3
3 248 8
3 250 4
3 251 1
3 254 9
3 257 6
3 258 2
3 267 6
3 268 7
3 269 1
3 270 3
3 271 5
3 273 10
3 274 2
3 275 1
3 276 4
3 278 3
3 282 7
3 283 7
3 285 8
3 286 10
3 287 7
3 291 1
3 292 1
3 293 6
3 295 6
3 296 9
3 297 1
3 299 6
3 301 3
3 303 8
3 305 8
3 308 7
3 309 9
3 310 7
3 315 8
3 316 3
3 320 4
3 323 9
3 325 2
3 327 4
3 328 10
3 330 3
3 331 10
3 332 6
3 333 7
3 334 6
3 336 3
3 338 10
3 339 2
3 344 6
3 345 5
3 348 10
4 5 10
4 6 8
4 7 10
4 8 1
4 13 4
4 14 1
4 15 5
4 16 7
4 17 1
4 19 7
4 20 7
4 23 8
4 25 9
4 26 10
4 27 6
4 29 5
4 30 1
4 32 2
4 34 6
4 39 5
4 40 4
4 43 2
4 44 2
4 46 7
4 51 7
4 52 1
4 55 2
4 57 3
4 61 8
4 63 4
4 64 9
4 65 10
4 66 6
4 67 5
4 72 1
4 74 3
4 75 3
4 78 2
4 79 5
4 80 1
4 84 5
4 86 10
4 87 1
4 92 9
4 96 8
4 97 9
4 99 1
4 101 10
4 103 3
4 104 5
4 106 2
4 108 8
4 111 1
4 113 10
4 117 8
4 120 2
4 121 1
4 123 9
4 124 3
4 129 9
4 133 9
4 135 6
4 136 1
4 138 9
4 139 5
4 141 3
4 142 4
4 143 2
4 145 7
4 147 7
4 148 9
4 150 8
4 152 4
4 153 9
4 156 8
4 157 7
4 158 2
4 167 9
4 168 6
4 169 6
4 171 6
4 173 9
4 177 1
4 178 10
4 184 7
4 187 1
4 189 7
4 193 2
4 195 2
4 197 6
4 198 6
4 199 4
4 200 3
4 201 4
4 203 9
4 207 6
4 210 9
4 211 2
4 214 9
4 216 4
4 223 6
4 224 7
4 229 3
4 231 10
4 233 10
4 235 6
4 238 9
4 239 3
4 240 8
4 241 8
4 242 8
4 243 8
4 245 3
4 250 4
4 251 8
4 253 7
4 254 3
4 255 1
4 256 6
4 257 1
4 258 10
4 259 4
4 261 1
4 263 3
4 264 6
4 266 4
4 268 10
4 270 7
4 271 9
4 272 6
4 276 4
4 277 5
4 278 4
4 279 4
4 282 5
4 285 5
4 289 6
4 290 1
4 292 5
4 294 5
4 297 3
4 300 10
4 302 2
4 304 8
4 307 2
4 310 8
4 311 5
4 312 8
4 313 5
4 314 1
4 317 6
4 319 9
4 322 6
4 323 8
4 327 1
4 329 9
4 336 9
4 337 4
4 344 4
4 348 6
5 6 3
5 8 8
5 9 5
5 10 4
5 11 2
5 13 7
5 18 1
5 19 8
5 20 9
5 21 2
5 24 1
5 25 3
5 27 7
5 28 7
5 34 2
5 35 9
5 37 7
5 39 10
5 40 10
5 41 4
5 43 2
5 44 1
5 47 10
5 48 3
5 50 5
5 55 3
5 56 2
5 58 7
5 59 7
5 60 6
5 61 2
5 62 8
5 66 10
5 69 5
5 73 1
5 74 6
5 76 4
5 78 5
5 81 2
5 84 3
5 85 7
5 87 8
5 90 6
5 96 8
5 98 1
5 101 3
5 102 3
5 107 3
5 109 8
5 111 10
5 114 10
5 117 10
5 118 9
5 119 8
5 120 2
5 121 5
5 122 6
5 123 10
5 128 10
5 133 3
5 135 3
5 136 1
5 137 6
5 138 7
5 139 1
5 140 4
5 143 10
5 145 2
5 148 6
5 149 3
5 150 8
5 151 9
5 155 9
5 156 5
5 158 2
5 160 7
5 161 3
5 162 7
5 165 5
5 167 7
5 170 1
5 171 3
5 174 3
5 175 9
5 177 4
5 179 8
5 183 4
5 184 2
5 186 1
5 187 7
5 189 5
5 192 8
5 194 10
5 195 10
5 196 6
5 199 1
5 203 8
5 204 8
5 205 8
5 208 3
5 210 6
5 211 5
5 216 5
5 218 4
5 221 9
5 226 1
5 227 10
5 231 3
5 232 4
5 233 9
5 234 9
5 239 1
5 240 7
5 241 6
5 244 10
5 246 10
5 249 2
5 250 8
5 251 8
5 252 6
5 255 7
5 257 10
5 258 3
5 259 6
5 261 7
5 263 7
5 266 5
5 269 1
5 270 10
5 271 6
5 273 3
5 274 5
5 275 1
5 280 4
5 281 7
5 286 2
5 287 2
5 288 1
5 289 8
5 291 9
5 293 2
5 300 6
5 301 10
5 302 4
5 306 6
5 308 3
5 309 6
5 313 5
5 317 8
5 319 1
5 321 4
5 324 4
5 326 10
5 327 1
5 329 8
5 333 5
5 335 1
5 336 2
5 338 4
5 339 7
5 341 4
5 344 5
5 345 4
5 347 8
5 348 2
5 349 7
6 9 4
6 10 5
6 11 1
6 12 6
6 14 10
6 17 4
6 21 8
6 22 2
6 24 3
6 26 10
6 30 10
6 31 4
6 36 10
6 38 9
6 40 3
6 42 1
6 46 5
6 47 7
6 48 3
6 50 4
6 52 1
6 54 5
6 59 1
6 60 6
6 61 5
6 62 5
6 65 7
6 66 5
6 67 2
6 68 2
6 71 9
6 77 6
6 78 6
6 80 2
6 81 6
6 82 5
6 83 6
6 84 5
6 88 10
6 90 3
6 91 7
6 94 7
6 95 8
6 96 8
6 100 3
6 102 4
6 107 6
6 108 4
6 109 10
6 110 1
6 112 3
6 114 1
6 116 5
6 121 5
6 122 8
6 124 10
6 127 7
6 129 9
6 130 4
6 132 9
6 133 2
6 135 4
6 138 8
6 142 10
6 143 5
6 147 5
6 148 1
6 149 8
6 150 8
6 151 8
6 152 3
6 153 8
6 154 7
6 155 6
6 157 7
6 158 9
6 159 2
6 160 9
6 162 1
6 163 1
6 164 10
6 165 1
6 166 1
6 171 3
6 172 3
6 173 2
6 174 8
6 175 6
6 176 6
6 177 4
6 178 8
6 179 1
6 180 1
6 181 3
6 182 7
6 185 6
6 186 1
6 187 5
6 189 6
6 192 7
6 193 3
6 197 4
6 198 7
6 200 10
6 201 6
6 204 4
6 206 8
6 208 6
6 209 3
6 211 10
6 212 3
6 219 4
6 221 4
6 222 1
6 226 10
6 227 3
6 229 10
6 233 5
6 235 6
6 236 7
6 242 2
6 246 1
6 249 2
6 251 2
6 254 7
6 257 1
6 258 7
6 259 5
6 264 8
6 265 8
6 269 9
6 270 8
6 271 4
6 272 2
6 274 6
6 276 6
6 277 10
6 278 4
6 279 10
6 280 6
6 281 10
6 282 2
6 284 3
6 285 9
6 287 2
6 291 4
6 293 1
6 294 3
6 295 7
6 298 8
6 299 3
6 300 10
6 302 10
6 303 10
6 305 5
6 307 6
6 309 4
6 312 10
6 313 2
6 315 1
6 316 8
6 317 5
6 318 10
6 325 1
6 330 4
6 332 9
6 333 7
6 334 7
6 335 8
6 336 9
6 339 9
6 340 8
6 341 4
6 342 4
6 348 5
6 349 5
7 8 6
7 9 1
7 10 5
7 11 2
7 12 5
7 13 5
7 17 9
7 19 4
7 21 7
7 22 9
7 23 2
7 25 6
7 26 7
7 28 1
7 29 6
7 33 8
7 34 1
7 37 1
7 39 1
7 43 5
7 46 2
7 48 3
7 49 5
7 51 10
7 54 9
7 57 3
7 60 3
7 61 9
7 62 8
7 63 3
7 64 1
7 65 6
7 66 8
7 68 1
7 70 2
7 71 5
7 75 6
7 81 6
7 83 7
7 88 5
7 90 4
7 91 3
7 92 8
7 95 4
7 97 2
7 99 1
7 101 4
7 102 1
7 106 5
7 108 4
7 109 10
7 111 3
7 112 4
7 113 6
7 114 10
7 116 10
7 119 1
7 120 9
7 122 9
7 123 9
7 125 10
7 126 3
7 128 1
7 129 1
7 131 6
7 133 4
7 135 7
7 137 10
7 139 10
7 140 2
7 142 4
7 143 8
7 144 1
7 146 2
7 149 8
7 150 9
7 151 8
7 152 6
7 154 2
7 158 2
7 159 2
7 160 8
7 161 5
7 163 4
7 164 10
7 166 8
7 169 3
7 171 6
7 173 2
7 175 2
7 178 10
7 179 1
7 182 8
7 183 2
7 186 5
7 188 2
7 189 8
7 190 5
7 191 9
7 199 8
7 203 8
7 204 5
7 207 7
7 208 1
7 209 3
7 215 6
7 218 9
7 223 9
7 224 5
7 225 3
7 226 6
7 227 7
7 232 4
7 234 9
7 237 9
7 238 6
7 240 3
7 243 5
7 247 8
7 251 9
7 252 7
7 253 1
7 254 9
7 256 1
7 259 4
7 262 5
7 267 7
7 268 1
7 270 1
7 273 6
7 275 2
7 276 7
7 279 6
7 280 4
7 281 1
7 282 4
7 284 3
7 285 4
7 286 6
7 289 3
7 291 9
7 293 5
7 294 6
7 295 10
7 296 4
7 302 3
7 303 2
7 304 4
7 306 1
7 307 5
7 308 6
7 311 5
7 315 7
7 316 4
7 317 4
7 319 8
7 321 10
7 322 6
7 324 5
7 326 5
7 328 3
7 330 7
7 333 3
7 334 4
7 335 2
7 336 2
7 337 6
7 341 2
7 345 3
7 347 5
7 348 7
7 349 1
8 11 4
8 16 4
8 18 3
8 19 4
8 20 6
8 22 2
8 24 1
8 26 10
8 27 4
8 28 6
8 32 9
8 33 10
8 34 8
8 35 1
8 38 1
8 39 5
8 40 6
8 41 2
8 44 4
8 45 1
8 46 8
8 47 9
8 48 5
8 52 8
8 54 7
8 55 8
8 56 2
8 57 1
8 60 4
8 62 2
8 63 5
8 64 2
8 66 5
8 67 1
8 69 7
8 70 3
8 73 2
8 75 7
8 79 6
8 81 3
8 82 1
8 84 8
8 85 1
8 88 5
8 89 8
8 90 2
8 91 4
8 94 1
8 95 6
8 97 1
8 98 8
8 99 6
8 100 10
8 102 9
8 104 10
8 105 8
8 106 7
8 108 8
8 109 2
8 110 2
8 111 5
8 119 6
8 121 10
8 124 10
8 125 8
8 126 9
8 127 1
8 130 4
8 136 4
8 138 3
8 141 10
8 143 1
8 146 9
8 149 8
8 154 1
8 159 6
8 162 9
8 163 9
8 164 6
8 165 9
8 166 6
8 167 5
8 169 8
8 171 1
8 172 5
8 176 10
8 177 4
8 184 4
8 186 1
8 187 1
8 188 6
8 189 8
8 190 6
8 195 2
8 200 4
8 202 8
8 203 3
8 205 1
8 209 4
8 212 4
8 216 10
8 219 5
8 221 5
8 223 8
8 225 7
8 229 7
8 230 1
8 231 5
8 232 7
8 233 7
8 234 4
8 235 7
8 236 10
8 240 6
8 241 2
8 243 7
8 244 4
8 248 4
8 249 5
8 251 5
8 252 7
8 254 1
8 255 8
8 256 3
8 260 7
8 263 1
8 264 10
8 266 4
8 268 5
8 269 6
8 270 3
8 271 6
8 275 2
8 276 2
8 277 3
8 278 3
8 281 9
8 282 1
8 283 6
8 284 7
8 287 5
8 288 3
8 289 10
8 290 3
8 291 1
8 293 8
8 294 10
8 295 5
8 297 8
8 299 3
8 301 3
8 302 8
8 303 1
8 304 4
8 305 7
8 306 10
8 307 10
8 310 1
8 311 6
8 318 7
8 321 4
8 323 4
8 324 6
8 332 4
8 334 9
8 338 3
8 339 1
8 341 8
8 345 2
8 348 4
8 349 2
9 10 8
9 11 3
9 12 4
9 13 2
9 18 3
9 19 3
9 20 6
9 26 9
9 27 10
9 29 2
9 30 4
9 31 7
9 32 1
9 34 4
9 35 4
9 36 8
9 39 10
9 41 1
9 42 1
9 46 5
9 48 8
9 49 8
9 50 10
9 52 1
9 54 10
9 56 8
9 58 6
9 59 4
9 61 9
9 62 9
9 69 3
9 70 7
9 72 6
9 75 5
9 76 9
9 79 8
9 80 9
9 83 3
9 87 10
9 88 6
9 89 3
9 91 7
9 94 2
9 95 4
9 99 3
9 100 9
9 101 9
9 107 3
9 108 7
9 109 9
9 112 8
9 116 10
9 117 3
9 119 7
9 122 9
9 123 6
9 124 9
9 125 8
9 126 5
9 129 1
9 130 7
9 134 5
9 137 1
9 138 8
9 139 1
9 143 1
9 146 1
9 147 4
9 158 2
9 159 2
9 160 4
9 161 8
9 164 3
9 166 5
9 175 6
9 176 7
9 177 3
9 178 5
9 181 1
9 183 6
9 184 6
9 185 6
9 187 3
9 189 3
9 190 3
9 191 4
9 193 10
9 197 7
9 201 10
9 202 10
9 203 9
9 205 10
9 206 1
9 207 10
9 210 1
9 211 6
9 214 10
9 216 6
9 218 7
9 219 10
9 221 6
9 223 2
9 225 4
9 228 8
9 230 5
9 231 10
9 232 9
9 233 10
9 234 7
9 235 9
9 237 8
9 240 1
9 242 8
9 243 6
9 244 8
9 246 10
9 248 5
9 249 2
9 252 6
9 255 1
9 257 3
9 258 1
9 261 9
9 262 7
9 264 5
9 267 1
9 268 3
9 270 5
9 272 9
9 274 10
9 278 2
9 280 6
9 281 7
9 283 1
9 284 6
9 287 5
9 290 10
9 292 8
9 294 10
9 296 3
9 297 9
9 298 10
9 299 1
9 300 8
9 301 9
9 303 2
9 305 3
9 306 7
9 307 2
9 308 5
9 310 7
9 311 5
9 316 4
9 317 2
9 320 10
9 321 9
9 322 9
9 324 3
9 325 8
9 326 1
9 327 9
9 328 2
9 329 10
9 331 3
9 333 8
9 335 10
9 338 1
9 339 8
9 340 8
9 343 2
9 345 1
9 346 9
9 348 8
9 349 4
10 15 7
10 17 5
10 19 4
10 20 2
10 24 7
10 25 3
10 26 8
10 27 1
10 31 2
10 33 6
10 34 10
10 35 3
10 36 8
10 37 10
10 45 7
10 48 4
10 50 3
10 51 2
10 53 9
10 57 1
10 59 8
10 63 4
10 64 4
10 65 10
10 67 2
10 68 1
10 70 4
10 71 6
10 72 5
10 74 9
10 76 2
10 77 7
10 78 3
10 80 9
10 81 5
10 83 7
10 84 2
10 87 1
10 89 3
10 92 2
10 93 7
10 94 3
10 95 5
10 98 1
10 101 2
10 103 7
10 104 3
10 107 6
10 110 2
10 111 1
10 112 2
10 115 7
10 117 9
10 119 5
10 120 9
10 123 3
10 124 7
10 129 4
10 132 10
10 133 2
10 135 7
10 138 4
10 141 8
10 144 4
10 145 1
10 149 3
10 153 3
10 156 5
10 157 9
10 158 7
10 161 3
10 167 1
10 169 6
10 170 8
10 177 1
10 178 7
10 179 2
10 180 4
10 183 4
10 186 2
10 190 10
10 191 8
10 193 7
10 195 8
10 196 5
10 197 2
10 200 10
10 202 10
10 204 9
10 210 7
10 213 10
10 216 7
10 219 6
10 221 5
10 222 4
10 235 2
10 236 8
10 238 4
10 239 8
10 241 2
10 242 8
10 244 4
10 246 8
10 247 9
10 249 8
10 250 8
10 251 6
10 252 7
10 256 5
10 258 10
10 260 1
10 261 8
10 262 6
10 263 9
10 265 2
10 267 5
10 268 9
10 269 6
10 270 10
10 271 3
10 272 7
10 278 8
10 280 6
10 286 3
10 289 8
10 291 6
10 294 3
10 296 4
10 297 6
10 299 4
10 302 6
10 305 6
10 306 4
10 310 1
10 311 10
10 319 3
10 320 10
10 321 2
10 322 1
10 323 6
10 327 9
10 328 5
10 329 5
10 331 7
10 332 7
10 340 5
10 342 7
10 344 2
10 345 1
10 347 9
10 348 5
11 12 8
11 14 6
11 15 8
11 19 5
11 24 4
11 28 4
11 29 3
11 33 4
11 36 1
11 37 3
11 40 9
11 41 2
11 43 7
11 44 9
11 50 6
11 52 8
11 53 4
11 54 2
11 56 7
11 57 1
11 58 6
11 60 5
11 63 6
11 64 3
11 66 2
11 69 10
11 70 4
11 71 5
11 72 2
11 73 6
11 74 7
11 76 8
11 78 3
11 81 10
11 82 2
11 83 1
11 85 7
11 89 3
11 91 7
11 93 10
11 94 9
11 95 10
11 97 1
11 99 1
11 105 4
11 107 6
11 108 2
11 111 1
11 112 10
11 114 10
11 120 10
11 122 6
11 123 6
11 128 5
11 129 2
11 130 1
11 131 5
11 132 2
11 133 10
11 134 2
11 135 3
11 137 10
11 138 9
11 139 4
11 140 7
11 142 4
11 147 1
11 149 8
11 151 2
11 155 10
11 158 6
11 160 10
11 161 1
11 164 2
11 165 1
11 166 9
11 168 1
11 169 9
11 170 8
11 172 10
11 173 8
11 176 4
11 177 1
11 178 3
11 179 1
11 181 6
11 182 10
11 184 5
11 186 2
11 188 5
11 189 6
11 190 7
11 194 5
11 197 10
11 198 6
11 199 3
11 202 7
11 207 5
11 209 8
11 211 5
11 212 1
11 214 1
11 215 5
11 216 4
11 217 8
11 220 7
11 221 9
11 222 2
11 223 8
11 225 1
11 228 5
11 229 10
11 230 2
11 237 10
11 238 2
11 240 2
11 243 8
11 248 3
11 249 2
11 250 4
11 251 10
11 253 4
11 255 8
11 256 3
11 260 8
11 261 10
11 264 8
11 265 5
11 266 5
11 268 3
11 270 8
11 271 5
11 272 8
11 275 7
11 277 6
11 278 5
11 280 2
11 281 7
11 282 6
11 288 6
11 290 4
11 291 9
11 292 9
11 293 2
11 297 7
11 299 8
11 300 9
11 301 10
11 303 9
11 304 2
11 305 3
11 306 4
11 307 8
11 308 4
11 317 5
11 318 1
11 321 7
11 322 10
11 325 1
11 326 1
11 327 7
11 328 8
11 329 5
11 330 3
11 333 6
11 334 1
11 338 8
11 339 9
11 340 7
11 343 2
11 345 8
11 347 8
12 13 2
12 14 7
12 15 4
12 16 3
12 17 6
12 30 1
12 31 8
12 33 9
12 34 3
12 35 4
12 39 6
12 40 5
12 43 9
12 45 1
12 46 3
12 49 10
12 51 5
12 52 5
12 54 10
12 58 6
12 59 10
12 62 1
12 63 6
12 64 5
12 66 2
12 67 10
12 74 7
12 75 1
12 77 9
12 81 5
12 84 2
12 85 8
12 87 9
12 89 2
12 92 7
12 94 8
12 97 3
12 99 1
12 100 2
12 102 8
12 104 10
12 106 5
12 107 6
12 109 2
12 110 5
12 111 6
12 113 1
12 115 10
12 116 5
12 117 3
12 119 2
12 120 10
12 121 10
12 122 4
12 123 7
12 124 1
12 125 9
12 127 3
12 129 8
12 130 8
12 136 9
12 139 1
12 141 7
12 143 6
12 145 7
12 146 10
12 147 2
12 150 2
12 151 6
12 152 10
12 155 1
12 158 8
12 160 4
12 162 5
12 165 6
12 166 5
12 168 10
12 169 8
12 171 9
12 175 4
12 176 3
12 177 2
12 178 6
12 179 1
12 180 6
12 182 5
12 183 1
12 185 10
12 188 5
12 189 2
12 190 8
12 195 6
12 196 2
12 197 6
12 198 3
12 201 7
12 202 6
12 204 9
12 205 4
12 206 3
12 209 6
12 210 7
12 211 1
12 213 1
12 215 3
12 218 3
12 219 6
12 222 4
12 223 8
12 226 7
12 233 8
12 234 8
12 237 5
12 238 2
12 239 3
12 240 8
12 241 9
12 244 9
12 245 10
12 246 9
12 249 9
12 250 2
12 251 2
12 252 1
12 253 2
12 254 5
12 255 1
12 256 9
12 258 10
12 259 4
12 261 4
12 262 5
12 263 5
12 264 6
12 265 1
12 270 2
12 273 4
12 275 9
12 276 2
12 279 4
12 281 10
12 282 4
12 283 8
12 285 1
12 286 1
12 287 1
12 290 3
12 291 6
12 292 3
12 293 8
12 294 9
12 297 5
12 299 9
12 302 6
12 304 5
12 305 1
12 306 5
12 310 6
12 312 5
12 314 9
12 316 2
12 317 10
12 321 8
12 323 6
12 324 6
12 326 4
12 329 3
12 331 8
12 334 2
12 335 4
12 337 2
12 338 8
12 339 6
12 340 10
12 342 2
12 343 9
12 345 5
12 347 5
12 348 3
12 349 9
13 14 10
13 19 1
13 23 8
13 24 9
13 29 8
13 30 8
13 32 1
13 33 8
13 35 8
13 36 5
13 37 5
13 39 2
13 40 3
13 41 3
13 43 10
13 47 9
13 48 3
13 49 6
13 50 10
13 51 5
13 52 4
13 54 6
13 55 5
13 56 6
13 59 6
13 63 4
13 65 3
13 68 1
13 70 10
13 72 8
13 74 4
13 76 5
13 77 1
13 78 4
13 84 1
13 85 10
13 87 1
13 89 3
13 90 7
13 92 6
13 94 5
13 97 1
13 98 8
13 101 3
13 102 9
13 103 10
13 104 4
13 107 8
13 110 6
13 112 9
13 114 1
13 116 5
13 117 5
13 119 1
13 120 9
13 123 9
13 124 5
13 125 2
13 126 4
13 127 3
13 129 10
13 130 8
13 131 3
13 133 6
13 134 1
13 136 3
13 140 10
13 143 8
13 145 7
13 146 6
13 152 10
13 153 2
13 154 9
13 156 1
13 159 9
13 163 4
13 164 1
13 165 4
13 166 4
13 167 7
13 169 5
13 171 4
13 172 10
13 177 3
13 183 4
13 186 7
13 187 4
13 189 2
13 191 10
13 194 1
13 197 6
13 199 6
13 200 7
13 201 3
13 203 6
13 205 4
13 206 9
13 208 1
13 209 5
13 212 2
13 213 8
13 214 9
13 215 5
13 216 8
13 218 10
13 219 4
13 220 4
13 223 5
13 224 10
13 226 9
13 228 2
13 231 10
13 232 9
13 234 4
13 236 7
13 238 6
13 239 8
13 240 6
13 242 3
13 243 8
13 247 9
13 248 6
13 249 10
13 251 8
13 252 10
13 255 8
13 256 2
13 261 3
13 263 3
13 264 8
13 265 7
13 266 5
13 268 1
13 270 10
13 271 2
13 273 8
13 275 1
13 278 6
13 279 8
13 280 6
13 283 9
13 285 7
13 286 10
13 287 9
13 291 2
13 294 8
13 295 7
13 297 6
13 298 2
13 301 9
13 303 4
13 305 7
13 306 10
13 308 5
13 309 8
13 310 4
13 311 7
13 312 8
13 314 8
13 322 6
13 324 6
13 325 5
13 328 2
13 329 9
13 333 2
13 334 3
13 335 6
13 338 10
13 340 9
13 341 7
13 345 2
13 348 9
14 16 8
14 19 7
14 22 4
14 23 5
14 28 4
14 29 5
14 30 2
14 34 2
14 36 3
14 37 2
14 40 1
14 42 10
14 43 4
14 45 7
14 47 4
14 51 8
14 53 1
14 54 6
14 55 4
14 56 10
14 58 10
14 59 3
14 60 6
14 64 7
14 68 10
14 69 4
14 70 8
14 71 9
14 72 8
14 73 5
14 75 3
14 76 5
14 84 1
14 86 9
14 89 4
14 94 9
14 95 7
14 96 2
14 97 9
14 99 3
14 100 8
14 102 10
14 104 2
14 106 9
14 108 10
14 112 1
14 113 5
14 114 9
14 115 4
14 118 7
14 119 6
14 120 5
14 125 10
14 126 8
14 127 3
14 128 1
14 130 9
14 134 4
14 135 4
14 140 5
14 142 4
14 144 5
14 145 5
14 147 1
14 149 5
14 150 5
14 151 2
14 153 4
14 154 9
14 157 8
14 159 6
14 161 9
14 162 2
14 163 8
14 165 1
14 170 10
14 171 2
14 173 8
14 177 4
14 179 10
14 180 9
14 181 4
14 187 7
14 188 5
14 191 2
14 192 4
14 193 8
14 194 8
14 195 4
14 196 1
14 198 8
14 199 2
14 201 8
14 206 1
14 210 2
14 214 8
14 216 8
14 219 5
14 220 10
14 224 1
14 225 5
14 229 4
14 230 4
14 232 5
14 236 3
14 237 9
14 240 9
14 241 8
14 242 4
14 244 6
14 246 2
14 247 6
14 249 3
14 252 10
14 253 3
14 254 1
14 255 5
14 260 2
14 264 7
14 266 9
14 269 8
14 271 7
14 273 7
14 277 3
14 279 8
14 280 4
14 285 10
14 290 10
14 291 10
14 292 10
14 293 2
14 294 5
14 295 4
14 297 8
14 298 2
14 299 6
14 303 10
14 304 9
14 305 3
14 307 8
14 312 4
14 317 2
14 319 1
14 322 8
14 326 5
14 327 8
14 328 10
14 331 7
14 333 3
14 335 5
14 336 3
14 337 3
14 338 8
14 339 2
14 340 3
14 341 10
14 342 1
14 343 10
14 346 3
14 347 7
14 348 5
14 349 10
15 17 5
15 18 10
15 19 3
15 21 5
15 22 1
15 23 7
15 24 6
15 26 2
15 27 5
15 28 3
15 29 6
15 35 8
15 42 2
15 43 9
15 46 9
15 47 6
15 50 7
15 51 5
15 52 7
15 56 8
15 61 2
15 62 2
15 63 10
15 64 5
15 65 5
15 66 5
15 69 4
15 70 10
15 73 10
15 77 5
15 78 1
15 82 2
15 83 6
15 87 3
15 90 2
15 92 9
15 95 2
15 97 4
15 100 5
15 102 4
15 103 3
15 106 6
15 107 1
15 109 7
15 114 10
15 115 9
15 116 8
15 118 6
15 120 2
15 122 8
15 125 4
15 127 6
15 129 4
15 130 4
15 131 1
15 133 6
15 134 9
15 135 3
15 136 10
15 138 4
15 141 6
15 144 2
15 146 10
15 147 4
15 148 9
15 149 6
15 152 5
15 153 9
15 154 6
15 157 9
15 160 8
15 161 6
15 162 9
15 164 4
15 165 10
15 167 4
15 169 8
15 170 2
15 173 9
15 174 8
15 177 8
15 178 4
15 179 4
15 183 7
15 185 6
15 187 6
15 191 3
15 192 8
15 194 10
15 199 2
15 200 1
15 202 1
15 203 2
15 206 2
15 209 2
15 210 3
15 211 9
15 213 1
15 215 1
15 217 2
15 220 7
15 221 4
15 226 4
15 227 8
15 228 9
15 229 2
15 233 9
15 234 6
15 237 3
15 238 6
15 239 7
15 241 4
15 242 1
15 243 1
15 245 5
15 246 7
15 248 9
15 250 10
15 253 6
15 254 4
15 255 10
15 257 9
15 258 6
15 261 6
15 262 6
15 264 8
15 266 5
15 269 7
15 270 8
15 271 2
15 272 5
15 276 9
15 278 3
15 279 10
15 281 8
15 283 8
15 287 3
15 291 4
15 294 2
15 295 3
15 296 9
15 298 9
15 303 2
15 304 6
15 306 2
15 310 5
15 311 1
15 312 1
15 313 3
15 314 1
15 315 10
15 316 7
15 317 6
15 318 3
15 325 10
15 327 8
15 334 4
15 335 4
15 339 5
15 340 5
15 343 7
15 344 3
15 345 9
15 347 3
15 348 10
15 349 4
16 18 3
16 19 10
16 20 5
16 23 4
16 24 10
16 25 3
16 27 2
16 31 2
16 32 10
16 34 8
16 35 10
16 37 10
16 41 5
16 47 1
16 48 8
16 53 2
16 56 7
16 59 8
16 61 2
16 64 8
16 67 6
16 68 3
16 71 1
16 72 3
16 73 8
16 74 9
16 78 10
16 79 9
16 82 8
16 83 6
16 86 2
16 87 1
16 89 3
16 92 2
16 94 7
16 95 5
16 97 7
16 98 9
16 101 8
16 104 7
16 107 8
16 108 9
16 110 5
16 112 4
16 114 9
16 115 5
16 116 7
16 117 10
16 119 2
16 120 7
16 123 3
16 124 9
16 126 5
16 128 5
16 132 2
16 135 7
16 140 4
16 141 2
16 142 1
16 143 10
16 146 8
16 148 10
16 149 9
16 153 8
16 154 8
16 155 7
16 156 6
16 157 10
16 160 5
16 164 10
16 167 7
16 170 10
16 171 1
16 172 3
16 176 6
16 177 5
16 178 10
16 179 6
16 181 3
16 182 7
16 185 1
16 188 1
16 189 10
16 193 1
16 194 10
16 196 10
16 198 3
16 199 7
16 200 7
16 203 9
16 206 9
16 208 8
16 209 6
16 213 10
16 214 5
16 216 1
16 218 3
16 219 6
16 222 8
16 223 10
16 224 9
16 225 8
16 227 5
16 229 2
16 230 3
16 231 8
16 235 9
16 236 1
16 238 2
16 239 6
16 241 7
16 242 10
16 243 6
16 249 6
16 252 1
16 254 1
16 258 8
16 261 7
16 262 6
16 266 6
16 268 2
16 270 5
16 271 5
16 273 6
16 275 9
16 278 3
16 279 2
16 281 6
16 284 10
16 285 7
16 287 3
16 288 6
16 289 4
16 293 10
16 294 6
16 297 10
16 299 4
16 300 3
16 303 3
16 305 3
16 306 3
16 307 3
16 308 4
16 313 1
16 316 9
16 320 5
16 321 6
16 323 7
16 324 2
16 326 1
16 328 3
16 330 10
16 331 8
16 332 3
16 336 1
16 338 2
16 339 10
16 340 9
16 342 3
16 343 3
16 344 10
16 345 10
16 347 5
17 19 5
17 25 8
17 27 3
17 28 5
17 30 10
17 32 1
17 33 8
17 35 5
17 39 6
17 42 10
17 43 1
17 44 1
17 46 2
17 47 6
17 49 4
17 52 5
17 53 2
17 55 8
17 59 3
17 60 1
17 61 5
17 63 5
17 64 3
17 65 3
17 68 9
17 69 5
17 70 10
17 71 4
17 74 1
17 79 4
17 80 1
17 81 8
17 82 3
17 83 10
17 84 5
17 85 1
17 87 10
17 88 3
17 89 8
17 90 3
17 92 6
17 93 2
17 95 5
17 96 4
17 97 10
17 98 6
17 99 4
17 100 5
17 103 3
17 105 1
17 106 2
17 110 4
17 113 9
17 117 9
17 119 3
17 120 5
17 122 10
17 123 3
17 124 3
17 127 2
17 129 5
17 130 8
17 132 8
17 134 9
17 136 10
17 137 7
17 141 3
17 142 7
17 144 1
17 145 1
17 146 5
17 147 3
17 150 7
17 152 5
17 155 1
17 158 1
17 160 2
17 162 6
17 163 5
17 164 8
17 167 1
17 170 10
17 171 9
17 173 3
17 177 10
17 178 6
17 179 8
17 181 2
17 184 6
17 186 1
17 187 9
17 188 10
17 189 7
17 192 3
17 195 5
17 196 3
17 198 4
17 199 7
17 200 9
17 202 4
17 208 2
17 210 4
17 214 9
17 215 9
17 216 10
17 218 10
17 219 2
17 220 5
17 221 4
17 223 3
17 224 3
17 229 1
17 230 10
17 236 10
17 239 9
17 242 7
17 244 7
17 245 9
17 246 8
17 248 6
17 249 5
17 250 2
17 251 8
17 259 8
17 260 3
17 261 7
17 264 4
17 265 7
17 266 1
17 271 1
17 273 6
17 275 9
17 277 9
17 278 6
17 279 8
17 280 1
17 281 2
17 284 9
17 287 7
17 288 5
17 291 7
17 292 8
17 293 4
17 294 10
17 299 10
17 301 1
17 302 5
17 303 4
17 307 9
17 308 5
17 311 5
17 313 6
17 315 2
17 316 6
17 317 10
17 318 3
17 322 6
17 323 3
17 326 4
17 328 10
17 330 5
17 331 4
17 332 9
17 333 4
17 334 10
17 335 8
17 337 8
17 338 1
17 339 3
17 343 2
17 344 1
17 345 2
17 346 6
17 348 9
18 19 8
18 21 6
18 23 5
18 24 7
18 26 2
18 28 9
18 30 4
18 31 10
18 32 7
18 34 9
18 35 1
18 36 6
18 38 4
18 41 10
18 43 2
18 46 10
18 49 6
18 52 1
18 55 5
18 56 9
18 58 6
18 59 1
18 60 5
18 62 2
18 63 7
18 64 5
18 66 8
18 67 8
18 68 10
18 69 1
18 72 6
18 74 9
18 76 7
18 77 3
18 81 10
18 83 8
18 84 5
18 85 10
18 89 6
18 90 3
18 92 10
18 93 6
18 94 5
18 95 7
18 96 3
18 99 6
18 101 6
18 102 3
18 104 8
18 105 3
18 110 1
18 113 6
18 114 9
18 117 5
18 119 6
18 120 5
18 121 2
18 123 7
18 125 1
18 127 8
18 128 7
18 129 2
18 130 10
18 131 7
18 133 8
18 137 2
18 138 6
18 139 6
18 140 4
18 141 1
18 142 5
18 146 5
18 150 7
18 151 10
18 154 10
18 156 7
18 159 8
18 161 10
18 162 9
18 163 1
18 168 6
18 169 6
18 171 10
18 172 2
18 174 9
18 176 6
18 177 4
18 178 3
18 180 5
18 181 6
18 184 9
18 186 3
18 188 10
18 189 9
18 191 3
18 193 2
18 194 7
18 198 7
18 201 9
18 206 3
18 210 3
18 211 1
18 212 4
18 214 8
18 215 8
18 216 4
18 218 2
18 219 7
18 220 10
18 223 10
18 225 2
18 226 3
18 227 9
18 228 4
18 230 9
18 232 10
18 234 6
18 235 3
18 236 2
18 237 1
18 240 2
18 243 6
18 244 6
18 246 9
18 250 4
18 251 3
18 253 9
18 256 1
18 257 2
18 264 6
18 266 1
18 267 2
18 269 2
18 271 2
18 273 4
18 274 2
18 275 1
18 276 2
18 278 4
18 279 4
18 281 1
18 282 1
18 284 3
18 285 8
18 290 10
18 293 3
18 301 8
18 303 5
18 305 6
18 307 10
18 310 2
18 312 1
18 314 3
18 315 2
18 317 7
18 318 4
18 324 1
18 325 3
18 329 4
18 330 7
18 338 7
18 342 9
18 343 9
18 344 10
18 348 7
18 349 10
19 21 7
19 22 9
19 23 8
19 31 2
19 32 9
19 34 3
19 38 5
19 39 7
19 40 10
19 44 2
19 51 3
19 53 5
19 54 2
19 55 9
19 56 2
19 57 6
19 58 10
19 60 10
19 62 10
19 64 10
19 66 10
19 68 6
19 71 6
19 72 7
19 73 2
19 77 7
19 79 6
19 80 3
19 81 7
19 82 8
19 83 1
19 86 9
19 88 3
19 89 8
19 90 8
19 91 10
19 97 6
19 98 9
19 99 10
19 100 3
19 101 10
19 108 8
19 109 9
19 111 6
19 112 2
19 113 7
19 117 6
19 121 9
19 122 5
19 124 4
19 125 2
19 126 7
19 127 4
19 132 10
19 136 8
19 137 6
19 139 7
19 142 9
19 146 9
19 147 2
19 148 1
19 149 5
19 150 1
19 152 2
19 155 4
19 156 1
19 158 4
19 159 7
19 162 10
19 163 9
19 165 4
19 166 2
19 168 9
19 175 4
19 176 8
19 180 1
19 183 3
19 187 6
19 188 4
19 191 2
19 194 1
19 198 3
19 203 8
19 204 6
19 206 9
19 207 9
19 208 7
19 210 3
19 211 4
19 212 7
19 215 3
19 217 10
19 219 5
19 222 2
19 223 10
19 224 1
19 226 2
19 228 4
19 232 8
19 234 5
19 236 7
19 240 10
19 241 2
19 242 10
19 243 4
19 244 3
19 245 3
19 247 3
19 248 3
19 251 3
19 252 5
19 254 8
19 255 4
19 256 9
19 260 2
19 261 10
19 262 4
19 263 5
19 264 7
19 265 5
19 266 5
19 269 8
19 270 7
19 271 9
19 273 5
19 275 10
19 276 3
19 277 6
19 278 2
19 280 1
19 282 5
19 285 6
19 288 5
19 289 4
19 293 2
19 295 8
19 296 1
19 297 2
19 298 1
19 303 3
19 306 6
19 309 1
19 310 7
19 311 6
19 312 1
19 313 1
19 314 5
19 317 3
19 320 9
19 323 1
19 324 4
19 325 2
19 326 7
19 327 9
19 328 10
19 329 7
19 332 2
19 335 7
19 338 1
19 339 9
19 347 2
19 348 2
19 349 8
20 25 5
20 28 2
20 29 4
20 30 3
20 32 9
20 33 8
20 34 10
20 36 3
20 38 10
20 39 8
20 40 7
20 41 5
20 42 5
20 43 7
20 45 8
20 49 10
20 50 4
20 60 1
20 63 6
20 64 5
20 66 9
20 67 6
20 69 10
20 70 9
20 71 6
20 72 8
20 74 4
20 75 1
20 78 8
20 79 8
20 80 3
20 82 9
20 83 2
20 84 6
20 85 2
20 86 5
20 87 8
20 89 1
20 90 9
20 96 1
20 97 2
20 99 3
20 100 1
20 105 3
20 106 7
20 110 9
20 111 10
20 112 10
20 115 10
20 117 5
20 118 3
20 120 1
20 121 4
20 123 5
20 125 7
20 127 9
20 128 4
20 130 6
20 132 9
20 134 10
20 135 5
20 137 3
20 138 7
20 139 7
20 142 9
20 143 6
20 144 4
20 145 1
20 148 4
20 149 10
20 151 3
20 152 3
20 157 3
20 162 7
20 163 5
20 166 8
20 169 4
20 170 5
20 174 7
20 175 5
20 182 5
20 183 9
20 184 1
20 185 8
20 186 9
20 189 1
20 191 8
20 192 5
20 196 6
20 197 9
20 200 3
20 204 10
20 205 1
20 206 3
20 208 6
20 209 9
20 211 10
20 212 10
20 214 8
20 223 1
20 224 4
20 230 3
20 231 4
20 234 2
20 235 2
20 238 2
20 239 1
20 241 5
20 242 10
20 243 4
20 247 1
20 248 10
20 249 5
20 250 1
20 251 3
20 253 5
20 256 10
20 257 1
20 259 10
20 262 5
20 263 5
20 264 9
20 267 9
20 270 7
20 271 6
20 273 10
20 274 9
20 275 4
20 277 1
20 278 10
20 280 5
20 282 9
20 285 9
20 287 2
20 288 4
20 289 6
20 291 8
20 296 10
20 301 1
20 302 6
20 303 6
20 305 4
20 308 6
20 309 4
20 310 3
20 322 10
20 324 1
20 327 10
20 329 4
20 330 6
20 332 10
20 334 4
20 335 7
20 337 4
20 340 1
20 343 8
20 344 2
20 346 4
20 347 7
20 348 9
21 22 8
21 23 10
21 24 9
21 25 8
21 26 9
21 27 2
21 28 4
21 29 7
21 30 6
21 31 8
21 32 7
21 34 9
21 35 4
21 36 9
21 37 9
21 38 1
21 39 3
21 40 5
21 41 2
21 43 7
21 44 6
21 47 2
21 49 5
21 50 10
21 51 4
21 52 6
21 53 2
21 54 4
21 55 7
21 56 7
21 58 4
21 61 10
21 64 3
21 65 3
21 66 10
21 68 9
21 70 4
21 74 7
21 76 10
21 77 5
21 78 5
21 80 9
21 82 3
21 84 10
21 87 3
21 88 7
21 92 2
21 95 3
21 96 2
21 97 6
21 98 9
21 100 5
21 101 8
21 104 8
21 106 6
21 107 9
21 109 4
21 110 4
21 112 9
21 113 8
21 115 9
21 118 9
21 119 1
21 122 2
21 129 10
21 130 3
21 134 9
21 137 8
21 138 10
21 141 6
21 142 7
21 144 1
21 145 6
21 146 2
21 147 9
21 149 5
21 150 4
21 152 2
21 154 10
21 155 2
21 156 9
21 157 4
21 160 3
21 161 10
21 163 2
21 166 7
21 172 7
21 173 9
21 174 1
21 175 7
21 177 8
21 180 10
21 185 8
21 187 8
21 191 4
21 193 5
21 195 10
21 197 7
21 198 4
21 201 7
21 202 5
21 203 3
21 204 9
21 205 2
21 206 6
21 207 9
21 209 6
21 212 8
21 213 3
21 214 1
21 215 6
21 216 8
21 218 5
21 219 8
21 223 4
21 224 1
21 225 1
21 226 10
21 227 1
21 228 4
21 229 5
21 237 5
21 238 7
21 239 4
21 240 1
21 242 8
21 243 4
21 245 1
21 246 10
21 248 3
21 251 9
21 252 3
21 253 1
21 255 6
21 258 1
21 259 8
21 263 4
21 266 6
21 267 10
21 268 2
21 269 5
21 271 5
21 273 2
21 276 7
21 277 1
21 279 5
21 280 2
21 282 9
21 283 3
21 284 9
21 287 4
21 290 2
21 291 3
21 292 2
21 293 8
21 294 1
21 297 5
21 301 7
21 302 9
21 303 4
21 306 10
21 311 7
21 315 10
21 316 9
21 317 6
21 319 2
21 320 5
21 321 1
21 322 1
21 323 2
21 325 7
21 328 7
21 330 5
21 331 1
21 333 10
21 334 9
21 335 3
21 336 10
21 337 9
21 338 7
21 341 3
21 342 5
21 343 9
21 344 5
21 347 1
21 349 10
22 23 9
22 26 6
22 28 6
22 30 6
22 32 8
22 33 1
22 41 7
22 42 8
22 45 1
22 46 5
22 47 1
22 50 2
22 51 7
22 53 5
22 56 9
22 57 6
22 63 4
22 64 3
22 65 5
22 67 6
22 72 2
22 73 6
22 74 10
22 75 1
22 78 1
22 79 1
22 80 9
22 83 10
22 84 5
22 85 4
22 87 3
22 88 3
22 92 4
22 94 6
22 95 3
22 96 9
22 97 8
22 99 8
22 101 2
22 102 4
22 103 1
22 105 2
22 106 7
22 107 10
22 108 7
22 110 7
22 111 2
22 117 2
22 118 10
22 119 6
22 120 2
22 121 5
22 122 5
22 123 1
22 126 10
22 133 4
22 134 1
22 137 10
22 138 4
22 141 1
22 144 10
22 145 7
22 146 8
22 148 6
22 153 10
22 155 2
22 156 10
22 159 10
22 160 3
22 162 8
22 164 1
22 166 4
22 169 1
22 170 10
22 172 3
22 175 2
22 176 7
22 179 7
22 181 3
22 187 8
22 188 1
22 190 5
22 191 2
22 193 4
22 195 3
22 196 8
22 198 5
22 200 2
22 201 4
22 202 4
22 204 6
22 205 3
22 207 2
22 208 5
22 210 5
22 212 6
22 213 7
22 214 4
22 216 1
22 217 6
22 220 1
22 221 3
22 222 6
22 224 5
22 230 5
22 231 3
22 232 5
22 233 9
22 234 4
22 239 8
22 242 1
22 244 7
22 247 3
22 250 4
22 251 9
22 254 7
22 256 8
22 258 5
22 260 4
22 262 7
22 264 5
22 268 3
22 269 5
22 273 3
22 274 6
22 276 1
22 277 4
22 278 4
22 280 6
22 281 8
22 284 8
22 287 6
22 288 2
22 289 4
22 291 9
22 293 10
22 294 7
22 296 2
22 298 1
22 301 5
22 302 7
22 303 9
22 304 2
22 306 6
22 307 8
22 310 7
22 311 10
22 312 4
22 313 7
22 315 10
22 322 6
22 323 7
22 324 7
22 325 8
22 329 7
22 330 2
22 331 6
22 332 6
22 334 10
22 335 1
22 337 10
22 341 1
22 342 10
22 343 9
22 344 10
22 345 6
22 347 9
22 348 10
23 25 1
23 26 4
23 27 4
23 28 8
23 29 3
23 30 10
23 31 6
23 32 7
23 33 6
23 36 5
23 37 2
23 38 8
23 39 9
23 42 9
23 46 5
23 54 5
23 57 3
23 59 2
23 60 10
23 63 7
23 65 8
23 68 1
23 71 1
23 75 6
23 76 8
23 77 4
23 78 8
23 79 8
23 80 5
23 85 6
23 86 3
23 92 1
23 93 8
23 95 3
23 96 7
23 100 8
23 104 8
23 105 6
23 106 5
23 107 8
23 109 3
23 110 8
23 112 8
23 113 4
23 114 1
23 118 6
23 119 10
23 121 4
23 123 5
23 124 6
23 125 4
23 126 2
23 127 10
23 129 4
23 131 9
23 133 10
23 134 6
23 135 8
23 141 2
23 142 6
23 147 6
23 149 5
23 150 4
23 151 4
23 152 2
23 154 6
23 155 4
23 156 4
23 157 8
23 158 5
23 159 2
23 162 5
23 166 1
23 167 10
23 170 6
23 171 10
23 173 3
23 175 10
23 176 7
23 177 2
23 181 10
23 187 5
23 188 9
23 194 9
23 195 8
23 197 3
23 201 4
23 205 1
23 209 10
23 210 8
23 212 2
23 213 8
23 216 9
23 217 8
23 218 6
23 221 3
23 224 2
23 225 10
23 228 5
23 229 8
23 232 5
23 233 7
23 238 1
23 239 2
23 241 6
23 242 7
23 244 9
23 246 6
23 247 7
23 248 9
23 250 8
23 252 2
23 256 1
23 257 3
23 258 4
23 259 5
23 260 1
23 262 1
23 264 6
23 265 9
23 267 8
23 270 1
23 272 10
23 277 9
23 278 2
23 279 1
23 280 4
23 286 1
23 287 4
23 288 8
23 289 9
23 290 9
23 291 4
23 295 9
23 298 3
23 301 9
23 304 4
23 305 3
23 306 7
23 310 5
23 311 4
23 312 10
23 314 8
23 315 2
23 317 1
23 319 5
23 320 9
23 327 1
23 328 5
23 329 6
23 334 3
23 336 2
23 340 2
23 341 4
23 342 3
23 344 2
23 345 8
23 348 4
23 349 8
24 26 1
24 30 4
24 31 4
24 32 3
24 34 8
24 35 5
24 38 8
24 45 1
24 48 3
24 53 7
24 54 8
24 55 2
24 56 2
24 60 4
24 61 8
24 65 10
24 66 4
24 70 5
24 71 7
24 76 10
24 77 8
24 79 7
24 80 3
24 83 3
24 84 5
24 86 1
24 91 6
24 93 4
24 96 6
24 98 6
24 100 3
24 102 6
24 104 10
24 108 4
24 110 9
24 111 6
24 112 4
24 118 6
24 122 2
24 124 2
24 126 3
24 128 9
24 129 2
24 135 2
24 136 7
24 137 1
24 139 9
24 140 3
24 141 6
24 144 7
24 149 1
24 151 3
24 154 1
24 156 3
24 157 10
24 163 7
24 164 9
24 165 9
24 166 8
24 170 2
24 177 10
24 179 9
24 180 6
24 181 2
24 182 1
24 185 9
24 188 4
24 191 8
24 192 6
24 194 5
24 196 10
24 197 6
24 200 2
24 202 3
24 206 2
24 211 10
24 215 7
24 217 8
24 220 1
24 221 5
24 222 10
24 223 9
24 226 6
24 229 9
24 231 7
24 233 3
24 234 2
24 239 5
24 244 8
24 246 2
24 247 5
24 249 2
24 250 2
24 251 3
24 255 6
24 256 4
24 257 10
24 259 1
24 260 4
24 261 3
24 263 2
24 264 2
24 265 3
24 266 10
24 269 2
24 273 5
24 274 3
24 278 3
24 279 3
24 281 4
24 282 9
24 284 7
24 285 6
24 286 4
24 288 2
24 290 10
24 291 8
24 292 4
24 294 5
24 295 4
24 296 5
24 298 10
24 299 3
24 301 2
24 303 5
24 305 1
24 312 1
24 314 2
24 315 1
24 321 5
24 322 2
24 323 6
24 325 1
24 326 7
24 327 9
24 329 1
24 333 7
24 336 2
24 340 9
24 341 7
24 345 10
24 348 10
24 349 7
25 26 2
25 27 4
25 30 10
25 31 6
25 34 2
25 37 10
25 40 2
25 45 1
25 52 4
25 64 8
25 65 4
25 69 1
25 70 2
25 71 10
25 72 10
25 74 9
25 77 2
25 78 1
25 79 4
25 80 5
25 83 4
25 84 1
25 88 5
25 89 9
25 91 5
25 92 1
25 94 9
25 95 9
25 96 3
25 98 4
25 99 1
25 100 3
25 101 9
25 102 4
25 104 3
25 105 9
25 106 1
25 107 2
25 109 7
25 110 6
25 111 6
25 112 10
25 113 7
25 115 4
25 116 5
25 118 1
25 119 8
25 120 8
25 121 4
25 123 5
25 124 1
25 125 8
25 126 8
25 129 9
25 130 2
25 131 3
25 133 2
25 134 6
25 138 8
25 144 4
25 145 9
25 146 4
25 147 4
25 148 3
25 151 9
25 153 10
25 156 5
25 157 10
25 158 1
25 160 2
25 161 7
25 163 9
25 167 10
25 169 8
25 174 3
25 178 10
25 179 1
25 180 3
25 183 4
25 185 4
25 186 6
25 187 8
25 188 9
25 190 5
25 191 3
25 192 7
25 195 7
25 196 8
25 197 4
25 198 5
25 199 5
25 200 6
25 201 1
25 202 7
25 203 5
25 205 5
25 206 3
25 208 10
25 209 7
25 211 9
25 212 4
25 213 8
25 214 7
25 217 5
25 219 7
25 222 8
25 224 10
25 225 3
25 227 2
25 229 5
25 233 8
25 236 1
25 238 8
25 241 6
25 243 10
25 244 4
25 246 7
25 252 8
25 255 2
25 256 7
25 259 4
25 262 4
25 263 6
25 268 5
25 272 1
25 274 3
25 276 10
25 277 1
25 278 6
25 279 5
25 280 1
25 284 7
25 287 10
25 288 9
25 291 7
25 292 5
25 293 3
25 294 4
25 295 10
25 298 8
25 301 2
25 304 8
25 305 8
25 307 7
25 308 2
25 312 1
25 314 8
25 315 2
25 318 6
25 320 9
25 326 7
25 328 10
25 334 6
25 335 6
25 339 4
25 340 3
25 342 10
25 344 7
25 345 9
25 346 8
25 348 7
25 349 1
26 29 10
26 30 1
26 31 8
26 32 5
26 34 1
26 35 5
26 36 6
26 39 5
26 44 1
26 45 9
26 49 7
26 50 3
26 51 1
26 52 7
26 54 4
26 57 4
26 59 10
26 61 8
26 62 10
26 64 1
26 65 8
26 66 3
26 67 1
26 68 2
26 71 10
26 73 2
26 74 6
26 77 1
26 79 9
26 80 3
26 81 4
26 83 1
26 85 9
26 88 3
26 89 2
26 90 7
26 91 2
26 93 4
26 95 5
26 100 3
26 104 10
26 106 10
26 108 9
26 109 6
26 115 7
26 116 3
26 118 7
26 120 6
26 121 5
26 124 7
26 125 6
26 128 9
26 129 8
26 131 1
26 132 8
26 133 10
26 134 1
26 136 7
26 138 5
26 141 7
26 142 2
26 143 7
26 147 5
26 149 4
26 154 6
26 155 2
26 157 10
26 161 1
26 162 4
26 166 3
26 167 1
26 171 3
26 173 7
26 174 3
26 177 7
26 178 7
26 180 9
26 183 4
26 186 10
26 187 9
26 188 3
26 189 5
26 192 7
26 193 3
26 197 6
26 198 8
26 199 5
26 202 2
26 203 9
26 205 3
26 208 8
26 217 5
26 218 3
26 222 1
26 223 4
26 225 8
26 226 4
26 231 7
26 232 10
26 235 4
26 238 3
26 239 2
26 240 9
26 243 1
26 244 8
26 246 9
26 249 2
26 252 5
26 253 1
26 258 4
26 259 8
26 261 4
26 262 4
26 263 6
26 264 6
26 265 8
26 270 5
26 271 5
26 273 1
26 275 7
26 277 4
26 280 9
26 281 2
26 282 8
26 284 10
26 290 5
26 296 1
26 298 10
26 299 9
26 301 8
26 304 8
26 305 4
26 307 2
26 308 2
26 310 4
26 312 2
26 317 5
26 318 1
26 319 9
26 321 1
26 322 10
26 323 7
26 324 2
26 325 5
26 327 8
26 328 9
26 329 7
26 332 2
26 333 3
26 335 8
26 337 4
26 340 2
26 341 5
26 344 10
26 347 8
27 31 1
27 33 3
27 35 7
27 36 3
27 37 3
27 38 1
27 39 6
27 40 8
27 41 3
27 42 9
27 45 5
27 46 2
27 51 1
27 52 10
27 53 7
27 55 7
27 57 10
27 58 9
27 59 3
27 60 8
27 61 3
27 63 6
27 64 6
27 66 5
27 68 9
27 69 1
27 70 1
27 71 3
27 75 10
27 77 7
27 78 5
27 79 10
27 80 8
27 85 4
27 87 9
27 89 2
27 91 3
27 92 4
27 93 6
27 94 3
27 96 1
27 98 10
27 100 3
27 101 6
27 104 6
27 107 7
27 112 3
27 113 6
27 114 8
27 115 6
27 117 4
27 119 6
27 121 9
27 122 1
27 124 4
27 125 3
27 127 4
27 128 9
27 130 9
27 132 2
27 133 7
27 134 9
27 138 7
27 140 3
27 146 8
27 147 6
27 148 1
27 152 7
27 153 10
27 154 10
27 155 7
27 158 9
27 161 9
27 162 7
27 168 4
27 171 4
27 172 5
27 175 1
27 176 4
27 178 9
27 179 6
27 180 8
27 181 9
27 182 1
27 183 6
27 184 5
27 185 8
27 186 1
27 189 8
27 193 10
27 194 8
27 195 6
27 196 6
27 198 7
27 201 9
27 202 9
27 204 9
27 205 3
27 206 1
27 207 9
27 211 9
27 214 4
27 216 1
27 221 5
27 224 8
27 227 2
27 228 10
27 235 10
27 238 4
27 239 3
27 240 7
27 243 10
27 246 1
27 247 1
27 249 6
27 250 5
27 252 3
27 253 8
27 255 9
27 257 8
27 262 6
27 267 9
27 268 3
27 270 5
27 271 5
27 273 7
27 274 8
27 275 3
27 277 7
27 278 4
27 279 7
27 280 5
27 282 8
27 284 4
27 285 7
27 288 3
27 289 10
27 290 6
27 293 4
27 296 3
27 299 10
27 302 10
27 303 3
27 304 4
27 306 6
27 308 2
27 309 10
27 310 1
27 311 10
27 314 10
27 315 7
27 317 9
27 319 2
27 321 9
27 323 5
27 324 6
27 325 8
27 328 9
27 329 3
27 332 6
27 335 6
27 337 7
27 342 9
27 344 1
27 346 7
27 347 6
27 348 1
28 30 1
28 34 10
28 35 5
28 36 10
28 37 6
28 39 5
28 40 1
28 42 2
28 44 4
28 45 5
28 46 4
28 47 5
28 48 8
28 52 10
28 55 1
28 56 6
28 60 10
28 62 4
28 64 3
28 65 9
28 66 5
28 68 1
28 70 5
28 71 9
28 72 9
28 73 10
28 74 9
28 76 4
28 81 6
28 83 6
28 86 10
28 88 6
28 89 10
28 92 8
28 94 4
28 96 8
28 98 3
28 100 2
28 103 1
28 104 1
28 106 6
28 107 5
28 108 6
28 109 7
28 110 4
28 112 5
28 113 6
28 114 6
28 116 7
28 121 7
28 123 7
28 125 5
28 126 10
28 129 4
28 130 3
28 131 7
28 132 1
28 133 7
28 138 5
28 139 5
28 140 8
28 145 8
28 147 4
28 148 8
28 149 9
28 150 4
28 155 9
28 156 10
28 158 9
28 159 4
28 160 1
28 162 1
28 163 6
28 164 10
28 169 3
28 170 2
28 171 7
28 174 6
28 175 8
28 180 10
28 181 8
28 182 9
28 183 9
28 186 2
28 189 3
28 191 8
28 192 6
28 194 3
28 195 1
28 197 8
28 198 2
28 199 2
28 202 4
28 203 4
28 204 1
28 207 1
28 208 2
28 209 9
28 212 7
28 213 2
28 217 10
28 218 4
28 219 3
28 220 6
28 221 8
28 222 3
28 223 7
28 226 9
28 227 5
28 230 2
28 231 5
28 233 4
28 234 10
28 237 9
28 240 7
28 241 9
28 243 8
28 244 6
28 245 6
28 246 2
28 248 6
28 249 1
28 250 3
28 251 4
28 252 4
28 253 9
28 254 6
28 260 6
28 261 6
28 262 1
28 268 1
28 269 2
28 270 5
28 271 1
28 273 4
28 276 7
28 277 1
28 278 4
28 279 5
28 280 5
28 287 5
28 290 3
28 294 6
28 295 1
28 296 8
28 299 5
28 301 9
28 308 1
28 311 7
28 314 9
28 315 4
28 317 5
28 318 9
28 320 5
28 322 4
28 323 8
28 326 9
28 328 2
28 330 1
28 331 4
28 335 5
28 336 1
28 338 2
28 339 2
28 340 4
28 342 8
28 343 10
28 344 3
28 346 4
28 347 5
28 348 7
28 349 1
29 33 5
29 34 8
29 35 7
29 37 10
29 39 4
29 40 2
29 41 4
29 42 5
29 45 2
29 47 3
29 48 6
29 49 2
29 50 6
29 53 1
29 56 10
29 57 3
29 59 7
29 60 8
29 64 8
29 66 6
29 67 10
29 68 7
29 69 8
29 72 1
29 73 9
29 74 9
29 75 1
29 76 6
29 79 5
29 82 9
29 83 2
29 85 8
29 88 3
29 90 3
29 91 5
29 92 7
29 95 7
29 96 10
29 97 4
29 100 1
29 101 4
29 102 7
29 103 4
29 104 1
29 105 1
29 109 3
29 110 9
29 111 3
29 113 1
29 114 4
29 117 9
29 118 3
29 120 5
29 121 1
29 123 2
29 124 2
29 126 5
29 127 8
29 128 1
29 129 5
29 131 8
29 132 5
29 133 10
29 134 4
29 143 9
29 145 1
29 148 10
29 151 3
29 152 9
29 155 5
29 157 4
29 159 1
29 160 6
29 161 7
29 162 3
29 163 6
29 165 1
29 166 4
29 170 9
29 173 5
29 175 5
29 177 8
29 180 7
29 182 6
29 183 3
29 185 7
29 187 3
29 190 1
29 192 4
29 193 5
29 196 8
29 197 10
29 203 4
29 204 5
29 206 3
29 208 3
29 209 10
29 211 9
29 212 6
29 213 5
29 215 7
29 220 5
29 222 1
29 225 3
29 226 3
29 228 4
29 230 8
29 235 4
29 237 9
29 240 9
29 241 10
29 242 7
29 243 2
29 244 8
29 245 5
29 248 3
29 252 5
29 255 9
29 256 5
29 258 6
29 259 4
29 263 4
29 266 3
29 267 10
29 270 6
29 271 8
29 272 7
29 273 7
29 274 9
29 275 5
29 277 5
29 278 1
29 279 3
29 281 10
29 282 3
29 285 9
29 287 1
29 290 1
29 295 7
29 296 8
29 298 4
29 299 2
29 301 6
29 302 10
29 303 8
29 304 7
29 305 2
29 307 5
29 313 8
29 314 8
29 319 5
29 324 3
29 327 1
29 328 4
29 329 1
29 332 6
29 333 3
29 336 4
29 337 2
29 345 8
29 348 4
29 349 9
30 31 4
30 32 6
30 35 7
30 36 2
30 37 3
30 38 4
30 39 1
30 41 6
30 47 3
30 50 5
30 51 5
30 52 2
30 53 10
30 54 3
30 56 4
30 57 5
30 59 7
30 60 4
30 61 2
30 62 1
30 64 1
30 66 4
30 68 7
30 72 5
30 75 8
30 78 3
30 82 1
30 83 1
30 84 2
30 86 7
30 88 2
30 89 10
30 91 4
30 95 5
30 96 1
30 97 8
30 98 3
30 99 8
30 100 4
30 102 8
30 103 3
30 105 10
30 107 4
30 108 7
30 109 5
30 110 5
30 111 7
30 112 3
30 113 9
30 115 1
30 116 7
30 124 3
30 126 9
30 127 10
30 130 3
30 131 7
30 132 8
30 137 8
30 141 6
30 142 5
30 145 3
30 146 7
30 149 3
30 150 2
30 152 8
30 153 5
30 155 7
30 160 1
30 162 1
30 163 8
30 164 3
30 165 3
30 166 8
30 167 10
30 169 4
30 171 9
30 172 9
30 174 5
30 176 9
30 177 9
30 178 5
30 180 8
30 182 7
30 184 2
30 186 8
30 187 3
30 188 7
30 192 2
30 194 5
30 196 2
30 197 2
30 200 4
30 203 10
30 204 5
30 205 10
30 207 10
30 208 8
30 209 9
30 211 4
30 214 4
30 215 10
30 217 7
30 218 6
30 220 3
30 223 7
30 224 6
30 227 6
30 234 1
30 235 2
30 237 6
30 239 1
30 241 2
30 242 6
30 244 1
30 248 1
30 252 6
30 253 10
30 255 4
30 256 7
30 258 5
30 259 4
30 260 2
30 262 5
30 263 2
30 265 3
30 266 10
30 269 3
30 270 4
30 275 7
30 276 4
30 279 2
30 282 3
30 284 7
30 285 1
30 286 4
30 287 10
30 288 1
30 289 7
30 296 9
30 297 5
30 298 5
30 302 3
30 303 3
30 304 2
30 307 9
30 311 4
30 312 6
30 315 1
30 321 4
30 323 4
30 324 1
30 325 2
30 326 1
30 328 8
30 329 10
30 330 4
30 331 9
30 335 7
30 338 2
30 340 2
30 341 7
30 345 5
30 346 9
30 347 3
31 34 3
31 35 4
31 36 3
31 37 7
31 38 9
31 42 10
31 46 3
31 47 3
31 48 8
31 49 8
31 50 2
31 52 1
31 58 5
31 59 8
31 62 4
31 67 10
31 69 3
31 70 2
31 76 6
31 77 9
31 80 6
31 81 3
31 82 8
31 86 7
31 87 8
31 88 7
31 91 8
31 93 2
31 98 9
31 100 8
31 103 5
31 107 4
31 109 9
31 110 2
31 111 1
31 114 3
31 115 7
31 118 1
31 119 4
31 124 1
31 125 9
31 127 3
31 128 6
31 129 5
31 130 9
31 131 9
31 134 5
31 136 10
31 137 7
31 138 9
31 139 2
31 140 9
31 142 1
31 143 9
31 144 10
31 145 2
31 146 4
31 149 10
31 151 3
31 153 10
31 154 9
31 155 6
31 156 6
31 160 5
31 162 5
31 163 10
31 164 4
31 165 4
31 169 8
31 171 1
31 172 5
31 173 2
31 174 4
31 175 5
31 177 5
31 179 6
31 181 5
31 182 5
31 184 4
31 185 2
31 189 4
31 191 1
31 194 10
31 201 9
31 202 10
31 203 6
31 206 1
31 209 6
31 210 1
31 213 8
31 214 2
31 216 7
31 217 10
31 218 6
31 219 8
31 220 7
31 221 5
31 223 2
31 224 6
31 225 7
31 228 3
31 230 8
31 231 7
31 232 2
31 235 5
31 236 8
31 239 4
31 242 6
31 244 6
31 245 4
31 247 9
31 248 3
31 249 4
31 250 8
31 252 1
31 253 9
31 254 2
31 257 2
31 260 3
31 261 2
31 262 4
31 263 10
31 264 5
31 266 3
31 267 8
31 269 7
31 270 8
31 271 3
31 274 1
31 277 4
31 278 10
31 280 2
31 281 4
31 282 3
31 284 2
31 287 10
31 289 9
31 290 5
31 291 7
31 292 4
31 293 1
31 295 10
31 296 8
31 301 2
31 303 5
31 308 3
31 309 4
31 311 6
31 313 5
31 315 2
31 316 8
31 318 4
31 319 7
31 320 5
31 322 6
31 325 1
31 326 2
31 327 5
31 328 10
31 333 3
31 335 5
31 337 8
31 341 1
31 342 4
31 347 9
32 33 9
32 34 5
32 35 9
32 36 8
32 38 2
32 39 9
32 42 6
32 43 4
32 44 10
32 45 10
32 46 3
32 48 8
32 51 2
32 55 6
32 57 4
32 58 4
32 61 3
32 62 4
32 64 7
32 65 8
32 66 6
32 70 9
32 73 2
32 77 3
32 78 4
32 81 1
32 83 2
32 84 6
32 86 10
32 88 10
32 90 4
32 92 9
32 94 5
32 96 7
32 97 3
32 98 5
32 99 3
32 110 8
32 114 2
32 115 4
32 116 4
32 117 9
32 118 4
32 121 6
32 125 2
32 126 8
32 128 9
32 129 1
32 131 2
32 132 5
32 133 3
32 134 4
32 135 1
32 138 2
32 139 6
32 140 6
32 141 7
32 143 6
32 151 6
32 152 6
32 156 8
32 157 5
32 159 2
32 162 3
32 163 2
32 165 9
32 167 5
32 168 9
32 171 8
32 173 3
32 176 10
32 183 8
32 186 5
32 190 10
32 191 3
32 192 8
32 193 8
32 195 6
32 198 6
32 199 8
32 200 2
32 201 5
32 205 6
32 206 7
32 207 6
32 209 8
32 214 5
32 215 7
32 216 1
32 218 9
32 222 6
32 224 6
32 225 4
32 227 10
32 228 9
32 229 3
32 230 7
32 231 3
32 233 9
32 234 2
32 236 10
32 237 1
32 239 7
32 241 5
32 244 4
32 246 5
32 248 9
32 250 7
32 253 4
32 258 1
32 260 10
32 261 9
32 262 4
32 263 5
32 265 5
32 266 7
32 268 4
32 269 3
32 271 1
32 275 2
32 276 2
32 277 7
32 279 6
32 281 7
32 282 9
32 283 4
32 284 2
32 286 4
32 288 6
32 289 9
32 291 8
32 292 10
32 293 3
32 295 2
32 301 6
32 304 4
32 305 1
32 311 7
32 314 7
32 315 8
32 318 1
32 321 1
32 322 8
32 323 9
32 324 1
32 326 5
32 327 6
32 328 3
32 329 10
32 330 10
32 331 9
32 334 3
32 335 4
32 336 3
32 337 8
32 345 2
32 346 4
32 348 8
33 37 5
33 38 4
33 39 4
33 40 3
33 43 2
33 46 3
33 47 10
33 53 1
33 54 1
33 55 2
33 56 3
33 57 7
33 59 1
33 60 4
33 61 1
33 63 9
33 65 2
33 66 2
33 69 4
33 70 1
33 72 8
33 75 2
33 76 5
33 78 1
33 79 3
33 80 6
33 82 3
33 84 1
33 85 9
33 89 2
33 90 5
33 91 8
33 92 8
33 94 8
33 98 10
33 100 8
33 101 7
33 104 9
33 107 4
33 108 8
33 109 8
33 110 7
33 111 3
33 112 3
33 115 2
33 116 7
33 117 8
33 120 10
33 121 4
33 122 5
33 123 7
33 126 1
33 127 10
33 129 10
33 130 10
33 131 3
33 134 3
33 135 2
33 138 5
33 143 5
33 144 7
33 145 2
33 146 4
33 150 8
33 152 3
33 155 2
33 156 9
33 158 2
33 162 9
33 163 9
33 164 6
33 165 6
33 166 3
33 169 6
33 171 10
33 172 7
33 174 3
33 177 2
33 182 7
33 183 3
33 184 1
33 185 5
33 186 10
33 187 1
33 190 3
33 191 6
33 192 8
33 193 10
33 194 6
33 195 4
33 200 10
33 201 3
33 203 6
33 204 9
33 205 3
33 206 9
33 207 8
33 209 9
33 212 4
33 213 3
33 218 8
33 219 1
33 221 2
33 222 7
33 223 7
33 225 7
33 227 8
33 228 10
33 229 7
33 231 2
33 234 6
33 235 7
33 237 4
33 240 1
33 241 8
33 244 3
33 245 2
33 248 1
33 249 7
33 251 3
33 253 1
33 254 6
33 255 6
33 259 2
33 261 2
33 263 3
33 264 3
33 266 8
33 268 10
33 269 6
33 271 1
33 272 8
33 273 8
33 275 7
33 278 6
33 281 7
33 287 5
33 288 4
33 290 10
33 291 7
33 292 6
33 299 6
33 300 10
33 302 3
33 305 5
33 306 4
33 308 1
33 309 5
33 310 8
33 316 10
33 318 10
33 320 5
33 321 3
33 323 1
33 324 7
33 329 6
33 330 4
33 331 1
33 333 8
33 337 8
33 338 8
33 340 6
33 341 1
33 344 5
33 348 7
33 349 5
34 35 2
34 36 7
34 39 6
34 40 9
34 41 4
34 42 4
34 45 2
34 46 4
34 48 10
34 50 8
34 51 7
34 52 9
34 53 7
34 54 10
34 60 10
34 61 1
34 62 1
34 63 7
34 64 3
34 65 9
34 67 6
34 69 8
34 70 3
34 71 4
34 74 1
34 75 6
34 76 5
34 78 7
34 79 9
34 80 3
34 82 2
34 86 8
34 88 6
34 89 1
34 90 2
34 92 5
34 93 1
34 95 9
34 96 1
34 98 3
34 100 4
34 102 9
34 103 10
34 104 6
34 105 7
34 109 9
34 110 1
34 117 10
34 118 9
34 120 4
34 121 1
34 122 10
34 123 1
34 129 1
34 131 6
34 132 1
34 136 1
34 138 10
34 139 9
34 142 9
34 143 7
34 145 5
34 148 6
34 149 1
34 152 8
34 155 6
34 157 1
34 158 3
34 159 4
34 160 5
34 162 9
34 163 8
34 167 7
34 170 7
34 173 2
34 174 2
34 177 7
34 178 8
34 182 5
34 184 1
34 185 3
34 187 7
34 188 9
34 191 6
34 192 4
34 194 8
34 195 10
34 196 1
34 197 3
34 198 3
34 200 3
34 203 8
34 206 5
34 208 6
34 210 1
34 211 1
34 214 8
34 215 2
34 220 7
34 226 7
34 228 5
34 230 9
34 231 5
34 232 4
34 233 1
34 235 6
34 236 4
34 237 5
34 238 6
34 240 5
34 242 3
34 246 10
34 248 5
34 250 4
34 251 1
34 252 1
34 254 9
34 256 4
34 257 7
34 260 6
34 261 1
34 262 1
34 263 3
34 265 5
34 267 6
34 271 4
34 272 4
34 274 8
34 275 8
34 277 5
34 278 9
34 280 1
34 281 7
34 283 3
34 285 7
34 286 6
34 287 8
34 288 1
34 289 1
34 290 10
34 291 5
34 294 1
34 296 6
34 297 7
34 299 3
34 302 1
34 305 7
34 307 5
34 308 3
34 309 7
34 310 4
34 313 3
34 315 4
34 316 2
34 317 3
34 318 2
34 319 8
34 320 6
34 324 8
34 325 3
34 326 5
34 330 5
34 340 6
34 346 8
34 347 10
34 348 2
35 38 2
35 40 9
35 44 5
35 45 9
35 47 2
35 49 6
35 50 3
35 51 4
35 52 2
35 53 5
35 55 5
35 56 5
35 60 4
35 63 6
35 65 2
35 66 4
35 67 8
35 73 10
35 74 4
35 75 8
35 76 2
35 77 3
35 78 10
35 79 6
35 81 7
35 82 6
35 83 3
35 85 1
35 87 1
35 88 5
35 91 1
35 92 9
35 93 4
35 94 2
35 95 10
35 97 7
35 98 5
35 101 9
35 103 9
35 104 6
35 107 9
35 108 3
35 111 4
35 112 4
35 113 1
35 114 4
35 115 10
35 117 5
35 119 4
35 122 2
35 124 6
35 126 2
35 128 10
35 129 7
35 131 1
35 133 6
35 134 3
35 135 3
35 137 5
35 138 5
35 141 2
35 145 9
35 146 3
35 147 7
35 148 6
35 153 10
35 155 5
35 156 9
35 157 4
35 158 2
35 161 1
35 162 6
35 164 9
35 166 8
35 169 6
35 170 8
35 173 1
35 174 3
35 176 6
35 178 7
35 179 10
35 183 5
35 186 10
35 187 9
35 189 9
35 191 8
35 194 7
35 197 5
35 198 3
35 199 3
35 201 4
35 202 9
35 203 6
35 204 1
35 206 3
35 207 10
35 208 2
35 210 8
35 217 5
35 218 4
35 222 2
35 224 2
35 225 10
35 226 5
35 227 5
35 228 4
35 229 4
35 231 3
35 232 5
35 234 4
35 235 2
35 239 4
35 240 1
35 243 9
35 244 5
35 247 1
35 249 3
35 251 4
35 255 6
35 257 6
35 258 9
35 261 3
35 262 4
35 263 4
35 264 10
35 266 2
35 268 8
35 269 5
35 271 8
35 274 6
35 277 7
35 279 5
35 280 5
35 282 4
35 284 3
35 288 8
35 289 4
35 292 2
35 293 5
35 294 6
35 299 4
35 303 10
35 306 2
35 310 2
35 311 5
35 313 4
35 314 9
35 316 4
35 320 6
35 321 5
35 322 8
35 327 7
35 330 3
35 331 3
35 333 1
35 335 4
35 337 10
35 340 6
35 341 3
35 344 8
35 345 7
35 346 1
35 347 8
35 349 3
36 38 4
36 39 7
36 41 9
36 42 6
36 45 2
36 46 1
36 48 6
36 50 7
36 51 9
36 57 4
36 58 9
36 62 6
36 67 3
36 70 9
36 72 3
36 73 9
36 75 9
36 78 6
36 79 5
36 81 9
36 82 4
36 85 9
36 90 3
36 93 8
36 99 9
36 101 9
36 104 2
36 105 4
36 107 6
36 117 5
36 119 9
36 121 6
36 126 8
36 128 9
36 130 5
36 131 9
36 132 9
36 133 7
36 135 5
36 137 3
36 140 7
36 141 5
36 142 10
36 146 5
36 150 2
36 152 4
36 155 5
36 156 5
36 157 10
36 158 1
36 159 10
36 161 4
36 166 8
36 167 1
36 174 9
36 176 4
36 177 8
36 180 3
36 181 6
36 184 3
36 186 9
36 190 8
36 192 2
36 194 6
36 195 8
36 198 10
36 199 4
36 202 6
36 203 1
36 205 4
36 206 4
36 207 10
36 208 5
36 211 2
36 214 5
36 224 4
36 225 8
36 228 9
36 229 2
36 231 1
36 234 1
36 236 4
36 240 5
36 241 1
36 249 6
36 251 2
36 253 1
36 254 1
36 256 7
36 259 1
36 260 3
36 262 2
36 264 7
36 270 10
36 274 6
36 275 1
36 278 9
36 282 5
36 285 3
36 286 10
36 289 9
36 290 4
36 296 9
36 299 5
36 300 8
36 302 8
36 303 3
36 304 5
36 308 3
36 309 10
36 311 6
36 312 3
36 313 5
36 314 3
36 317 6
36 318 10
36 319 9
36 320 2
36 323 3
36 326 8
36 329 9
36 330 9
36 331 6
36 334 1
36 335 4
36 336 10
36 341 2
36 343 4
36 344 8
36 345 10
37 41 4
37 42 1
37 44 10
37 45 6
37 50 9
37 51 1
37 52 9
37 53 8
37 56 10
37 63 7
37 64 1
37 65 5
37 67 8
37 68 7
37 69 9
37 71 9
37 72 5
37 73 3
37 80 10
37 83 2
37 87 1
37 89 9
37 90 6
37 91 9
37 92 7
37 94 1
37 95 8
37 96 2
37 97 4
37 98 7
37 101 9
37 107 9
37 109 10
37 116 3
37 117 7
37 118 2
37 120 1
37 125 10
37 126 10
37 129 10
37 133 10
37 134 4
37 135 4
37 137 6
37 139 10
37 142 4
37 143 4
37 149 3
37 151 9
37 152 7
37 153 6
37 156 6
37 160 8
37 163 5
37 165 8
37 166 2
37 167 5
37 170 7
37 173 1
37 175 9
37 177 6
37 179 10
37 181 3
37 182 7
37 183 3
37 185 9
37 188 4
37 190 3
37 192 6
37 193 9
37 198 3
37 199 9
37 201 4
37 202 10
37 203 1
37 205 9
37 208 2
37 210 3
37 211 5
37 213 7
37 216 3
37 217 4
37 218 3
37 221 9
37 224 6
37 225 7
37 227 4
37 228 9
37 229 9
37 230 7
37 231 6
37 232 1
37 234 7
37 236 7
37 237 4
37 240 2
37 242 2
37 244 7
37 247 10
37 249 6
37 250 7
37 251 6
37 252 6
37 253 8
37 257 6
37 258 2
37 261 2
37 266 1
37 268 1
37 272 10
37 274 9
37 276 10
37 278 3
37 279 6
37 281 3
37 285 9
37 286 7
37 288 2
37 289 6
37 292 6
37 293 5
37 295 10
37 297 4
37 298 2
37 300 9
37 301 6
37 302 10
37 303 9
37 304 4
37 306 2
37 307 8
37 308 4
37 309 10
37 316 5
37 318 4
37 319 1
37 320 3
37 322 3
37 326 1
37 327 6
37 329 10
37 330 7
37 332 5
37 333 4
37 335 4
37 337 1
37 340 6
37 341 10
37 343 4
37 344 8
37 345 8
37 347 10
37 349 2
38 45 6
38 46 3
38 48 1
38 50 8
38 52 8
38 53 7
38 54 1
38 56 8
38 60 9
38 62 6
38 63 5
38 66 9
38 67 5
38 70 1
38 72 5
38 78 7
38 79 7
38 81 5
38 82 4
38 83 2
38 84 2
38 85 2
38 90 4
38 98 3
38 99 10
38 100 4
38 101 2
38 102 6
38 107 10
38 110 10
38 113 4
38 115 6
38 116 1
38 118 2
38 119 7
38 122 7
38 124 6
38 125 2
38 126 6
38 127 10
38 128 2
38 129 5
38 132 5
38 133 10
38 135 3
38 139 8
38 140 6
38 142 10
38 143 9
38 146 4
38 150 9
38 151 10
38 155 3
38 156 10
38 159 9
38 161 8
38 163 5
38 166 6
38 167 7
38 168 7
38 169 1
38 173 4
38 174 1
38 178 1
38 181 8
38 184 8
38 185 4
38 187 10
38 189 4
38 190 5
38 192 4
38 194 6
38 195 1
38 196 10
38 197 1
38 199 5
38 200 8
38 203 1
38 204 2
38 207 4
38 208 5
38 209 4
38 210 8
38 211 7
38 212 7
38 217 2
38 218 4
38 219 7
38 221 6
38 226 5
38 227 2
38 233 9
38 235 1
38 236 7
38 237 3
38 241 3
38 244 7
38 246 4
38 249 4
38 252 9
38 253 5
38 255 8
38 257 6
38 258 8
38 260 4
38 262 1
38 264 5
38 265 9
38 266 5
38 267 5
38 271 10
38 273 6
38 274 4
38 276 7
38 277 9
38 278 6
38 279 1
38 282 8
38 283 4
38 286 6
38 288 6
38 289 7
38 290 10
38 291 3
38 292 1
38 293 2
38 294 3
38 295 4
38 298 7
38 299 1
38 301 6
38 303 10
38 305 1
38 307 8
38 308 9
38 309 3
38 310 1
38 311 8
38 314 8
38 315 1
38 316 6
38 317 7
38 320 9
38 321 2
38 322 6
38 323 7
38 327 8
38 329 2
38 330 6
38 331 10
38 332 2
38 333 2
38 334 5
38 336 3
38 342 8
38 343 1
38 344 9
38 345 3
38 348 1
39 40 10
39 42 10
39 43 4
39 44 9
39 46 4
39 49 10
39 50 7
39 54 6
39 55 6
39 58 9
39 59 9
39 61 6
39 62 5
39 64 9
39 66 4
39 67 5
39 68 7
39 69 1
39 77 10
39 80 6
39 82 8
39 84 6
39 86 10
39 87 10
39 88 3
39 89 7
39 92 10
39 93 6
39 95 4
39 100 4
39 101 10
39 102 9
39 104 7
39 105 10
39 106 5
39 108 2
39 111 4
39 112 3
39 117 5
39 118 6
39 120 9
39 121 10
39 125 7
39 127 7
39 128 4
39 129 8
39 130 7
39 133 9
39 136 4
39 137 2
39 139 6
39 143 4
39 144 9
39 147 2
39 148 8
39 150 5
39 151 4
39 154 5
39 156 8
39 157 5
39 158 9
39 159 2
39 160 4
39 163 1
39 166 4
39 168 4
39 172 4
39 174 7
39 176 10
39 179 8
39 181 4
39 182 2
39 186 4
39 189 9
39 190 10
39 192 7
39 193 6
39 194 6
39 195 6
39 196 10
39 197 10
39 201 1
39 202 4
39 203 6
39 207 9
39 214 8
39 215 8
39 219 2
39 221 2
39 222 10
39 223 2
39 224 3
39 225 7
39 228 3
39 229 3
39 232 3
39 237 5
39 238 3
39 239 9
39 240 10
39 241 5
39 242 7
39 243 9
39 244 5
39 245 3
39 248 5
39 249 7
39 253 5
39 254 5
39 256 9
39 257 4
39 258 2
39 259 7
39 260 3
39 264 7
39 270 2
39 271 5
39 273 8
39 276 1
39 277 6
39 279 1
39 281 2
39 282 2
39 283 10
39 284 6
39 285 3
39 286 9
39 287 4
39 288 4
39 295 2
39 296 5
39 299 5
39 303 7
39 311 3
39 312 2
39 313 2
39 316 7
39 320 9
39 322 3
39 324 8
39 327 6
39 331 4
39 333 7
39 334 8
39 335 7
39 338 6
39 342 1
39 345 6
39 346 5
40 45 1
40 52 4
40 58 6
40 59 6
40 61 6
40 65 2
40 66 10
40 67 9
40 69 9
40 71 3
40 74 5
40 75 6
40 78 10
40 79 1
40 80 9
40 82 8
40 83 1
40 86 9
40 88 9
40 89 1
40 90 3
40 91 10
40 93 1
40 94 7
40 96 9
40 97 2
40 98 1
40 100 4
40 101 9
40 102 10
40 103 5
40 105 2
40 107 10
40 108 2
40 109 1
40 110 1
40 111 2
40 114 6
40 116 9
40 119 7
40 121 2
40 122 7
40 123 9
40 124 2
40 126 3
40 128 7
40 132 4
40 134 9
40 136 9
40 137 8
40 140 1
40 141 8
40 142 4
40 143 10
40 147 8
40 149 1
40 151 1
40 154 3
40 157 6
40 159 1
40 160 4
40 161 8
40 162 5
40 163 10
40 164 4
40 166 3
40 167 2
40 168 4
40 173 10
40 174 8
40 175 8
40 178 10
40 179 9
40 182 2
40 183 2
40 187 7
40 188 7
40 190 1
40 194 3
40 195 7
40 196 4
40 198 7
40 199 5
40 200 9
40 202 2
40 203 9
40 207 4
40 208 9
40 211 8
40 213 4
40 214 10
40 215 8
40 217 8
40 218 2
40 220 2
40 221 5
40 222 7
40 224 7
40 225 9
40 227 9
40 230 5
40 232 6
40 236 10
40 237 2
40 238 4
40 239 7
40 240 6
40 244 1
40 245 8
40 248 10
40 252 10
40 255 10
40 256 3
40 257 6
40 258 2
40 259 4
40 262 8
40 265 1
40 269 6
40 275 7
40 277 4
40 279 8
40 280 9
40 281 8
40 282 7
40 284 7
40 286 6
40 287 1
40 288 9
40 291 1
40 293 5
40 294 7
40 297 9
40 305 1
40 306 1
40 307 2
40 308 8
40 311 4
40 312 7
40 313 4
40 314 4
40 316 3
40 320 2
40 321 10
40 324 5
40 325 8
40 326 2
40 330 6
40 332 3
40 334 2
40 336 2
40 339 4
40 343 5
40 346 8
40 348 10
40 349 1
41 42 2
41 43 3
41 46 1
41 48 1
41 52 10
41 53 5
41 56 4
41 59 10
41 61 8
41 62 1
41 63 1
41 66 3
41 67 6
41 68 6
41 69 3
41 70 7
41 72 10
41 74 3
41 76 6
41 80 3
41 83 3
41 84 4
41 86 5
41 87 5
41 88 7
41 91 7
41 94 7
41 96 6
41 97 3
41 100 5
41 103 7
41 106 8
41 107 8
41 108 8
41 110 2
41 111 8
41 112 3
41 113 8
41 114 7
41 115 4
41 116 3
41 117 3
41 120 5
41 121 1
41 122 3
41 123 1
41 125 3
41 127 8
41 129 8
41 131 3
41 133 3
41 136 1
41 137 9
41 141 10
41 145 9
41 147 6
41 148 5
41 149 1
41 150 3
41 151 1
41 152 9
41 154 8
41 155 6
41 157 4
41 159 1
41 161 6
41 162 8
41 163 8
41 164 3
41 167 6
41 168 10
41 169 9
41 170 3
41 172 1
41 173 8
41 180 10
41 182 6
41 184 1
41 186 3
41 187 7
41 189 10
41 190 7
41 192 1
41 194 3
41 195 9
41 197 1
41 198 4
41 199 6
41 204 10
41 208 7
41 210 10
41 212 6
41 213 6
41 215 7
41 216 4
41 217 8
41 220 1
41 222 6
41 223 10
41 227 2
41 229 8
41 230 7
41 231 4
41 232 8
41 233 4
41 237 9
41 238 6
41 239 6
41 240 9
41 241 8
41 244 3
41 245 6
41 246 5
41 247 6
41 250 8
41 252 6
41 256 9
41 262 8
41 264 6
41 266 5
41 268 10
41 269 2
41 271 7
41 272 6
41 273 10
41 274 5
41 275 2
41 276 6
41 277 4
41 279 7
41 284 9
41 285 2
41 286 9
41 287 4
41 288 5
41 289 7
41 290 6
41 291 10
41 293 3
41 294 10
41 295 1
41 299 1
41 300 6
41 301 2
41 302 6
41 304 4
41 306 2
41 308 2
41 311 3
41 312 8
41 313 9
41 315 4
41 317 2
41 319 9
41 320 3
41 321 7
41 323 8
41 324 1
41 326 5
41 328 2
41 329 1
41 331 10
41 332 7
41 333 5
41 335 5
41 339 7
41 342 10
41 344 5
41 346 5
41 347 8
41 349 6
42 43 5
42 44 6
42 45 6
42 46 1
42 48 8
42 50 1
42 52 2
42 54 4
42 56 9
42 57 9
42 59 4
42 60 5
42 61 3
42 62 10
42 65 3
42 66 2
42 67 9
42 73 5
42 77 5
42 86 1
42 88 1
42 89 2
42 91 2
42 94 6
42 97 4
42 101 3
42 103 3
42 104 10
42 105 5
42 107 2
42 109 5
42 110 9
42 111 5
42 112 5
42 113 8
42 115 1
42 116 4
42 118 8
42 120 2
42 121 5
42 122 8
42 124 10
42 125 3
42 127 9
42 130 9
42 132 1
42 134 5
42 135 6
42 136 7
42 137 7
42 138 10
42 139 3
42 141 7
42 143 9
42 144 9
42 149 5
42 150 5
42 151 3
42 153 6
42 156 8
42 158 10
42 160 9
42 161 9
42 166 4
42 167 5
42 168 2
42 170 1
42 175 2
42 176 1
42 178 3
42 181 5
42 184 7
42 189 3
42 191 6
42 193 5
42 195 1
42 197 2
42 198 7
42 199 3
42 200 5
42 201 10
42 202 4
42 204 5
42 205 6
42 206 7
42 207 6
42 208 10
42 213 2
42 214 3
42 220 3
42 221 2
42 222 8
42 223 3
42 224 6
42 225 9
42 226 10
42 228 8
42 229 5
42 230 5
42 232 9
42 234 7
42 235 10
42 236 8
42 238 10
42 239 5
42 243 4
42 246 9
42 247 1
42 249 7
42 251 8
42 256 1
42 261 10
42 262 3
42 263 1
42 266 9
42 267 10
42 276 9
42 279 9
42 284 9
42 285 8
42 286 10
42 289 5
42 294 3
42 295 8
42 297 10
42 298 4
42 300 5
42 301 7
42 303 3
42 304 6
42 306 6
42 308 5
42 309 2
42 310 7
42 313 2
42 316 1
42 321 7
42 323 2
42 325 5
42 327 5
42 328 4
42 329 10
42 332 3
42 334 10
42 336 1
42 339 4
42 340 10
42 342 9
42 345 8
42 347 2
42 348 9
42 349 10
43 45 3
43 48 7
43 52 8
43 53 7
43 58 8
43 59 8
43 60 6
43 63 1
43 64 6
43 66 7
43 67 8
43 69 2
43 70 3
43 71 9
43 79 2
43 80 1
43 83 4
43 86 9
43 87 8
43 88 5
43 90 3
43 93 5
43 94 4
43 98 6
43 100 7
43 103 9
43 105 5
43 107 1
43 108 1
43 109 4
43 110 9
43 111 8
43 115 9
43 119 1
43 123 3
43 124 1
43 125 7
43 128 8
43 130 3
43 132 4
43 133 7
43 135 5
43 137 1
43 138 2
43 140 10
43 141 2
43 142 8
43 143 7
43 144 5
43 145 5
43 146 3
43 148 6
43 149 7
43 150 7
43 151 7
43 153 6
43 159 9
43 160 2
43 161 5
43 162 7
43 164 6
43 165 9
43 167 3
43 168 4
43 177 1
43 179 3
43 182 4
43 184 10
43 186 5
43 187 4
43 188 9
43 191 5
43 192 8
43 193 1
43 194 7
43 196 7
43 200 2
43 201 2
43 206 1
43 207 4
43 209 7
43 214 1
43 216 1
43 219 3
43 221 1
43 222 6
43 224 2
43 226 7
43 227 5
43 230 4
43 231 6
43 233 3
43 234 1
43 236 9
43 238 5
43 239 5
43 240 10
43 241 3
43 242 7
43 244 1
43 246 6
43 247 6
43 252 1
43 253 9
43 259 6
43 260 10
43 261 9
43 262 7
43 266 1
43 267 1
43 270 9
43 271 10
43 273 4
43 274 7
43 278 7
43 280 3
43 281 7
43 282 7
43 283 4
43 288 5
43 289 10
43 290 5
43 291 1
43 292 1
43 294 3
43 296 9
43 297 3
43 298 2
43 299 4
43 300 7
43 304 5
43 305 2
43 306 10
43 307 1
43 310 1
43 314 9
43 315 8
43 316 2
43 317 5
43 318 10
43 321 9
43 322 10
43 323 4
43 325 1
43 327 10
43 328 2
43 337 7
43 339 1
43 343 7
43 344 8
43 345 9
43 346 1
43 348 3
44 50 5
44 51 2
44 54 2
44 56 6
44 59 8
44 60 3
44 63 2
44 65 5
44 67 3
44 68 6
44 70 7
44 73 3
44 74 10
44 76 7
44 77 6
44 78 5
44 80 8
44 85 5
44 88 2
44 89 8
44 93 4
44 94 6
44 95 9
44 96 2
44 100 3
44 104 4
44 106 10
44 108 10
44 113 9
44 118 7
44 120 8
44 121 8
44 122 2
44 124 3
44 125 8
44 126 8
44 127 6
44 129 10
44 132 5
44 136 9
44 139 3
44 140 3
44 141 2
44 142 7
44 143 4
44 145 4
44 146 6
44 147 3
44 148 1
44 149 2
44 150 4
44 152 8
44 161 8
44 162 8
44 166 7
44 167 8
44 168 2
44 170 5
44 171 7
44 176 6
44 177 1
44 179 9
44 180 3
44 183 7
44 184 8
44 189 5
44 193 10
44 194 3
44 197 1
44 198 4
44 201 10
44 203 7
44 205 2
44 206 5
44 209 6
44 210 6
44 212 5
44 215 2
44 216 9
44 217 2
44 218 9
44 220 6
44 222 6
44 225 5
44 226 5
44 227 1
44 228 2
44 230 7
44 232 5
44 233 2
44 237 8
44 238 10
44 240 2
44 243 5
44 249 6
44 253 9
44 254 6
44 255 10
44 257 8
44 260 9
44 263 6
44 265 9
44 267 9
44 268 5
44 269 7
44 270 2
44 271 1
44 273 8
44 274 8
44 275 7
44 276 7
44 277 8
44 278 4
44 281 4
44 283 5
44 284 3
44 285 3
44 286 6
44 287 6
44 289 5
44 292 2
44 293 3
44 296 4
44 297 10
44 298 2
44 303 10
44 308 7
44 309 8
44 310 9
44 311 10
44 312 1
44 313 10
44 315 10
44 318 2
44 320 3
44 322 3
44 324 10
44 327 9
44 330 4
44 331 6
44 332 3
44 333 3
44 336 1
44 337 8
44 341 4
44 342 2
44 343 4
44 344 3
44 346 10
44 349 10
45 46 8
45 48 9
45 51 4
45 53 10
45 54 8
45 58 8
45 59 6
45 60 3
45 62 10
45 64 10
45 67 5
45 68 6
45 69 7
45 70 9
45 71 10
45 72 7
45 79 9
45 82 6
45 84 6
45 86 5
45 88 9
45 90 2
45 92 4
45 94 6
45 96 7
45 98 4
45 100 7
45 101 9
45 103 2
45 104 9
45 105 7
45 106 9
45 107 3
45 114 8
45 117 5
45 118 7
45 119 1
45 120 3
45 121 3
45 130 1
45 131 9
45 132 2
45 134 4
45 138 7
45 139 9
45 142 7
45 143 3
45 145 2
45 146 1
45 149 8
45 150 8
45 151 3
45 153 9
45 154 2
45 156 5
45 158 3
45 159 5
45 161 2
45 162 6
45 164 7
45 165 6
45 166 2
45 167 10
45 168 10
45 171 2
45 173 3
45 174 6
45 175 5
45 179 4
45 180 5
45 185 10
45 186 3
45 187 8
45 188 3
45 189 5
45 193 1
45 195 1
45 200 10
45 201 3
45 202 10
45 203 8
45 205 10
45 207 10
45 208 3
45 210 1
45 211 2
45 212 10
45 215 2
45 216 5
45 218 6
45 220 4
45 221 6
45 222 5
45 223 7
45 225 3
45 226 10
45 227 4
45 229 7
45 232 9
45 234 5
45 236 5
45 242 10
45 244 8
45 245 4
45 250 1
45 251 3
45 256 4
45 257 1
45 260 5
45 261 8
45 262 8
45 264 8
45 269 4
45 270 3
45 274 3
45 275 2
45 277 6
45 281 2
45 293 1
45 295 2
45 300 7
45 302 4
45 310 2
45 313 2
45 316 3
45 319 7
45 321 9
45 323 4
45 325 2
45 326 2
45 329 2
45 330 8
45 333 7
45 335 7
45 343 2
45 345 10
45 346 7
45 347 7
45 348 2
46 50 2
46 51 7
46 54 10
46 57 9
46 59 2
46 62 9
46 65 5
46 68 6
46 73 2
46 74 4
46 76 6
46 79 6
46 80 4
46 84 3
46 88 3
46 90 6
46 95 5
46 97 4
46 99 2
46 100 4
46 101 1
46 102 10
46 106 5
46 108 6
46 109 6
46 111 1
46 113 4
46 115 3
46 116 10
46 117 9
46 119 6
46 121 6
46 122 4
46 123 10
46 125 1
46 126 2
46 127 1
46 128 8
46 129 2
46 130 10
46 131 10
46 133 9
46 134 8
46 135 3
46 139 10
46 141 10
46 150 7
46 152 1
46 155 8
46 157 7
46 158 5
46 159 4
46 160 4
46 162 10
46 164 6
46 166 8
46 167 2
46 169 4
46 170 8
46 174 8
46 175 4
46 176 5
46 177 5
46 178 9
46 181 5
46 182 4
46 185 9
46 186 7
46 187 5
46 190 8
46 193 4
46 195 5
46 197 1
46 198 5
46 200 6
46 201 6
46 202 8
46 203 1
46 206 5
46 211 3
46 214 6
46 221 5
46 222 4
46 225 10
46 228 1
46 231 9
46 232 5
46 238 1
46 240 4
46 241 7
46 242 3
46 245 7
46 249 4
46 252 6
46 254 7
46 256 7
46 257 5
46 259 9
46 261 3
46 262 3
46 264 10
46 266 1
46 268 1
46 269 8
46 273 2
46 274 2
46 278 9
46 279 9
46 280 1
46 283 7
46 285 9
46 286 10
46 287 1
46 289 7
46 292 8
46 293 1
46 295 3
46 297 6
46 298 8
46 300 7
46 301 4
46 302 1
46 311 5
46 312 4
46 314 1
46 319 8
46 320 7
46 322 9
46 326 3
46 327 5
46 328 8
46 330 5
46 331 9
46 332 3
46 335 5
46 337 7
46 340 3
46 343 6
46 345 7
46 346 2
47 49 8
47 51 10
47 53 5
47 58 3
47 62 7
47 68 9
47 70 10
47 71 6
47 72 4
47 74 4
47 76 5
47 79 3
47 80 10
47 82 1
47 83 4
47 84 9
47 87 6
47 88 2
47 95 8
47 100 10
47 101 9
47 102 8
47 105 8
47 109 4
47 111 9
47 113 9
47 115 8
47 117 7
47 120 6
47 123 10
47 125 2
47 126 1
47 132 7
47 133 8
47 134 6
47 137 10
47 138 5
47 140 6
47 145 9
47 146 2
47 147 1
47 148 9
47 152 8
47 153 6
47 155 5
47 156 5
47 157 2
47 158 9
47 159 5
47 160 5
47 161 7
47 163 2
47 166 6
47 169 8
47 170 8
47 172 2
47 174 8
47 178 3
47 181 10
47 182 2
47 183 6
47 186 5
47 188 3
47 189 9
47 191 7
47 192 5
47 193 5
47 194 6
47 198 10
47 199 2
47 200 2
47 201 4
47 204 3
47 205 10
47 206 6
47 210 1
47 211 6
47 212 9
47 213 8
47 214 2
47 215 5
47 216 10
47 220 9
47 224 2
47 227 9
47 228 9
47 233 5
47 234 1
47 235 10
47 238 6
47 240 8
47 241 4
47 243 9
47 245 6
47 251 1
47 252 9
47 253 7
47 254 9
47 255 10
47 258 6
47 259 10
47 260 8
47 263 1
47 266 2
47 267 3
47 270 2
47 271 7
47 273 8
47 276 7
47 277 3
47 278 10
47 281 9
47 282 8
47 283 7
47 287 1
47 291 3
47 292 7
47 293 2
47 294 10
47 296 4
47 297 10
47 298 7
47 299 8
47 300 5
47 301 3
47 302 1
47 303 2
47 304 3
47 306 5
47 307 9
47 308 2
47 309 4
47 311 5
47 312 1
47 315 5
47 316 9
47 318 3
47 320 8
47 321 8
47 324 7
47 329 7
47 333 7
47 335 3
47 336 7
47 337 6
47 338 7
47 339 7
47 341 3
47 349 5
48 49 5
48 61 1
48 63 6
48 64 1
48 67 5
48 70 3
48 72 8
48 73 2
48 74 8
48 78 2
48 80 7
48 83 4
48 84 8
48 89 5
48 90 9
48 93 2
48 94 9
48 95 8
48 96 3
48 97 9
48 98 3
48 100 9
48 102 7
48 103 8
48 104 3
48 106 10
48 110 9
48 111 6
48 114 4
48 116 4
48 120 4
48 122 10
48 130 1
48 131 5
48 134 8
48 136 6
48 138 10
48 139 2
48 144 4
48 145 3
48 146 9
48 152 5
48 153 9
48 155 5
48 156 7
48 160 4
48 161 6
48 166 5
48 167 3
48 168 3
48 169 5
48 172 3
48 174 6
48 175 10
48 176 6
48 177 2
48 178 7
48 180 7
48 182 6
48 183 10
48 184 7
48 185 4
48 186 10
48 187 3
48 190 3
48 191 9
48 193 9
48 196 2
48 197 6
48 198 7
48 199 1
48 200 3
48 201 7
48 203 6
48 209 5
48 212 6
48 214 4
48 215 1
48 218 8
48 222 1
48 224 9
48 225 7
48 226 6
48 230 10
48 231 10
48 232 5
48 235 1
48 236 2
48 237 2
48 241 4
48 245 4
48 249 5
48 252 5
48 254 1
48 255 7
48 256 4
48 258 5
48 259 5
48 260 1
48 261 4
48 262 3
48 263 5
48 264 1
48 266 5
48 267 8
48 271 3
48 274 5
48 275 5
48 276 5
48 277 2
48 278 7
48 279 5
48 281 3
48 284 2
48 286 4
48 287 8
48 288 2
48 289 6
48 292 5
48 293 6
48 298 4
48 300 2
48 301 8
48 302 10
48 305 4
48 306 6
48 309 4
48 311 4
48 312 5
48 313 2
48 316 6
48 317 2
48 318 6
48 319 2
48 320 4
48 321 5
48 323 7
48 324 10
48 325 3
48 330 3
48 331 9
48 335 7
48 336 4
48 338 10
48 339 6
48 345 8
48 346 7
48 347 3
49 51 8
49 52 8
49 53 6
49 54 6
49 55 6
49 56 3
49 57 6
49 58 4
49 59 2
49 61 10
49 63 2
49 64 8
49 66 9
49 68 2
49 70 9
49 73 5
49 74 2
49 75 5
49 76 7
49 77 10
49 78 2
49 79 1
49 80 2
49 83 10
49 84 7
49 87 3
49 88 6
49 89 7
49 90 2
49 92 5
49 97 9
49 98 2
49 100 10
49 101 9
49 102 4
49 103 10
49 107 3
49 110 3
49 111 9
49 112 4
49 117 5
49 122 6
49 123 4
49 124 9
49 126 7
49 128 4
49 132 3
49 136 1
49 141 1
49 145 6
49 147 4
49 148 5
49 149 1
49 150 1
49 151 9
49 152 8
49 153 2
49 154 8
49 155 9
49 156 10
49 157 4
49 158 10
49 159 1
49 167 5
49 168 3
49 171 7
49 172 2
49 175 7
49 176 4
49 180 10
49 181 3
49 182 1
49 183 8
49 185 2
49 188 6
49 193 2
49 200 5
49 201 6
49 202 2
49 216 9
49 217 5
49 219 6
49 221 4
49 225 9
49 227 7
49 228 10
49 229 1
49 231 1
49 232 9
49 233 9
49 234 10
49 235 4
49 238 7
49 239 5
49 241 9
49 243 7
49 244 7
49 250 4
49 252 3
49 254 7
49 259 5
49 260 9
49 261 10
49 263 8
49 266 9
49 267 9
49 268 5
49 271 8
49 272 4
49 276 1
49 277 8
49 278 9
49 284 6
49 289 5
49 291 10
49 292 9
49 293 8
49 295 4
49 296 10
49 297 10
49 298 3
49 299 10
49 301 8
49 302 5
49 304 1
49 307 3
49 309 7
49 313 2
49 319 9
49 320 7
49 321 8
49 324 8
49 326 5
49 328 9
49 329 9
49 330 5
49 335 1
49 342 2
49 343 8
49 346 5
49 348 8
49 349 5
50 52 4
50 53 8
50 55 3
50 56 8
50 58 5
50 59 8
50 60 2
50 61 9
50 62 1
50 63 2
50 64 5
50 65 7
50 66 3
50 67 1
50 69 2
50 70 3
50 72 3
50 76 1
50 77 9
50 85 2
50 87 10
50 88 10
50 89 2
50 102 3
50 104 8
50 106 8
50 108 7
50 109 7
50 111 3
50 112 9
50 113 9
50 114 10
50 116 3
50 120 2
50 122 6
50 123 3
50 125 6
50 127 8
50 128 6
50 129 6
50 131 7
50 136 1
50 137 9
50 138 9
50 140 6
50 142 9
50 143 1
50 144 9
50 145 2
50 146 4
50 149 9
50 150 8
50 153 6
50 154 5
50 155 9
50 156 5
50 161 9
50 162 4
50 163 2
50 165 6
50 166 1
50 168 9
50 169 4
50 170 9
50 172 2
50 176 1
50 177 10
50 178 4
50 181 3
50 182 7
50 184 6
50 189 4
50 190 2
50 192 7
50 193 8
50 194 7
50 196 6
50 197 3
50 200 8
50 201 7
50 202 2
50 203 1
50 206 10
50 209 7
50 210 10
50 213 9
50 214 4
50 215 5
50 217 2
50 218 7
50 224 7
50 225 1
50 228 1
50 229 6
50 231 8
50 234 2
50 236 3
50 239 6
50 241 5
50 243 5
50 245 10
50 246 5
50 247 2
50 249 8
50 252 8
50 254 4
50 256 7
50 257 10
50 258 2
50 260 5
50 262 3
50 266 5
50 267 7
50 269 5
50 270 5
50 275 1
50 278 2
50 280 7
50 281 7
50 282 7
50 284 8
50 285 3
50 286 10
50 288 7
50 290 8
50 292 7
50 300 3
50 301 4
50 304 5
50 305 2
50 308 8
50 309 6
50 312 6
50 313 9
50 314 9
50 315 8
50 318 5
50 321 2
50 322 7
50 323 10
50 324 10
50 326 7
50 329 10
50 332 4
50 334 2
50 337 1
50 344 2
50 345 5
50 346 10
50 349 2
51 52 1
51 53 3
51 56 3
51 57 8
51 59 6
51 61 2
51 62 1
51 64 5
51 67 9
51 72 5
51 74 3
51 75 4
51 82 2
51 85 5
51 88 8
51 90 9
51 92 3
51 93 6
51 94 8
51 95 8
51 96 4
51 97 10
51 98 2
51 99 5
51 103 6
51 104 5
51 105 2
51 110 7
51 111 6
51 113 5
51 117 9
51 118 9
51 125 9
51 128 10
51 129 4
51 131 8
51 132 2
51 134 2
51 136 1
51 137 5
51 138 8
51 145 5
51 146 5
51 147 7
51 148 5
51 149 4
51 150 7
51 152 3
51 154 9
51 159 9
51 161 6
51 162 6
51 163 3
51 167 8
51 168 6
51 173 4
51 174 7
51 176 8
51 178 10
51 179 5
51 180 1
51 185 6
51 186 5
51 187 10
51 189 5
51 192 9
51 193 5
51 194 10
51 197 8
51 198 6
51 199 9
51 202 5
51 203 4
51 206 9
51 211 3
51 213 3
51 216 4
51 218 9
51 219 1
51 223 6
51 231 8
51 236 7
51 237 8
51 239 3
51 240 9
51 244 3
51 246 10
51 248 5
51 251 10
51 256 8
51 257 10
51 260 5
51 263 4
51 264 10
51 265 6
51 266 8
51 267 6
51 268 3
51 270 2
51 271 2
51 274 3
51 275 3
51 278 7
51 282 9
51 286 1
51 287 7
51 288 6
51 290 6
51 292 8
51 296 3
51 298 8
51 299 6
51 301 9
51 302 10
51 303 4
51 305 10
51 307 10
51 309 2
51 311 4
51 314 7
51 316 4
51 317 5
51 320 8
51 322 1
51 323 4
51 324 6
51 326 3
51 327 8
51 328 2
51 330 3
51 333 4
51 334 9
51 338 6
51 341 8
51 342 6
51 343 6
51 344 3
51 348 8
51 349 4
52 53 4
52 54 6
52 58 5
52 64 4
52 66 4
52 67 4
52 68 6
52 71 9
52 74 1
52 76 2
52 77 2
52 78 6
52 79 3
52 80 4
52 81 6
52 83 9
52 86 8
52 90 8
52 91 5
52 93 4
52 95 9
52 99 10
52 100 7
52 101 10
52 104 4
52 109 1
52 110 9
52 113 2
52 116 5
52 117 1
52 118 1
52 119 7
52 122 9
52 123 10
52 124 6
52 125 4
52 129 10
52 132 5
52 134 5
52 136 6
52 137 7
52 139 2
52 140 6
52 141 4
52 150 10
52 151 6
52 156 6
52 157 7
52 158 2
52 159 10
52 160 6
52 161 10
52 162 8
52 163 8
52 164 10
52 166 10
52 167 2
52 168 3
52 169 2
52 170 5
52 174 1
52 176 3
52 177 4
52 183 10
52 184 7
52 185 2
52 188 4
52 190 3
52 191 10
52 192 4
52 195 5
52 197 6
52 198 1
52 200 3
52 201 1
52 205 6
52 206 10
52 207 6
52 208 8
52 209 4
52 210 7
52 211 10
52 215 10
52 216 1
52 217 5
52 220 4
52 221 8
52 222 9
52 224 6
52 229 6
52 232 4
52 233 1
52 235 2
52 239 7
52 244 7
52 245 4
52 246 9
52 248 1
52 249 9
52 250 6
52 255 2
52 258 7
52 259 7
52 262 2
52 266 6
52 272 8
52 276 6
52 278 6
52 279 4
52 281 4
52 282 9
52 283 3
52 284 6
52 289 1
52 290 6
52 293 8
52 296 5
52 297 4
52 299 2
52 300 8
52 301 3
52 307 3
52 310 9
52 311 5
52 312 3
52 313 6
52 314 10
52 316 3
52 317 8
52 318 5
52 321 4
52 322 8
52 323 3
52 324 4
52 326 7
52 327 8
52 329 7
52 330 2
52 331 3
52 334 10
52 336 4
52 338 2
52 340 7
52 341 4
52 343 9
52 345 6
52 346 8
53 55 8
53 56 3
53 58 2
53 59 8
53 60 8
53 61 10
53 63 4
53 67 3
53 72 10
53 75 9
53 78 4
53 79 8
53 80 6
53 82 5
53 87 7
53 88 1
53 90 3
53 91 4
53 92 7
53 93 4
53 95 2
53 96 1
53 97 8
53 98 8
53 99 4
53 102 7
53 103 1
53 105 6
53 108 9
53 109 7
53 117 8
53 120 4
53 121 3
53 123 3
53 125 9
53 128 6
53 130 4
53 132 5
53 133 3
53 135 1
53 136 6
53 140 1
53 142 7
53 148 6
53 150 4
53 151 1
53 152 5
53 154 6
53 156 4
53 157 8
53 163 4
53 165 9
53 166 8
53 167 3
53 168 7
53 169 7
53 170 1
53 171 4
53 174 4
53 175 7
53 177 1
53 179 7
53 180 6
53 181 2
53 183 5
53 184 8
53 185 1
53 186 7
53 189 1
53 190 7
53 192 4
53 194 10
53 196 6
53 198 4
53 200 6
53 201 9
53 202 9
53 203 6
53 204 6
53 205 3
53 208 1
53 210 9
53 212 6
53 213 7
53 215 3
53 217 6
53 218 8
53 219 3
53 220 8
53 222 1
53 226 5
53 227 3
53 230 3
53 233 1
53 235 4
53 239 2
53 240 4
53 241 3
53 244 9
53 245 10
53 246 9
53 248 6
53 250 6
53 254 6
53 257 2
53 260 5
53 262 1
53 263 9
53 264 1
53 265 6
53 267 1
53 269 1
53 270 1
53 274 3
53 275 6
53 276 4
53 277 10
53 279 4
53 280 9
53 281 4
53 282 6
53 283 5
53 285 2
53 286 2
53 287 4
53 288 4
53 289 3
53 290 8
53 292 8
53 295 7
53 296 1
53 302 10
53 308 9
53 309 4
53 310 2
53 312 9
53 315 5
53 316 8
53 317 7
53 318 1
53 319 5
53 324 5
53 325 8
53 326 1
53 328 7
53 329 4
53 330 8
53 333 2
53 334 6
53 338 7
53 339 6
53 341 2
53 342 9
53 346 2
53 347 10
53 348 6
54 57 6
54 62 5
54 63 6
54 64 2
54 65 8
54 67 1
54 72 4
54 73 7
54 74 1
54 75 7
54 76 7
54 77 10
54 84 5
54 85 7
54 86 3
54 89 5
54 92 9
54 94 4
54 96 2
54 97 9
54 99 7
54 100 4
54 103 6
54 104 5
54 106 2
54 111 10
54 115 1
54 116 8
54 117 3
54 119 7
54 121 8
54 123 4
54 126 2
54 129 8
54 133 8
54 134 3
54 135 2
54 137 7
54 139 10
54 140 5
54 141 4
54 143 1
54 145 6
54 148 9
54 152 7
54 153 5
54 155 7
54 158 4
54 163 3
54 164 10
54 165 1
54 167 7
54 168 3
54 169 1
54 170 5
54 171 3
54 174 9
54 180 9
54 182 8
54 185 3
54 186 8
54 187 10
54 189 4
54 190 1
54 191 6
54 192 2
54 195 2
54 196 4
54 197 5
54 200 8
54 205 7
54 208 10
54 209 5
54 211 5
54 212 1
54 214 4
54 217 10
54 221 7
54 224 1
54 227 4
54 228 4
54 229 4
54 232 6
54 234 3
54 237 7
54 238 2
54 239 2
54 244 6
54 245 10
54 246 4
54 249 3
54 250 10
54 251 9
54 253 2
54 254 8
54 257 5
54 259 6
54 261 9
54 262 7
54 263 4
54 264 8
54 265 4
54 269 6
54 273 5
54 274 3
54 278 10
54 280 5
54 283 7
54 284 8
54 286 10
54 287 7
54 289 8
54 291 9
54 297 10
54 299 1
54 307 2
54 309 2
54 310 8
54 314 3
54 317 8
54 320 6
54 322 3
54 325 8
54 327 10
54 328 10
54 329 10
54 330 9
54 331 2
54 336 4
54 337 1
54 339 2
54 340 3
54 341 9
54 342 6
54 345 7
54 347 1
54 348 9
54 349 1
55 58 1
55 59 10
55 64 3
55 65 10
55 67 2
55 70 3
55 71 1
55 72 2
55 74 2
55 77 2
55 78 6
55 80 10
55 81 8
55 82 4
55 83 6
55 84 1
55 85 10
55 86 2
55 87 4
55 88 10
55 91 3
55 93 10
55 94 3
55 98 10
55 100 4
55 103 8
55 106 1
55 107 2
55 108 2
55 109 7
55 110 7
55 113 10
55 116 3
55 121 9
55 123 5
55 130 10
55 131 5
55 132 8
55 134 8
55 135 4
55 140 4
55 141 7
55 142 6
55 143 8
55 144 10
55 147 3
55 148 8
55 151 9
55 153 5
55 155 9
55 156 9
55 158 6
55 159 8
55 161 2
55 162 5
55 167 5
55 169 9
55 170 2
55 172 1
55 174 6
55 175 6
55 176 1
55 178 7
55 179 5
55 185 3
55 186 9
55 189 6
55 191 6
55 192 4
55 196 3
55 197 9
55 198 10
55 199 1
55 200 8
55 201 8
55 202 6
55 210 4
55 211 6
55 213 9
55 214 5
55 215 6
55 216 4
55 217 10
55 221 6
55 222 1
55 223 1
55 226 6
55 230 2
55 233 9
55 234 8
55 235 10
55 238 9
55 243 6
55 244 6
55 245 2
55 246 7
55 248 10
55 256 10
55 257 9
55 258 3
55 259 8
55 262 10
55 264 7
55 265 1
55 266 1
55 267 7
55 270 10
55 273 10
55 274 4
55 277 2
55 278 2
55 279 9
55 280 3
55 281 10
55 282 2
55 284 10
55 288 4
55 290 6
55 291 10
55 292 4
55 294 2
55 299 7
55 305 9
55 310 10
55 311 1
55 312 5
55 313 8
55 314 4
55 315 8
55 316 3
55 317 5
55 319 9
55 321 7
55 322 7
55 324 2
55 326 8
55 328 2
55 329 10
55 330 3
55 331 1
55 333 10
55 334 9
55 335 10
55 340 4
55 343 2
56 57 1
56 60 2
56 62 4
56 64 5
56 66 6
56 67 6
56 69 9
56 71 6
56 72 8
56 76 2
56 79 2
56 80 1
56 81 3
56 86 8
56 87 8
56 90 10
56 91 10
56 92 9
56 93 2
56 95 3
56 97 4
56 98 7
56 99 4
56 100 8
56 101 9
56 104 8
56 105 1
56 107 4
56 109 5
56 110 10
56 113 7
56 115 1
56 116 5
56 117 10
56 118 8
56 120 5
56 121 5
56 125 4
56 126 2
56 127 4
56 130 6
56 132 9
56 138 7
56 139 6
56 140 10
56 141 6
56 143 2
56 145 6
56 149 3
56 151 6
56 153 5
56 157 7
56 158 1
56 159 2
56 164 10
56 165 3
56 169 7
56 172 9
56 174 10
56 175 9
56 180 10
56 182 7
56 183 9
56 187 5
56 189 4
56 191 6
56 192 2
56 193 10
56 194 4
56 195 10
56 198 9
56 204 7
56 207 1
56 210 8
56 215 9
56 218 8
56 219 10
56 223 8
56 224 9
56 225 10
56 229 1
56 231 1
56 232 2
56 234 10
56 235 9
56 236 1
56 239 4
56 241 1
56 245 9
56 247 3
56 249 10
56 250 7
56 252 8
56 257 1
56 258 4
56 259 9
56 260 1
56 263 4
56 265 9
56 268 6
56 270 9
56 273 1
56 275 2
56 278 3
56 279 8
56 280 5
56 282 10
56 284 3
56 285 5
56 286 9
56 287 7
56 289 4
56 290 2
56 292 2
56 296 4
56 297 4
56 298 8
56 302 6
56 303 6
56 304 9
56 307 6
56 308 1
56 309 2
56 311 2
56 312 8
56 317 8
56 318 4
56 319 6
56 320 3
56 324 3
56 325 7
56 326 5
56 329 7
56 330 2
56 334 9
56 336 3
56 338 7
56 341 6
56 342 1
57 59 3
57 60 4
57 62 9
57 63 3
57 65 10
57 66 10
57 67 9
57 68 2
57 70 3
57 72 9
57 75 10
57 77 1
57 83 3
57 87 1
57 88 1
57 89 2
57 90 5
57 91 7
57 94 5
57 95 9
57 96 6
57 97 9
57 98 4
57 99 1
57 100 3
57 104 6
57 111 3
57 113 1
57 115 9
57 118 4
57 120 3
57 121 5
57 123 10
57 125 2
57 127 6
57 128 6
57 130 10
57 131 5
57 132 6
57 136 2
57 137 10
57 139 2
57 141 1
57 142 3
57 143 5
57 145 7
57 149 10
57 150 3
57 152 10
57 155 8
57 156 4
57 158 7
57 163 7
57 171 10
57 173 5
57 182 3
57 183 1
57 184 4
57 187 1
57 189 10
57 192 10
57 193 10
57 195 2
57 199 1
57 200 10
57 203 3
57 204 3
57 208 7
57 210 3
57 211 3
57 213 6
57 215 3
57 217 3
57 220 2
57 222 6
57 225 3
57 226 8
57 227 2
57 228 8
57 230 7
57 232 4
57 236 7
57 238 10
57 242 8
57 243 2
57 244 4
57 246 6
57 247 7
57 248 7
57 251 1
57 252 8
57 253 2
57 257 2
57 258 4
57 262 4
57 263 6
57 264 5
57 265 10
57 267 4
57 268 2
57 269 5
57 271 1
57 274 3
57 275 4
57 277 2
57 281 2
57 283 1
57 284 4
57 287 8
57 288 1
57 293 7
57 294 1
57 295 9
57 296 10
57 298 3
57 299 5
57 302 5
57 303 5
57 306 6
57 307 6
57 309 3
57 313 7
57 314 3
57 317 3
57 318 6
57 319 5
57 320 10
57 321 1
57 323 3
57 325 5
57 327 3
57 330 10
57 333 4
57 335 10
57 336 3
57 339 10
57 341 7
57 344 1
57 345 9
57 347 10
57 348 1
58 61 3
58 62 1
58 66 6
58 71 5
58 73 2
58 74 2
58 77 10
58 78 1
58 82 10
58 85 7
58 87 5
58 88 4
58 89 6
58 90 6
58 92 4
58 93 2
58 95 4
58 97 5
58 98 9
58 100 3
58 102 6
58 104 3
58 105 4
58 111 9
58 112 4
58 113 5
58 114 6
58 116 1
58 119 7
58 120 3
58 121 5
58 122 7
58 123 7
58 125 7
58 127 7
58 128 3
58 131 4
58 132 8
58 133 9
58 134 3
58 135 8
58 138 8
58 141 4
58 142 2
58 144 4
58 145 9
58 146 6
58 149 1
58 151 10
58 152 8
58 155 6
58 157 1
58 161 8
58 163 8
58 167 9
58 168 10
58 172 2
58 173 8
58 174 1
58 177 3
58 179 10
58 181 9
58 183 9
58 184 2
58 186 7
58 187 8
58 188 3
58 189 4
58 190 6
58 191 9
58 193 6
58 194 3
58 195 7
58 196 2
58 197 9
58 198 7
58 201 2
58 202 2
58 203 9
58 207 10
58 209 3
58 210 4
58 211 2
58 214 6
58 215 3
58 217 9
58 218 4
58 219 9
58 221 3
58 222 10
58 223 1
58 224 10
58 227 9
58 231 5
58 232 6
58 233 10
58 235 3
58 237 7
58 239 6
58 240 5
58 241 4
58 243 3
58 244 8
58 245 5
58 246 5
58 247 8
58 248 4
58 249 8
58 253 3
58 256 3
58 258 1
58 259 6
58 260 5
58 261 9
58 263 6
58 265 3
58 266 2
58 267 1
58 270 4
58 271 2
58 272 1
58 273 10
58 278 4
58 280 9
58 285 4
58 288 1
58 291 10
58 294 5
58 297 8
58 300 4
58 301 9
58 302 5
58 305 2
58 311 10
58 316 8
58 318 5
58 323 6
58 324 6
58 325 3
58 333 9
58 337 10
58 338 7
58 339 3
58 340 9
58 342 9
58 348 10
58 349 7
59 62 4
59 64 9
59 67 8
59 71 8
59 72 8
59 73 7
59 75 8
59 77 4
59 81 1
59 89 10
59 91 5
59 92 5
59 96 9
59 98 4
59 100 9
59 104 4
59 108 8
59 110 9
59 112 7
59 113 7
59 115 9
59 120 7
59 122 10
59 123 2
59 125 1
59 126 7
59 132 3
59 133 8
59 135 10
59 137 10
59 138 10
59 139 7
59 142 10
59 143 3
59 144 7
59 146 8
59 151 1
59 152 2
59 160 2
59 161 4
59 163 9
59 164 8
59 168 4
59 169 8
59 170 10
59 171 2
59 173 4
59 174 8
59 175 6
59 177 3
59 178 2
59 180 3
59 181 3
59 182 7
59 185 8
59 187 5
59 188 6
59 190 8
59 192 8
59 193 3
59 194 5
59 196 6
59 197 3
59 198 4
59 200 10
59 203 8
59 207 10
59 208 5
59 211 6
59 214 9
59 216 7
59 217 6
59 218 1
59 219 3
59 222 8
59 225 7
59 233 9
59 234 10
59 235 9
59 241 9
59 242 10
59 245 1
59 247 5
59 248 1
59 249 3
59 251 4
59 257 3
59 258 3
59 259 7
59 261 4
59 272 1
59 273 7
59 274 1
59 277 10
59 278 3
59 280 8
59 283 7
59 284 3
59 285 5
59 287 3
59 289 6
59 293 1
59 295 9
59 299 8
59 300 5
59 301 10
59 302 2
59 303 5
59 304 4
59 305 3
59 307 4
59 312 7
59 313 2
59 314 6
59 316 3
59 317 10
59 321 4
59 323 8
59 324 2
59 328 2
59 329 8
59 331 10
59 333 8
59 336 9
59 339 10
59 344 2
59 345 7
59 346 1
59 347 5
59 348 4
59 349 10
60 61 10
60 62 3
60 65 1
60 66 3
60 67 9
60 69 5
60 70 1
60 71 7
60 72 7
60 74 4
60 75 7
60 76 1
60 77 8
60 79 5
60 81 2
60 82 3
60 85 9
60 87 9
60 88 4
60 90 8
60 93 6
60 94 2
60 96 7
60 97 6
60 98 3
60 99 8
60 102 9
60 103 10
60 105 6
60 107 9
60 108 3
60 109 3
60 110 4
60 112 9
60 113 4
60 117 5
60 118 10
60 119 3
60 121 4
60 127 2
60 128 5
60 131 9
60 132 1
60 133 6
60 134 3
60 135 3
60 139 4
60 142 3
60 143 4
60 145 4
60 146 10
60 147 9
60 150 6
60 155 9
60 158 2
60 159 10
60 161 9
60 162 1
60 164 1
60 165 3
60 167 4
60 168 4
60 169 2
60 172 7
60 174 8
60 177 9
60 179 9
60 180 9
60 181 4
60 183 5
60 187 4
60 190 2
60 192 4
60 195 4
60 196 8
60 197 10
60 201 2
60 202 4
60 206 3
60 207 10
60 208 3
60 210 1
60 214 9
60 215 1
60 216 5
60 218 5
60 219 4
60 220 5
60 221 4
60 227 4
60 230 4
60 231 5
60 232 8
60 233 7
60 236 3
60 238 9
60 239 2
60 240 7
60 242 4
60 243 4
60 244 5
60 246 3
60 247 5
60 248 8
60 250 10
60 252 5
60 253 8
60 255 1
60 256 8
60 257 5
60 258 2
60 259 9
60 261 5
60 262 2
60 264 2
60 265 2
60 266 1
60 267 5
60 272 3
60 273 10
60 275 7
60 278 10
60 282 1
60 283 4
60 292 4
60 295 7
60 301 5
60 302 10
60 303 7
60 304 5
60 310 5
60 311 6
60 312 7
60 315 3
60 316 8
60 318 4
60 321 6
60 322 9
60 326 4
60 328 9
60 329 9
60 331 2
60 332 1
60 333 7
60 334 2
60 335 9
60 336 7
60 337 4
60 340 2
60 344 10
60 345 1
60 346 9
60 347 1
60 348 3
61 66 6
61 74 8
61 76 4
61 79 1
61 80 3
61 81 2
61 82 6
61 83 1
61 86 2
61 87 8
61 89 1
61 91 3
61 92 2
61 93 2
61 94 2
61 98 10
61 105 4
61 106 8
61 109 6
61 110 1
61 111 3
61 112 5
61 113 5
61 114 4
61 115 10
61 116 3
61 119 10
61 120 4
61 123 9
61 125 10
61 128 9
61 129 5
61 130 6
61 132 3
61 134 4
61 135 7
61 136 5
61 138 10
61 143 3
61 146 10
61 147 3
61 148 2
61 149 4
61 152 5
61 154 10
61 156 2
61 157 9
61 158 10
61 161 1
61 163 9
61 164 6
61 165 3
61 167 9
61 168 10
61 169 1
61 170 5
61 174 4
61 175 1
61 177 2
61 182 10
61 183 8
61 185 10
61 186 2
61 187 3
61 191 1
61 194 9
61 196 10
61 198 8
61 203 6
61 204 9
61 206 3
61 209 2
61 210 1
61 211 8
61 212 8
61 215 6
61 216 8
61 217 8
61 219 6
61 220 7
61 221 1
61 222 1
61 224 10
61 225 3
61 227 3
61 228 10
61 230 1
61 233 2
61 234 10
61 237 6
61 239 4
61 240 9
61 243 6
61 244 7
61 246 9
61 247 8
61 255 3
61 259 10
61 261 7
61 265 9
61 266 8
61 268 4
61 270 6
61 272 7
61 274 5
61 275 2
61 276 9
61 279 9
61 281 1
61 282 3
61 285 8
61 287 10
61 288 8
61 290 2
61 291 8
61 295 2
61 296 4
61 297 1
61 299 7
61 301 4
61 302 4
61 303 2
61 307 4
61 309 8
61 311 10
61 313 8
61 320 1
61 322 10
61 327 8
61 328 6
61 329 4
61 330 1
61 331 2
61 332 5
61 333 10
61 336 5
61 342 2
61 343 10
61 344 2
61 347 9
61 349 5
62 63 10
62 65 8
62 68 7
62 74 5
62 75 9
62 76 8
62 77 4
62 78 8
62 79 10
62 80 9
62 81 1
62 84 8
62 89 7
62 90 2
62 93 4
62 96 8
62 98 5
62 101 10
62 103 9
62 104 10
62 110 8
62 112 4
62 115 9
62 116 1
62 118 6
62 121 10
62 124 6
62 125 10
62 130 3
62 131 3
62 133 5
62 134 8
62 140 6
62 147 7
62 150 1
62 151 3
62 157 5
62 158 10
62 159 3
62 160 9
62 161 6
62 162 9
62 163 3
62 166 2
62 167 4
62 169 9
62 173 4
62 175 7
62 176 4
62 179 5
62 180 9
62 181 8
62 183 5
62 186 3
62 188 9
62 189 1
62 190 9
62 193 2
62 195 7
62 196 6
62 197 9
62 199 10
62 202 6
62 203 9
62 204 10
62 205 2
62 210 9
62 211 8
62 212 4
62 213 6
62 215 10
62 219 9
62 220 6
62 221 6
62 222 10
62 223 5
62 224 6
62 225 2
62 227 5
62 228 5
62 231 8
62 234 4
62 236 2
62 237 4
62 238 2
62 239 6
62 240 2
62 241 4
62 242 2
62 246 2
62 247 5
62 248 6
62 249 1
62 251 2
62 253 1
62 257 7
62 259 3
62 260 3
62 261 5
62 262 10
62 263 9
62 265 10
62 266 5
62 267 2
62 268 1
62 270 10
62 271 9
62 274 2
62 275 1
62 276 9
62 278 1
62 283 9
62 285 4
62 286 10
62 289 5
62 291 9
62 295 1
62 296 6
62 297 6
62 301 3
62 305 3
62 307 3
62 308 8
62 309 3
62 310 7
62 312 7
62 313 9
62 317 9
62 318 9
62 319 9
62 320 7
62 321 10
62 323 6
62 326 6
62 327 6
62 328 2
62 329 5
62 331 5
62 332 9
62 333 7
62 334 4
62 336 6
62 337 6
62 342 5
62 345 10
62 346 2
62 348 5
63 64 9
63 65 2
63 67 2
63 69 9
63 70 8
63 71 3
63 72 3
63 74 3
63 76 2
63 77 2
63 78 7
63 79 2
63 83 4
63 85 4
63 87 4
63 89 7
63 92 10
63 97 3
63 99 5
63 104 6
63 105 5
63 106 9
63 108 7
63 110 10
63 111 8
63 112 5
63 114 3
63 115 7
63 116 1
63 119 6
63 120 9
63 124 8
63 125 5
63 130 9
63 132 10
63 134 1
63 137 10
63 139 9
63 141 4
63 142 6
63 143 7
63 144 1
63 147 3
63 148 5
63 149 9
63 150 4
63 151 1
63 152 7
63 153 8
63 156 2
63 159 4
63 162 10
63 166 4
63 167 4
63 172 8
63 173 2
63 174 10
63 176 5
63 180 6
63 186 2
63 187 1
63 188 1
63 190 1
63 191 5
63 193 4
63 194 8
63 195 7
63 196 3
63 197 9
63 198 2
63 199 6
63 203 4
63 205 3
63 207 6
63 208 3
63 209 7
63 212 5
63 213 8
63 218 3
63 219 8
63 221 2
63 222 8
63 224 6
63 225 7
63 226 1
63 227 7
63 229 8
63 233 8
63 237 10
63 239 1
63 242 4
63 247 7
63 248 6
63 249 3
63 250 6
63 251 3
63 252 2
63 253 6
63 254 5
63 256 1
63 262 4
63 264 6
63 265 5
63 266 10
63 267 5
63 268 8
63 269 5
63 270 4
63 271 7
63 274 1
63 275 5
63 279 1
63 280 5
63 284 2
63 285 8
63 287 2
63 289 2
63 292 5
63 294 8
63 295 8
63 297 5
63 300 3
63 301 4
63 302 10
63 304 6
63 306 2
63 307 4
63 310 2
63 312 2
63 313 3
63 314 6
63 316 7
63 319 8
63 320 9
63 323 8
63 325 7
63 331 4
63 333 10
63 334 10
63 337 1
63 338 4
63 339 7
63 340 5
63 343 3
63 344 7
63 346 4
63 347 3
64 66 4
64 68 5
64 76 8
64 77 4
64 79 7
64 81 6
64 83 7
64 84 6
64 86 2
64 87 6
64 88 9
64 92 3
64 94 10
64 95 4
64 96 8
64 97 9
64 100 4
64 103 8
64 106 10
64 108 8
64 112 4
64 115 6
64 116 2
64 117 3
64 123 7
64 125 3
64 126 6
64 127 2
64 128 2
64 130 7
64 133 9
64 134 3
64 135 6
64 138 2
64 139 3
64 140 2
64 142 6
64 143 8
64 144 9
64 145 1
64 147 8
64 148 7
64 149 8
64 150 9
64 152 6
64 153 8
64 154 3
64 157 2
64 158 1
64 159 4
64 160 2
64 161 6
64 165 8
64 168 7
64 169 5
64 172 7
64 174 3
64 175 1
64 176 7
64 177 10
64 182 9
64 184 5
64 185 5
64 186 8
64 189 8
64 190 1
64 191 1
64 192 9
64 193 8
64 194 9
64 195 1
64 197 6
64 199 2
64 200 8
64 201 2
64 204 10
64 205 10
64 207 1
64 209 10
64 210 1
64 211 10
64 213 10
64 214 2
64 215 10
64 216 9
64 217 1
64 218 8
64 220 2
64 223 3
64 225 6
64 226 3
64 227 9
64 229 10
64 230 3
64 231 7
64 233 4
64 234 7
64 235 10
64 236 8
64 240 3
64 241 6
64 244 2
64 247 7
64 248 3
64 250 2
64 252 3
64 254 4
64 257 9
64 260 2
64 261 3
64 263 3
64 265 1
64 267 1
64 268 8
64 269 6
64 270 2
64 272 9
64 275 1
64 277 4
64 278 10
64 279 2
64 283 5
64 284 1
64 287 2
64 288 10
64 289 10
64 290 3
64 292 4
64 296 8
64 297 10
64 298 4
64 300 7
64 301 3
64 305 10
64 308 9
64 309 4
64 312 2
64 313 10
64 314 3
64 316 4
64 318 1
64 320 4
64 324 3
64 325 7
64 326 9
64 327 8
64 329 7
64 331 10
64 332 4
64 333 1
64 334 6
64 336 8
64 337 8
64 340 8
64 341 6
64 344 2
64 346 6
64 347 5
64 348 6
65 71 4
65 73 6
65 74 6
65 78 3
65 79 3
65 80 3
65 81 7
65 82 4
65 88 4
65 89 10
65 91 10
65 93 5
65 94 5
65 96 4
65 97 7
65 100 9
65 106 2
65 108 8
65 109 10
65 110 5
65 111 3
65 112 4
65 117 3
65 118 2
65 127 5
65 128 10
65 129 4
65 134 2
65 135 2
65 140 9
65 141 1
65 142 10
65 143 9
65 144 2
65 150 9
65 153 10
65 156 7
65 157 10
65 160 3
65 161 4
65 162 1
65 163 1
65 166 10
65 167 1
65 168 6
65 170 6
65 172 3
65 175 4
65 182 5
65 184 5
65 185 4
65 187 5
65 190 8
65 191 3
65 192 9
65 198 5
65 200 9
65 206 2
65 207 4
65 210 8
65 211 2
65 213 9
65 215 2
65 217 9
65 223 1
65 224 2
65 225 2
65 226 2
65 233 3
65 236 8
65 237 1
65 240 3
65 243 2
65 244 5
65 245 8
65 247 9
65 249 3
65 253 9
65 254 3
65 255 4
65 256 1
65 257 10
65 258 4
65 259 1
65 261 6
65 265 4
65 268 7
65 269 7
65 271 5
65 274 3
65 277 5
65 278 3
65 279 9
65 281 5
65 284 8
65 286 2
65 287 2
65 288 9
65 289 10
65 292 10
65 293 9
65 294 9
65 297 5
65 300 2
65 301 9
65 303 9
65 305 4
65 306 7
65 307 8
65 310 7
65 311 1
65 313 3
65 315 1
65 317 6
65 318 9
65 324 3
65 327 3
65 328 6
65 330 8
65 331 4
65 333 4
65 335 6
65 338 7
65 339 5
65 340 9
65 341 4
65 344 5
65 346 2
65 349 10
66 70 10
66 71 7
66 72 4
66 74 3
66 75 1
66 76 6
66 78 8
66 79 4
66 80 1
66 81 9
66 84 2
66 86 3
66 91 9
66 96 2
66 100 7
66 103 9
66 104 3
66 106 10
66 107 10
66 108 7
66 110 3
66 115 2
66 116 7
66 118 7
66 120 8
66 122 4
66 123 7
66 125 10
66 126 5
66 130 7
66 133 3
66 141 2
66 142 2
66 143 4
66 145 4
66 146 7
66 149 2
66 154 8
66 155 2
66 158 5
66 160 10
66 163 3
66 164 9
66 165 9
66 166 8
66 168 10
66 169 3
66 173 4
66 175 6
66 182 8
66 184 1
66 187 3
66 189 2
66 191 9
66 192 9
66 193 9
66 197 3
66 203 3
66 204 4
66 206 3
66 207 4
66 208 10
66 209 9
66 210 7
66 211 1
66 213 4
66 214 1
66 215 6
66 216 9
66 217 1
66 219 8
66 221 4
66 222 7
66 223 1
66 227 2
66 228 2
66 232 5
66 233 3
66 234 4
66 235 1
66 236 1
66 237 5
66 238 2
66 239 4
66 241 9
66 242 10
66 244 7
66 245 5
66 246 3
66 247 3
66 249 6
66 250 7
66 251 8
66 256 5
66 257 7
66 266 3
66 269 8
66 271 7
66 272 6
66 273 5
66 275 3
66 278 3
66 279 10
66 280 5
66 284 9
66 286 8
66 290 8
66 293 7
66 294 8
66 295 5
66 296 7
66 297 1
66 298 2
66 300 1
66 301 1
66 303 1
66 304 7
66 305 8
66 310 7
66 312 2
66 313 4
66 314 9
66 318 7
66 322 5
66 326 1
66 327 6
66 329 6
66 330 2
66 332 3
66 334 4
66 337 7
66 338 5
66 339 10
66 341 2
66 342 2
66 343 4
66 345 10
66 349 1
67 69 10
67 70 8
67 73 9
67 76 4
67 78 4
67 80 6
67 86 4
67 87 7
67 89 2
67 90 8
67 91 10
67 92 1
67 93 6
67 94 5
67 95 8
67 96 6
67 97 3
67 98 3
67 99 9
67 101 8
67 102 7
67 103 1
67 106 1
67 107 8
67 109 7
67 110 5
67 111 9
67 112 3
67 114 2
67 117 7
67 123 8
67 125 8
67 131 1
67 135 8
67 136 5
67 137 10
67 141 8
67 143 8
67 144 9
67 146 5
67 147 3
67 148 9
67 150 7
67 151 1
67 152 6
67 153 2
67 154 8
67 156 5
67 157 4
67 158 5
67 159 5
67 160 7
67 161 10
67 164 3
67 166 6
67 167 9
67 169 2
67 174 3
67 177 10
67 178 9
67 180 3
67 183 8
67 184 1
67 185 10
67 187 7
67 188 9
67 190 6
67 191 10
67 192 7
67 194 5
67 195 3
67 197 5
67 199 5
67 200 10
67 201 4
67 205 5
67 206 6
67 209 8
67 210 4
67 211 10
67 213 8
67 214 2
67 218 8
67 219 4
67 220 3
67 224 8
67 225 1
67 229 4
67 230 7
67 231 5
67 232 9
67 233 5
67 234 8
67 236 7
67 239 3
67 240 5
67 241 7
67 242 9
67 244 10
67 245 10
67 247 2
67 248 6
67 250 9
67 252 3
67 253 2
67 254 2
67 255 10
67 256 4
67 259 4
67 260 8
67 261 3
67 262 7
67 263 6
67 264 3
67 265 2
67 266 8
67 267 7
67 268 6
67 269 8
67 270 1
67 271 9
67 272 7
67 276 2
67 277 9
67 281 4
67 282 9
67 284 3
67 286 1
67 290 9
67 294 4
67 295 1
67 296 2
67 299 10
67 300 8
67 302 6
67 304 9
67 306 2
67 308 6
67 309 4
67 310 6
67 312 8
67 313 3
67 316 5
67 317 7
67 320 4
67 322 2
67 323 1
67 324 6
67 328 6
67 330 3
67 333 9
67 334 6
67 337 9
67 342 2
67 345 3
67 346 9
67 347 5
67 348 6
68 69 2
68 73 6
68 74 1
68 75 8
68 77 4
68 79 4
68 81 1
68 84 1
68 85 7
68 86 2
68 91 6
68 93 6
68 94 2
68 95 3
68 98 7
68 99 8
68 101 7
68 102 4
68 105 5
68 107 9
68 108 9
68 112 2
68 113 1
68 115 5
68 119 10
68 120 6
68 121 4
68 123 8
68 126 8
68 127 9
68 130 1
68 132 9
68 134 9
68 135 4
68 136 7
68 138 4
68 140 3
68 142 10
68 146 3
68 147 1
68 149 10
68 152 10
68 155 10
68 156 2
68 157 4
68 160 2
68 161 3
68 163 6
68 164 7
68 167 8
68 170 5
68 172 8
68 173 7
68 174 9
68 176 3
68 179 9
68 181 8
68 190 3
68 193 3
68 196 6
68 197 4
68 201 8
68 204 6
68 205 6
68 206 8
68 207 3
68 210 7
68 211 5
68 219 4
68 220 9
68 222 6
68 223 4
68 225 5
68 226 3
68 230 3
68 231 9
68 236 6
68 239 1
68 240 6
68 241 3
68 243 4
68 248 6
68 249 4
68 252 3
68 255 1
68 256 5
68 257 10
68 260 2
68 263 3
68 264 4
68 269 4
68 270 10
68 277 3
68 279 7
68 280 6
68 283 9
68 284 7
68 285 10
68 287 6
68 289 8
68 290 10
68 291 8
68 292 5
68 293 8
68 297 6
68 298 2
68 299 7
68 302 7
68 304 2
68 305 9
68 306 8
68 308 8
68 309 2
68 310 2
68 311 4
68 313 7
68 315 7
68 317 7
68 319 2
68 320 2
68 321 1
68 322 7
68 323 10
68 326 5
68 329 2
68 330 1
68 331 9
68 333 5
68 337 3
68 343 8
68 345 7
68 346 8
68 349 8
69 72 4
69 73 4
69 75 4
69 76 2
69 79 1
69 83 4
69 85 3
69 89 8
69 90 5
69 94 7
69 96 6
69 97 4
69 98 2
69 99 1
69 100 3
69 101 8
69 102 10
69 103 7
69 104 2
69 105 4
69 107 8
69 109 9
69 113 7
69 115 6
69 116 3
69 117 10
69 118 2
69 121 5
69 123 6
69 124 8
69 126 1
69 129 5
69 130 4
69 131 4
69 135 9
69 136 5
69 138 5
69 139 5
69 140 9
69 141 8
69 142 5
69 145 10
69 147 5
69 150 5
69 151 1
69 153 7
69 154 3
69 157 8
69 158 1
69 162 10
69 167 10
69 169 10
69 171 7
69 173 4
69 175 5
69 179 5
69 180 6
69 181 3
69 183 6
69 185 8
69 187 4
69 188 2
69 193 4
69 198 10
69 200 3
69 201 6
69 202 9
69 203 5
69 204 8
69 205 2
69 208 10
69 209 6
69 210 6
69 211 5
69 213 5
69 214 4
69 215 2
69 220 10
69 223 3
69 226 6
69 231 6
69 238 7
69 240 4
69 241 7
69 242 3
69 248 1
69 249 1
69 250 8
69 252 2
69 253 8
69 254 1
69 255 7
69 257 10
69 261 7
69 263 5
69 264 1
69 266 10
69 271 10
69 272 2
69 275 6
69 280 2
69 281 9
69 284 10
69 288 7
69 292 1
69 295 10
69 297 2
69 300 2
69 301 1
69 302 7
69 303 4
69 304 9
69 305 4
69 307 1
69 309 10
69 310 7
69 316 6
69 317 3
69 319 3
69 320 2
69 321 8
69 327 3
69 328 4
69 329 3
69 331 4
69 337 8
69 338 6
69 342 10
69 344 3
70 73 1
70 74 1
70 75 2
70 77 2
70 79 3
70 80 10
70 81 1
70 82 10
70 84 3
70 85 10
70 86 9
70 88 2
70 89 2
70 90 1
70 92 4
70 94 8
70 97 4
70 98 6
70 101 2
70 102 5
70 103 10
70 105 3
70 109 8
70 111 2
70 114 8
70 118 2
70 122 9
70 123 2
70 124 7
70 125 7
70 126 2
70 127 9
70 130 8
70 132 9
70 134 4
70 138 5
70 142 9
70 143 8
70 145 3
70 151 5
70 152 4
70 153 4
70 156 6
70 157 4
70 162 1
70 163 5
70 164 1
70 165 6
70 166 9
70 167 3
70 168 1
70 169 2
70 170 1
70 176 1
70 180 6
70 181 3
70 182 2
70 185 1
70 187 8
70 192 5
70 194 2
70 195 7
70 196 5
70 198 1
70 201 5
70 202 3
70 203 4
70 204 6
70 208 8
70 209 7
70 214 7
70 215 6
70 222 8
70 224 5
70 226 5
70 227 2
70 228 7
70 231 8
70 233 5
70 237 10
70 240 5
70 242 5
70 245 7
70 247 3
70 249 2
70 250 5
70 251 2
70 252 2
70 253 8
70 254 5
70 256 6
70 259 5
70 261 5
70 262 10
70 263 3
70 264 3
70 265 4
70 266 1
70 268 4
70 269 5
70 270 8
70 271 7
70 273 8
70 276 9
70 277 4
70 278 3
70 279 4
70 280 6
70 283 3
70 285 5
70 287 5
70 289 7
70 290 6
70 292 7
70 295 5
70 296 3
70 297 10
70 301 7
70 304 1
70 305 8
70 307 7
70 312 2
70 314 6
70 315 4
70 317 7
70 318 10
70 319 9
70 320 8
70 321 6
70 322 8
70 323 7
70 324 4
70 326 9
70 328 8
70 330 2
70 331 1
70 332 1
70 334 3
70 337 2
70 338 2
70 340 1
70 341 7
70 342 9
70 343 10
70 344 9
70 345 2
70 346 7
70 347 6
71 73 6
71 77 3
71 78 2
71 79 2
71 80 10
71 81 4
71 82 3
71 83 10
71 84 8
71 87 5
71 89 6
71 90 8
71 91 5
71 94 5
71 95 4
71 96 8
71 97 7
71 98 3
71 101 3
71 105 6
71 107 10
71 109 2
71 111 10
71 112 3
71 113 8
71 114 1
71 116 9
71 117 10
71 121 5
71 122 2
71 124 5
71 126 5
71 128 8
71 129 2
71 130 4
71 131 1
71 132 10
71 135 9
71 137 9
71 139 8
71 141 10
71 142 4
71 143 3
71 144 5
71 146 1
71 148 8
71 150 7
71 151 4
71 153 6
71 156 6
71 157 8
71 159 7
71 160 6
71 161 6
71 162 4
71 163 2
71 164 4
71 165 7
71 166 6
71 169 2
71 171 8
71 173 10
71 174 2
71 175 7
71 176 7
71 178 7
71 181 5
71 182 5
71 183 1
71 185 7
71 186 5
71 190 5
71 191 9
71 192 3
71 196 7
71 200 10
71 201 4
71 202 9
71 203 4
71 205 5
71 206 7
71 207 4
71 209 4
71 210 9
71 212 6
71 214 1
71 215 4
71 220 9
71 221 10
71 222 7
71 224 2
71 225 4
71 228 6
71 233 6
71 236 5
71 240 6
71 246 6
71 247 9
71 250 5
71 252 1
71 253 1
71 254 4
71 255 4
71 256 9
71 262 3
71 263 7
71 265 10
71 268 4
71 270 6
71 272 1
71 274 6
71 275 10
71 281 8
71 282 2
71 286 6
71 289 8
71 290 4
71 291 2
71 292 7
71 294 6
71 295 4
71 296 10
71 297 7
71 299 5
71 300 5
71 302 1
71 303 3
71 307 4
71 310 10
71 313 2
71 314 10
71 317 7
71 318 6
71 324 8
71 326 10
71 327 7
71 329 3
71 330 6
71 331 9
71 336 1
71 337 6
71 342 8
71 345 10
71 346 2
71 347 1
71 349 4
72 74 7
72 76 3
72 77 8
72 79 7
72 81 9
72 82 1
72 84 2
72 85 5
72 88 8
72 91 10
72 92 7
72 93 9
72 94 9
72 95 4
72 99 3
72 102 7
72 103 8
72 106 3
72 110 1
72 111 7
72 112 10
72 113 4
72 115 8
72 116 10
72 117 5
72 122 3
72 123 6
72 125 9
72 127 7
72 132 8
72 134 4
72 138 2
72 139 7
72 142 5
72 145 3
72 146 7
72 147 5
72 148 7
72 149 1
72 150 10
72 151 6
72 152 8
72 154 8
72 157 5
72 159 4
72 160 2
72 162 2
72 164 10
72 165 2
72 166 9
72 167 3
72 170 6
72 172 7
72 173 7
72 176 9
72 180 1
72 181 8
72 182 3
72 185 8
72 186 3
72 187 6
72 192 1
72 194 10
72 195 1
72 196 3
72 198 6
72 200 6
72 202 6
72 204 4
72 206 4
72 208 5
72 209 5
72 210 2
72 211 5
72 213 10
72 214 9
72 216 4
72 217 7
72 219 7
72 221 1
72 222 6
72 223 10
72 224 1
72 225 5
72 226 4
72 228 2
72 229 2
72 230 8
72 231 10
72 232 4
72 233 7
72 236 4
72 239 8
72 242 6
72 248 8
72 249 9
72 252 6
72 253 2
72 256 3
72 257 10
72 261 1
72 263 5
72 264 7
72 265 2
72 267 7
72 268 8
72 269 6
72 271 6
72 273 9
72 276 3
72 278 4
72 282 2
72 283 1
72 284 7
72 286 2
72 289 1
72 292 2
72 297 3
72 298 4
72 299 1
72 300 2
72 301 2
72 303 8
72 304 10
72 306 1
72 307 2
72 309 9
72 311 5
72 313 1
72 316 7
72 319 4
72 320 2
72 321 10
72 323 1
72 325 5
72 326 3
72 330 7
72 331 1
72 334 5
72 338 6
72 342 9
72 344 10
72 347 4
72 348 10
73 75 4
73 76 1
73 77 3
73 80 10
73 81 7
73 85 7
73 86 9
73 89 8
73 92 2
73 94 6
73 97 1
73 99 1
73 100 10
73 101 7
73 105 3
73 106 5
73 107 7
73 111 5
73 113 2
73 115 10
73 116 7
73 117 5
73 121 4
73 123 10
73 126 3
73 133 9
73 136 8
73 141 2
73 144 5
73 145 10
73 148 2
73 149 10
73 150 8
73 151 9
73 152 10
73 153 4
73 155 3
73 157 6
73 158 7
73 159 5
73 160 4
73 161 1
73 163 4
73 166 6
73 167 5
73 168 8
73 169 8
73 170 1
73 171 2
73 175 2
73 176 1
73 178 6
73 180 8
73 182 8
73 183 6
73 184 4
73 187 4
73 188 9
73 189 7
73 190 2
73 191 3
73 193 9
73 195 10
73 197 1
73 198 7
73 200 10
73 201 2
73 204 10
73 207 6
73 208 1
73 209 5
73 210 6
73 211 1
73 213 9
73 214 9
73 217 2
73 218 5
73 219 8
73 220 7
73 223 6
73 224 1
73 225 1
73 226 8
73 229 10
73 233 10
73 234 9
73 235 8
73 236 6
73 237 1
73 238 2
73 239 3
73 240 9
73 244 1
73 245 9
73 246 3
73 247 1
73 249 3
73 251 2
73 252 5
73 253 9
73 254 5
73 255 9
73 256 1
73 260 2
73 263 1
73 264 5
73 265 6
73 267 7
73 270 5
73 272 1
73 273 1
73 275 7
73 277 5
73 279 5
73 280 1
73 281 5
73 283 2
73 285 9
73 286 8
73 288 2
73 290 7
73 295 6
73 296 6
73 300 2
73 301 6
73 304 5
73 307 7
73 308 9
73 309 10
73 312 7
73 314 4
73 315 7
73 317 5
73 323 3
73 324 3
73 325 9
73 326 8
73 327 10
73 328 10
73 330 2
73 331 8
73 333 10
73 334 5
73 336 2
73 338 3
73 339 10
73 341 7
73 342 8
73 343 3
73 344 4
73 345 8
73 348 5
74 75 8
74 76 3
74 77 6
74 78 10
74 79 2
74 80 7
74 83 3
74 84 2
74 87 6
74 89 9
74 91 2
74 92 8
74 93 9
74 94 10
74 95 9
74 96 5
74 98 9
74 99 1
74 104 6
74 105 10
74 107 3
74 108 6
74 109 8
74 112 7
74 114 5
74 115 10
74 118 1
74 120 10
74 122 3
74 125 10
74 126 1
74 128 10
74 129 10
74 130 9
74 134 4
74 135 4
74 136 2
74 137 8
74 141 1
74 143 8
74 145 2
74 146 8
74 149 8
74 152 3
74 156 1
74 157 10
74 158 6
74 159 6
74 160 10
74 165 7
74 166 9
74 167 4
74 168 3
74 169 3
74 170 3
74 172 2
74 174 10
74 175 9
74 177 1
74 178 9
74 179 3
74 180 9
74 181 2
74 182 8
74 184 4
74 185 7
74 186 5
74 187 10
74 189 3
74 192 5
74 194 7
74 198 10
74 200 6
74 201 2
74 207 7
74 211 6
74 213 1
74 215 9
74 217 5
74 218 2
74 221 6
74 222 8
74 226 10
74 227 2
74 228 8
74 230 9
74 231 9
74 234 3
74 236 10
74 237 4
74 239 1
74 240 5
74 246 9
74 247 9
74 248 2
74 249 3
74 251 8
74 258 7
74 259 4
74 260 3
74 263 6
74 265 3
74 266 9
74 268 6
74 270 4
74 273 9
74 277 3
74 280 8
74 285 8
74 288 4
74 290 6
74 292 10
74 295 5
74 297 10
74 298 5
74 301 3
74 302 9
74 303 6
74 304 6
74 305 2
74 310 7
74 312 5
74 317 7
74 318 10
74 319 6
74 320 1
74 321 3
74 322 7
74 323 5
74 325 1
74 328 9
74 330 6
74 332 6
74 333 5
74 334 5
74 336 8
74 338 3
74 341 9
74 342 3
74 343 1
74 345 10
74 346 8
74 347 10
74 349 5
75 79 2
75 83 9
75 85 2
75 86 3
75 88 6
75 91 7
75 92 7
75 95 4
75 96 3
75 100 3
75 101 5
75 105 9
75 107 4
75 108 1
75 109 8
75 112 1
75 113 10
75 114 5
75 115 5
75 116 7
75 117 10
75 118 7
75 122 1
75 123 2
75 125 2
75 128 8
75 129 5
75 132 2
75 133 3
75 136 3
75 139 10
75 141 6
75 142 2
75 144 3
75 146 9
75 149 3
75 150 9
75 151 1
75 153 1
75 154 1
75 156 9
75 157 1
75 158 3
75 159 8
75 161 7
75 162 8
75 166 4
75 171 5
75 176 10
75 179 9
75 182 10
75 183 6
75 187 5
75 189 9
75 190 8
75 191 2
75 192 8
75 195 3
75 196 1
75 198 8
75 201 1
75 205 7
75 206 4
75 214 10
75 215 5
75 217 3
75 219 2
75 220 9
75 221 2
75 224 2
75 226 9
75 228 1
75 230 9
75 231 8
75 233 3
75 234 1
75 237 5
75 241 10
75 245 6
75 247 9
75 248 8
75 250 8
75 251 9
75 252 3
75 253 8
75 254 5
75 256 9
75 258 10
75 260 2
75 261 2
75 264 6
75 265 4
75 266 1
75 267 3
75 276 4
75 277 2
75 280 10
75 283 5
75 285 3
75 286 6
75 287 9
75 288 9
75 291 3
75 295 1
75 296 3
75 298 3
75 300 3
75 301 6
75 303 1
75 304 2
75 306 1
75 308 2
75 312 2
75 313 2
75 314 9
75 319 10
75 320 10
75 321 9
75 322 7
75 325 10
75 328 6
75 329 3
75 330 10
75 332 1
75 337 8
75 338 7
75 342 10
75 345 3
75 346 8
75 348 4
75 349 9
76 77 2
76 80 10
76 81 10
76 82 8
76 83 2
76 87 6
76 90 1
76 92 8
76 93 8
76 96 5
76 99 8
76 103 9
76 104 10
76 106 1
76 111 7
76 112 10
76 115 10
76 118 3
76 119 6
76 121 6
76 122 3
76 123 2
76 124 3
76 126 8
76 129 8
76 130 5
76 132 4
76 134 7
76 136 5
76 140 4
76 141 5
76 145 4
76 146 5
76 147 8
76 150 8
76 151 10
76 153 10
76 154 7
76 155 8
76 158 10
76 160 7
76 163 2
76 165 10
76 168 5
76 169 4
76 173 10
76 175 4
76 176 9
76 177 3
76 178 6
76 181 5
76 183 8
76 185 7
76 186 4
76 188 6
76 194 5
76 195 8
76 199 5
76 200 4
76 202 3
76 203 10
76 204 4
76 206 4
76 207 3
76 209 7
76 213 8
76 217 1
76 219 4
76 221 10
76 222 5
76 226 5
76 230 6
76 231 8
76 233 5
76 234 5
76 237 8
76 239 7
76 240 9
76 242 3
76 243 4
76 245 7
76 249 1
76 250 7
76 251 5
76 252 3
76 253 4
76 254 7
76 255 3
76 256 3
76 258 5
76 260 1
76 263 7
76 264 7
76 267 4
76 269 6
76 271 9
76 273 9
76 274 9
76 275 10
76 277 2
76 279 1
76 282 4
76 283 4
76 284 4
76 285 2
76 286 4
76 288 4
76 291 7
76 292 8
76 297 7
76 302 2
76 305 10
76 306 8
76 308 10
76 309 6
76 310 3
76 313 6
76 314 5
76 316 9
76 317 5
76 318 6
76 319 4
76 320 7
76 324 4
76 326 4
76 328 5
76 329 1
76 330 4
76 332 8
76 334 4
76 336 3
76 337 3
76 338 10
76 339 2
76 340 6
76 341 6
76 342 6
76 343 10
76 344 7
76 347 5
76 349 7
77 80 1
77 85 7
77 87 6
77 88 2
77 90 6
77 92 5
77 94 9
77 97 7
77 98 5
77 100 6
77 101 9
77 102 8
77 103 4
77 105 7
77 106 10
77 107 5
77 113 5
77 115 3
77 116 1
77 118 5
77 123 7
77 125 9
77 126 8
77 127 5
77 129 3
77 130 8
77 131 6
77 133 5
77 135 3
77 136 3
77 138 8
77 139 10
77 141 1
77 142 7
77 143 4
77 146 3
77 147 3
77 148 2
77 151 8
77 154 4
77 155 8
77 158 7
77 160 8
77 161 6
77 162 4
77 163 10
77 166 10
77 167 5
77 169 7
77 170 2
77 171 10
77 172 8
77 173 4
77 175 4
77 176 8
77 178 5
77 185 1
77 186 7
77 189 8
77 190 2
77 192 8
77 193 3
77 194 8
77 196 9
77 197 10
77 199 2
77 200 4
77 201 4
77 202 3
77 204 8
77 205 7
77 206 10
77 207 2
77 213 3
77 214 4
77 216 9
77 217 10
77 218 1
77 221 7
77 222 7
77 224 5
77 226 5
77 228 9
77 230 1
77 232 6
77 233 5
77 236 4
77 237 4
77 238 8
77 241 10
77 245 2
77 246 9
77 250 8
77 256 9
77 257 8
77 261 5
77 262 5
77 264 4
77 265 5
77 267 2
77 268 5
77 270 4
77 271 7
77 272 4
77 274 3
77 275 10
77 277 1
77 279 3
77 280 4
77 281 8
77 282 10
77 287 2
77 289 4
77 291 2
77 292 2
77 294 2
77 296 2
77 297 7
77 299 4
77 300 9
77 302 10
77 304 9
77 305 10
77 310 1
77 311 8
77 312 7
77 313 6
77 315 6
77 316 4
77 318 7
77 320 3
77 322 5
77 324 9
77 325 7
77 326 8
77 327 9
77 329 8
77 330 9
77 331 4
77 333 10
77 334 4
77 336 2
77 340 5
77 341 1
77 342 6
77 343 4
77 344 5
77 346 5
77 348 6
78 79 8
78 80 6
78 84 5
78 85 4
78 86 2
78 89 10
78 90 3
78 91 9
78 93 5
78 96 1
78 97 9
78 100 2
78 101 1
78 103 3
78 106 5
78 107 1
78 108 5
78 110 4
78 111 6
78 112 6
78 114 1
78 115 8
78 116 1
78 117 3
78 118 4
78 119 3
78 120 10
78 123 2
78 124 9
78 125 10
78 127 4
78 134 3
78 136 6
78 139 1
78 141 7
78 142 5
78 143 4
78 144 3
78 147 3
78 148 4
78 149 7
78 150 4
78 151 5
78 152 6
78 153 5
78 158 2
78 159 3
78 160 4
78 161 7
78 166 9
78 167 7
78 168 5
78 170 8
78 171 8
78 176 1
78 177 3
78 178 4
78 180 4
78 181 9
78 182 9
78 185 2
78 186 5
78 187 2
78 188 2
78 190 2
78 193 6
78 194 8
78 195 1
78 197 9
78 198 9
78 199 3
78 202 2
78 203 7
78 204 7
78 205 10
78 206 3
78 207 5
78 210 10
78 211 5
78 213 6
78 214 7
78 218 3
78 219 9
78 220 5
78 221 10
78 222 3
78 223 7
78 224 4
78 225 7
78 226 8
78 227 2
78 229 5
78 230 6
78 233 2
78 235 7
78 236 3
78 237 5
78 241 6
78 243 6
78 244 9
78 245 1
78 246 3
78 252 8
78 255 1
78 256 8
78 258 5
78 261 5
78 262 10
78 266 3
78 271 4
78 273 8
78 274 7
78 275 3
78 276 2
78 277 8
78 279 2
78 283 1
78 284 4
78 285 10
78 286 1
78 287 3
78 289 2
78 291 5
78 294 8
78 295 7
78 297 1
78 298 2
78 304 4
78 305 7
78 308 1
78 309 10
78 311 7
78 312 3
78 313 7
78 317 7
78 321 7
78 324 2
78 325 10
78 330 7
78 331 1
78 333 4
78 334 1
78 337 7
78 338 3
78 342 1
78 345 5
78 348 1
79 80 3
79 85 10
79 89 1
79 90 7
79 92 8
79 93 3
79 94 5
79 95 8
79 97 9
79 98 9
79 101 8
79 102 4
79 104 7
79 107 5
79 108 8
79 110 2
79 112 7
79 113 5
79 114 8
79 115 3
79 116 5
79 118 9
79 119 3
79 123 7
79 127 3
79 128 6
79 129 1
79 132 1
79 136 7
79 138 10
79 141 8
79 143 7
79 147 8
79 148 1
79 149 3
79 150 8
79 155 3
79 156 10
79 158 5
79 160 6
79 161 9
79 165 3
79 166 7
79 167 8
79 170 8
79 172 5
79 173 9
79 175 4
79 177 6
79 180 9
79 183 1
79 186 1
79 191 3
79 194 4
79 197 4
79 199 1
79 200 10
79 202 6
79 204 4
79 205 3
79 206 1
79 207 1
79 208 1
79 209 3
79 210 4
79 212 3
79 217 6
79 221 9
79 223 1
79 225 3
79 226 4
79 227 9
79 229 5
79 232 8
79 233 5
79 234 5
79 237 6
79 240 7
79 241 6
79 244 8
79 246 10
79 247 1
79 249 5
79 254 10
79 255 2
79 258 1
79 259 7
79 260 2
79 264 4
79 265 4
79 267 9
79 274 8
79 275 2
79 278 9
79 279 9
79 280 9
79 282 1
79 285 8
79 287 1
79 288 2
79 289 3
79 292 6
79 293 2
79 294 7
79 295 7
79 296 3
79 297 3
79 299 6
79 300 9
79 303 3
79 308 4
79 309 7
79 311 9
79 312 3
79 313 9
79 314 7
79 316 1
79 317 2
79 321 8
79 322 10
79 323 2
79 324 1
79 327 2
79 329 1
79 330 9
79 331 9
79 334 4
79 335 10
79 337 8
79 339 2
79 340 10
79 341 9
79 342 6
79 343 8
79 346 10
80 89 4
80 90 1
80 93 7
80 94 1
80 95 2
80 96 7
80 98 5
80 99 2
80 100 1
80 103 10
80 106 8
80 107 4
80 109 5
80 114 6
80 115 8
80 117 4
80 120 10
80 121 10
80 123 10
80 128 6
80 129 9
80 133 9
80 135 1
80 140 9
80 141 5
80 142 10
80 143 4
80 144 7
80 145 5
80 147 7
80 149 7
80 150 10
80 151 6
80 152 5
80 153 5
80 156 8
80 157 4
80 158 1
80 162 5
80 164 10
80 167 3
80 171 6
80 174 8
80 175 7
80 176 1
80 179 7
80 180 6
80 182 1
80 185 10
80 186 8
80 187 9
80 188 10
80 189 2
80 190 1
80 191 7
80 197 3
80 198 6
80 199 7
80 205 8
80 209 7
80 211 7
80 212 1
80 213 1
80 214 4
80 215 5
80 217 7
80 218 1
80 220 10
80 223 7
80 226 10
80 227 1
80 230 7
80 233 8
80 236 5
80 237 7
80 238 1
80 239 2
80 242 4
80 243 4
80 244 8
80 246 5
80 251 10
80 254 3
80 255 9
80 256 2
80 257 6
80 258 2
80 261 10
80 262 8
80 263 9
80 264 1
80 265 5
80 266 9
80 267 3
80 268 8
80 271 8
80 273 10
80 274 1
80 275 4
80 281 8
80 282 3
80 284 5
80 285 10
80 286 5
80 287 3
80 288 2
80 290 3
80 293 5
80 294 8
80 295 6
80 297 3
80 299 9
80 300 9
80 301 5
80 302 3
80 303 6
80 305 4
80 307 7
80 308 3
80 309 10
80 310 3
80 311 3
80 312 9
80 313 1
80 314 10
80 315 8
80 317 7
80 321 8
80 325 2
80 326 10
80 328 5
80 329 7
80 330 5
80 331 5
80 335 6
80 336 8
80 340 4
80 341 5
80 346 3
80 348 3
80 349 8
81 84 1
81 89 8
81 90 5
81 91 1
81 98 4
81 99 8
81 103 1
81 105 8
81 106 5
81 108 2
81 109 4
81 110 9
81 115 8
81 116 4
81 118 6
81 121 2
81 124 9
81 125 10
81 126 2
81 127 3
81 130 1
81 132 6
81 136 5
81 137 1
81 139 6
81 142 6
81 146 8
81 148 3
81 149 7
81 150 5
81 153 2
81 154 7
81 155 1
81 157 7
81 159 3
81 160 6
81 162 5
81 163 7
81 164 6
81 165 5
81 166 8
81 167 10
81 169 2
81 170 4
81 173 9
81 176 10
81 177 9
81 178 8
81 179 1
81 183 4
81 184 8
81 186 3
81 187 3
81 188 3
81 191 1
81 193 4
81 194 1
81 195 4
81 196 8
81 198 9
81 199 7
81 201 6
81 205 7
81 206 1
81 207 7
81 209 6
81 212 9
81 214 4
81 217 4
81 218 8
81 221 4
81 225 6
81 226 6
81 228 3
81 231 8
81 232 1
81 235 4
81 241 8
81 242 1
81 243 8
81 244 4
81 247 5
81 249 3
81 251 4
81 252 8
81 258 1
81 259 7
81 260 6
81 261 10
81 262 4
81 263 1
81 264 9
81 266 5
81 267 9
81 268 10
81 270 2
81 273 2
81 274 6
81 275 8
81 276 2
81 277 9
81 278 7
81 279 2
81 284 7
81 286 4
81 288 8
81 289 7
81 291 10
81 293 2
81 295 4
81 298 5
81 300 7
81 304 10
81 305 1
81 306 7
81 307 9
81 310 5
81 311 10
81 312 6
81 314 10
81 317 5
81 318 5
81 323 4
81 325 3
81 327 6
81 328 7
81 331 8
81 332 9
81 334 6
81 336 7
81 340 1
81 341 3
81 344 3
81 348 7
82 83 8
82 88 1
82 91 8
82 93 6
82 94 7
82 98 3
82 99 6
82 100 7
82 101 2
82 105 4
82 106 8
82 107 7
82 108 8
82 110 8
82 116 5
82 119 10
82 120 9
82 121 8
82 122 5
82 125 7
82 126 6
82 127 4
82 128 5
82 129 10
82 130 7
82 134 7
82 136 1
82 141 3
82 142 10
82 144 1
82 145 6
82 146 4
82 148 10
82 150 6
82 154 9
82 156 6
82 161 2
82 162 10
82 164 8
82 165 1
82 168 9
82 169 10
82 170 7
82 172 1
82 173 2
82 175 9
82 178 7
82 182 4
82 183 10
82 184 8
82 195 2
82 198 3
82 202 5
82 203 8
82 208 5
82 209 8
82 210 6
82 213 8
82 215 4
82 217 4
82 224 9
82 226 6
82 228 5
82 233 3
82 238 2
82 239 8
82 240 4
82 241 10
82 242 1
82 244 5
82 246 2
82 248 5
82 253 4
82 254 7
82 256 6
82 257 3
82 258 6
82 259 6
82 261 8
82 262 9
82 263 6
82 264 3
82 266 2
82 267 8
82 269 6
82 273 3
82 275 6
82 276 5
82 278 7
82 281 9
82 284 7
82 285 7
82 286 2
82 288 2
82 290 8
82 291 3
82 292 3
82 294 6
82 295 2
82 298 4
82 301 3
82 303 2
82 306 1
82 308 3
82 310 3
82 312 2
82 313 5
82 314 8
82 316 3
82 317 4
82 319 10
82 320 6
82 321 8
82 322 7
82 325 2
82 327 1
82 328 4
82 332 3
82 334 6
82 335 7
82 338 6
82 339 9
82 340 9
82 343 9
82 346 9
82 347 9
83 84 1
83 86 5
83 87 10
83 88 7
83 89 4
83 90 3
83 91 2
83 92 8
83 93 4
83 95 10
83 99 9
83 101 2
83 102 9
83 103 6
83 104 10
83 107 7
83 109 6
83 113 1
83 114 8
83 118 3
83 119 5
83 131 7
83 134 8
83 135 2
83 136 6
83 137 2
83 139 3
83 140 4
83 142 1
83 143 8
83 144 5
83 149 2
83 153 9
83 155 8
83 156 4
83 157 1
83 160 3
83 163 3
83 164 5
83 165 7
83 168 5
83 174 10
83 175 4
83 176 4
83 177 4
83 178 1
83 180 1
83 181 4
83 182 7
83 187 10
83 189 8
83 190 3
83 191 9
83 192 2
83 193 7
83 198 5
83 201 3
83 204 1
83 205 3
83 206 7
83 208 6
83 211 8
83 214 10
83 218 7
83 223 3
83 224 7
83 226 2
83 228 9
83 229 6
83 230 9
83 233 6
83 234 5
83 237 9
83 238 10
83 240 3
83 244 9
83 245 7
83 250 3
83 253 5
83 256 3
83 257 10
83 262 6
83 263 5
83 264 8
83 265 10
83 269 6
83 270 3
83 271 9
83 272 8
83 275 7
83 277 5
83 280 8
83 283 10
83 284 8
83 290 8
83 292 4
83 294 2
83 295 4
83 296 5
83 298 2
83 299 2
83 300 6
83 303 10
83 304 5
83 307 4
83 309 3
83 310 4
83 313 2
83 315 10
83 316 2
83 318 10
83 320 1
83 322 7
83 326 10
83 328 1
83 329 9
83 330 5
83 332 4
83 334 6
83 336 5
83 337 4
83 338 8
83 339 2
83 341 9
83 342 7
83 343 3
83 348 5
83 349 3
84 87 8
84 88 9
84 89 10
84 91 7
84 94 2
84 97 10
84 101 2
84 103 6
84 110 6
84 111 3
84 115 4
84 119 10
84 122 10
84 128 2
84 131 1
84 133 9
84 138 10
84 139 5
84 141 4
84 142 9
84 143 5
84 149 3
84 150 8
84 152 6
84 155 7
84 156 3
84 158 2
84 159 10
84 160 2
84 161 1
84 163 6
84 165 9
84 166 3
84 171 10
84 172 9
84 174 1
84 177 6
84 178 5
84 181 5
84 183 8
84 185 5
84 186 7
84 187 1
84 189 5
84 190 9
84 191 4
84 192 4
84 193 4
84 194 9
84 195 3
84 197 6
84 198 6
84 199 2
84 200 8
84 201 1
84 202 7
84 203 10
84 204 5
84 205 5
84 206 4
84 209 4
84 210 4
84 212 9
84 216 6
84 217 4
84 220 5
84 222 4
84 223 6
84 226 3
84 227 6
84 229 8
84 230 7
84 233 7
84 234 10
84 235 10
84 238 10
84 239 9
84 241 6
84 245 5
84 246 3
84 247 3
84 249 10
84 250 3
84 253 4
84 255 7
84 263 3
84 264 8
84 270 4
84 271 4
84 274 2
84 275 5
84 278 7
84 279 8
84 280 3
84 281 6
84 282 5
84 283 9
84 286 5
84 287 3
84 290 10
84 291 9
84 292 8
84 293 2
84 298 5
84 299 4
84 300 9
84 303 10
84 305 8
84 306 9
84 308 6
84 311 8
84 312 1
84 313 10
84 315 4
84 316 7
84 317 3
84 319 10
84 320 2
84 322 5
84 323 9
84 324 6
84 325 1
84 326 7
84 328 10
84 330 3
84 331 9
84 332 10
84 337 7
84 338 7
84 341 6
84 342 1
84 343 10
84 346 5
84 347 4
85 87 7
85 88 8
85 91 5
85 92 5
85 93 10
85 95 7
85 98 1
85 99 4
85 100 2
85 101 1
85 103 5
85 105 10
85 107 5
85 108 2
85 109 3
85 110 1
85 111 4
85 116 10
85 121 5
85 122 7
85 123 5
85 124 5
85 126 1
85 129 7
85 131 2
85 134 10
85 136 9
85 137 4
85 139 1
85 140 9
85 142 7
85 147 2
85 150 6
85 151 2
85 155 9
85 159 5
85 160 6
85 161 1
85 162 7
85 164 1
85 165 7
85 166 9
85 167 3
85 169 9
85 170 3
85 173 2
85 174 4
85 176 6
85 177 7
85 183 7
85 186 10
85 187 7
85 189 3
85 195 6
85 196 4
85 197 1
85 198 5
85 200 1
85 202 6
85 203 4
85 204 3
85 206 7
85 208 1
85 211 3
85 212 2
85 213 4
85 214 1
85 217 2
85 219 7
85 223 1
85 225 8
85 226 6
85 228 3
85 231 6
85 232 7
85 233 10
85 236 4
85 237 4
85 240 1
85 241 2
85 247 6
85 249 8
85 250 2
85 252 8
85 253 5
85 254 5
85 255 4
85 257 9
85 260 8
85 262 2
85 264 3
85 267 6
85 270 8
85 273 6
85 274 9
85 279 10
85 280 1
85 281 9
85 282 8
85 283 6
85 285 3
85 287 4
85 290 6
85 292 9
85 297 10
85 298 9
85 300 2
85 303 10
85 304 1
85 305 5
85 306 2
85 308 7
85 318 8
85 320 4
85 323 2
85 325 9
85 330 1
85 332 6
85 334 4
85 335 5
85 336 1
85 337 7
85 341 9
85 342 4
85 343 5
85 344 9
85 346 8
85 348 8
85 349 10
86 90 1
86 92 8
86 93 9
86 95 5
86 96 8
86 97 2
86 98 2
86 100 6
86 102 10
86 103 8
86 105 1
86 108 5
86 109 5
86 111 8
86 112 4
86 114 9
86 116 4
86 119 5
86 122 9
86 123 3
86 126 7
86 129 6
86 132 10
86 135 7
86 137 6
86 138 5
86 139 10
86 140 7
86 142 10
86 145 9
86 146 2
86 147 1
86 148 9
86 149 7
86 152 4
86 153 4
86 155 9
86 157 9
86 159 8
86 161 2
86 162 5
86 165 8
86 166 8
86 167 8
86 169 4
86 170 7
86 171 10
86 172 6
86 174 8
86 177 1
86 178 8
86 179 3
86 180 1
86 181 9
86 183 6
86 184 9
86 185 7
86 186 3
86 188 2
86 190 7
86 195 3
86 199 8
86 200 5
86 205 10
86 211 6
86 213 4
86 215 4
86 217 9
86 218 3
86 219 4
86 221 10
86 222 3
86 225 10
86 227 7
86 228 1
86 229 4
86 230 10
86 232 5
86 240 10
86 244 9
86 245 6
86 251 2
86 252 9
86 254 2
86 255 2
86 256 2
86 258 10
86 262 2
86 263 4
86 264 8
86 265 7
86 266 6
86 268 8
86 271 3
86 276 9
86 277 8
86 279 1
86 280 6
86 282 2
86 284 7
86 286 6
86 292 7
86 294 7
86 298 3
86 300 6
86 306 6
86 307 8
86 308 8
86 312 8
86 313 4
86 315 6
86 316 2
86 317 6
86 320 8
86 322 8
86 323 5
86 325 3
86 330 10
86 332 5
86 335 9
86 336 4
86 337 4
86 340 8
86 342 7
86 344 8
86 345 2
86 346 10
86 347 5
86 348 2
87 88 4
87 89 7
87 92 9
87 95 10
87 96 4
87 99 3
87 106 8
87 107 6
87 109 3
87 110 1
87 113 8
87 114 6
87 115 5
87 116 5
87 117 5
87 118 7
87 121 6
87 123 4
87 124 4
87 125 2
87 126 1
87 127 3
87 128 1
87 131 9
87 133 9
87 134 6
87 135 4
87 136 7
87 137 1
87 138 1
87 139 8
87 140 9
87 141 1
87 142 10
87 144 4
87 145 10
87 147 8
87 150 3
87 152 9
87 153 10
87 158 4
87 159 10
87 161 4
87 164 5
87 165 6
87 167 3
87 168 2
87 176 1
87 179 3
87 185 3
87 188 1
87 189 9
87 190 8
87 192 8
87 193 5
87 196 1
87 197 4
87 198 8
87 200 7
87 202 3
87 209 8
87 210 6
87 212 4
87 213 8
87 214 9
87 215 7
87 216 2
87 217 5
87 219 2
87 222 1
87 223 4
87 225 4
87 228 5
87 233 3
87 234 2
87 235 8
87 241 5
87 244 4
87 246 5
87 250 3
87 251 5
87 253 1
87 257 7
87 259 10
87 260 6
87 265 9
87 269 1
87 270 3
87 272 6
87 275 10
87 276 5
87 281 3
87 282 7
87 283 8
87 284 3
87 285 1
87 286 6
87 290 6
87 292 10
87 293 6
87 294 4
87 299 4
87 301 4
87 302 4
87 304 3
87 306 6
87 307 10
87 310 1
87 312 1
87 313 8
87 315 3
87 316 7
87 317 4
87 318 9
87 319 2
87 320 6
87 324 7
87 325 7
87 327 8
87 328 4
87 330 6
87 332 8
87 334 7
87 337 10
87 339 5
87 342 4
87 343 5
87 345 6
87 346 8
87 348 2
88 90 3
88 91 1
88 92 9
88 93 9
88 95 3
88 97 1
88 98 5
88 100 8
88 101 4
88 102 5
88 103 2
88 105 8
88 111 10
88 113 2
88 114 3
88 116 4
88 117 2
88 118 9
88 119 6
88 120 1
88 122 7
88 125 8
88 126 10
88 127 9
88 128 2
88 129 5
88 130 10
88 133 9
88 135 8
88 136 1
88 139 1
88 141 5
88 142 3
88 144 7
88 145 2
88 146 5
88 148 8
88 149 4
88 150 3
88 153 5
88 154 10
88 155 10
88 156 1
88 158 8
88 159 1
88 161 2
88 164 9
88 165 4
88 166 1
88 168 1
88 169 10
88 172 7
88 175 2
88 176 3
88 177 3
88 178 3
88 180 8
88 181 8
88 183 2
88 186 9
88 189 4
88 190 9
88 191 9
88 192 3
88 193 1
88 194 8
88 198 9
88 199 10
88 200 1
88 202 3
88 204 10
88 206 9
88 208 7
88 209 3
88 210 8
88 211 3
88 212 9
88 217 4
88 218 4
88 225 3
88 227 2
88 228 8
88 229 2
88 241 9
88 246 5
88 249 7
88 251 5
88 252 4
88 253 6
88 256 3
88 260 3
88 262 3
88 263 3
88 265 10
88 267 4
88 269 6
88 270 7
88 271 10
88 272 5
88 273 10
88 278 1
88 279 6
88 281 1
88 282 8
88 283 6
88 284 5
88 286 8
88 288 5
88 289 6
88 291 10
88 292 9
88 296 10
88 297 3
88 298 5
88 301 7
88 306 5
88 308 7
88 309 10
88 310 1
88 313 1
88 314 1
88 317 7
88 319 8
88 320 1
88 322 5
88 323 3
88 324 6
88 326 1
88 327 2
88 329 1
88 331 4
88 332 7
88 334 9
88 335 9
88 336 6
88 337 7
88 338 9
88 339 6
88 340 5
88 341 8
88 342 10
88 343 8
88 345 9
88 348 10
89 92 1
89 93 5
89 94 8
89 95 5
89 97 3
89 98 3
89 101 1
89 102 2
89 104 1
89 107 8
89 108 8
89 110 7
89 111 5
89 112 5
89 114 9
89 116 9
89 118 4
89 123 3
89 124 9
89 126 3
89 127 5
89 130 5
89 132 8
89 133 7
89 134 8
89 136 8
89 138 3
89 140 4
89 142 3
89 144 2
89 148 4
89 152 9
89 155 3
89 158 2
89 159 1
89 160 4
89 162 6
89 164 9
89 166 5
89 168 10
89 169 5
89 171 5
89 172 9
89 175 4
89 178 3
89 182 6
89 186 4
89 187 9
89 188 7
89 192 1
89 193 10
89 194 9
89 197 6
89 199 6
89 200 5
89 202 6
89 205 9
89 206 6
89 208 10
89 209 2
89 210 4
89 215 5
89 216 10
89 217 2
89 218 1
89 221 9
89 222 4
89 223 10
89 226 1
89 227 5
89 230 9
89 232 3
89 234 9
89 236 3
89 239 10
89 240 1
89 243 3
89 244 10
89 246 5
89 247 9
89 248 3
89 249 8
89 254 10
89 255 9
89 256 10
89 257 3
89 259 8
89 260 9
89 261 2
89 265 10
89 266 3
89 267 2
89 268 9
89 272 7
89 275 4
89 277 8
89 283 4
89 284 8
89 286 4
89 287 6
89 288 7
89 289 5
89 292 8
89 295 3
89 297 8
89 298 6
89 299 3
89 301 6
89 302 6
89 306 5
89 307 1
89 308 7
89 310 7
89 311 8
89 312 7
89 313 2
89 316 4
89 317 2
89 318 8
89 319 5
89 320 7
89 323 2
89 324 8
89 327 3
89 329 6
89 330 3
89 331 9
89 332 7
89 334 3
89 336 10
89 337 8
89 338 4
89 343 2
89 344 7
89 345 9
89 346 3
89 348 9
89 349 4
90 94 1
90 95 9
90 96 3
90 99 4
90 101 9
90 105 9
90 111 5
90 113 3
90 114 8
90 115 2
90 118 4
90 119 6
90 120 4
90 121 2
90 129 1
90 130 8
90 131 4
90 133 6
90 134 7
90 135 6
90 136 8
90 138 10
90 139 5
90 140 6
90 141 10
90 142 8
90 145 1
90 146 4
90 147 4
90 148 6
90 149 6
90 151 2
90 153 3
90 156 1
90 161 7
90 165 7
90 166 4
90 169 1
90 171 10
90 172 7
90 173 9
90 177 3
90 178 2
90 180 5
90 181 1
90 183 1
90 184 4
90 185 4
90 186 4
90 189 1
90 190 10
90 193 1
90 195 4
90 199 4
90 200 1
90 202 1
90 203 9
90 206 8
90 207 10
90 211 2
90 212 3
90 213 9
90 217 5
90 218 10
90 219 6
90 220 10
90 221 1
90 225 4
90 226 1
90 228 6
90 230 7
90 232 1
90 235 6
90 236 10
90 238 1
90 239 1
90 241 7
90 244 6
90 245 9
90 246 8
90 248 10
90 249 3
90 250 7
90 251 2
90 253 8
90 254 2
90 256 3
90 257 2
90 258 1
90 261 1
90 267 4
90 268 7
90 273 3
90 275 1
90 279 5
90 280 6
90 282 7
90 283 6
90 286 7
90 287 6
90 289 9
90 290 4
90 291 9
90 293 8
90 294 5
90 295 4
90 296 3
90 297 9
90 299 4
90 302 5
90 304 2
90 305 4
90 306 7
90 309 5
90 310 5
90 311 6
90 312 3
90 313 8
90 314 7
90 315 9
90 320 2
90 323 9
90 326 9
90 329 3
90 332 5
90 338 4
90 343 7
90 345 10
90 346 5
90 348 1
90 349 3
91 93 6
91 97 2
91 100 7
91 103 2
91 104 1
91 105 6
91 106 7
91 108 2
91 109 7
91 110 1
91 115 6
91 117 8
91 119 3
91 122 9
91 124 2
91 126 9
91 128 1
91 130 8
91 133 8
91 134 8
91 137 6
91 138 3
91 141 9
91 146 9
91 149 8
91 151 7
91 152 10
91 155 6
91 156 9
91 163 5
91 168 3
91 170 7
91 173 10
91 174 4
91 176 4
91 177 1
91 179 2
91 184 8
91 187 9
91 194 4
91 197 10
91 198 1
91 200 6
91 201 1
91 202 3
91 205 7
91 211 7
91 212 8
91 218 7
91 220 10
91 221 1
91 223 2
91 224 7
91 227 2
91 228 7
91 229 8
91 236 3
91 237 4
91 238 5
91 242 9
91 243 2
91 245 1
91 249 1
91 252 1
91 253 4
91 257 6
91 258 5
91 261 2
91 264 1
91 266 2
91 270 9
91 274 8
91 276 1
91 278 4
91 280 6
91 283 6
91 284 7
91 285 3
91 289 6
91 291 9
91 294 5
91 296 4
91 298 9
91 301 6
91 304 4
91 306 1
91 308 3
91 309 8
91 311 8
91 312 10
91 314 2
91 316 4
91 318 3
91 321 3
91 326 5
91 327 7
91 328 9
91 329 7
91 331 2
91 332 5
91 334 1
91 336 2
91 337 10
91 338 8
91 339 3
91 340 6
91 341 7
91 343 7
91 344 2
91 345 4
91 346 8
91 347 9
92 93 3
92 95 4
92 96 8
92 97 6
92 98 9
92 99 8
92 100 7
92 106 9
92 107 5
92 109 2
92 111 8
92 113 4
92 117 7
92 118 3
92 119 7
92 121 1
92 122 3
92 127 8
92 128 4
92 129 5
92 131 1
92 132 8
92 133 5
92 134 4
92 136 6
92 137 3
92 138 1
92 139 6
92 141 2
92 142 10
92 143 9
92 146 3
92 148 3
92 149 3
92 150 7
92 154 10
92 156 9
92 160 6
92 161 7
92 164 5
92 168 10
92 170 3
92 172 7
92 173 5
92 174 9
92 175 1
92 177 3
92 180 2
92 184 2
92 185 9
92 187 10
92 188 10
92 189 9
92 190 6
92 191 4
92 192 8
92 193 7
92 194 1
92 195 4
92 204 7
92 208 5
92 210 3
92 211 2
92 212 8
92 214 9
92 215 4
92 220 8
92 221 1
92 222 8
92 223 6
92 224 10
92 226 5
92 232 3
92 233 4
92 234 4
92 238 3
92 239 1
92 241 7
92 243 10
92 244 7
92 245 2
92 246 10
92 248 3
92 250 10
92 251 2
92 253 7
92 255 7
92 256 8
92 258 9
92 259 1
92 263 2
92 264 2
92 265 8
92 266 1
92 267 7
92 268 7
92 270 7
92 271 5
92 274 6
92 275 6
92 276 10
92 278 10
92 279 6
92 280 6
92 283 6
92 286 4
92 289 5
92 291 1
92 292 2
92 296 3
92 297 6
92 298 9
92 299 8
92 300 3
92 303 2
92 304 7
92 307 6
92 308 10
92 311 6
92 312 1
92 313 6
92 317 2
92 319 4
92 320 8
92 321 8
92 323 1
92 325 6
92 328 9
92 331 10
92 335 5
92 336 5
92 337 7
92 339 1
92 340 1
92 343 7
92 345 8
92 346 7
92 347 4
93 94 1
93 96 9
93 97 3
93 98 9
93 100 5
93 101 2
93 102 1
93 105 2
93 106 7
93 107 2
93 109 1
93 112 1
93 114 7
93 115 6
93 117 5
93 119 3
93 120 6
93 121 3
93 122 4
93 123 9
93 126 10
93 128 6
93 129 10
93 131 9
93 133 4
93 136 8
93 141 5
93 142 10
93 144 9
93 148 5
93 150 2
93 151 8
93 156 10
93 157 10
93 158 8
93 159 3
93 161 6
93 162 3
93 166 3
93 168 4
93 169 4
93 172 7
93 173 2
93 174 10
93 179 6
93 184 5
93 186 8
93 189 2
93 191 1
93 192 7
93 193 7
93 196 5
93 197 6
93 200 3
93 202 7
93 203 2
93 204 7
93 205 10
93 206 3
93 207 10
93 208 7
93 211 10
93 212 4
93 213 6
93 214 3
93 215 10
93 216 2
93 218 3
93 219 9
93 221 1
93 223 1
93 225 9
93 227 1
93 228 5
93 232 6
93 233 10
93 234 8
93 235 5
93 237 5
93 239 4
93 241 1
93 246 7
93 249 8
93 251 5
93 252 7
93 254 9
93 256 1
93 258 4
93 263 6
93 267 8
93 268 2
93 270 8
93 272 1
93 274 3
93 275 9
93 276 4
93 277 7
93 278 4
93 279 10
93 280 6
93 286 9
93 287 6
93 288 4
93 289 1
93 292 5
93 293 5
93 295 10
93 296 6
93 298 9
93 304 10
93 305 1
93 306 4
93 307 3
93 308 6
93 309 4
93 310 5
93 311 5
93 312 1
93 313 9
93 319 1
93 324 4
93 326 2
93 330 6
93 333 3
93 334 7
93 335 10
93 337 3
93 338 5
93 340 4
93 342 7
93 343 10
93 346 7
93 348 5
93 349 9
94 97 1
94 99 3
94 101 5
94 102 8
94 103 3
94 104 5
94 105 1
94 106 6
94 107 7
94 108 7
94 110 2
94 111 5
94 112 10
94 113 9
94 119 2
94 120 6
94 122 9
94 123 6
94 125 7
94 128 10
94 130 10
94 132 10
94 135 4
94 137 1
94 138 9
94 139 10
94 141 2
94 145 8
94 146 7
94 147 3
94 149 7
94 151 6
94 154 1
94 155 9
94 160 8
94 161 6
94 165 10
94 169 5
94 171 2
94 174 5
94 176 4
94 177 2
94 178 9
94 179 9
94 184 6
94 187 2
94 190 6
94 191 6
94 192 4
94 193 7
94 194 3
94 199 6
94 203 7
94 204 2
94 205 3
94 206 2
94 207 4
94 208 9
94 209 2
94 211 10
94 214 4
94 215 8
94 217 1
94 219 3
94 220 1
94 222 8
94 227 3
94 228 6
94 229 1
94 230 5
94 234 10
94 237 4
94 238 1
94 239 8
94 240 1
94 242 8
94 245 10
94 248 2
94 249 3
94 251 8
94 253 10
94 254 7
94 255 3
94 258 5
94 259 1
94 264 8
94 266 5
94 268 3
94 269 10
94 270 7
94 271 3
94 275 2
94 279 8
94 281 9
94 282 1
94 285 6
94 286 4
94 288 7
94 292 4
94 294 3
94 297 1
94 299 3
94 301 5
94 302 9
94 304 7
94 306 5
94 307 2
94 309 3
94 310 10
94 313 7
94 314 6
94 315 10
94 316 8
94 317 4
94 319 6
94 320 5
94 321 1
94 323 8
94 326 2
94 327 9
94 330 2
94 332 9
94 333 8
94 334 4
94 336 5
94 340 3
94 343 3
94 344 3
94 345 2
94 347 10
94 348 9
94 349 6
95 97 9
95 98 6
95 100 10
95 101 2
95 102 9
95 105 9
95 109 3
95 110 2
95 113 9
95 114 1
95 116 2
95 119 6
95 122 3
95 123 7
95 124 6
95 132 4
95 135 7
95 143 8
95 145 10
95 146 2
95 148 1
95 149 6
95 151 1
95 153 9
95 154 7
95 155 1
95 158 3
95 159 7
95 161 7
95 162 8
95 165 6
95 167 8
95 170 6
95 172 6
95 173 10
95 176 5
95 178 3
95 179 2
95 181 1
95 184 1
95 185 5
95 186 9
95 190 10
95 192 4
95 193 6
95 194 1
95 197 1
95 200 9
95 201 5
95 203 3
95 204 4
95 205 3
95 206 3
95 211 4
95 212 8
95 215 3
95 217 9
95 218 7
95 219 1
95 224 2
95 225 6
95 226 6
95 227 2
95 229 2
95 230 1
95 231 8
95 232 6
95 233 3
95 235 8
95 236 5
95 237 1
95 238 3
95 240 7
95 241 5
95 244 1
95 247 10
95 248 8
95 249 3
95 251 6
95 252 10
95 256 2
95 257 5
95 259 7
95 260 3
95 263 7
95 264 4
95 265 8
95 269 4
95 274 5
95 275 10
95 276 4
95 280 10
95 281 3
95 284 4
95 285 3
95 287 8
95 290 1
95 292 1
95 294 10
95 295 8
95 296 5
95 297 8
95 298 4
95 301 8
95 303 10
95 304 10
95 306 4
95 308 1
95 309 8
95 312 10
95 313 7
95 318 7
95 323 6
95 331 9
95 333 8
95 334 10
95 335 1
95 336 2
95 338 6
95 342 1
95 345 3
95 347 2
95 348 5
95 349 9
96 97 1
96 100 6
96 101 10
96 102 3
96 104 6
96 105 7
96 106 5
96 107 10
96 108 8
96 109 7
96 110 9
96 112 6
96 114 7
96 115 8
96 121 5
96 122 8
96 125 2
96 126 9
96 128 10
96 133 9
96 134 9
96 135 1
96 137 6
96 145 4
96 147 2
96 151 6
96 152 5
96 155 2
96 156 8
96 157 10
96 158 10
96 159 8
96 160 2
96 161 9
96 162 3
96 163 1
96 168 1
96 169 6
96 170 6
96 171 7
96 172 1
96 173 10
96 174 9
96 175 9
96 176 8
96 177 1
96 178 9
96 179 3
96 180 5
96 181 9
96 183 5
96 185 9
96 186 10
96 187 3
96 193 7
96 195 9
96 196 1
96 200 4
96 202 2
96 204 1
96 205 7
96 206 5
96 208 8
96 209 6
96 210 2
96 213 6
96 215 3
96 219 2
96 220 2
96 223 2
96 227 10
96 230 9
96 231 4
96 232 4
96 233 7
96 236 9
96 239 10
96 240 10
96 241 6
96 242 6
96 245 6
96 246 2
96 247 2
96 248 8
96 251 7
96 253 3
96 255 10
96 256 6
96 258 5
96 262 6
96 264 1
96 265 4
96 268 4
96 270 9
96 272 1
96 273 6
96 275 7
96 278 4
96 279 6
96 281 6
96 282 3
96 286 9
96 288 2
96 289 10
96 294 10
96 297 7
96 298 4
96 300 3
96 301 8
96 302 7
96 303 9
96 308 3
96 309 7
96 310 4
96 311 7
96 312 8
96 313 8
96 314 3
96 319 10
96 321 4
96 322 9
96 326 6
96 327 3
96 328 9
96 329 8
96 330 10
96 331 5
96 332 4
96 333 4
96 334 4
96 340 10
96 341 9
96 342 5
96 345 8
96 347 1
96 349 3
97 100 1
97 105 7
97 106 4
97 109 8
97 113 2
97 119 10
97 120 10
97 121 10
97 123 3
97 124 9
97 125 4
97 126 4
97 128 8
97 129 9
97 131 2
97 132 4
97 133 5
97 134 2
97 136 2
97 137 5
97 139 4
97 149 3
97 151 4
97 153 6
97 155 5
97 156 9
97 157 5
97 158 9
97 160 9
97 161 3
97 164 3
97 166 4
97 167 1
97 169 5
97 171 3
97 177 10
97 179 6
97 186 7
97 187 1
97 191 7
97 192 9
97 194 2
97 198 4
97 201 6
97 206 9
97 207 7
97 209 7
97 211 9
97 215 2
97 216 7
97 217 8
97 220 2
97 221 2
97 224 9
97 226 9
97 230 6
97 231 10
97 232 4
97 234 3
97 237 9
97 242 5
97 243 8
97 250 10
97 251 2
97 252 3
97 254 9
97 259 7
97 260 1
97 261 4
97 262 2
97 263 7
97 266 8
97 267 7
97 268 1
97 269 10
97 271 4
97 273 10
97 274 8
97 276 7
97 277 4
97 278 3
97 281 7
97 282 7
97 283 6
97 284 9
97 285 3
97 287 6
97 289 6
97 290 5
97 292 7
97 294 1
97 295 7
97 298 10
97 299 3
97 303 9
97 305 6
97 308 3
97 309 10
97 311 6
97 312 3
97 313 9
97 315 9
97 316 2
97 318 8
97 322 2
97 326 9
97 328 1
97 330 10
97 331 9
97 332 6
97 334 5
97 336 7
97 337 4
97 340 7
97 341 2
97 344 5
97 346 7
97 348 6
97 349 4
98 104 5
98 107 9
98 108 3
98 110 5
98 112 9
98 113 10
98 114 9
98 120 6
98 121 3
98 122 8
98 124 3
98 125 1
98 126 9
98 129 5
98 130 7
98 131 7
98 137 10
98 140 8
98 141 5
98 144 10
98 146 6
98 147 4
98 149 5
98 150 3
98 153 5
98 155 6
98 156 4
98 157 6
98 160 2
98 165 7
98 166 3
98 168 10
98 170 5
98 172 6
98 179 7
98 180 8
98 182 10
98 183 10
98 185 7
98 193 7
98 194 10
98 195 7
98 201 2
98 202 5
98 204 8
98 205 5
98 210 2
98 212 6
98 215 5
98 217 2
98 218 2
98 219 2
98 220 5
98 221 9
98 222 6
98 224 5
98 226 9
98 229 8
98 233 10
98 234 6
98 236 1
98 238 2
98 239 3
98 241 1
98 242 3
98 243 3
98 244 5
98 245 8
98 246 2
98 248 8
98 249 3
98 251 7
98 252 2
98 254 2
98 256 7
98 259 10
98 262 1
98 264 8
98 266 2
98 267 6
98 269 1
98 270 9
98 273 8
98 274 4
98 276 5
98 280 5
98 282 4
98 283 8
98 285 5
98 289 3
98 290 4
98 291 7
98 292 7
98 294 9
98 299 8
98 300 5
98 301 6
98 302 5
98 306 10
98 308 5
98 309 9
98 313 3
98 316 1
98 317 1
98 318 5
98 320 10
98 321 1
98 323 8
98 327 7
98 329 6
98 330 5
98 331 5
98 333 2
98 334 4
98 338 2
98 342 1
98 343 10
98 344 4
98 345 10
98 346 6
99 101 1
99 103 7
99 104 10
99 109 3
99 112 2
99 114 1
99 116 7
99 119 5
99 120 5
99 123 4
99 126 6
99 128 9
99 129 10
99 130 3
99 132 2
99 133 10
99 134 6
99 136 1
99 137 8
99 138 5
99 139 5
99 144 2
99 145 2
99 146 5
99 147 10
99 149 1
99 155 5
99 158 2
99 161 10
99 163 8
99 165 10
99 166 9
99 167 8
99 171 9
99 174 1
99 175 5
99 177 2
99 178 10
99 180 4
99 182 4
99 184 9
99 185 1
99 186 7
99 187 10
99 188 5
99 190 9
99 191 3
99 192 1
99 195 10
99 196 2
99 199 4
99 200 8
99 202 3
99 204 3
99 212 3
99 213 10
99 215 1
99 216 5
99 217 1
99 218 7
99 221 6
99 222 1
99 229 6
99 230 5
99 232 8
99 233 4
99 234 4
99 236 2
99 237 2
99 239 4
99 240 8
99 242 1
99 246 10
99 247 8
99 249 1
99 251 10
99 253 1
99 255 3
99 256 4
99 257 1
99 259 6
99 260 3
99 274 10
99 275 9
99 276 1
99 277 6
99 279 9
99 284 6
99 287 1
99 291 7
99 292 7
99 293 3
99 296 8
99 298 1
99 299 5
99 300 3
99 301 3
99 302 4
99 315 3
99 318 3
99 319 10
99 320 5
99 321 10
99 322 5
99 323 4
99 324 10
99 326 9
99 327 1
99 328 2
99 331 3
99 332 8
99 334 4
99 335 3
99 337 7
99 340 4
99 343 2
99 344 4
99 345 1
99 346 9
99 348 3
99 349 7
100 106 1
100 109 7
100 110 10
100 111 3
100 116 6
100 118 5
100 119 4
100 121 9
100 122 8
100 124 10
100 126 4
100 130 6
100 134 5
100 135 5
100 136 5
100 137 8
100 139 9
100 140 6
100 141 6
100 143 10
100 144 10
100 146 2
100 147 8
100 148 3
100 151 4
100 153 3
100 156 7
100 159 6
100 161 1
100 164 7
100 166 3
100 168 3
100 174 8
100 176 3
100 177 6
100 178 6
100 179 5
100 180 4
100 182 4
100 183 3
100 184 9
100 187 1
100 189 8
100 190 1
100 191 8
100 192 9
100 193 5
100 195 8
100 196 3
100 203 4
100 204 4
100 206 5
100 208 10
100 209 3
100 211 6
100 212 6
100 213 2
100 216 3
100 217 2
100 218 10
100 221 3
100 222 10
100 223 2
100 226 2
100 227 4
100 228 7
100 230 10
100 231 8
100 235 2
100 238 5
100 239 10
100 242 5
100 243 4
100 246 6
100 248 10
100 253 5
100 255 4
100 256 5
100 258 6
100 259 10
100 260 1
100 270 2
100 271 7
100 273 9
100 274 4
100 277 1
100 278 1
100 279 10
100 281 1
100 282 1
100 284 8
100 285 4
100 286 4
100 290 1
100 294 3
100 295 2
100 297 6
100 298 2
100 299 2
100 300 1
100 301 1
100 304 8
100 305 1
100 306 6
100 307 1
100 308 6
100 309 9
100 311 7
100 313 2
100 315 7
100 316 7
100 317 6
100 318 3
100 319 8
100 320 9
100 322 10
100 323 10
100 326 7
100 328 7
100 329 9
100 330 2
100 334 8
100 335 1
100 336 8
100 337 2
100 339 2
100 340 10
100 342 4
100 346 8
100 348 3
101 102 6
101 104 6
101 106 6
101 109 3
101 110 3
101 112 8
101 114 4
101 117 3
101 120 4
101 121 5
101 122 1
101 123 1
101 125 7
101 128 2
101 129 7
101 133 7
101 134 1
101 136 3
101 139 1
101 141 1
101 142 7
101 146 5
101 147 9
101 151 2
101 152 10
101 154 7
101 155 4
101 156 2
101 158 3
101 159 8
101 162 8
101 164 9
101 165 2
101 166 4
101 168 2
101 171 1
101 172 3
101 173 4
101 174 2
101 175 8
101 179 7
101 180 4
101 181 4
101 182 5
101 184 9
101 185 3
101 186 9
101 187 4
101 188 4
101 191 9
101 192 8
101 194 8
101 196 1
101 199 7
101 203 7
101 210 1
101 213 8
101 214 5
101 217 7
101 218 8
101 219 10
101 223 6
101 224 5
101 227 7
101 229 9
101 230 10
101 231 2
101 232 5
101 233 7
101 234 5
101 236 2
101 237 9
101 239 2
101 242 1
101 244 7
101 246 4
101 247 9
101 249 6
101 250 1
101 251 10
101 252 5
101 254 7
101 256 3
101 259 8
101 260 6
101 263 8
101 264 7
101 265 5
101 266 4
101 267 2
101 271 5
101 273 4
101 275 5
101 278 4
101 280 2
101 282 7
101 283 8
101 284 10
101 285 7
101 287 7
101 288 5
101 289 6
101 291 10
101 292 2
101 294 5
101 295 1
101 298 1
101 304 6
101 307 9
101 309 6
101 312 1
101 314 2
101 315 1
101 316 2
101 317 8
101 318 2
101 320 4
101 321 10
101 322 6
101 324 2
101 325 5
101 326 1
101 329 4
101 332 2
101 334 3
101 339 6
101 344 5
101 346 7
101 349 2
102 105 9
102 106 3
102 107 9
102 110 7
102 111 4
102 112 9
102 113 4
102 114 1
102 115 9
102 117 8
102 119 1
102 125 6
102 128 6
102 130 6
102 131 10
102 133 9
102 134 9
102 135 4
102 136 7
102 138 8
102 141 8
102 145 6
102 147 6
102 148 4
102 153 2
102 154 2
102 158 10
102 162 10
102 170 9
102 171 4
102 172 2
102 173 8
102 174 9
102 175 2
102 180 2
102 181 6
102 183 1
102 184 10
102 185 5
102 187 2
102 188 6
102 190 6
102 191 7
102 192 7
102 193 10
102 196 1
102 197 7
102 198 7
102 199 9
102 200 4
102 202 6
102 204 4
102 205 3
102 207 7
102 212 1
102 213 8
102 215 7
102 216 9
102 217 1
102 219 10
102 221 8
102 224 2
102 226 5
102 230 2
102 232 9
102 234 9
102 236 2
102 239 1
102 240 3
102 241 7
102 244 1
102 245 3
102 247 5
102 251 10
102 252 10
102 254 9
102 255 4
102 256 9
102 259 8
102 260 7
102 261 4
102 262 6
102 263 6
102 264 1
102 268 9
102 269 10
102 270 8
102 271 3
102 273 1
102 274 4
102 277 9
102 278 1
102 283 6
102 285 3
102 286 8
102 287 4
102 288 5
102 289 6
102 291 3
102 293 10
102 294 10
102 296 5
102 298 10
102 300 3
102 301 7
102 302 2
102 304 3
102 305 2
102 306 7
102 307 1
102 309 7
102 311 6
102 314 3
102 316 3
102 319 2
102 320 2
102 322 4
102 323 6
102 325 5
102 327 6
102 328 6
102 332 2
102 333 7
102 334 10
102 336 3
102 337 6
102 338 1
102 339 2
102 340 9
102 341 7
102 342 6
102 345 7
103 104 8
103 105 7
103 107 7
103 111 2
103 112 2
103 113 6
103 115 6
103 117 7
103 118 1
103 119 3
103 120 7
103 121 1
103 122 10
103 123 10
103 126 3
103 129 1
103 130 4
103 131 3
103 133 4
103 134 1
103 136 2
103 137 2
103 142 5
103 145 5
103 149 5
103 151 1
103 153 9
103 155 7
103 157 3
103 168 7
103 171 9
103 173 6
103 174 4
103 176 6
103 177 10
103 179 1
103 181 9
103 188 5
103 189 2
103 192 9
103 193 10
103 195 3
103 196 1
103 197 1
103 198 10
103 199 1
103 201 5
103 202 10
103 207 3
103 208 8
103 209 7
103 212 9
103 213 10
103 215 6
103 216 7
103 217 4
103 218 7
103 220 9
103 221 9
103 225 10
103 227 1
103 230 8
103 231 2
103 234 2
103 237 4
103 239 2
103 246 1
103 249 5
103 251 8
103 254 10
103 256 4
103 258 1
103 263 10
103 264 9
103 266 8
103 267 3
103 268 6
103 272 2
103 273 3
103 274 10
103 275 10
103 282 6
103 284 2
103 286 7
103 290 9
103 296 7
103 297 10
103 298 8
103 299 5
103 300 1
103 301 6
103 302 8
103 305 10
103 310 8
103 311 9
103 317 3
103 319 7
103 321 4
103 322 7
103 323 8
103 324 5
103 326 8
103 328 9
103 329 1
103 330 7
103 334 6
103 337 8
103 338 1
103 339 9
103 340 8
103 341 1
103 344 10
103 346 5
104 105 7
104 106 4
104 107 4
104 111 9
104 112 6
104 113 1
104 114 9
104 118 3
104 119 3
104 121 7
104 122 1
104 126 4
104 128 8
104 129 1
104 130 10
104 131 2
104 132 8
104 133 6
104 135 7
104 136 1
104 139 7
104 140 9
104 141 10
104 144 8
104 146 9
104 151 3
104 154 6
104 155 5
104 160 3
104 164 4
104 165 5
104 168 9
104 171 5
104 172 6
104 173 9
104 174 10
104 175 4
104 176 2
104 177 10
104 178 5
104 182 7
104 190 1
104 197 7
104 198 8
104 199 2
104 203 1
104 204 3
104 205 1
104 206 10
104 207 5
104 208 10
104 210 1
104 212 6
104 213 10
104 215 1
104 217 9
104 218 9
104 220 10
104 222 7
104 223 3
104 229 7
104 233 8
104 234 1
104 235 10
104 237 2
104 239 2
104 240 3
104 241 8
104 243 8
104 244 4
104 246 6
104 247 10
104 248 3
104 250 3
104 251 4
104 252 9
104 253 7
104 259 7
104 260 1
104 266 3
104 268 10
104 270 5
104 273 1
104 275 4
104 280 2
104 282 1
104 283 1
104 284 8
104 285 1
104 287 5
104 288 4
104 289 10
104 295 1
104 297 7
104 298 1
104 302 9
104 304 5
104 305 6
104 307 2
104 312 1
104 314 3
104 316 6
104 317 7
104 318 6
104 320 3
104 323 8
104 325 4
104 326 7
104 329 7
104 331 7
104 332 8
104 333 4
104 337 3
104 343 5
104 347 7
104 349 5
105 107 7
105 108 1
105 111 1
105 112 6
105 114 10
105 115 6
105 116 7
105 117 7
105 118 5
105 119 5
105 121 8
105 124 3
105 125 2
105 126 9
105 129 6
105 130 10
105 131 10
105 132 3
105 133 10
105 134 2
105 136 1
105 138 8
105 140 1
105 141 5
105 142 2
105 143 2
105 144 8
105 147 10
105 148 1
105 149 6
105 150 9
105 151 8
105 152 7
105 155 2
105 156 7
105 158 9
105 162 4
105 163 1
105 164 10
105 166 1
105 167 6
105 171 3
105 173 2
105 174 5
105 175 7
105 176 2
105 177 6
105 178 10
105 184 2
105 186 10
105 187 6
105 188 4
105 189 9
105 191 8
105 194 8
105 197 9
105 198 7
105 201 10
105 204 5
105 205 4
105 206 9
105 208 8
105 210 8
105 211 10
105 213 2
105 215 9
105 216 8
105 217 6
105 218 9
105 220 9
105 221 10
105 222 6
105 223 7
105 224 2
105 226 2
105 227 5
105 228 5
105 230 9
105 231 1
105 232 1
105 233 9
105 234 3
105 236 10
105 237 2
105 238 3
105 239 3
105 240 4
105 241 5
105 242 10
105 243 8
105 244 2
105 246 9
105 247 7
105 248 1
105 249 9
105 250 3
105 252 6
105 256 7
105 257 10
105 258 10
105 259 9
105 260 2
105 261 5
105 262 10
105 263 4
105 265 2
105 266 2
105 271 1
105 274 4
105 276 1
105 278 8
105 284 3
105 285 7
105 286 2
105 287 7
105 288 2
105 289 4
105 290 3
105 292 6
105 293 5
105 294 5
105 295 8
105 302 3
105 303 5
105 304 7
105 307 8
105 308 4
105 311 9
105 313 9
105 314 1
105 315 1
105 316 2
105 318 1
105 319 9
105 320 3
105 322 6
105 323 4
105 324 8
105 326 1
105 329 7
105 331 1
105 332 9
105 333 6
105 335 2
105 337 3
105 339 4
105 340 7
105 342 1
106 109 3
106 110 5
106 113 9
106 114 2
106 115 10
106 116 2
106 117 1
106 119 1
106 123 9
106 125 10
106 126 3
106 127 4
106 128 3
106 130 3
106 131 2
106 133 5
106 135 1
106 138 3
106 140 8
106 144 4
106 145 7
106 152 2
106 153 8
106 155 1
106 160 10
106 161 1
106 162 8
106 163 5
106 166 8
106 169 10
106 172 4
106 179 1
106 184 4
106 187 9
106 190 8
106 191 1
106 194 9
106 195 10
106 196 4
106 197 8
106 198 10
106 202 4
106 206 7
106 210 3
106 212 1
106 216 5
106 218 9
106 222 5
106 223 2
106 224 8
106 225 6
106 226 10
106 228 8
106 233 1
106 234 6
106 238 9
106 239 1
106 248 8
106 249 8
106 250 1
106 251 10
106 255 5
106 256 6
106 257 6
106 258 3
106 259 8
106 260 2
106 262 6
106 263 6
106 265 7
106 267 9
106 273 8
106 275 8
106 279 7
106 280 9
106 281 9
106 282 10
106 283 1
106 286 9
106 288 7
106 290 3
106 291 5
106 292 4
106 294 1
106 295 4
106 297 9
106 298 6
106 300 10
106 301 1
106 302 1
106 303 6
106 304 8
106 307 9
106 308 5
106 309 5
106 310 7
106 311 10
106 312 1
106 313 5
106 317 3
106 319 10
106 321 3
106 324 5
106 325 7
106 326 3
106 328 1
106 329 3
106 331 7
106 334 3
106 338 5
106 341 10
106 344 8
106 347 2
106 348 4
107 108 6
107 109 5
107 110 1
107 111 2
107 112 9
107 113 8
107 114 4
107 115 7
107 118 1
107 119 3
107 120 6
107 122 10
107 124 10
107 128 4
107 131 7
107 132 8
107 133 3
107 135 6
107 136 10
107 137 5
107 144 6
107 145 6
107 147 7
107 150 3
107 152 10
107 154 4
107 155 8
107 156 2
107 158 2
107 160 2
107 162 2
107 164 5
107 173 6
107 174 5
107 177 4
107 178 1
107 180 5
107 181 3
107 184 4
107 185 3
107 186 9
107 188 2
107 189 6
107 190 8
107 191 4
107 193 8
107 196 6
107 197 4
107 199 10
107 200 2
107 201 4
107 202 10
107 206 9
107 207 1
107 208 10
107 210 1
107 213 1
107 215 9
107 216 2
107 218 3
107 219 5
107 225 7
107 228 7
107 229 4
107 234 2
107 237 4
107 238 8
107 239 8
107 240 2
107 242 6
107 243 10
107 245 8
107 247 4
107 248 2
107 249 9
107 250 1
107 252 10
107 254 5
107 257 1
107 258 9
107 260 8
107 261 5
107 263 10
107 264 7
107 267 4
107 272 8
107 279 4
107 282 4
107 286 1
107 287 5
107 290 4
107 291 6
107 292 10
107 293 10
107 294 10
107 298 4
107 300 5
107 301 4
107 303 2
107 304 9
107 308 1
107 309 1
107 311 6
107 314 3
107 315 1
107 319 5
107 320 3
107 321 4
107 322 9
107 324 2
107 327 7
107 328 9
107 330 3
107 332 3
107 333 3
107 339 5
107 340 2
107 341 2
107 344 5
107 345 7
107 346 4
107 347 2
107 348 6
107 349 7
108 112 7
108 113 1
108 114 10
108 116 7
108 117 10
108 121 4
108 123 3
108 124 2
108 125 1
108 127 1
108 128 4
108 129 10
108 132 4
108 133 2
108 134 8
108 137 8
108 138 7
108 149 4
108 150 2
108 151 8
108 152 1
108 156 1
108 157 10
108 158 4
108 160 10
108 161 2
108 163 2
108 167 2
108 168 3
108 173 7
108 175 5
108 176 10
108 178 9
108 179 6
108 180 6
108 182 1
108 186 8
108 187 4
108 189 1
108 194 8
108 195 1
108 197 9
108 201 4
108 202 2
108 203 2
108 205 8
108 208 3
108 209 3
108 212 3
108 213 2
108 215 5
108 218 8
108 222 7
108 223 3
108 224 8
108 226 9
108 227 5
108 228 2
108 229 8
108 232 3
108 236 4
108 237 6
108 238 7
108 246 9
108 248 9
108 251 9
108 253 2
108 257 3
108 262 2
108 263 1
108 266 8
108 267 10
108 269 3
108 270 6
108 271 7
108 272 6
108 273 8
108 275 10
108 277 5
108 280 7
108 282 1
108 283 6
108 287 9
108 288 3
108 289 7
108 292 2
108 293 2
108 294 4
108 295 2
108 298 9
108 299 9
108 300 1
108 304 7
108 306 7
108 310 3
108 313 6
108 314 4
108 315 8
108 321 2
108 326 2
108 327 3
108 329 3
108 330 8
108 333 9
108 335 7
108 337 7
108 338 2
108 340 1
108 342 6
108 343 6
108 345 1
108 347 1
108 348 8
109 112 4
109 114 8
109 118 8
109 120 1
109 125 6
109 127 5
109 129 1
109 130 2
109 131 8
109 134 9
109 136 7
109 137 3
109 139 10
109 141 7
109 143 6
109 145 10
109 148 4
109 151 1
109 153 5
109 154 9
109 155 4
109 156 5
109 159 1
109 160 9
109 161 4
109 163 10
109 164 4
109 165 5
109 166 5
109 169 5
109 174 5
109 175 5
109 177 7
109 180 1
109 181 3
109 182 1
109 193 1
109 194 8
109 195 5
109 196 3
109 197 4
109 199 9
109 200 9
109 203 1
109 205 8
109 206 8
109 208 5
109 209 6
109 210 9
109 211 1
109 212 7
109 214 7
109 216 2
109 222 8
109 223 6
109 226 10
109 231 8
109 234 5
109 235 10
109 236 3
109 237 4
109 238 8
109 242 6
109 245 7
109 251 7
109 253 6
109 254 3
109 255 4
109 259 5
109 263 4
109 264 4
109 265 1
109 267 1
109 269 9
109 271 2
109 272 9
109 273 6
109 274 3
109 275 1
109 277 3
109 282 1
109 291 10
109 293 10
109 296 5
109 297 5
109 300 5
109 302 10
109 304 3
109 305 8
109 306 1
109 307 8
109 309 6
109 310 1
109 313 5
109 315 8
109 317 3
109 318 3
109 319 1
109 321 4
109 322 10
109 324 6
109 325 10
109 328 8
109 329 8
109 331 5
109 332 2
109 333 4
109 334 2
109 335 9
109 337 2
109 338 8
109 339 1
109 340 4
109 341 1
109 342 3
109 344 9
109 345 8
109 346 9
109 347 1
109 348 10
110 114 2
110 119 8
110 121 10
110 124 3
110 129 2
110 131 9
110 132 6
110 133 8
110 135 1
110 137 10
110 138 5
110 139 1
110 141 6
110 142 9
110 147 10
110 149 8
110 150 6
110 151 6
110 153 1
110 154 8
110 155 7
110 157 5
110 159 2
110 162 2
110 163 10
110 167 5
110 168 7
110 169 2
110 171 6
110 172 9
110 174 2
110 176 2
110 180 2
110 181 1
110 182 9
110 185 1
110 187 5
110 188 2
110 189 8
110 191 10
110 193 3
110 198 8
110 199 5
110 200 6
110 201 9
110 203 6
110 205 9
110 210 1
110 212 5
110 216 7
110 217 1
110 220 10
110 222 10
110 223 3
110 225 5
110 227 3
110 232 6
110 233 5
110 234 9
110 244 4
110 246 8
110 248 3
110 249 5
110 250 1
110 252 9
110 257 1
110 261 6
110 262 9
110 264 8
110 265 4
110 266 2
110 269 4
110 271 3
110 272 2
110 274 1
110 275 3
110 279 2
110 281 8
110 283 7
110 286 6
110 294 3
110 296 10
110 297 10
110 299 9
110 300 9
110 301 8
110 303 5
110 304 5
110 305 4
110 306 1
110 307 2
110 312 5
110 314 4
110 315 2
110 317 7
110 318 4
110 321 6
110 322 6
110 323 10
110 326 1
110 327 9
110 329 4
110 333 2
110 339 3
110 341 5
110 343 5
110 345 1
110 349 5
111 115 1
111 120 2
111 123 4
111 128 6
111 129 10
111 130 10
111 133 4
111 134 1
111 135 7
111 137 6
111 139 7
111 140 2
111 141 5
111 143 7
111 144 2
111 147 3
111 149 8
111 150 7
111 151 10
111 153 6
111 154 9
111 155 4
111 156 2
111 157 5
111 158 1
111 160 1
111 162 3
111 163 1
111 166 1
111 167 7
111 172 8
111 174 3
111 175 9
111 176 5
111 177 8
111 178 5
111 180 1
111 184 7
111 186 6
111 187 6
111 192 8
111 194 7
111 195 1
111 196 6
111 197 8
111 199 4
111 200 7
111 202 7
111 210 7
111 212 3
111 214 3
111 215 3
111 216 6
111 217 8
111 220 4
111 221 1
111 222 1
111 225 9
111 228 10
111 231 1
111 232 2
111 233 7
111 234 9
111 239 8
111 241 3
111 249 9
111 251 4
111 252 3
111 253 3
111 254 5
111 256 10
111 259 5
111 262 6
111 263 3
111 266 5
111 267 10
111 268 8
111 269 3
111 270 7
111 271 3
111 277 2
111 278 10
111 280 8
111 281 8
111 282 4
111 285 1
111 286 6
111 287 6
111 290 4
111 291 5
111 294 7
111 295 1
111 296 1
111 297 7
111 299 10
111 303 1
111 305 10
111 309 6
111 310 4
111 311 5
111 313 9
111 315 10
111 318 6
111 319 6
111 320 10
111 321 3
111 323 7
111 325 9
111 326 1
111 328 5
111 331 3
111 332 5
111 334 10
111 335 2
111 336 1
111 338 1
111 339 5
111 340 10
111 344 3
111 349 7
112 114 5
112 118 6
112 125 5
112 128 4
112 129 2
112 131 7
112 134 10
112 135 1
112 136 10
112 137 10
112 141 9
112 142 10
112 143 4
112 144 7
112 147 3
112 149 1
112 152 1
112 156 5
112 157 4
112 158 7
112 159 1
112 160 8
112 162 4
112 163 3
112 165 6
112 166 10
112 171 6
112 172 1
112 178 8
112 182 8
112 183 2
112 187 4
112 188 1
112 189 1
112 191 6
112 195 1
112 196 2
112 198 2
112 200 9
112 201 6
112 204 2
112 208 4
112 210 9
112 212 10
112 214 7
112 218 9
112 220 3
112 222 2
112 224 4
112 231 5
112 232 2
112 233 2
112 234 1
112 235 7
112 237 8
112 238 8
112 239 6
112 241 5
112 242 4
112 243 7
112 249 2
112 250 3
112 251 9
112 255 8
112 258 9
112 266 8
112 267 2
112 269 9
112 271 6
112 273 6
112 274 8
112 275 8
112 279 9
112 283 5
112 284 1
112 285 3
112 287 4
112 288 6
112 289 4
112 290 7
112 296 9
112 298 4
112 299 1
112 301 7
112 304 4
112 307 3
112 309 6
112 311 8
112 312 4
112 314 5
112 316 5
112 318 3
112 319 10
112 320 3
112 322 4
112 323 5
112 324 8
112 327 8
112 329 3
112 332 9
112 337 10
112 339 3
112 340 5
112 342 2
112 345 8
112 348 9
113 115 10
113 116 7
113 117 3
113 124 6
113 125 8
113 126 6
113 127 1
113 128 4
113 132 6
113 137 10
113 140 7
113 141 2
113 143 10
113 144 4
113 146 7
113 147 8
113 148 5
113 150 1
113 151 6
113 152 7
113 156 1
113 159 3
113 160 5
113 162 9
113 163 1
113 164 3
113 166 6
113 168 10
113 169 1
113 170 6
113 171 10
113 172 3
113 173 10
113 174 5
113 175 8
113 176 7
113 177 10
113 178 6
113 180 9
113 181 10
113 182 7
113 186 6
113 189 10
113 193 10
113 196 5
113 202 1
113 203 3
113 204 9
113 206 4
113 208 3
113 209 4
113 210 2
113 213 9
113 216 1
113 219 8
113 220 5
113 222 4
113 223 3
113 227 1
113 229 10
113 230 9
113 232 3
113 233 9
113 237 7
113 239 4
113 245 7
113 252 8
113 254 3
113 255 9
113 256 3
113 264 7
113 268 8
113 269 10
113 270 7
113 271 10
113 272 9
113 273 6
113 277 3
113 279 4
113 281 3
113 282 8
113 284 8
113 285 1
113 286 4
113 288 5
113 292 1
113 295 4
113 298 5
113 300 4
113 301 9
113 302 9
113 306 6
113 307 5
113 308 5
113 313 10
113 314 7
113 315 8
113 317 4
113 318 10
113 320 5
113 321 1
113 323 1
113 324 9
113 327 7
113 329 9
113 331 9
113 332 5
113 333 7
113 334 5
113 335 5
113 336 5
113 337 5
113 338 8
113 339 4
113 341 6
113 342 2
113 343 5
113 345 5
113 346 4
113 348 4
113 349 1
114 117 3
114 118 4
114 119 8
114 120 2
114 121 2
114 122 1
114 123 3
114 125 9
114 126 5
114 130 9
114 131 3
114 139 6
114 140 2
114 146 3
114 147 10
114 148 8
114 150 8
114 151 6
114 155 3
114 157 9
114 158 6
114 159 4
114 161 7
114 163 9
114 164 3
114 169 2
114 170 6
114 171 1
114 172 6
114 173 10
114 174 9
114 176 2
114 177 1
114 178 6
114 179 4
114 182 7
114 183 7
114 184 7
114 189 7
114 190 1
114 193 2
114 195 6
114 196 3
114 197 7
114 202 4
114 203 2
114 204 1
114 206 2
114 208 5
114 209 7
114 213 9
114 215 10
114 217 10
114 221 10
114 222 6
114 223 4
114 224 3
114 226 4
114 227 3
114 228 1
114 229 8
114 232 9
114 235 1
114 238 2
114 240 5
114 242 4
114 243 8
114 244 1
114 245 10
114 246 10
114 247 9
114 248 3
114 253 1
114 256 4
114 258 4
114 260 6
114 262 5
114 263 8
114 264 7
114 268 6
114 269 5
114 271 8
114 273 4
114 274 7
114 275 7
114 276 6
114 277 8
114 278 1
114 280 6
114 281 1
114 282 4
114 283 3
114 287 2
114 289 6
114 290 3
114 291 9
114 292 2
114 293 9
114 294 8
114 295 10
114 296 10
114 298 3
114 299 1
114 301 1
114 303 6
114 304 4
114 306 10
114 308 6
114 310 1
114 311 7
114 313 5
114 314 8
114 321 7
114 326 3
114 327 6
114 330 7
114 332 10
114 333 1
114 334 6
114 336 2
114 339 6
114 340 8
114 342 1
114 343 7
114 345 2
114 347 4
115 116 5
115 117 2
115 118 3
115 120 7
115 123 8
115 124 9
115 126 7
115 129 3
115 132 7
115 134 7
115 135 9
115 137 4
115 139 10
115 141 4
115 145 8
115 146 10
115 148 10
115 149 6
115 151 10
115 155 4
115 156 3
115 157 1
115 159 2
115 161 1
115 165 10
115 174 4
115 184 2
115 186 6
115 188 7
115 189 6
115 191 8
115 194 5
115 199 9
115 201 7
115 202 3
115 207 10
115 214 5
115 216 1
115 218 5
115 219 7
115 220 7
115 222 10
115 223 1
115 224 10
115 226 5
115 227 7
115 229 8
115 234 1
115 235 3
115 237 1
115 238 3
115 239 4
115 240 3
115 242 1
115 243 9
115 245 7
115 246 6
115 247 10
115 249 3
115 251 9
115 253 3
115 256 7
115 257 8
115 258 5
115 263 9
115 264 7
115 266 8
115 271 1
115 272 10
115 275 3
115 276 7
115 277 8
115 278 10
115 279 2
115 280 9
115 281 6
115 282 5
115 286 1
115 287 1
115 288 1
115 292 3
115 300 6
115 303 4
115 304 3
115 305 5
115 307 6
115 308 7
115 311 2
115 314 1
115 316 6
115 318 5
115 319 8
115 321 8
115 322 9
115 323 3
115 324 8
115 325 4
115 326 5
115 327 4
115 330 1
115 332 7
115 333 6
115 335 9
115 336 6
115 337 6
115 340 9
115 345 4
115 346 1
115 347 6
116 118 3
116 119 10
116 120 6
116 121 4
116 123 5
116 124 2
116 127 4
116 129 5
116 131 6
116 132 10
116 134 2
116 135 4
116 137 3
116 138 10
116 139 4
116 142 5
116 143 9
116 145 3
116 146 2
116 147 8
116 148 7
116 149 1
116 150 1
116 156 6
116 159 5
116 161 2
116 163 4
116 164 8
116 165 4
116 166 6
116 169 2
116 173 9
116 176 7
116 177 6
116 178 9
116 179 6
116 181 7
116 182 2
116 183 1
116 184 6
116 185 10
116 188 7
116 189 4
116 190 3
116 191 3
116 192 1
116 193 6
116 195 5
116 199 7
116 201 9
116 202 10
116 204 7
116 205 1
116 207 9
116 208 1
116 210 2
116 214 2
116 216 4
116 219 1
116 220 3
116 225 4
116 229 1
116 230 2
116 232 3
116 233 3
116 236 5
116 237 8
116 238 7
116 239 5
116 240 4
116 243 3
116 244 8
116 245 3
116 248 7
116 250 3
116 251 7
116 252 7
116 253 5
116 255 10
116 256 4
116 257 2
116 259 9
116 261 7
116 262 4
116 263 3
116 265 9
116 272 9
116 274 7
116 275 4
116 276 10
116 279 5
116 284 2
116 286 7
116 288 9
116 291 7
116 295 4
116 296 7
116 297 5
116 298 10
116 300 6
116 302 4
116 304 3
116 305 8
116 306 1
116 308 8
116 309 10
116 310 8
116 312 5
116 313 2
116 315 10
116 316 2
116 317 1
116 318 7
116 319 2
116 320 10
116 322 8
116 323 7
116 324 4
116 325 8
116 326 6
116 328 2
116 329 1
116 330 1
116 333 3
116 335 3
116 336 10
116 339 2
116 340 9
116 341 3
116 342 2
116 343 5
116 344 7
116 346 9
116 349 4
117 118 7
117 119 1
117 120 9
117 121 3
117 122 2
117 123 1
117 125 4
117 127 9
117 128 8
117 130 7
117 133 2
117 135 6
117 136 10
117 137 1
117 138 2
117 139 8
117 140 5
117 142 10
117 145 10
117 146 7
117 147 7
117 148 3
117 151 2
117 152 6
117 154 2
117 158 3
117 161 10
117 162 3
117 163 4
117 164 8
117 166 5
117 170 2
117 171 2
117 173 5
117 175 7
117 176 6
117 177 9
117 179 10
117 180 2
117 181 4
117 182 7
117 184 2
117 185 8
117 188 8
117 189 3
117 192 5
117 193 1
117 194 10
117 195 9
117 197 10
117 198 3
117 199 2
117 200 4
117 203 6
117 204 4
117 207 3
117 212 6
117 214 9
117 218 3
117 219 6
117 220 4
117 222 6
117 223 6
117 225 10
117 227 8
117 228 4
117 230 3
117 231 3
117 234 9
117 236 2
117 239 5
117 244 4
117 245 1
117 248 7
117 251 6
117 252 7
117 253 6
117 254 5
117 255 1
117 260 2
117 261 7
117 262 10
117 263 8
117 264 10
117 266 10
117 267 2
117 269 8
117 270 10
117 271 2
117 274 4
117 277 4
117 283 6
117 284 8
117 285 1
117 286 5
117 291 5
117 292 8
117 293 2
117 294 5
117 300 3
117 301 9
117 302 9
117 304 9
117 305 1
117 306 7
117 307 5
117 309 3
117 310 7
117 311 10
117 315 4
117 324 5
117 325 3
117 327 10
117 328 2
117 329 3
117 331 1
117 332 3
117 335 7
117 336 4
117 337 5
117 338 1
117 340 10
117 342 10
117 343 4
117 344 1
117 347 7
117 348 9
118 121 7
118 122 10
118 123 1
118 124 2
118 125 8
118 126 5
118 130 6
118 133 10
118 135 3
118 137 6
118 138 5
118 140 6
118 143 6
118 145 5
118 146 10
118 147 5
118 148 10
118 151 9
118 152 4
118 155 10
118 156 4
118 157 8
118 158 5
118 159 3
118 160 8
118 167 7
118 168 8
118 170 1
118 171 9
118 175 10
118 176 3
118 177 3
118 179 10
118 180 2
118 181 1
118 182 2
118 183 7
118 185 8
118 186 2
118 187 8
118 189 7
118 191 3
118 193 6
118 195 10
118 198 1
118 199 6
118 200 5
118 201 4
118 202 10
118 203 2
118 204 8
118 205 7
118 206 8
118 208 1
118 209 3
118 210 6
118 211 7
118 212 9
118 213 4
118 216 6
118 217 8
118 218 2
118 219 4
118 220 6
118 225 6
118 226 7
118 228 1
118 229 10
118 231 10
118 233 9
118 236 10
118 238 1
118 239 2
118 241 3
118 242 6
118 244 3
118 249 7
118 250 2
118 252 5
118 253 7
118 255 9
118 256 4
118 257 7
118 260 1
118 263 6
118 265 3
118 267 4
118 268 2
118 269 2
118 271 4
118 272 3
118 274 5
118 275 7
118 277 5
118 278 1
118 280 6
118 282 8
118 285 4
118 286 10
118 287 3
118 290 9
118 291 9
118 294 1
118 297 9
118 299 5
118 301 9
118 302 10
118 303 6
118 304 8
118 305 2
118 307 4
118 308 6
118 310 4
118 313 2
118 315 8
118 316 4
118 319 4
118 320 5
118 323 8
118 324 9
118 328 2
118 329 3
118 330 9
118 331 8
118 332 1
118 333 2
118 334 9
118 335 10
118 336 4
118 337 7
118 341 3
118 342 6
118 343 8
118 344 9
118 345 1
118 346 2
119 124 8
119 127 5
119 130 6
119 133 10
119 136 9
119 137 9
119 138 7
119 139 10
119 140 5
119 142 6
119 143 5
119 144 8
119 145 8
119 146 10
119 150 4
119 151 9
119 152 2
119 156 6
119 157 10
119 160 4
119 162 10
119 167 6
119 168 3
119 170 7
119 171 8
119 172 3
119 174 8
119 176 9
119 177 2
119 178 7
119 181 5
119 182 7
119 184 6
119 185 8
119 186 5
119 187 3
119 188 6
119 191 6
119 193 3
119 195 4
119 196 5
119 197 3
119 198 10
119 203 1
119 204 8
119 206 7
119 212 8
119 216 10
119 218 10
119 219 3
119 222 3
119 223 6
119 226 7
119 227 7
119 228 6
119 230 4
119 231 5
119 233 8
119 235 9
119 237 3
119 239 1
119 241 1
119 242 3
119 243 5
119 247 9
119 249 6
119 250 8
119 253 3
119 268 8
119 269 9
119 270 9
119 271 2
119 272 3
119 273 7
119 275 2
119 278 3
119 279 9
119 281 8
119 282 6
119 283 10
119 285 3
119 286 8
119 289 5
119 290 10
119 291 9
119 292 1
119 296 4
119 297 1
119 299 10
119 302 8
119 303 5
119 304 4
119 305 5
119 306 8
119 307 5
119 308 2
119 309 3
119 311 2
119 312 2
119 313 5
119 315 3
119 317 10
119 318 8
119 323 5
119 325 4
119 326 6
119 328 9
119 331 3
119 333 6
119 335 9
119 337 2
119 338 9
119 339 8
119 340 3
119 343 10
119 344 8
119 346 6
120 122 3
120 124 8
120 125 2
120 126 9
120 127 2
120 132 6
120 135 8
120 136 9
120 139 8
120 140 10
120 141 4
120 142 7
120 145 3
120 146 9
120 147 5
120 148 2
120 149 2
120 152 9
120 153 10
120 154 9
120 161 1
120 162 7
120 163 9
120 164 7
120 167 10
120 168 8
120 171 8
120 174 6
120 175 6
120 176 5
120 178 4
120 181 3
120 182 7
120 185 5
120 186 7
120 189 6
120 190 2
120 192 4
120 194 8
120 195 2
120 203 8
120 204 1
120 206 10
120 207 7
120 209 2
120 211 8
120 212 3
120 213 6
120 214 7
120 220 10
120 231 3
120 233 2
120 237 8
120 238 1
120 240 4
120 241 7
120 243 2
120 246 7
120 247 10
120 253 2
120 254 7
120 255 5
120 256 2
120 257 8
120 258 10
120 267 5
120 268 6
120 269 1
120 271 4
120 273 7
120 274 4
120 276 1
120 277 10
120 278 1
120 282 3
120 283 7
120 284 1
120 292 1
120 295 7
120 297 8
120 298 5
120 299 6
120 300 6
120 302 3
120 306 9
120 307 9
120 308 5
120 312 3
120 314 3
120 319 6
120 320 3
120 321 9
120 323 2
120 324 7
120 325 4
120 327 4
120 330 5
120 331 4
120 335 10
120 341 1
120 342 5
120 343 9
120 344 3
120 347 9
120 349 8
121 122 6
121 123 5
121 125 4
121 126 8
121 127 9
121 128 6
121 129 8
121 130 4
121 131 6
121 132 10
121 133 9
121 136 5
121 137 1
121 142 10
121 145 1
121 146 2
121 148 4
121 149 6
121 150 5
121 151 1
121 152 8
121 156 7
121 158 1
121 159 6
121 162 3
121 163 6
121 164 3
121 165 5
121 167 8
121 168 5
121 173 6
121 174 6
121 175 4
121 178 5
121 179 9
121 180 3
121 183 4
121 185 4
121 186 2
121 192 7
121 194 10
121 196 5
121 197 2
121 198 1
121 200 5
121 211 1
121 212 7
121 217 3
121 220 3
121 221 7
121 222 2
121 223 2
121 226 1
121 229 1
121 230 8
121 231 5
121 232 8
121 235 2
121 236 9
121 237 4
121 238 9
121 239 7
121 240 5
121 242 8
121 245 3
121 246 10
121 247 8
121 249 6
121 258 3
121 259 1
121 262 10
121 263 7
121 264 8
121 267 10
121 269 9
121 270 7
121 271 7
121 272 4
121 273 1
121 276 2
121 279 5
121 280 4
121 282 7
121 283 5
121 284 5
121 286 3
121 289 7
121 291 6
121 292 4
121 294 5
121 297 5
121 302 6
121 307 2
121 308 4
121 312 3
121 313 5
121 315 9
121 316 7
121 317 7
121 319 4
121 320 9
121 321 10
121 322 4
121 325 8
121 326 8
121 329 1
121 331 10
121 335 1
121 336 1
121 338 8
121 339 2
121 341 2
121 342 8
121 346 8
122 124 4
122 127 9
122 129 5
122 130 4
122 131 10
122 133 7
122 134 4
122 137 10
122 138 4
122 141 7
122 142 8
122 143 5
122 146 2
122 147 1
122 148 8
122 155 1
122 158 1
122 159 2
122 164 7
122 166 3
122 168 10
122 172 5
122 173 8
122 175 9
122 176 4
122 178 6
122 180 9
122 183 1
122 185 7
122 191 5
122 192 10
122 195 9
122 197 8
122 198 9
122 199 5
122 201 3
122 205 3
122 206 5
122 207 7
122 209 9
122 210 3
122 211 7
122 214 6
122 215 8
122 218 1
122 223 8
122 224 3
122 229 8
122 230 8
122 232 1
122 234 6
122 237 7
122 238 7
122 240 1
122 241 5
122 246 2
122 250 2
122 253 1
122 254 8
122 256 5
122 257 4
122 258 8
122 259 9
122 261 8
122 262 5
122 263 6
122 266 2
122 268 6
122 269 5
122 271 9
122 272 2
122 274 1
122 276 1
122 279 8
122 281 7
122 283 8
122 285 10
122 287 2
122 289 4
122 290 3
122 292 1
122 296 7
122 297 10
122 298 9
122 301 4
122 305 3
122 307 8
122 309 6
122 310 8
122 311 8
122 312 1
122 313 7
122 319 3
122 320 9
122 321 8
122 322 6
122 323 9
122 324 7
122 325 5
122 327 10
122 333 7
122 334 5
122 335 5
122 336 4
122 337 10
122 338 1
122 340 2
122 341 6
122 344 5
122 345 9
122 346 6
122 349 6
123 127 9
123 130 10
123 131 8
123 132 5
123 137 2
123 138 5
123 140 7
123 141 2
123 143 8
123 144 3
123 145 7
123 146 10
123 147 8
123 151 5
123 152 5
123 153 7
123 155 2
123 157 2
123 161 6
123 164 3
123 166 8
123 169 8
123 171 2
123 175 5
123 179 5
123 181 2
123 182 2
123 183 2
123 184 1
123 185 10
123 186 8
123 189 8
123 192 9
123 194 8
123 195 9
123 198 7
123 200 3
123 201 4
123 202 3
123 203 1
123 207 2
123 208 2
123 213 5
123 214 6
123 215 1
123 218 5
123 222 8
123 223 4
123 224 7
123 225 2
123 226 2
123 227 8
123 232 2
123 233 1
123 234 2
123 237 3
123 241 1
123 242 9
123 243 4
123 246 3
123 247 4
123 248 7
123 249 7
123 250 2
123 251 7
123 253 5
123 254 3
123 255 10
123 256 2
123 259 7
123 260 2
123 261 2
123 262 5
123 265 2
123 267 1
123 269 9
123 270 5
123 271 8
123 272 2
123 273 4
123 274 8
123 275 1
123 276 10
123 277 9
123 282 8
123 283 10
123 286 6
123 288 7
123 290 2
123 295 5
123 296 6
123 299 1
123 300 2
123 301 1
123 303 7
123 305 10
123 307 10
123 311 5
123 313 1
123 314 6
123 316 4
123 317 6
123 320 4
123 321 3
123 322 2
123 323 1
123 328 4
123 329 1
123 332 2
123 333 5
123 336 2
123 339 6
123 340 5
123 344 10
123 346 6
123 347 10
123 349 2
124 126 2
124 127 8
124 129 4
124 131 6
124 132 3
124 133 1
124 137 9
124 140 6
124 143 6
124 144 3
124 145 9
124 147 3
124 151 8
124 152 6
124 153 7
124 161 4
124 162 7
124 165 6
124 167 5
124 168 9
124 169 6
124 171 6
124 172 8
124 179 5
124 182 6
124 184 3
124 185 8
124 186 3
124 187 5
124 188 2
124 190 1
124 193 10
124 195 3
124 196 6
124 197 2
124 198 9
124 199 7
124 202 5
124 205 10
124 206 8
124 210 9
124 212 7
124 216 6
124 218 8
124 220 1
124 224 1
124 226 6
124 228 7
124 230 6
124 232 10
124 233 10
124 234 2
124 235 9
124 236 8
124 239 2
124 242 3
124 243 8
124 244 6
124 246 5
124 248 5
124 249 4
124 250 8
124 252 7
124 254 10
124 256 10
124 258 4
124 261 10
124 266 7
124 267 9
124 268 4
124 269 3
124 274 9
124 276 7
124 279 9
124 280 9
124 281 2
124 285 10
124 293 1
124 298 2
124 301 3
124 306 6
124 307 1
124 308 5
124 310 5
124 312 9
124 315 10
124 317 4
124 318 8
124 320 1
124 321 8
124 323 2
124 324 5
124 325 5
124 326 7
124 327 4
124 329 3
124 335 8
124 336 2
124 338 5
124 339 10
124 341 1
124 343 7
124 346 1
124 347 10
125 126 8
125 128 2
125 129 10
125 132 2
125 133 9
125 134 5
125 135 10
125 136 6
125 140 6
125 141 5
125 142 3
125 144 6
125 145 2
125 147 9
125 148 5
125 150 7
125 153 3
125 154 9
125 156 4
125 159 7
125 161 9
125 162 1
125 163 9
125 166 1
125 167 6
125 168 4
125 173 7
125 174 3
125 176 5
125 177 6
125 178 8
125 180 5
125 184 10
125 186 7
125 187 2
125 188 5
125 192 3
125 194 8
125 196 4
125 198 3
125 199 7
125 200 7
125 201 2
125 202 8
125 208 4
125 209 3
125 210 10
125 211 4
125 212 7
125 213 2
125 214 6
125 218 9
125 220 9
125 222 5
125 223 8
125 224 8
125 226 4
125 227 9
125 228 9
125 234 9
125 235 2
125 240 6
125 241 2
125 242 5
125 244 4
125 245 4
125 246 6
125 247 4
125 252 4
125 254 8
125 256 10
125 257 9
125 258 10
125 260 7
125 261 1
125 263 6
125 266 2
125 267 6
125 269 1
125 270 5
125 271 6
125 272 10
125 274 1
125 276 8
125 277 5
125 281 7
125 283 8
125 285 6
125 287 5
125 291 5
125 292 7
125 294 6
125 296 6
125 298 6
125 303 5
125 311 4
125 312 3
125 313 1
125 314 2
125 317 10
125 318 7
125 320 1
125 324 5
125 327 2
125 328 4
125 329 8
125 330 9
125 332 4
125 338 4
125 341 8
125 347 7
125 348 8
125 349 2
126 127 3
126 128 9
126 129 8
126 130 1
126 131 3
126 132 9
126 133 6
126 135 8
126 137 5
126 138 10
126 139 5
126 140 6
126 141 7
126 143 2
126 148 5
126 149 10
126 150 8
126 155 3
126 160 5
126 162 1
126 163 5
126 164 7
126 167 8
126 169 3
126 173 1
126 174 2
126 177 5
126 178 5
126 182 2
126 186 6
126 187 3
126 188 6
126 189 9
126 190 8
126 194 1
126 196 9
126 197 2
126 198 10
126 199 4
126 200 2
126 201 7
126 205 3
126 206 3
126 207 5
126 208 3
126 209 5
126 211 4
126 214 8
126 215 1
126 216 5
126 218 3
126 219 7
126 222 3
126 225 1
126 230 9
126 234 5
126 235 9
126 236 10
126 237 3
126 238 7
126 239 1
126 240 1
126 242 3
126 243 7
126 244 1
126 246 1
126 247 7
126 248 3
126 250 4
126 251 6
126 252 7
126 257 6
126 258 4
126 263 2
126 269 3
126 271 3
126 273 8
126 274 1
126 275 5
126 277 2
126 281 9
126 282 2
126 283 2
126 284 2
126 285 1
126 290 4
126 291 1
126 294 10
126 302 10
126 303 9
126 305 10
126 307 2
126 308 10
126 310 9
126 312 9
126 315 1
126 316 3
126 318 6
126 321 3
126 326 1
126 329 7
126 330 5
126 333 1
126 334 8
126 335 10
126 337 4
126 339 10
126 340 9
126 341 6
126 342 7
126 343 4
126 344 3
126 347 8
126 348 6
127 128 10
127 129 9
127 131 4
127 132 7
127 135 6
127 137 7
127 140 5
127 144 2
127 145 8
127 150 6
127 153 2
127 154 8
127 160 8
127 161 8
127 162 2
127 164 9
127 166 7
127 167 8
127 171 3
127 173 10
127 181 8
127 184 6
127 185 3
127 188 2
127 193 5
127 195 10
127 196 3
127 197 5
127 200 7
127 202 6
127 203 2
127 205 1
127 209 10
127 211 3
127 222 9
127 225 1
127 226 3
127 228 4
127 232 2
127 233 3
127 234 8
127 235 3
127 236 9
127 237 10
127 240 1
127 242 7
127 246 6
127 248 5
127 249 7
127 252 8
127 253 3
127 254 5
127 255 10
127 258 7
127 262 4
127 264 7
127 265 10
127 269 10
127 270 1
127 272 10
127 273 3
127 274 8
127 275 8
127 277 2
127 279 8
127 281 7
127 284 5
127 285 3
127 288 1
127 292 10
127 293 9
127 295 3
127 299 7
127 300 3
127 301 8
127 304 8
127 307 1
127 311 10
127 312 6
127 313 3
127 317 10
127 319 10
127 323 1
127 325 2
127 327 6
127 328 10
127 330 1
127 332 9
127 333 5
127 335 1
127 338 1
127 339 9
127 340 5
127 344 5
127 345 8
127 346 9
128 130 10
128 133 2
128 134 3
128 135 4
128 137 9
128 140 3
128 141 8
128 142 5
128 145 5
128 146 3
128 148 3
128 150 7
128 152 9
128 153 7
128 154 10
128 155 1
128 157 6
128 158 5
128 161 8
128 163 1
128 164 4
128 166 8
128 167 6
128 170 10
128 172 8
128 173 2
128 179 6
128 180 8
128 182 1
128 183 1
128 187 8
128 194 7
128 195 7
128 202 5
128 203 8
128 204 8
128 205 10
128 209 3
128 213 5
128 216 5
128 218 7
128 220 10
128 221 8
128 222 6
128 223 4
128 226 5
128 227 5
128 229 8
128 231 10
128 232 9
128 233 8
128 236 9
128 237 5
128 238 4
128 243 1
128 245 5
128 247 4
128 248 10
128 249 2
128 250 8
128 252 8
128 254 4
128 255 7
128 256 6
128 259 3
128 260 5
128 261 5
128 263 2
128 264 1
128 269 7
128 272 2
128 273 2
128 276 5
128 277 4
128 279 2
128 282 8
128 284 2
128 287 10
128 288 9
128 290 9
128 291 9
128 292 1
128 294 9
128 295 7
128 300 3
128 303 5
128 304 5
128 305 8
128 307 7
128 308 5
128 312 1
128 313 4
128 314 5
128 318 4
128 321 3
128 322 7
128 323 8
128 324 4
128 328 5
128 329 3
128 330 6
128 332 6
128 333 7
128 335 1
128 337 10
128 339 9
128 340 9
128 344 1
128 348 4
128 349 2
129 131 2
129 132 1
129 133 1
129 134 8
129 136 6
129 137 1
129 138 5
129 139 5
129 140 1
129 142 2
129 144 1
129 145 8
129 147 6
129 148 6
129 151 1
129 152 6
129 153 10
129 155 1
129 157 3
129 158 10
129 161 9
129 162 5
129 164 3
129 165 6
129 167 10
129 168 10
129 169 7
129 170 6
129 172 6
129 173 6
129 174 7
129 177 2
129 179 9
129 180 2
129 181 1
129 185 5
129 188 2
129 190 2
129 192 7
129 193 2
129 194 2
129 195 10
129 196 10
129 198 5
129 199 9
129 200 5
129 201 9
129 202 10
129 204 1
129 210 9
129 211 1
129 215 2
129 218 8
129 221 8
129 222 9
129 223 3
129 225 6
129 226 2
129 228 8
129 229 7
129 232 4
129 234 4
129 235 7
129 238 4
129 239 9
129 241 9
129 243 7
129 245 6
129 246 7
129 247 2
129 250 10
129 252 7
129 258 3
129 259 5
129 266 10
129 267 5
129 273 9
129 275 6
129 277 6
129 278 2
129 281 3
129 282 4
129 283 4
129 284 8
129 285 2
129 287 5
129 294 5
129 297 7
129 298 1
129 299 10
129 306 1
129 307 3
129 308 6
129 309 10
129 311 5
129 312 7
129 314 2
129 315 5
129 316 9
129 320 4
129 321 6
129 322 6
129 323 6
129 328 9
129 329 10
129 339 1
129 340 1
129 345 3
129 347 1
129 349 3
130 134 6
130 135 1
130 137 10
130 138 9
130 139 2
130 140 2
130 142 1
130 143 1
130 144 6
130 145 4
130 146 4
130 147 10
130 148 8
130 149 10
130 151 2
130 154 7
130 158 2
130 161 3
130 162 1
130 163 5
130 164 3
130 165 6
130 172 1
130 177 5
130 180 8
130 181 3
130 182 5
130 183 2
130 184 6
130 185 10
130 187 4
130 188 3
130 191 2
130 192 9
130 195 10
130 197 9
130 201 5
130 203 9
130 204 1
130 205 10
130 206 10
130 212 7
130 214 2
130 215 6
130 216 9
130 217 2
130 218 3
130 219 7
130 220 1
130 221 3
130 222 9
130 224 5
130 226 8
130 227 5
130 228 1
130 232 6
130 233 9
130 234 2
130 235 5
130 237 6
130 239 7
130 240 8
130 241 6
130 242 10
130 243 5
130 244 5
130 245 2
130 247 10
130 249 1
130 250 9
130 252 10
130 253 10
130 256 7
130 258 8
130 263 9
130 265 6
130 266 1
130 267 6
130 268 6
130 274 7
130 276 1
130 277 3
130 278 3
130 279 9
130 280 4
130 281 4
130 284 8
130 285 8
130 287 3
130 288 10
130 290 9
130 292 8
130 293 10
130 298 10
130 299 3
130 303 9
130 304 7
130 307 10
130 314 7
130 315 5
130 316 3
130 317 5
130 319 3
130 321 4
130 324 7
130 325 5
130 326 3
130 333 6
130 335 10
130 337 1
130 341 5
130 342 7
130 343 8
130 344 7
130 345 9
130 347 5
130 348 5
130 349 6
131 132 7
131 133 2
131 134 4
131 135 7
131 137 8
131 139 2
131 142 9
131 143 9
131 146 6
131 147 7
131 148 1
131 149 1
131 153 1
131 156 10
131 157 9
131 158 7
131 160 4
131 161 1
131 162 6
131 164 7
131 167 3
131 169 9
131 171 4
131 172 10
131 173 3
131 174 7
131 182 9
131 184 1
131 188 6
131 189 1
131 191 3
131 192 6
131 194 1
131 195 2
131 196 4
131 197 6
131 199 9
131 200 9
131 201 6
131 202 8
131 203 1
131 207 7
131 209 1
131 211 5
131 212 6
131 214 1
131 216 9
131 217 1
131 218 9
131 219 10
131 220 4
131 221 8
131 222 6
131 223 5
131 225 2
131 226 7
131 227 4
131 231 5
131 232 2
131 233 9
131 235 9
131 236 10
131 238 6
131 239 8
131 240 5
131 241 3
131 242 10
131 246 3
131 250 8
131 251 3
131 252 9
131 253 1
131 254 10
131 256 1
131 258 9
131 261 7
131 262 5
131 263 2
131 264 3
131 265 1
131 266 1
131 267 2
131 269 2
131 270 8
131 272 3
131 275 10
131 277 10
131 278 1
131 281 6
131 282 9
131 285 9
131 287 4
131 288 3
131 289 4
131 290 2
131 292 5
131 296 3
131 297 1
131 300 10
131 302 9
131 306 7
131 307 1
131 308 1
131 309 1
131 312 10
131 313 1
131 314 1
131 315 2
131 316 1
131 317 8
131 318 9
131 320 3
131 321 5
131 326 7
131 327 9
131 328 10
131 329 8
131 331 3
131 332 4
131 336 5
131 341 10
131 342 4
131 343 5
131 344 6
131 349 4
132 133 10
132 134 6
132 135 7
132 136 7
132 138 1
132 139 1
132 140 8
132 143 1
132 144 10
132 145 8
132 146 1
132 148 9
132 150 1
132 151 9
132 153 2
132 155 7
132 158 9
132 161 3
132 163 2
132 167 4
132 169 2
132 170 6
132 171 9
132 172 8
132 176 4
132 178 5
132 181 9
132 185 3
132 188 7
132 189 8
132 191 3
132 197 2
132 198 7
132 200 10
132 201 4
132 204 8
132 205 1
132 206 6
132 207 9
132 211 5
132 212 1
132 215 10
132 216 10
132 217 1
132 218 7
132 219 8
132 221 8
132 222 9
132 225 4
132 229 1
132 230 6
132 231 5
132 235 1
132 237 9
132 238 3
132 239 7
132 242 1
132 243 7
132 244 2
132 250 9
132 252 4
132 255 3
132 256 4
132 258 1
132 259 4
132 260 7
132 263 10
132 266 3
132 267 2
132 270 9
132 271 3
132 275 6
132 279 7
132 280 10
132 285 4
132 286 5
132 287 5
132 288 5
132 290 10
132 291 5
132 292 9
132 295 1
132 296 3
132 297 3
132 301 10
132 302 6
132 303 8
132 304 6
132 305 7
132 307 2
132 309 3
132 310 10
132 312 8
132 315 3
132 317 5
132 320 5
132 321 6
132 323 6
132 324 4
132 325 7
132 326 3
132 328 4
132 329 1
132 330 6
132 331 1
132 332 6
132 335 9
132 337 2
132 338 5
132 339 9
132 342 2
132 343 2
132 345 1
132 348 3
133 135 6
133 136 4
133 139 4
133 140 3
133 141 3
133 142 4
133 143 3
133 144 4
133 145 4
133 147 5
133 148 4
133 152 2
133 153 1
133 154 9
133 155 6
133 156 8
133 157 7
133 160 8
133 161 10
133 162 1
133 163 4
133 164 4
133 165 5
133 166 5
133 167 2
133 168 1
133 169 4
133 170 2
133 174 2
133 177 3
133 179 7
133 180 5
133 187 3
133 190 3
133 192 7
133 194 5
133 195 3
133 197 10
133 198 8
133 200 1
133 201 6
133 202 7
133 203 8
133 204 8
133 207 3
133 209 9
133 212 9
133 214 8
133 215 3
133 217 9
133 221 9
133 223 5
133 224 4
133 225 8
133 227 10
133 228 7
133 230 3
133 231 9
133 232 3
133 234 7
133 235 4
133 236 6
133 237 2
133 238 6
133 239 8
133 243 4
133 244 4
133 245 7
133 246 7
133 248 10
133 250 2
133 251 7
133 257 8
133 258 9
133 259 7
133 260 5
133 262 8
133 264 5
133 265 1
133 266 8
133 268 7
133 270 5
133 275 5
133 277 5
133 278 4
133 279 9
133 280 1
133 281 3
133 283 1
133 284 7
133 289 6
133 290 2
133 291 5
133 293 9
133 294 4
133 298 5
133 300 9
133 301 1
133 302 4
133 304 9
133 305 2
133 307 5
133 308 7
133 309 9
133 311 10
133 314 2
133 316 8
133 317 9
133 318 10
133 320 8
133 322 2
133 325 8
133 326 1
133 333 7
133 334 3
133 341 2
133 343 4
133 346 6
133 347 7
133 348 9
134 138 10
134 140 2
134 141 5
134 142 2
134 146 6
134 147 10
134 149 5
134 152 3
134 154 2
134 155 7
134 158 9
134 160 7
134 163 10
134 164 5
134 166 4
134 167 6
134 168 3
134 170 9
134 173 4
134 175 2
134 178 1
134 179 9
134 181 4
134 182 9
134 183 6
134 185 9
134 187 10
134 188 8
134 192 6
134 193 3
134 195 7
134 196 9
134 197 3
134 203 3
134 212 1
134 214 7
134 215 5
134 218 2
134 222 3
134 224 2
134 225 6
134 226 3
134 227 5
134 228 1
134 229 7
134 230 9
134 234 7
134 236 7
134 237 10
134 241 10
134 242 7
134 244 3
134 246 8
134 247 7
134 249 5
134 250 2
134 251 2
134 253 4
134 256 3
134 257 8
134 258 5
134 261 10
134 262 5
134 264 6
134 266 6
134 267 10
134 271 4
134 274 5
134 280 6
134 283 6
134 287 5
134 289 10
134 290 10
134 292 8
134 293 1
134 295 4
134 298 1
134 300 10
134 301 7
134 302 6
134 304 10
134 306 5
134 307 10
134 308 3
134 309 3
134 311 4
134 313 8
134 320 1
134 321 10
134 323 5
134 329 6
134 332 6
134 336 4
134 338 2
134 339 4
134 343 9
134 345 1
134 346 6
134 347 5
134 349 1
135 138 5
135 143 2
135 144 6
135 145 9
135 146 7
135 149 9
135 155 1
135 158 3
135 160 8
135 161 1
135 162 10
135 163 6
135 164 1
135 165 8
135 166 9
135 167 3
135 169 9
135 170 6
135 173 8
135 174 1
135 175 8
135 176 2
135 179 4
135 180 8
135 181 10
135 185 7
135 187 6
135 189 4
135 191 9
135 195 7
135 198 5
135 199 3
135 200 1
135 201 8
135 202 4
135 204 4
135 205 10
135 206 5
135 209 3
135 210 8
135 212 10
135 213 5
135 215 3
135 218 5
135 220 2
135 228 6
135 229 4
135 231 8
135 234 6
135 235 5
135 236 6
135 239 6
135 241 4
135 243 9
135 244 6
135 249 3
135 252 6
135 253 9
135 254 1
135 255 4
135 256 3
135 258 6
135 259 3
135 262 5
135 263 2
135 265 9
135 271 9
135 273 9
135 275 3
135 277 5
135 282 9
135 283 2
135 288 8
135 290 9
135 300 10
135 301 4
135 302 6
135 309 6
135 310 2
135 311 9
135 313 5
135 321 1
135 323 5
135 325 3
135 326 5
135 327 9
135 328 10
135 329 6
135 332 6
135 334 5
135 337 10
135 339 3
135 341 5
135 343 6
135 344 8
135 345 9
135 348 2
136 137 4
136 138 9
136 139 1
136 140 5
136 141 3
136 143 1
136 144 6
136 146 8
136 148 2
136 151 4
136 152 7
136 153 4
136 158 3
136 159 6
136 160 1
136 161 6
136 167 3
136 169 5
136 172 3
136 173 1
136 175 1
136 177 2
136 178 7
136 179 10
136 180 1
136 181 10
136 182 2
136 185 1
136 186 1
136 187 6
136 188 3
136 189 7
136 191 6
136 194 2
136 195 5
136 202 6
136 203 4
136 205 2
136 206 4
136 207 5
136 209 10
136 212 7
136 214 10
136 219 10
136 220 8
136 223 3
136 225 5
136 226 2
136 228 2
136 229 9
136 230 2
136 233 10
136 234 9
136 237 2
136 240 3
136 243 5
136 248 3
136 251 2
136 252 1
136 256 9
136 260 5
136 263 6
136 264 3
136 267 8
136 270 9
136 273 5
136 274 10
136 276 5
136 277 3
136 278 8
136 279 2
136 280 8
136 282 10
136 283 10
136 285 10
136 286 10
136 288 1
136 290 2
136 291 2
136 296 9
136 298 2
136 301 5
136 302 3
136 304 1
136 306 1
136 308 8
136 310 8
136 311 6
136 314 3
136 320 6
136 321 10
136 322 2
136 323 2
136 324 3
136 328 5
136 329 10
136 330 4
136 333 8
136 338 4
136 340 7
136 341 5
136 346 1
136 348 6
136 349 2
137 139 2
137 141 7
137 143 10
137 144 4
137 145 2
137 147 1
137 151 5
137 155 7
137 157 9
137 163 6
137 165 8
137 169 9
137 173 2
137 181 5
137 182 7
137 183 10
137 188 10
137 189 5
137 191 3
137 197 6
137 199 7
137 202 9
137 203 8
137 204 6
137 205 9
137 207 1
137 209 9
137 210 6
137 211 6
137 212 8
137 215 1
137 217 8
137 218 7
137 222 5
137 223 4
137 224 3
137 225 6
137 226 4
137 227 7
137 228 3
137 229 7
137 231 8
137 232 6
137 234 9
137 235 9
137 236 7
137 238 5
137 240 2
137 241 8
137 243 10
137 244 6
137 249 2
137 250 5
137 252 5
137 253 2
137 255 2
137 257 10
137 259 3
137 261 1
137 262 7
137 263 7
137 269 2
137 272 1
137 273 4
137 274 1
137 282 10
137 283 1
137 284 3
137 286 5
137 291 6
137 292 5
137 296 2
137 297 7
137 299 3
137 300 10
137 301 7
137 302 3
137 305 9
137 306 7
137 310 5
137 311 4
137 316 1
137 317 4
137 319 7
137 320 1
137 321 10
137 323 7
137 326 5
137 330 10
137 334 3
137 341 5
137 342 1
137 344 7
137 345 10
137 346 5
137 347 10
137 349 7
138 140 9
138 141 5
138 142 9
138 148 4
138 149 3
138 151 8
138 152 6
138 153 6
138 155 5
138 156 1
138 157 3
138 158 4
138 160 10
138 161 5
138 162 9
138 165 5
138 167 1
138 169 4
138 170 4
138 172 4
138 174 3
138 175 9
138 176 4
138 178 6
138 181 1
138 182 5
138 183 3
138 184 3
138 185 2
138 188 3
138 189 10
138 190 2
138 191 6
138 193 5
138 195 5
138 197 9
138 199 4
138 203 2
138 209 2
138 210 1
138 212 6
138 214 2
138 217 1
138 219 1
138 220 7
138 221 7
138 225 1
138 229 9
138 231 3
138 232 4
138 233 7
138 234 3
138 236 8
138 237 6
138 238 4
138 242 9
138 243 4
138 247 7
138 250 2
138 253 5
138 254 3
138 255 6
138 256 5
138 257 6
138 258 3
138 264 8
138 266 10
138 267 6
138 271 4
138 276 7
138 278 9
138 281 10
138 282 5
138 283 6
138 285 6
138 286 1
138 289 9
138 293 10
138 294 6
138 296 3
138 300 2
138 302 7
138 303 6
138 306 1
138 307 1
138 309 8
138 310 7
138 311 8
138 313 7
138 315 9
138 316 5
138 317 2
138 320 4
138 321 4
138 322 2
138 323 8
138 326 1
138 327 1
138 329 6
138 330 1
138 331 1
138 333 6
138 337 6
138 339 7
138 344 3
138 345 5
138 348 5
138 349 4
139 140 6
139 143 8
139 144 3
139 146 2
139 149 4
139 151 3
139 154 2
139 155 1
139 156 3
139 158 1
139 161 1
139 164 4
139 165 4
139 166 3
139 167 10
139 168 1
139 170 7
139 171 2
139 173 2
139 175 9
139 178 7
139 179 10
139 180 9
139 181 9
139 184 2
139 185 9
139 187 8
139 188 9
139 190 10
139 191 7
139 194 5
139 197 2
139 199 8
139 200 1
139 203 4
139 204 7
139 205 9
139 206 4
139 207 10
139 208 8
139 209 5
139 210 7
139 213 8
139 217 3
139 219 7
139 230 6
139 232 8
139 235 9
139 236 5
139 237 1
139 238 9
139 240 4
139 241 9
139 243 3
139 244 4
139 245 4
139 249 7
139 250 6
139 251 3
139 257 8
139 258 9
139 261 2
139 262 10
139 264 9
139 266 7
139 270 8
139 272 4
139 273 2
139 275 10
139 276 7
139 280 8
139 282 2
139 286 3
139 287 10
139 295 1
139 296 1
139 300 3
139 301 1
139 302 6
139 303 6
139 304 4
139 305 3
139 310 2
139 316 4
139 317 8
139 319 6
139 321 1
139 327 1
139 330 9
139 331 10
139 333 3
139 334 8
139 336 1
139 338 8
139 340 9
139 341 8
139 342 3
139 343 8
139 345 10
139 347 3
139 348 5
140 141 1
140 143 3
140 147 2
140 150 1
140 151 7
140 152 9
140 153 5
140 157 8
140 158 5
140 159 1
140 163 4
140 164 5
140 165 4
140 166 10
140 169 6
140 170 4
140 171 3
140 172 9
140 173 5
140 174 7
140 175 2
140 176 7
140 177 4
140 181 4
140 183 10
140 189 6
140 190 10
140 193 6
140 194 3
140 197 10
140 199 5
140 200 6
140 202 9
140 203 9
140 206 8
140 208 4
140 210 1
140 215 7
140 218 9
140 220 4
140 221 8
140 224 7
140 225 7
140 226 6
140 227 10
140 228 3
140 229 8
140 230 2
140 232 5
140 233 8
140 235 3
140 236 4
140 242 10
140 243 2
140 244 1
140 245 3
140 247 4
140 249 2
140 250 10
140 252 4
140 255 9
140 258 10
140 259 8
140 261 1
140 262 10
140 263 6
140 267 8
140 268 6
140 270 8
140 271 3
140 272 2
140 275 10
140 276 2
140 277 9
140 279 8
140 280 3
140 283 10
140 285 1
140 287 1
140 290 8
140 291 3
140 292 10
140 294 7
140 298 7
140 299 7
140 300 2
140 301 9
140 302 1
140 303 6
140 304 7
140 305 4
140 309 1
140 311 4
140 313 2
140 318 3
140 319 1
140 322 4
140 326 6
140 327 10
140 329 8
140 330 6
140 332 10
140 333 5
140 340 6
140 343 4
140 345 10
140 346 3
140 348 4
140 349 9
141 147 2
141 149 9
141 150 2
141 152 2
141 153 6
141 155 4
141 157 7
141 159 9
141 160 2
141 161 2
141 163 3
141 167 4
141 168 7
141 169 9
141 170 9
141 171 9
141 173 9
141 177 4
141 181 4
141 186 7
141 187 9
141 191 1
141 193 7
141 194 1
141 195 7
141 196 6
141 199 4
141 200 2
141 202 1
141 203 10
141 206 5
141 208 3
141 209 6
141 210 5
141 213 4
141 217 9
141 219 9
141 220 1
141 221 3
141 224 1
141 225 3
141 227 6
141 229 3
141 231 5
141 233 8
141 235 1
141 236 9
141 240 10
141 241 7
141 242 6
141 245 6
141 246 4
141 247 4
141 249 7
141 250 8
141 252 5
141 254 4
141 255 1
141 256 8
141 257 7
141 258 4
141 262 9
141 265 2
141 266 3
141 267 4
141 268 10
141 269 6
141 271 9
141 274 9
141 275 3
141 278 3
141 279 3
141 281 9
141 282 4
141 285 6
141 286 1
141 287 8
141 289 9
141 290 7
141 291 7
141 292 9
141 293 3
141 295 7
141 297 7
141 299 8
141 300 1
141 302 7
141 303 2
141 304 2
141 305 1
141 309 3
141 310 2
141 312 3
141 314 7
141 318 1
141 319 4
141 320 5
141 321 1
141 324 2
141 325 2
141 330 4
141 331 7
141 333 8
141 334 8
141 335 7
141 336 10
141 338 2
141 339 2
141 340 7
141 343 9
141 344 2
141 348 3
142 143 2
142 144 1
142 147 6
142 150 1
142 151 6
142 152 7
142 154 9
142 155 9
142 161 9
142 164 1
142 166 5
142 173 5
142 175 2
142 176 3
142 178 2
142 180 3
142 182 5
142 183 1
142 186 6
142 190 8
142 192 6
142 194 7
142 196 3
142 197 5
142 201 5
142 202 1
142 204 4
142 206 5
142 210 10
142 211 7
142 212 10
142 213 3
142 214 5
142 216 1
142 218 4
142 222 6
142 227 7
142 230 10
142 231 1
142 233 10
142 234 2
142 235 6
142 236 4
142 237 10
142 242 6
142 243 9
142 245 6
142 247 6
142 248 7
142 250 1
142 252 7
142 254 1
142 255 4
142 257 9
142 258 1
142 260 2
142 262 7
142 263 4
142 264 10
142 266 1
142 268 9
142 270 5
142 272 5
142 273 10
142 274 8
142 276 6
142 277 1
142 279 10
142 284 5
142 286 8
142 287 4
142 290 4
142 291 3
142 294 10
142 295 3
142 298 8
142 299 5
142 300 6
142 301 3
142 303 5
142 306 7
142 310 6
142 312 8
142 313 7
142 314 8
142 317 10
142 320 3
142 321 9
142 324 8
142 325 6
142 326 8
142 328 2
142 330 2
142 332 2
142 333 7
142 335 3
142 337 3
142 341 4
142 342 2
142 343 7
142 346 2
142 347 5
142 348 2
142 349 9
143 146 4
143 148 10
143 149 4
143 150 10
143 151 9
143 153 3
143 155 8
143 156 8
143 160 6
143 161 1
143 163 7
143 164 6
143 166 9
143 172 5
143 173 7
143 174 9
143 175 8
143 176 6
143 180 1
143 181 5
143 182 4
143 184 7
143 186 8
143 187 6
143 188 6
143 192 7
143 195 5
143 196 8
143 202 4
143 204 2
143 206 3
143 207 10
143 211 3
143 213 9
143 216 4
143 217 5
143 220 3
143 221 6
143 223 9
143 226 5
143 228 3
143 233 8
143 234 8
143 235 1
143 237 8
143 241 10
143 245 8
143 246 4
143 247 5
143 251 6
143 253 5
143 257 7
143 259 1
143 267 3
143 268 7
143 269 5
143 270 3
143 271 8
143 276 8
143 278 3
143 282 4
143 284 9
143 291 8
143 295 4
143 298 3
143 299 9
143 300 9
143 302 10
143 303 4
143 306 7
143 308 10
143 309 1
143 310 1
143 311 4
143 313 3
143 315 1
143 317 8
143 319 10
143 320 1
143 325 3
143 329 1
143 334 9
143 337 10
143 340 6
143 341 2
143 343 9
143 346 1
143 347 5
144 146 5
144 148 5
144 150 2
144 152 10
144 154 8
144 155 7
144 164 7
144 165 2
144 166 7
144 167 5
144 168 6
144 170 1
144 171 2
144 172 8
144 174 4
144 175 6
144 179 3
144 180 1
144 181 1
144 182 4
144 184 6
144 185 3
144 187 4
144 188 7
144 189 4
144 190 10
144 193 6
144 194 5
144 197 8
144 199 2
144 206 8
144 209 7
144 211 8
144 212 9
144 214 2
144 216 7
144 217 2
144 221 9
144 222 4
144 225 1
144 226 3
144 227 2
144 228 9
144 230 3
144 231 7
144 233 5
144 235 1
144 236 8
144 237 1
144 238 1
144 239 3
144 243 1
144 244 6
144 245 1
144 248 8
144 249 4
144 251 10
144 252 7
144 253 4
144 257 10
144 260 7
144 262 10
144 265 3
144 269 7
144 270 2
144 271 10
144 272 6
144 274 6
144 277 4
144 278 10
144 281 6
144 285 4
144 287 2
144 290 1
144 291 6
144 295 2
144 296 4
144 297 10
144 299 8
144 300 1
144 301 4
144 304 10
144 307 10
144 308 5
144 310 6
144 316 3
144 317 7
144 318 9
144 321 8
144 323 3
144 324 1
144 326 1
144 327 1
144 329 6
144 330 2
144 333 7
144 334 2
144 337 3
144 339 4
144 340 5
144 341 9
144 342 8
144 343 9
144 344 10
144 346 3
144 347 2
144 349 8
145 146 3
145 150 7
145 152 1
145 155 6
145 157 8
145 160 8
145 163 6
145 170 2
145 171 2
145 173 3
145 175 9
145 176 7
145 177 5
145 178 7
145 180 3
145 181 9
145 183 2
145 185 1
145 188 2
145 189 2
145 191 10
145 193 9
145 198 4
145 200 5
145 201 2
145 202 2
145 203 6
145 206 9
145 207 5
145 209 2
145 214 6
145 215 6
145 222 1
145 223 4
145 225 7
145 226 6
145 229 4
145 230 2
145 232 5
145 233 1
145 235 2
145 237 2
145 238 10
145 239 7
145 241 3
145 242 8
145 246 9
145 248 3
145 250 8
145 252 3
145 253 3
145 255 8
145 256 7
145 257 3
145 258 8
145 261 9
145 264 9
145 265 10
145 267 10
145 269 10
145 270 7
145 273 4
145 274 5
145 277 6
145 279 9
145 280 2
145 281 8
145 282 3
145 286 5
145 288 5
145 290 3
145 291 1
145 292 6
145 293 8
145 294 5
145 295 6
145 296 4
145 300 1
145 303 5
145 305 5
145 309 3
145 316 6
145 317 9
145 320 1
145 322 6
145 323 3
145 324 7
145 325 2
145 326 1
145 327 1
145 329 9
145 335 5
145 336 4
145 337 1
145 338 5
145 339 10
145 343 4
145 344 5
145 345 9
145 347 5
145 349 6
146 147 4
146 148 3
146 152 10
146 153 10
146 154 4
146 155 9
146 158 9
146 159 6
146 162 5
146 167 3
146 168 3
146 169 4
146 171 9
146 175 8
146 177 7
146 178 8
146 181 5
146 183 9
146 184 1
146 185 5
146 186 5
146 188 9
146 191 7
146 192 9
146 193 7
146 194 4
146 195 2
146 199 4
146 200 9
146 201 9
146 202 2
146 205 9
146 209 1
146 211 1
146 212 9
146 213 3
146 215 7
146 218 5
146 219 5
146 222 8
146 223 8
146 224 1
146 228 9
146 229 1
146 230 2
146 231 8
146 232 3
146 233 4
146 234 9
146 238 10
146 239 6
146 242 3
146 243 10
146 244 3
146 254 6
146 255 4
146 256 3
146 258 9
146 259 9
146 261 10
146 264 9
146 266 2
146 267 1
146 271 6
146 273 3
146 275 1
146 278 3
146 281 10
146 282 8
146 283 10
146 286 1
146 289 9
146 291 3
146 292 7
146 294 6
146 295 1
146 299 3
146 301 4
146 303 9
146 304 1
146 305 4
146 307 8
146 310 3
146 311 3
146 315 10
146 316 2
146 318 1
146 320 3
146 321 5
146 322 1
146 324 7
146 325 1
146 327 3
146 329 9
146 332 9
146 333 3
146 335 1
146 336 9
146 337 10
146 339 1
146 340 5
146 342 9
146 343 6
146 345 8
146 346 1
146 349 3
147 148 10
147 149 4
147 150 8
147 153 1
147 155 8
147 156 6
147 157 1
147 159 3
147 160 3
147 162 6
147 165 2
147 171 1
147 172 10
147 174 4
147 176 4
147 179 5
147 180 8
147 181 6
147 182 9
147 183 1
147 185 5
147 189 4
147 191 10
147 194 6
147 196 5
147 197 9
147 198 1
147 199 6
147 200 6
147 202 4
147 205 10
147 206 7
147 207 6
147 209 7
147 210 8
147 212 1
147 213 7
147 215 2
147 216 7
147 217 4
147 222 5
147 224 6
147 225 5
147 227 9
147 229 7
147 230 4
147 231 1
147 232 4
147 234 7
147 237 10
147 238 2
147 239 9
147 240 9
147 241 2
147 244 3
147 246 6
147 247 2
147 248 2
147 249 10
147 250 6
147 251 7
147 254 9
147 255 9
147 258 6
147 259 10
147 263 10
147 267 8
147 270 5
147 274 10
147 275 2
147 276 6
147 277 8
147 278 7
147 282 9
147 283 8
147 287 6
147 289 2
147 292 5
147 294 3
147 297 2
147 298 1
147 299 1
147 300 5
147 301 3
147 308 6
147 315 3
147 316 2
147 317 8
147 321 9
147 322 7
147 323 1
147 325 7
147 326 9
147 327 1
147 328 2
147 329 2
147 334 9
147 338 4
147 339 7
147 340 10
147 342 9
147 345 2
148 149 6
148 150 3
148 152 5
148 154 2
148 155 1
148 156 6
148 157 6
148 158 7
148 159 7
148 164 9
148 165 7
148 167 10
148 168 2
148 169 8
148 170 10
148 172 2
148 173 1
148 174 6
148 175 1
148 176 5
148 177 9
148 178 2
148 179 7
148 181 6
148 183 8
148 185 4
148 186 5
148 187 3
148 188 4
148 190 3
148 191 2
148 192 7
148 194 6
148 195 10
148 198 9
148 202 5
148 204 1
148 209 9
148 213 1
148 217 10
148 218 4
148 222 7
148 223 2
148 224 7
148 226 4
148 227 7
148 229 6
148 230 6
148 234 10
148 239 9
148 243 10
148 244 8
148 245 10
148 249 8
148 250 4
148 251 9
148 252 8
148 254 10
148 257 7
148 258 10
148 259 6
148 260 1
148 264 8
148 266 5
148 268 9
148 273 5
148 279 10
148 280 1
148 281 6
148 282 5
148 283 7
148 285 10
148 286 7
148 289 4
148 292 6
148 293 8
148 294 4
148 296 9
148 298 4
148 299 9
148 300 9
148 301 3
148 302 8
148 303 8
148 306 8
148 308 5
148 310 7
148 314 6
148 315 2
148 318 1
148 320 3
148 321 7
148 325 6
148 326 1
148 329 7
148 330 6
148 331 8
148 333 4
148 335 2
148 338 4
148 339 10
148 342 9
148 344 4
148 345 8
149 150 3
149 152 7
149 153 1
149 154 9
149 157 8
149 160 1
149 162 3
149 164 8
149 169 8
149 170 6
149 172 5
149 173 6
149 175 3
149 177 5
149 178 4
149 179 5
149 180 3
149 181 8
149 183 1
149 184 5
149 185 9
149 190 4
149 191 6
149 192 3
149 194 2
149 196 5
149 197 2
149 198 6
149 203 9
149 204 4
149 208 9
149 209 5
149 212 4
149 213 6
149 214 3
149 217 6
149 218 2
149 220 10
149 224 6
149 226 5
149 227 10
149 229 2
149 232 4
149 234 8
149 236 3
149 244 2
149 247 4
149 249 2
149 250 10
149 251 2
149 253 9
149 256 6
149 259 6
149 263 4
149 267 7
149 269 10
149 270 8
149 272 1
149 276 6
149 277 3
149 278 4
149 279 9
149 280 7
149 283 8
149 285 1
149 287 6
149 288 2
149 292 5
149 293 9
149 297 1
149 300 1
149 303 8
149 304 4
149 305 5
149 306 3
149 307 7
149 309 8
149 310 2
149 312 9
149 314 2
149 315 7
149 316 7
149 318 3
149 319 4
149 323 8
149 324 7
149 325 8
149 327 6
149 329 8
149 331 9
149 333 2
149 335 2
149 337 8
149 339 6
149 341 6
149 343 3
149 344 3
149 346 6
149 347 3
149 348 10
150 151 5
150 155 9
150 157 3
150 158 10
150 161 2
150 163 6
150 164 6
150 168 10
150 171 8
150 173 9
150 175 7
150 176 4
150 177 10
150 179 10
150 180 4
150 182 8
150 183 10
150 184 7
150 187 9
150 190 3
150 192 5
150 193 7
150 194 2
150 198 10
150 199 4
150 202 7
150 203 10
150 205 10
150 206 9
150 210 4
150 211 1
150 212 2
150 215 4
150 216 6
150 217 10
150 218 9
150 219 8
150 223 9
150 225 5
150 226 3
150 229 10
150 230 8
150 232 6
150 233 7
150 234 8
150 235 4
150 236 1
150 240 5
150 241 8
150 242 5
150 243 10
150 248 9
150 249 9
150 252 6
150 255 9
150 256 3
150 257 9
150 258 6
150 259 1
150 261 3
150 262 5
150 263 9
150 264 6
150 270 10
150 271 7
150 272 5
150 273 2
150 274 9
150 276 8
150 277 2
150 278 8
150 279 4
150 283 8
150 284 6
150 285 4
150 287 2
150 290 5
150 292 10
150 294 9
150 295 6
150 300 7
150 301 10
150 305 6
150 306 4
150 307 9
150 308 5
150 309 7
150 310 8
150 311 7
150 312 7
150 313 6
150 314 3
150 316 7
150 317 4
150 318 8
150 319 5
150 321 9
150 322 6
150 323 7
150 324 1
150 326 6
150 328 1
150 329 3
150 330 5
150 333 9
150 337 9
150 338 9
150 339 7
150 344 2
150 347 3
150 348 5
151 152 5
151 153 1
151 155 10
151 156 3
151 157 10
151 160 6
151 161 2
151 162 8
151 168 7
151 169 3
151 171 5
151 173 6
151 174 4
151 176 7
151 177 3
151 178 10
151 182 8
151 186 6
151 187 1
151 195 7
151 196 10
151 198 3
151 202 6
151 203 5
151 205 4
151 211 3
151 217 9
151 219 7
151 220 4
151 222 6
151 224 8
151 229 6
151 230 8
151 231 6
151 234 1
151 236 9
151 239 5
151 242 9
151 243 8
151 245 2
151 247 4
151 248 9
151 249 8
151 250 3
151 251 8
151 252 5
151 253 5
151 256 10
151 257 3
151 259 2
151 261 10
151 262 5
151 264 7
151 265 4
151 266 7
151 269 8
151 271 2
151 278 9
151 281 9
151 283 9
151 284 9
151 285 3
151 287 5
151 288 3
151 290 5
151 293 5
151 296 2
151 297 1
151 299 4
151 301 6
151 303 9
151 304 8
151 310 3
151 311 4
151 312 3
151 313 9
151 314 5
151 315 4
151 317 9
151 318 9
151 319 1
151 320 7
151 321 3
151 324 9
151 325 7
151 326 8
151 327 5
151 331 6
151 332 9
151 333 1
151 334 7
151 337 6
151 338 8
151 341 2
151 346 1
151 347 6
151 349 3
152 153 3
152 156 6
152 160 2
152 165 9
152 170 10
152 173 8
152 174 7
152 175 2
152 179 9
152 180 5
152 181 7
152 182 5
152 184 9
152 186 3
152 188 7
152 190 9
152 193 7
152 194 3
152 195 9
152 196 7
152 198 8
152 199 7
152 200 4
152 201 8
152 202 6
152 203 5
152 205 1
152 206 4
152 208 3
152 209 1
152 210 7
152 211 3
152 212 2
152 221 4
152 222 1
152 223 8
152 225 6
152 226 7
152 227 6
152 228 4
152 229 8
152 231 4
152 232 2
152 233 4
152 234 6
152 238 9
152 240 3
152 242 2
152 243 1
152 247 5
152 250 10
152 251 6
152 252 1
152 255 9
152 256 10
152 262 7
152 264 9
152 266 4
152 267 10
152 268 8
152 269 2
152 271 10
152 273 1
152 281 5
152 282 10
152 283 8
152 284 4
152 286 5
152 289 3
152 290 8
152 291 6
152 292 10
152 294 3
152 296 5
152 299 9
152 301 1
152 303 4
152 307 10
152 309 3
152 310 6
152 311 1
152 323 1
152 325 8
152 326 6
152 329 8
152 335 7
152 337 2
152 341 7
152 345 7
152 348 10
152 349 9
153 154 3
153 156 7
153 157 7
153 160 8
153 161 1
153 164 10
153 165 8
153 167 1
153 168 3
153 172 2
153 175 10
153 177 3
153 178 10
153 179 5
153 181 5
153 182 7
153 183 7
153 184 3
153 187 6
153 192 8
153 193 8
153 195 5
153 198 2
153 199 1
153 203 10
153 205 3
153 206 7
153 207 9
153 208 6
153 212 4
153 213 7
153 216 1
153 220 4
153 221 3
153 226 5
153 227 8
153 228 4
153 229 10
153 232 2
153 234 6
153 235 3
153 237 10
153 238 3
153 240 4
153 243 5
153 244 3
153 245 4
153 252 10
153 255 3
153 256 1
153 257 3
153 259 2
153 261 1
153 262 3
153 266 10
153 272 3
153 273 2
153 276 6
153 277 9
153 280 7
153 284 1
153 285 10
153 286 4
153 289 6
153 290 5
153 291 7
153 294 6
153 295 7
153 298 6
153 299 9
153 300 4
153 305 8
153 307 8
153 308 10
153 309 5
153 311 8
153 313 10
153 315 5
153 316 2
153 317 4
153 321 6
153 322 8
153 323 10
153 324 8
153 325 8
153 329 6
153 330 9
153 332 8
153 333 10
153 334 9
153 337 5
153 339 9
153 340 10
153 341 6
153 343 8
153 344 8
153 345 4
153 346 4
154 155 7
154 159 6
154 160 1
154 162 1
154 164 9
154 165 8
154 166 10
154 168 9
154 170 10
154 171 7
154 175 3
154 178 4
154 179 9
154 182 5
154 183 5
154 184 5
154 186 2
154 188 5
154 189 2
154 190 1
154 191 1
154 193 7
154 194 10
154 196 5
154 197 5
154 200 4
154 201 1
154 202 4
154 203 6
154 204 1
154 207 9
154 211 2
154 212 4
154 213 1
154 214 7
154 215 8
154 216 9
154 217 9
154 219 6
154 220 9
154 222 4
154 223 6
154 227 4
154 230 10
154 233 9
154 234 7
154 236 2
154 248 2
154 249 4
154 250 1
154 251 10
154 252 3
154 253 6
154 254 4
154 255 7
154 256 1
154 258 7
154 261 3
154 262 6
154 264 2
154 265 5
154 266 7
154 267 8
154 272 2
154 273 9
154 275 9
154 276 4
154 278 4
154 280 8
154 281 9
154 284 8
154 286 8
154 287 8
154 288 9
154 289 10
154 290 5
154 292 1
154 299 6
154 302 10
154 304 10
154 307 6
154 309 1
154 310 10
154 311 9
154 313 4
154 314 9
154 315 10
154 316 1
154 317 6
154 318 3
154 319 6
154 329 6
154 330 5
154 332 6
154 334 5
154 335 3
154 336 4
154 337 8
154 338 7
154 339 1
154 341 4
154 344 5
154 345 7
154 346 7
154 349 9
155 157 1
155 158 7
155 160 3
155 161 10
155 162 4
155 163 1
155 169 5
155 171 1
155 172 10
155 174 1
155 180 6
155 181 9
155 184 9
155 186 2
155 187 6
155 189 10
155 196 7
155 197 3
155 199 2
155 200 6
155 201 10
155 203 9
155 204 9
155 208 4
155 211 8
155 214 8
155 215 5
155 221 10
155 222 2
155 225 6
155 227 8
155 228 8
155 231 2
155 234 2
155 235 6
155 237 6
155 238 1
155 240 1
155 241 4
155 242 6
155 243 7
155 246 8
155 250 2
155 251 9
155 253 1
155 255 1
155 256 3
155 258 6
155 259 2
155 260 7
155 261 7
155 262 2
155 263 1
155 265 1
155 269 5
155 273 8
155 274 4
155 275 6
155 277 2
155 278 5
155 279 8
155 281 1
155 282 8
155 284 6
155 286 8
155 288 4
155 292 3
155 293 2
155 294 5
155 295 10
155 296 8
155 297 4
155 299 3
155 301 7
155 302 3
155 303 3
155 305 10
155 307 3
155 310 10
155 312 3
155 313 5
155 314 4
155 315 8
155 317 3
155 319 10
155 321 3
155 323 1
155 325 1
155 327 5
155 328 10
155 330 9
155 331 8
155 332 8
155 333 5
155 334 3
155 335 10
155 337 7
155 338 1
155 339 8
155 341 8
155 342 5
155 343 10
155 344 10
155 348 7
155 349 4
156 160 6
156 161 4
156 162 9
156 163 3
156 164 6
156 165 2
156 166 3
156 168 1
156 169 2
156 170 2
156 171 5
156 174 6
156 175 3
156 177 7
156 178 1
156 181 2
156 182 1
156 185 6
156 188 9
156 192 9
156 193 10
156 194 1
156 195 3
156 196 6
156 197 9
156 198 6
156 201 7
156 203 3
156 206 7
156 207 3
156 209 4
156 211 4
156 212 7
156 217 9
156 219 8
156 220 9
156 224 10
156 226 8
156 228 10
156 229 7
156 230 10
156 237 1
156 239 10
156 240 6
156 241 2
156 244 7
156 247 10
156 250 4
156 252 10
156 253 6
156 254 8
156 257 10
156 259 3
156 260 2
156 263 1
156 266 8
156 267 1
156 271 7
156 274 7
156 276 8
156 278 8
156 279 5
156 280 5
156 281 1
156 283 5
156 286 7
156 289 4
156 292 4
156 298 7
156 299 2
156 301 3
156 304 6
156 310 5
156 311 5
156 313 4
156 314 8
156 316 1
156 317 5
156 318 10
156 320 6
156 322 8
156 324 1
156 325 8
156 326 10
156 330 6
156 332 4
156 335 6
156 336 3
156 339 2
156 347 6
156 348 7
157 159 9
157 160 8
157 161 7
157 166 8
157 169 7
157 170 9
157 173 10
157 174 2
157 175 2
157 177 10
157 179 5
157 180 1
157 183 8
157 184 10
157 187 8
157 191 10
157 192 2
157 193 5
157 194 9
157 196 6
157 197 2
157 198 4
157 200 2
157 205 9
157 209 6
157 214 10
157 215 5
157 217 3
157 220 2
157 221 6
157 223 4
157 225 5
157 226 7
157 228 10
157 233 2
157 235 6
157 237 9
157 239 2
157 240 6
157 243 4
157 246 7
157 247 9
157 248 4
157 249 5
157 250 8
157 251 3
157 252 9
157 257 10
157 258 2
157 260 10
157 264 7
157 266 2
157 267 2
157 268 1
157 274 9
157 276 4
157 277 10
157 281 9
157 282 3
157 284 1
157 287 8
157 289 1
157 290 2
157 291 1
157 293 10
157 294 9
157 295 9
157 296 9
157 297 6
157 299 9
157 302 9
157 304 6
157 305 7
157 306 1
157 309 9
157 310 10
157 311 3
157 312 10
157 313 7
157 315 1
157 316 7
157 317 6
157 319 2
157 323 10
157 324 1
157 325 1
157 326 7
157 328 9
157 329 4
157 331 5
157 332 9
157 333 5
157 335 6
157 336 1
157 337 6
157 338 2
157 339 4
157 340 7
157 342 8
157 345 8
157 347 7
158 160 4
158 162 5
158 163 2
158 165 9
158 167 7
158 168 1
158 172 6
158 174 9
158 176 8
158 177 8
158 178 2
158 180 9
158 182 9
158 183 6
158 184 1
158 185 8
158 188 9
158 189 2
158 192 9
158 193 6
158 198 1
158 199 9
158 203 2
158 204 9
158 205 3
158 208 1
158 209 6
158 210 6
158 213 9
158 214 3
158 219 8
158 220 8
158 222 7
158 223 2
158 224 6
158 226 6
158 227 2
158 236 6
158 238 7
158 240 8
158 241 9
158 243 7
158 244 4
158 245 2
158 247 10
158 250 2
158 252 2
158 256 4
158 258 4
158 261 8
158 263 2
158 264 3
158 265 1
158 270 8
158 272 9
158 274 3
158 275 10
158 277 2
158 278 5
158 279 1
158 280 4
158 281 2
158 284 10
158 286 1
158 287 5
158 290 2
158 292 3
158 293 8
158 295 9
158 300 7
158 302 5
158 303 8
158 304 4
158 305 3
158 308 8
158 310 10
158 311 9
158 314 9
158 319 8
158 320 2
158 321 3
158 322 3
158 324 4
158 327 8
158 328 3
158 329 2
158 334 7
158 336 6
158 337 6
158 338 3
158 339 1
158 341 6
158 343 9
158 349 7
159 160 3
159 163 4
159 165 9
159 166 4
159 168 2
159 169 5
159 173 8
159 174 10
159 176 4
159 179 3
159 185 5
159 188 2
159 191 7
159 196 6
159 199 1
159 201 10
159 203 6
159 204 3
159 206 4
159 207 8
159 209 1
159 210 4
159 212 1
159 213 5
159 217 4
159 218 7
159 220 7
159 225 6
159 226 8
159 227 9
159 228 8
159 229 9
159 230 6
159 236 2
159 239 9
159 241 8
159 242 1
159 247 9
159 248 1
159 251 5
159 253 6
159 258 2
159 260 7
159 261 7
159 262 1
159 263 7
159 264 6
159 266 1
159 267 7
159 268 8
159 271 6
159 272 8
159 273 3
159 274 6
159 276 1
159 278 4
159 280 8
159 285 2
159 286 5
159 287 5
159 288 4
159 289 6
159 291 6
159 292 10
159 296 2
159 299 5
159 305 8
159 307 2
159 308 7
159 309 2
159 311 6
159 312 1
159 314 10
159 316 1
159 317 8
159 318 10
159 319 5
159 320 4
159 322 9
159 324 4
159 325 2
159 328 2
159 329 7
159 330 7
159 331 7
159 334 6
159 335 5
159 336 5
159 340 7
159 342 3
159 343 6
159 345 6
159 349 5
160 162 9
160 165 6
160 166 2
160 167 8
160 169 7
160 170 4
160 171 9
160 176 1
160 178 4
160 179 5
160 180 2
160 181 4
160 183 9
160 185 7
160 186 9
160 187 5
160 188 10
160 191 3
160 195 4
160 196 6
160 200 2
160 202 4
160 203 3
160 210 10
160 214 1
160 219 9
160 223 2
160 224 7
160 226 8
160 228 8
160 230 2
160 231 4
160 234 6
160 235 2
160 238 7
160 239 2
160 242 2
160 244 8
160 247 2
160 249 5
160 250 9
160 251 4
160 254 9
160 256 6
160 257 10
160 259 2
160 262 1
160 263 4
160 266 1
160 269 1
160 273 8
160 275 3
160 277 3
160 278 1
160 279 2
160 280 5
160 281 9
160 282 9
160 284 6
160 287 5
160 288 2
160 289 8
160 290 4
160 291 2
160 292 9
160 293 5
160 294 3
160 297 2
160 298 10
160 300 8
160 301 9
160 304 4
160 305 2
160 306 9
160 308 10
160 309 10
160 314 5
160 315 7
160 318 3
160 319 3
160 321 1
160 323 10
160 324 8
160 328 10
160 332 2
160 334 4
160 336 6
160 338 4
160 340 6
160 341 10
160 343 6
160 344 9
160 348 5
161 163 3
161 164 1
161 165 9
161 166 7
161 167 5
161 168 4
161 172 2
161 173 8
161 176 5
161 178 10
161 181 4
161 182 3
161 183 2
161 184 6
161 187 6
161 193 3
161 194 9
161 196 2
161 198 3
161 199 1
161 200 9
161 201 6
161 202 3
161 203 1
161 206 1
161 207 2
161 208 1
161 210 4
161 211 5
161 213 1
161 214 4
161 215 1
161 216 2
161 217 9
161 219 4
161 220 6
161 221 7
161 223 8
161 224 1
161 225 5
161 227 8
161 230 1
161 232 4
161 235 9
161 237 1
161 238 3
161 240 7
161 243 8
161 246 7
161 247 1
161 248 2
161 251 5
161 252 10
161 254 3
161 256 5
161 257 5
161 259 8
161 260 8
161 261 4
161 262 6
161 263 8
161 264 10
161 265 1
161 267 5
161 270 7
161 271 4
161 274 7
161 277 4
161 279 4
161 280 6
161 281 9
161 290 4
161 294 8
161 297 8
161 300 5
161 308 7
161 311 4
161 316 2
161 317 2
161 320 6
161 321 5
161 323 3
161 332 2
161 333 2
161 338 9
161 340 9
161 342 9
161 343 8
161 346 8
161 348 9
161 349 7
162 164 10
162 169 3
162 172 7
162 175 3
162 176 5
162 180 5
162 182 2
162 183 8
162 184 6
162 191 10
162 193 8
162 198 6
162 199 6
162 200 3
162 203 3
162 204 7
162 205 1
162 210 8
162 211 6
162 213 3
162 215 1
162 217 5
162 220 10
162 221 4
162 224 1
162 225 3
162 227 4
162 229 8
162 230 1
162 232 7
162 235 4
162 237 3
162 238 6
162 242 7
162 244 5
162 245 7
162 246 1
162 252 8
162 253 5
162 254 2
162 255 1
162 261 8
162 262 8
162 263 8
162 265 8
162 267 3
162 269 3
162 270 2
162 271 1
162 272 4
162 273 4
162 275 3
162 276 2
162 281 3
162 282 2
162 283 4
162 286 2
162 287 8
162 288 7
162 290 9
162 292 4
162 293 2
162 296 6
162 297 5
162 298 5
162 300 9
162 302 4
162 303 10
162 305 7
162 306 10
162 308 2
162 309 5
162 310 4
162 314 8
162 315 5
162 316 2
162 317 6
162 320 7
162 322 2
162 323 7
162 324 8
162 325 4
162 329 2
162 332 10
162 333 1
162 334 4
162 338 9
162 339 8
162 341 9
162 343 4
162 344 3
162 345 3
162 348 2
163 164 2
163 166 3
163 167 6
163 168 9
163 170 5
163 171 8
163 177 10
163 179 8
163 180 9
163 181 2
163 183 5
163 184 10
163 185 9
163 186 9
163 189 9
163 191 6
163 194 9
163 196 9
163 197 1
163 198 6
163 199 6
163 201 2
163 210 9
163 211 2
163 212 10
163 214 7
163 215 4
163 216 3
163 217 2
163 218 9
163 219 7
163 221 7
163 222 4
163 224 8
163 226 5
163 227 7
163 233 5
163 234 9
163 237 10
163 239 7
163 242 8
163 244 9
163 245 2
163 250 6
163 251 8
163 252 5
163 254 1
163 255 2
163 258 6
163 260 5
163 264 1
163 265 1
163 266 10
163 272 1
163 273 6
163 276 3
163 277 6
163 280 7
163 284 4
163 285 9
163 286 7
163 290 2
163 292 8
163 293 9
163 297 3
163 298 1
163 299 5
163 301 10
163 302 1
163 304 2
163 305 3
163 306 1
163 309 7
163 310 7
163 312 5
163 313 8
163 314 5
163 323 3
163 324 1
163 327 5
163 330 5
163 331 9
163 332 1
163 336 1
163 337 3
163 338 10
163 339 6
163 342 8
163 346 5
163 347 10
163 348 9
164 165 5
164 167 5
164 168 5
164 169 7
164 173 6
164 174 4
164 175 5
164 176 10
164 177 6
164 179 1
164 181 7
164 185 8
164 186 1
164 187 8
164 189 1
164 191 7
164 192 6
164 193 7
164 194 2
164 197 7
164 198 7
164 199 6
164 201 6
164 207 3
164 210 4
164 212 10
164 217 7
164 218 6
164 219 6
164 220 1
164 222 5
164 223 10
164 224 10
164 225 1
164 226 2
164 227 3
164 229 6
164 231 5
164 232 2
164 234 8
164 236 9
164 240 7
164 241 3
164 244 9
164 245 9
164 246 9
164 247 4
164 248 10
164 251 7
164 252 10
164 253 5
164 254 2
164 259 8
164 260 10
164 264 7
164 265 5
164 267 3
164 268 5
164 269 7
164 271 9
164 273 6
164 279 1
164 280 10
164 282 3
164 283 1
164 284 4
164 286 1
164 287 5
164 289 2
164 290 2
164 292 8
164 293 8
164 296 5
164 300 9
164 303 2
164 306 1
164 307 6
164 308 7
164 309 10
164 312 2
164 314 4
164 316 3
164 318 9
164 321 9
164 322 3
164 327 9
164 328 6
164 329 5
164 332 2
164 335 3
164 338 9
164 339 6
164 346 5
164 348 7
165 168 8
165 169 10
165 170 7
165 171 1
165 172 7
165 173 3
165 174 4
165 175 1
165 177 4
165 179 7
165 181 6
165 183 5
165 186 4
165 188 1
165 189 2
165 190 4
165 192 9
165 193 1
165 195 3
165 196 1
165 199 1
165 200 8
165 202 7
165 207 10
165 209 10
165 212 8
165 213 3
165 216 7
165 217 5
165 221 5
165 223 6
165 224 6
165 225 6
165 229 9
165 230 1
165 231 2
165 232 6
165 233 2
165 237 4
165 240 5
165 242 7
165 243 9
165 244 3
165 245 8
165 247 6
165 251 10
165 252 1
165 258 8
165 259 1
165 262 5
165 263 8
165 264 9
165 269 7
165 270 9
165 273 6
165 274 10
165 275 9
165 276 4
165 277 8
165 278 10
165 282 7
165 286 5
165 288 7
165 289 9
165 292 1
165 295 2
165 301 8
165 302 10
165 304 8
165 305 3
165 308 1
165 309 8
165 310 10
165 313 5
165 314 5
165 315 3
165 317 2
165 318 4
165 319 8
165 323 1
165 325 3
165 329 8
165 330 7
165 333 5
165 334 3
165 342 6
165 344 6
165 345 4
165 347 8
166 168 8
166 170 7
166 171 5
166 172 3
166 175 5
166 177 7
166 179 6
166 181 7
166 182 8
166 184 4
166 186 9
166 187 10
166 194 2
166 195 2
166 196 8
166 202 7
166 203 8
166 204 9
166 206 3
166 208 6
166 209 7
166 210 7
166 211 3
166 213 10
166 215 3
166 217 2
166 218 4
166 219 10
166 222 4
166 224 8
166 226 7
166 228 1
166 229 9
166 230 6
166 232 6
166 234 3
166 235 6
166 241 1
166 243 2
166 244 8
166 248 7
166 250 3
166 251 1
166 252 1
166 253 9
166 256 8
166 258 6
166 261 5
166 262 5
166 267 1
166 269 5
166 270 1
166 273 2
166 275 7
166 276 5
166 277 4
166 278 5
166 283 10
166 284 4
166 285 8
166 287 9
166 288 4
166 289 4
166 290 5
166 293 4
166 294 10
166 296 2
166 297 9
166 298 8
166 299 10
166 308 10
166 310 8
166 311 9
166 314 10
166 316 10
166 317 7
166 319 2
166 320 10
166 324 5
166 327 6
166 328 2
166 330 5
166 331 4
166 332 4
166 333 3
166 336 7
166 337 4
166 339 10
166 343 8
166 344 1
166 349 7
167 169 8
167 171 7
167 172 1
167 174 2
167 179 4
167 183 6
167 188 6
167 189 5
167 190 2
167 191 3
167 192 7
167 193 7
167 196 1
167 198 2
167 199 5
167 201 6
167 204 4
167 205 2
167 208 10
167 211 8
167 212 4
167 213 10
167 214 2
167 217 2
167 219 6
167 222 3
167 224 7
167 227 7
167 228 5
167 229 8
167 231 9
167 233 1
167 234 2
167 235 3
167 238 1
167 239 3
167 240 8
167 241 6
167 242 3
167 249 9
167 250 6
167 254 8
167 255 5
167 256 5
167 257 1
167 258 1
167 259 4
167 261 2
167 263 7
167 265 7
167 266 4
167 267 6
167 270 5
167 271 2
167 272 6
167 274 4
167 276 5
167 277 1
167 280 6
167 281 2
167 283 4
167 285 3
167 286 10
167 288 10
167 289 8
167 293 9
167 297 6
167 299 5
167 300 5
167 301 9
167 303 5
167 306 6
167 308 5
167 314 3
167 316 8
167 320 4
167 322 8
167 324 9
167 325 6
167 326 6
167 327 10
167 328 6
167 330 4
167 331 6
167 335 3
167 336 4
167 338 3
167 339 10
167 344 9
167 345 5
168 169 4
168 170 2
168 171 4
168 172 5
168 173 4
168 174 2
168 175 1
168 176 6
168 177 10
168 182 10
168 183 6
168 187 7
168 188 10
168 189 7
168 190 6
168 193 3
168 194 3
168 195 7
168 196 9
168 199 10
168 200 6
168 203 10
168 204 9
168 205 6
168 206 1
168 207 2
168 209 1
168 210 6
168 211 5
168 212 7
168 213 5
168 215 10
168 216 9
168 217 4
168 218 4
168 222 10
168 228 8
168 230 5
168 233 7
168 235 10
168 240 9
168 242 7
168 244 10
168 245 6
168 246 1
168 247 2
168 248 9
168 249 8
168 251 9
168 254 9
168 258 7
168 261 5
168 262 7
168 266 8
168 267 4
168 268 7
168 274 2
168 276 2
168 278 7
168 281 10
168 284 9
168 285 3
168 288 9
168 289 6
168 292 2
168 295 9
168 296 4
168 297 2
168 298 7
168 304 9
168 305 4
168 307 4
168 310 9
168 311 3
168 312 8
168 314 10
168 315 9
168 316 9
168 317 9
168 320 3
168 327 3
168 329 6
168 331 5
168 332 4
168 334 1
168 337 2
168 342 3
168 343 4
168 348 6
168 349 5
169 170 1
169 172 5
169 173 2
169 175 7
169 177 8
169 179 6
169 180 8
169 182 9
169 187 7
169 188 2
169 189 3
169 190 4
169 193 4
169 194 4
169 197 4
169 199 10
169 203 3
169 204 6
169 206 2
169 207 7
169 208 3
169 211 8
169 215 4
169 216 6
169 218 8
169 223 2
169 225 3
169 226 6
169 227 9
169 228 3
169 230 3
169 231 10
169 234 7
169 235 4
169 237 4
169 238 10
169 239 5
169 240 10
169 241 7
169 244 9
169 246 5
169 247 2
169 249 8
169 250 2
169 252 2
169 256 10
169 257 4
169 259 10
169 260 1
169 261 6
169 262 10
169 263 2
169 264 1
169 266 9
169 267 6
169 268 2
169 269 2
169 270 8
169 275 2
169 277 1
169 278 1
169 279 10
169 280 10
169 285 3
169 288 6
169 289 4
169 290 8
169 291 1
169 293 8
169 295 9
169 299 10
169 301 4
169 303 1
169 304 4
169 306 5
169 307 6
169 312 1
169 314 1
169 316 1
169 318 4
169 319 3
169 320 4
169 322 1
169 324 5
169 325 8
169 326 9
169 328 8
169 330 3
169 332 9
169 333 3
169 334 5
169 336 9
169 337 9
169 338 5
169 341 9
169 343 4
169 344 1
169 345 4
169 346 8
169 347 6
170 175 4
170 176 10
170 178 4
170 179 6
170 183 1
170 185 5
170 186 9
170 189 7
170 190 8
170 192 2
170 193 9
170 198 3
170 200 1
170 201 6
170 202 8
170 203 10
170 206 6
170 207 3
170 208 10
170 209 5
170 211 1
170 212 1
170 213 3
170 217 8
170 218 7
170 220 5
170 221 1
170 222 4
170 223 6
170 226 1
170 227 8
170 230 3
170 231 5
170 234 9
170 236 2
170 237 6
170 239 3
170 242 6
170 243 2
170 245 7
170 247 9
170 248 4
170 249 4
170 251 7
170 253 2
170 254 7
170 255 3
170 258 6
170 259 4
170 260 6
170 262 7
170 263 2
170 264 6
170 266 4
170 267 3
170 271 2
170 274 9
170 275 6
170 276 4
170 279 9
170 280 4
170 281 10
170 284 3
170 285 7
170 288 5
170 290 6
170 294 1
170 296 2
170 297 1
170 299 2
170 300 2
170 302 8
170 304 5
170 305 1
170 307 9
170 315 5
170 316 3
170 317 1
170 319 1
170 321 4
170 322 4
170 324 8
170 326 3
170 328 4
170 330 10
170 331 9
170 333 10
170 336 3
170 338 1
170 339 3
170 340 8
170 341 2
170 342 8
170 344 10
170 345 7
170 346 4
170 348 4
171 174 5
171 175 8
171 177 9
171 179 7
171 180 5
171 181 2
171 182 7
171 184 9
171 185 9
171 186 10
171 187 3
171 190 2
171 192 9
171 193 10
171 194 7
171 203 6
171 204 10
171 206 5
171 208 8
171 212 5
171 214 5
171 215 1
171 222 2
171 223 5
171 224 9
171 225 10
171 226 9
171 227 5
171 228 5
171 229 7
171 231 1
171 232 4
171 233 1
171 234 2
171 235 5
171 236 1
171 239 9
171 241 10
171 242 1
171 243 1
171 244 2
171 245 2
171 246 3
171 250 9
171 252 1
171 253 5
171 254 4
171 256 3
171 259 6
171 260 2
171 261 9
171 263 2
171 265 2
171 266 8
171 267 2
171 268 3
171 270 4
171 272 5
171 273 7
171 276 2
171 279 8
171 281 8
171 282 5
171 284 6
171 285 5
171 286 10
171 288 9
171 292 4
171 293 2
171 294 2
171 295 6
171 296 3
171 303 10
171 305 8
171 307 2
171 310 5
171 312 3
171 315 1
171 317 7
171 318 3
171 325 7
171 328 2
171 331 7
171 332 9
171 333 6
171 334 3
171 335 1
171 336 7
171 339 8
171 340 8
171 341 7
171 342 5
171 343 10
171 345 5
171 348 6
172 173 5
172 178 8
172 179 3
172 180 10
172 181 5
172 184 3
172 185 1
172 187 3
172 189 3
172 190 8
172 191 6
172 192 1
172 194 6
172 196 2
172 197 5
172 198 8
172 200 10
172 201 8
172 208 9
172 210 1
172 211 10
172 212 1
172 213 8
172 214 4
172 215 4
172 217 2
172 221 10
172 222 2
172 227 8
172 228 9
172 233 4
172 236 4
172 238 3
172 239 4
172 241 10
172 247 3
172 249 1
172 250 1
172 252 7
172 253 2
172 254 3
172 255 8
172 256 8
172 257 10
172 259 5
172 261 2
172 264 9
172 265 7
172 267 6
172 268 7
172 269 2
172 270 10
172 274 3
172 275 7
172 276 9
172 277 2
172 278 6
172 281 6
172 282 1
172 283 1
172 284 3
172 290 5
172 292 5
172 294 4
172 295 7
172 296 3
172 297 3
172 298 4
172 300 9
172 302 1
172 303 9
172 304 8
172 307 5
172 311 6
172 312 5
172 316 5
172 317 5
172 318 7
172 319 6
172 321 8
172 322 5
172 323 1
172 324 7
172 325 4
172 330 7
172 332 7
172 334 6
172 335 3
172 336 9
172 340 8
172 341 6
172 345 4
172 346 3
172 348 2
172 349 5
173 174 4
173 177 10
173 179 4
173 181 5
173 185 9
173 186 5
173 190 3
173 193 8
173 194 6
173 195 6
173 199 8
173 200 5
173 203 1
173 205 4
173 206 10
173 208 2
173 209 6
173 210 2
173 212 4
173 213 9
173 216 5
173 221 6
173 228 5
173 234 4
173 236 6
173 240 4
173 241 5
173 242 3
173 244 2
173 245 4
173 246 4
173 247 8
173 250 7
173 251 5
173 253 4
173 257 10
173 258 10
173 259 9
173 261 1
173 263 5
173 267 8
173 268 1
173 269 3
173 270 6
173 273 6
173 274 2
173 279 6
173 281 1
173 282 1
173 284 7
173 288 1
173 289 2
173 292 7
173 294 6
173 296 6
173 298 6
173 299 7
173 300 1
173 301 2
173 302 3
173 303 7
173 304 4
173 306 2
173 307 7
173 308 1
173 310 10
173 312 9
173 313 3
173 316 7
173 318 5
173 319 6
173 320 4
173 321 4
173 322 9
173 323 6
173 325 1
173 327 8
173 328 6
173 330 3
173 332 8
173 333 10
173 334 7
173 335 8
173 337 7
173 341 1
173 343 1
173 344 9
173 346 5
173 347 10
173 348 6
173 349 4
174 175 3
174 176 8
174 177 7
174 178 8
174 179 1
174 185 10
174 186 7
174 188 1
174 191 2
174 192 4
174 193 2
174 196 6
174 201 6
174 205 10
174 207 6
174 211 6
174 212 8
174 213 9
174 214 6
174 215 4
174 216 5
174 217 1
174 219 5
174 222 2
174 223 6
174 225 3
174 228 5
174 237 10
174 240 2
174 242 2
174 243 5
174 244 3
174 249 1
174 251 1
174 252 1
174 253 2
174 256 10
174 257 2
174 258 4
174 259 6
174 261 5
174 263 2
174 264 5
174 267 1
174 268 7
174 269 3
174 273 8
174 274 8
174 276 6
174 277 1
174 278 3
174 283 1
174 285 3
174 286 7
174 288 6
174 289 3
174 293 1
174 298 5
174 301 10
174 306 6
174 307 1
174 315 2
174 316 1
174 318 6
174 319 6
174 320 7
174 321 9
174 322 2
174 326 1
174 329 10
174 331 3
174 332 10
174 334 9
174 341 6
174 343 5
174 345 3
174 346 10
174 348 8
175 176 8
175 177 6
175 180 4
175 181 8
175 183 2
175 184 3
175 186 8
175 187 9
175 188 8
175 189 2
175 191 4
175 194 4
175 197 4
175 198 3
175 199 5
175 200 2
175 203 2
175 204 7
175 205 3
175 206 3
175 208 7
175 209 2
175 211 10
175 212 2
175 214 6
175 215 5
175 216 8
175 217 1
175 219 2
175 221 10
175 225 7
175 226 7
175 228 4
175 231 5
175 232 1
175 233 8
175 237 2
175 238 7
175 239 2
175 244 9
175 247 9
175 248 8
175 250 8
175 254 3
175 255 6
175 260 10
175 261 4
175 263 6
175 264 4
175 266 10
175 268 4
175 270 5
175 271 5
175 274 3
175 276 7
175 279 9
175 280 5
175 282 9
175 287 7
175 288 5
175 289 1
175 291 8
175 294 5
175 296 6
175 297 8
175 298 6
175 302 5
175 305 2
175 309 9
175 310 9
175 311 4
175 313 9
175 316 1
175 319 8
175 320 6
175 323 10
175 326 4
175 328 5
175 331 1
175 339 3
175 340 10
175 345 5
175 346 3
175 349 3
176 177 7
176 178 8
176 180 2
176 181 8
176 184 6
176 186 7
176 187 9
176 189 1
176 190 8
176 191 9
176 195 6
176 197 9
176 199 10
176 202 1
176 206 5
176 208 7
176 209 8
176 211 1
176 214 8
176 216 1
176 217 5
176 218 3
176 219 1
176 221 3
176 222 8
176 226 5
176 227 3
176 228 4
176 229 10
176 230 6
176 231 8
176 232 7
176 233 8
176 234 1
176 236 9
176 237 5
176 238 7
176 239 9
176 240 1
176 241 4
176 242 4
176 244 6
176 248 7
176 250 2
176 252 1
176 253 4
176 254 9
176 255 5
176 256 9
176 258 7
176 260 8
176 262 6
176 264 3
176 267 3
176 268 9
176 269 10
176 270 4
176 272 5
176 273 6
176 277 7
176 281 4
176 282 1
176 284 7
176 285 3
176 286 5
176 287 10
176 288 7
176 291 9
176 294 4
176 298 6
176 300 1
176 301 7
176 302 7
176 303 5
176 304 6
176 306 2
176 307 6
176 308 8
176 311 7
176 313 4
176 315 2
176 317 3
176 318 9
176 320 8
176 324 5
176 326 10
176 327 1
176 328 5
176 330 8
176 331 1
176 332 2
176 333 9
176 334 9
176 336 1
176 337 2
176 339 6
176 340 10
176 341 4
176 343 8
176 345 6
177 178 2
177 180 9
177 181 4
177 183 9
177 185 7
177 190 4
177 191 6
177 194 5
177 197 7
177 199 4
177 200 1
177 201 9
177 205 9
177 209 8
177 210 9
177 211 7
177 212 8
177 213 2
177 217 5
177 219 1
177 220 4
177 222 4
177 223 6
177 228 10
177 229 2
177 232 5
177 233 1
177 236 5
177 239 6
177 241 9
177 242 10
177 248 6
177 249 10
177 250 6
177 251 9
177 253 1
177 254 9
177 255 3
177 256 4
177 257 4
177 258 2
177 261 1
177 265 2
177 266 6
177 268 9
177 271 8
177 273 6
177 274 5
177 275 6
177 281 4
177 284 10
177 286 7
177 289 9
177 290 5
177 294 7
177 295 2
177 296 10
177 297 10
177 299 5
177 300 10
177 302 7
177 303 2
177 304 10
177 306 2
177 311 3
177 313 9
177 314 2
177 316 10
177 317 5
177 318 4
177 319 10
177 320 3
177 321 9
177 326 7
177 327 3
177 332 2
177 334 2
177 336 6
177 337 3
177 339 4
177 340 5
177 343 5
177 346 4
177 347 10
178 182 3
178 183 9
178 184 5
178 185 3
178 186 3
178 192 9
178 193 7
178 194 8
178 195 4
178 196 6
178 198 5
178 199 1
178 200 2
178 203 10
178 205 3
178 208 9
178 209 7
178 214 8
178 215 10
178 216 8
178 217 10
178 218 9
178 219 9
178 220 8
178 223 8
178 224 4
178 230 10
178 231 5
178 235 3
178 236 7
178 237 8
178 244 2
178 245 3
178 246 2
178 249 1
178 250 10
178 253 3
178 254 4
178 256 7
178 257 1
178 262 3
178 264 4
178 265 4
178 269 3
178 271 9
178 275 6
178 276 1
178 277 9
178 278 5
178 284 6
178 287 4
178 288 2
178 289 9
178 290 3
178 291 2
178 296 7
178 297 10
178 302 10
178 303 1
178 305 7
178 306 10
178 309 3
178 311 9
178 312 9
178 317 10
178 320 2
178 322 1
178 323 1
178 324 2
178 327 1
178 330 6
178 333 2
178 335 5
178 336 1
178 338 8
178 339 1
178 341 6
178 342 9
178 345 9
178 346 7
178 347 7
178 349 9
179 180 5
179 181 9
179 182 6
179 183 4
179 185 3
179 186 4
179 187 2
179 189 10
179 190 9
179 193 10
179 197 8
179 203 4
179 204 5
179 205 10
179 208 5
179 210 4
179 211 3
179 212 3
179 214 8
179 215 10
179 217 3
179 220 6
179 224 4
179 225 3
179 226 10
179 227 3
179 228 5
179 234 3
179 237 4
179 240 6
179 243 4
179 244 10
179 246 10
179 247 4
179 248 6
179 251 4
179 252 6
179 253 7
179 257 3
179 259 6
179 261 9
179 262 5
179 265 9
179 266 3
179 268 3
179 269 10
179 272 9
179 273 2
179 277 3
179 280 9
179 282 5
179 284 10
179 287 8
179 288 8
179 289 3
179 293 4
179 295 9
179 298 10
179 300 8
179 301 1
179 302 6
179 303 1
179 304 9
179 307 5
179 309 6
179 313 10
179 314 10
179 315 2
179 316 5
179 318 9
179 320 5
179 322 2
179 325 8
179 327 5
179 334 3
179 335 6
179 337 10
179 339 10
179 342 5
179 343 8
179 348 10
180 181 2
180 182 1
180 183 8
180 184 9
180 185 6
180 186 4
180 190 9
180 195 2
180 199 3
180 201 5
180 204 1
180 205 2
180 209 4
180 210 9
180 213 7
180 215 10
180 216 3
180 217 2
180 221 6
180 222 2
180 223 4
180 225 10
180 226 10
180 227 3
180 230 5
180 232 9
180 233 3
180 236 5
180 237 1
180 238 6
180 240 3
180 242 5
180 243 1
180 245 9
180 246 4
180 247 3
180 249 5
180 251 2
180 254 5
180 256 6
180 257 2
180 259 7
180 262 4
180 267 7
180 269 8
180 274 7
180 276 8
180 277 6
180 281 5
180 283 1
180 285 10
180 286 6
180 288 1
180 289 10
180 290 3
180 291 6
180 293 9
180 294 10
180 295 2
180 298 6
180 299 2
180 300 3
180 302 4
180 304 1
180 307 9
180 309 10
180 310 1
180 311 3
180 313 10
180 314 4
180 315 9
180 316 10
180 317 3
180 318 9
180 319 8
180 320 7
180 321 4
180 323 1
180 324 1
180 328 6
180 329 9
180 331 2
180 333 7
180 336 3
180 337 8
180 338 6
180 339 10
180 341 3
180 342 8
180 343 4
180 347 9
180 349 9
181 182 4
181 183 5
181 186 6
181 190 10
181 192 6
181 193 2
181 196 10
181 198 4
181 199 5
181 200 8
181 202 6
181 204 3
181 205 3
181 209 5
181 210 2
181 211 2
181 212 8
181 215 9
181 218 9
181 219 7
181 222 4
181 227 10
181 229 2
181 232 7
181 233 7
181 235 4
181 236 4
181 237 4
181 238 8
181 240 4
181 241 3
181 243 7
181 244 6
181 245 4
181 246 6
181 247 7
181 249 10
181 250 9
181 252 9
181 253 6
181 256 3
181 258 9
181 260 5
181 261 5
181 264 10
181 266 9
181 267 4
181 268 2
181 270 10
181 271 8
181 272 4
181 274 6
181 275 9
181 281 7
181 283 4
181 285 9
181 287 1
181 289 5
181 291 5
181 292 1
181 294 4
181 296 6
181 297 8
181 298 4
181 299 10
181 301 1
181 304 7
181 305 1
181 306 3
181 307 10
181 309 2
181 314 4
181 316 1
181 317 10
181 318 5
181 320 10
181 323 1
181 327 7
181 328 8
181 329 7
181 332 9
181 335 6
181 336 8
181 337 2
181 338 3
181 339 1
181 342 8
181 344 10
181 346 6
181 348 4
181 349 9
182 184 2
182 185 10
182 186 8
182 187 4
182 197 3
182 199 2
182 200 9
182 202 5
182 205 10
182 206 2
182 209 7
182 213 1
182 214 4
182 217 10
182 218 1
182 223 4
182 224 6
182 226 10
182 227 6
182 228 2
182 229 3
182 231 1
182 232 3
182 234 10
182 236 3
182 238 8
182 243 5
182 245 8
182 246 3
182 249 10
182 250 2
182 252 7
182 253 8
182 254 3
182 255 6
182 256 4
182 259 10
182 261 9
182 267 1
182 268 6
182 269 3
182 270 8
182 271 3
182 274 4
182 275 4
182 276 2
182 277 1
182 278 9
182 284 3
182 285 5
182 287 9
182 289 1
182 291 9
182 292 10
182 294 5
182 295 2
182 296 2
182 299 2
182 303 10
182 304 9
182 311 10
182 312 4
182 313 7
182 314 6
182 316 10
182 318 2
182 322 1
182 323 7
182 325 3
182 329 1
182 331 4
182 333 7
182 335 10
182 336 7
182 337 6
182 338 3
182 340 7
182 341 1
182 343 4
182 346 7
182 349 5
183 184 6
183 187 1
183 188 2
183 192 6
183 197 8
183 200 4
183 201 3
183 202 4
183 203 3
183 204 2
183 207 6
183 209 2
183 212 5
183 213 6
183 214 1
183 215 4
183 219 5
183 222 7
183 223 1
183 224 2
183 225 8
183 226 4
183 228 4
183 232 1
183 233 5
183 234 10
183 235 10
183 236 9
183 237 2
183 239 9
183 241 5
183 244 10
183 248 9
183 249 1
183 250 8
183 255 1
183 256 5
183 258 4
183 259 2
183 260 2
183 262 7
183 263 3
183 264 1
183 265 2
183 269 8
183 272 10
183 273 2
183 275 5
183 276 4
183 277 8
183 278 7
183 279 1
183 280 4
183 282 4
183 285 2
183 286 9
183 288 3
183 290 10
183 292 5
183 294 3
183 295 4
183 297 8
183 298 7
183 300 9
183 301 4
183 303 8
183 304 9
183 307 2
183 308 5
183 309 9
183 311 9
183 312 9
183 315 7
183 316 3
183 318 2
183 319 1
183 320 8
183 321 3
183 322 8
183 323 6
183 325 7
183 327 7
183 328 7
183 332 10
183 335 6
183 340 9
183 342 4
183 343 9
183 344 2
183 345 9
183 348 4
183 349 3
184 186 7
184 194 9
184 195 6
184 198 2
184 202 10
184 203 8
184 205 5
184 207 4
184 209 3
184 210 10
184 213 5
184 215 8
184 216 3
184 220 5
184 223 5
184 225 2
184 227 3
184 230 9
184 232 7
184 233 9
184 234 8
184 236 4
184 238 3
184 240 4
184 244 7
184 247 7
184 248 5
184 249 3
184 251 5
184 253 6
184 254 6
184 255 2
184 257 10
184 258 1
184 261 6
184 262 3
184 263 3
184 271 1
184 272 9
184 273 10
184 276 3
184 277 1
184 278 7
184 279 3
184 282 2
184 283 8
184 286 7
184 287 10
184 289 9
184 290 10
184 292 3
184 296 10
184 297 4
184 299 3
184 301 6
184 302 3
184 305 10
184 306 6
184 307 8
184 308 5
184 309 5
184 313 10
184 314 3
184 316 5
184 317 10
184 318 3
184 320 5
184 323 1
184 325 1
184 327 3
184 328 2
184 329 1
184 330 7
184 331 3
184 332 4
184 334 2
184 335 5
184 336 5
184 339 6
184 340 2
184 341 10
184 342 9
184 343 4
184 344 2
184 345 10
184 347 7
185 186 6
185 187 8
185 189 7
185 190 10
185 193 2
185 196 7
185 199 10
185 206 5
185 207 7
185 209 9
185 211 8
185 212 2
185 214 7
185 215 3
185 217 1
185 222 8
185 223 5
185 224 9
185 225 9
185 226 3
185 227 10
185 228 3
185 229 6
185 230 1
185 235 8
185 237 9
185 238 10
185 241 2
185 245 6
185 247 7
185 256 6
185 258 5
185 260 2
185 261 3
185 262 3
185 266 4
185 273 10
185 274 2
185 277 5
185 279 6
185 281 8
185 283 8
185 285 8
185 287 3
185 289 5
185 290 7
185 291 7
185 292 8
185 293 9
185 294 10
185 295 5
185 298 3
185 303 10
185 306 9
185 309 7
185 311 4
185 313 1
185 314 1
185 316 2
185 319 10
185 320 5
185 322 6
185 323 1
185 329 3
185 330 5
185 335 9
185 336 5
185 337 2
185 339 5
185 341 6
185 345 9
185 346 8
185 347 9
186 187 2
186 192 3
186 193 8
186 195 4
186 196 2
186 197 3
186 200 1
186 201 1
186 203 2
186 204 1
186 205 5
186 206 2
186 209 9
186 216 10
186 218 3
186 219 1
186 220 1
186 222 2
186 223 2
186 224 5
186 227 9
186 228 10
186 229 6
186 232 5
186 234 6
186 235 2
186 236 7
186 237 8
186 239 4
186 240 2
186 243 7
186 250 4
186 252 9
186 254 6
186 256 6
186 258 6
186 260 7
186 261 3
186 262 4
186 264 2
186 265 1
186 266 9
186 270 4
186 271 3
186 273 10
186 274 8
186 276 4
186 279 3
186 281 2
186 282 6
186 283 2
186 289 8
186 290 10
186 293 1
186 295 1
186 296 4
186 297 1
186 299 1
186 300 10
186 301 8
186 302 2
186 303 9
186 304 3
186 307 3
186 308 8
186 309 3
186 313 9
186 314 10
186 315 3
186 319 4
186 321 8
186 322 3
186 323 3
186 324 9
186 326 2
186 329 8
186 331 8
186 334 2
186 335 3
186 337 7
186 340 3
186 341 8
186 347 1
186 348 4
187 188 4
187 192 9
187 193 3
187 194 4
187 198 6
187 199 4
187 203 4
187 205 2
187 209 9
187 211 1
187 213 3
187 216 3
187 226 1
187 227 6
187 228 3
187 230 9
187 234 9
187 236 9
187 237 9
187 242 3
187 243 5
187 245 7
187 246 2
187 247 4
187 248 4
187 250 8
187 251 6
187 253 8
187 254 4
187 255 8
187 257 6
187 258 7
187 259 6
187 260 3
187 261 6
187 262 10
187 265 3
187 266 4
187 268 3
187 271 10
187 272 1
187 275 9
187 276 9
187 278 10
187 279 2
187 280 7
187 282 9
187 285 4
187 286 3
187 287 8
187 288 3
187 293 7
187 296 3
187 298 9
187 299 5
187 300 3
187 306 2
187 312 4
187 314 4
187 317 2
187 318 6
187 319 4
187 323 9
187 325 9
187 327 7
187 328 5
187 333 9
187 335 1
187 337 2
187 338 3
187 340 1
187 342 8
187 344 2
187 348 4
188 191 6
188 192 3
188 193 1
188 195 6
188 197 5
188 198 2
188 199 7
188 200 5
188 201 2
188 205 10
188 206 5
188 209 9
188 211 10
188 213 6
188 215 2
188 216 3
188 220 5
188 221 3
188 223 10
188 225 6
188 226 10
188 227 2
188 228 4
188 229 2
188 230 6
188 233 6
188 234 5
188 235 7
188 238 8
188 240 10
188 241 4
188 242 8
188 244 9
188 245 9
188 246 5
188 247 10
188 248 7
188 249 4
188 250 2
188 252 2
188 253 2
188 254 8
188 256 3
188 257 8
188 258 9
188 264 9
188 267 4
188 271 4
188 274 6
188 276 4
188 281 6
188 282 1
188 283 10
188 285 6
188 286 6
188 288 5
188 289 8
188 292 3
188 296 2
188 298 10
188 302 1
188 303 6
188 304 6
188 305 2
188 307 4
188 310 2
188 311 8
188 313 6
188 314 4
188 315 9
188 319 8
188 320 9
188 323 5
188 325 2
188 330 4
188 331 8
188 333 1
188 335 9
188 339 5
188 341 7
188 342 9
188 343 10
188 344 8
188 348 9
188 349 4
189 193 1
189 198 8
189 199 8
189 200 2
189 201 1
189 202 1
189 203 7
189 207 7
189 208 1
189 214 2
189 216 10
189 217 3
189 219 8
189 222 2
189 223 9
189 226 7
189 227 9
189 228 9
189 231 6
189 234 2
189 235 6
189 237 7
189 240 5
189 241 3
189 242 10
189 243 8
189 244 6
189 246 10
189 248 4
189 249 1
189 256 5
189 259 10
189 261 2
189 262 9
189 263 2
189 264 9
189 265 10
189 266 6
189 269 10
189 270 7
189 271 8
189 273 8
189 278 10
189 279 7
189 281 7
189 283 3
189 284 1
189 288 6
189 290 7
189 292 4
189 293 1
189 295 7
189 297 5
189 298 3
189 300 7
189 301 6
189 302 10
189 303 8
189 307 6
189 308 6
189 310 3
189 313 7
189 315 6
189 319 2
189 320 1
189 321 2
189 324 1
189 325 3
189 327 2
189 334 9
189 335 4
189 337 5
189 343 9
189 344 2
189 345 6
189 348 10
189 349 7
190 192 8
190 198 1
190 199 7
190 200 7
190 201 1
190 203 7
190 206 3
190 207 10
190 209 9
190 210 5
190 213 3
190 216 4
190 217 1
190 218 10
190 224 1
190 227 4
190 228 2
190 230 2
190 233 6
190 234 4
190 235 7
190 236 8
190 239 10
190 240 7
190 241 3
190 242 7
190 245 1
190 247 10
190 249 4
190 251 5
190 255 7
190 259 4
190 262 7
190 263 1
190 264 3
190 265 9
190 269 6
190 272 3
190 273 1
190 279 5
190 280 2
190 284 6
190 288 4
190 289 5
190 290 10
190 291 10
190 294 4
190 295 7
190 296 5
190 298 5
190 299 4
190 302 7
190 304 6
190 306 9
190 307 3
190 310 6
190 311 5
190 313 5
190 314 5
190 316 4
190 318 3
190 319 8
190 320 7
190 322 2
190 326 8
190 327 5
190 330 6
190 333 7
190 334 6
190 337 5
190 338 4
190 339 3
190 343 7
190 345 5
190 346 3
190 348 8
190 349 7
191 195 3
191 197 8
191 198 10
191 199 6
191 202 3
191 204 8
191 207 1
191 209 1
191 214 2
191 221 7
191 226 1
191 228 3
191 229 7
191 231 7
191 232 2
191 234 8
191 236 10
191 237 2
191 238 10
191 241 2
191 243 9
191 244 1
191 245 9
191 246 7
191 249 10
191 250 4
191 253 7
191 254 3
191 257 6
191 258 8
191 259 4
191 260 5
191 261 1
191 264 2
191 267 9
191 269 3
191 270 3
191 272 1
191 275 9
191 277 6
191 278 8
191 279 3
191 281 5
191 284 1
191 285 1
191 286 10
191 287 1
191 289 2
191 291 5
191 292 7
191 295 8
191 296 2
191 297 6
191 298 2
191 301 5
191 302 4
191 303 9
191 304 8
191 305 9
191 308 7
191 312 7
191 313 6
191 315 10
191 316 9
191 321 7
191 324 1
191 331 4
191 333 9
191 337 6
191 338 9
191 339 7
191 340 2
191 341 2
191 343 7
191 345 4
191 347 9
191 348 9
192 193 2
192 194 2
192 195 8
192 197 6
192 199 6
192 201 6
192 202 2
192 203 5
192 206 6
192 207 3
192 208 6
192 210 4
192 211 7
192 213 7
192 214 5
192 215 5
192 217 3
192 220 2
192 222 7
192 231 2
192 233 8
192 235 7
192 236 9
192 237 3
192 238 5
192 239 7
192 240 2
192 243 7
192 244 3
192 245 2
192 246 3
192 247 6
192 249 9
192 251 9
192 256 3
192 257 7
192 261 2
192 262 9
192 263 5
192 265 1
192 266 10
192 267 2
192 270 1
192 271 10
192 272 2
192 273 10
192 274 5
192 276 9
192 278 2
192 280 8
192 283 7
192 284 1
192 285 9
192 287 9
192 290 1
192 291 10
192 292 2
192 293 1
192 298 4
192 299 6
192 301 5
192 302 2
192 303 8
192 304 10
192 305 6
192 307 2
192 308 3
192 309 4
192 310 7
192 314 2
192 315 1
192 318 6
192 319 7
192 321 9
192 323 4
192 325 6
192 327 3
192 330 4
192 331 7
192 333 2
192 335 4
192 336 8
192 337 3
192 338 5
192 343 10
192 345 8
192 346 4
192 348 2
192 349 7
193 195 1
193 202 6
193 204 6
193 206 8
193 207 10
193 209 5
193 210 6
193 212 5
193 213 6
193 214 8
193 215 1
193 216 8
193 217 10
193 220 3
193 221 5
193 224 6
193 225 10
193 228 4
193 231 8
193 232 6
193 233 6
193 236 3
193 237 5
193 238 9
193 239 2
193 240 1
193 241 7
193 242 2
193 244 1
193 246 2
193 254 8
193 255 3
193 257 10
193 260 10
193 261 7
193 263 3
193 265 10
193 269 3
193 270 7
193 272 1
193 273 2
193 274 2
193 275 5
193 277 10
193 278 9
193 279 8
193 280 5
193 283 9
193 285 3
193 286 6
193 289 7
193 290 2
193 293 10
193 296 7
193 298 8
193 300 5
193 302 4
193 307 9
193 309 8
193 314 3
193 317 8
193 318 10
193 319 9
193 321 1
193 323 10
193 324 5
193 325 8
193 326 3
193 327 7
193 330 4
193 331 2
193 333 8
193 334 2
193 335 10
193 337 8
193 341 10
193 342 2
193 343 4
193 348 4
193 349 5
194 195 2
194 197 8
194 199 6
194 202 6
194 205 1
194 207 9
194 208 8
194 211 2
194 212 2
194 213 10
194 214 1
194 215 2
194 216 1
194 217 9
194 219 6
194 220 1
194 221 2
194 231 5
194 232 2
194 233 3
194 234 5
194 237 6
194 238 7
194 239 7
194 242 6
194 243 10
194 248 1
194 249 6
194 250 9
194 256 3
194 257 4
194 260 10
194 261 2
194 262 8
194 263 9
194 267 8
194 268 2
194 269 10
194 271 9
194 272 5
194 273 2
194 274 7
194 275 2
194 277 2
194 278 9
194 283 2
194 284 8
194 287 9
194 288 4
194 289 1
194 291 5
194 292 2
194 294 6
194 300 7
194 303 10
194 306 8
194 308 6
194 309 2
194 311 6
194 312 2
194 315 7
194 321 9
194 322 7
194 326 3
194 327 3
194 328 4
194 330 2
194 332 7
194 333 5
194 334 9
194 336 4
194 337 2
194 338 3
194 341 4
194 343 8
194 344 2
194 345 4
194 347 9
194 348 7
194 349 4
195 196 1
195 198 1
195 199 5
195 200 8
195 202 5
195 203 6
195 204 8
195 205 8
195 207 6
195 208 1
195 210 4
195 211 9
195 212 9
195 214 3
195 216 5
195 217 5
195 218 5
195 219 1
195 220 5
195 221 1
195 224 8
195 225 6
195 227 1
195 228 5
195 230 9
195 236 6
195 238 7
195 239 2
195 240 1
195 241 5
195 244 2
195 245 7
195 246 4
195 247 9
195 249 1
195 250 6
195 252 3
195 253 8
195 255 8
195 256 1
195 257 7
195 258 9
195 259 4
195 268 10
195 270 8
195 273 10
195 274 6
195 276 1
195 278 4
195 279 7
195 280 3
195 281 6
195 282 2
195 286 8
195 287 8
195 288 2
195 291 8
195 294 6
195 295 10
195 296 6
195 301 1
195 304 7
195 307 1
195 310 3
195 313 8
195 316 9
195 317 2
195 318 1
195 319 6
195 320 7
195 324 8
195 326 1
195 329 7
195 332 2
195 335 2
195 336 4
195 344 1
195 346 7
195 348 10
196 197 2
196 199 2
196 200 2
196 202 4
196 204 3
196 211 2
196 213 10
196 216 1
196 217 3
196 221 2
196 225 9
196 226 4
196 230 4
196 233 8
196 238 4
196 240 9
196 243 6
196 250 5
196 251 9
196 252 7
196 253 2
196 255 4
196 256 3
196 259 5
196 261 8
196 263 3
196 266 1
196 268 9
196 269 2
196 270 10
196 271 4
196 272 7
196 274 7
196 277 8
196 278 3
196 279 9
196 280 5
196 283 4
196 286 10
196 288 10
196 289 7
196 291 4
196 295 9
196 296 10
196 298 2
196 299 2
196 304 8
196 305 3
196 308 2
196 309 10
196 310 10
196 312 6
196 313 6
196 315 7
196 321 3
196 323 5
196 324 4
196 327 9
196 328 3
196 329 5
196 330 8
196 332 7
196 333 4
196 334 1
196 335 3
196 337 7
196 342 7
196 343 5
196 348 9
197 198 7
197 199 1
197 200 1
197 202 7
197 208 7
197 213 2
197 215 1
197 216 7
197 217 10
197 219 9
197 220 3
197 224 6
197 228 7
197 229 7
197 231 4
197 232 6
197 234 9
197 236 8
197 237 3
197 238 9
197 240 10
197 242 9
197 243 5
197 245 2
197 248 9
197 249 2
197 251 1
197 252 10
197 253 10
197 255 1
197 257 4
197 258 4
197 260 1
197 261 4
197 263 6
197 265 9
197 282 3
197 283 6
197 284 7
197 285 9
197 287 9
197 288 3
197 293 3
197 299 2
197 300 4
197 301 8
197 302 8
197 303 8
197 304 1
197 305 10
197 306 7
197 308 7
197 311 4
197 312 10
197 318 4
197 320 4
197 321 8
197 324 10
197 325 8
197 329 9
197 333 7
197 336 1
197 340 5
197 344 7
197 345 8
197 346 1
197 347 9
197 348 8
197 349 5
198 200 6
198 203 6
198 206 4
198 207 4
198 208 2
198 209 4
198 212 6
198 213 9
198 214 6
198 215 7
198 217 10
198 218 2
198 220 4
198 221 2
198 222 3
198 223 10
198 224 8
198 225 5
198 227 4
198 230 5
198 231 9
198 239 3
198 240 9
198 243 7
198 244 9
198 245 1
198 246 9
198 247 10
198 249 6
198 250 8
198 251 1
198 252 8
198 254 3
198 256 3
198 259 2
198 260 6
198 262 2
198 265 7
198 271 3
198 274 4
198 276 7
198 277 5
198 279 10
198 282 7
198 283 8
198 284 9
198 286 6
198 288 7
198 289 7
198 295 5
198 296 3
198 298 6
198 299 3
198 303 1
198 305 3
198 307 3
198 309 10
198 310 9
198 311 9
198 312 5
198 317 6
198 319 4
198 325 2
198 326 9
198 327 4
198 332 5
198 334 3
198 335 4
198 336 5
198 337 6
198 341 3
198 342 5
198 346 4
198 347 5
198 349 6
199 200 3
199 207 8
199 209 2
199 212 4
199 213 8
199 214 10
199 217 10
199 219 5
199 222 9
199 224 5
199 225 2
199 226 4
199 228 3
199 234 10
199 236 7
199 237 3
199 238 3
199 239 6
199 241 4
199 242 8
199 248 6
199 252 8
199 253 1
199 255 5
199 258 3
199 261 7
199 262 2
199 264 4
199 265 7
199 268 3
199 270 1
199 271 10
199 274 5
199 276 4
199 285 1
199 286 6
199 291 9
199 293 5
199 294 7
199 295 5
199 296 4
199 297 3
199 299 5
199 300 1
199 303 1
199 304 3
199 305 6
199 306 10
199 307 6
199 309 5
199 317 1
199 321 9
199 323 2
199 326 6
199 329 6
199 331 5
199 332 6
199 337 8
199 342 2
199 344 1
199 345 9
199 346 4
199 349 5
200 201 10
200 202 5
200 204 8
200 206 3
200 207 4
200 208 1
200 210 10
200 211 4
200 213 8
200 215 4
200 218 7
200 219 8
200 224 2
200 227 10
200 228 6
200 230 7
200 232 9
200 235 10
200 245 3
200 246 6
200 247 6
200 248 7
200 250 1
200 252 4
200 254 8
200 256 8
200 258 10
200 259 2
200 262 9
200 264 6
200 268 7
200 269 4
200 272 7
200 273 8
200 274 7
200 278 4
200 282 2
200 283 9
200 286 8
200 287 9
200 288 1
200 290 7
200 292 3
200 294 9
200 295 3
200 296 1
200 297 4
200 298 6
200 299 5
200 303 8
200 305 1
200 307 5
200 309 1
200 311 3
200 312 6
200 315 5
200 316 5
200 319 7
200 321 1
200 322 4
200 323 10
200 326 4
200 331 4
200 332 8
200 333 4
200 336 3
200 337 5
200 338 10
200 341 2
200 342 3
200 343 5
200 345 10
200 346 9
200 348 5
201 202 7
201 206 4
201 207 4
201 208 4
201 211 5
201 212 6
201 214 10
201 215 10
201 216 2
201 218 7
201 220 4
201 221 2
201 222 3
201 227 4
201 229 5
201 230 7
201 235 6
201 236 10
201 238 1
201 239 3
201 240 4
201 244 1
201 246 8
201 249 6
201 253 6
201 255 8
201 256 4
201 257 3
201 258 10
201 260 3
201 262 5
201 263 8
201 264 1
201 265 10
201 266 3
201 267 7
201 268 10
201 271 4
201 274 3
201 275 6
201 279 3
201 282 10
201 286 6
201 287 6
201 289 4
201 290 10
201 291 7
201 292 9
201 295 4
201 297 7
201 298 7
201 299 6
201 300 5
201 303 1
201 304 2
201 307 9
201 308 10
201 309 8
201 313 8
201 315 10
201 317 4
201 319 3
201 320 9
201 321 5
201 322 2
201 323 5
201 324 1
201 327 10
201 330 2
201 332 2
201 334 7
201 336 4
201 338 4
201 340 1
201 342 7
201 345 5
201 348 7
202 204 1
202 206 3
202 208 5
202 209 10
202 212 6
202 213 3
202 215 6
202 216 5
202 217 3
202 218 4
202 219 7
202 220 1
202 222 6
202 224 7
202 225 3
202 228 9
202 231 5
202 232 1
202 233 3
202 236 8
202 237 10
202 238 1
202 239 10
202 241 9
202 242 2
202 248 1
202 249 1
202 251 8
202 253 6
202 254 4
202 256 3
202 257 1
202 260 2
202 261 5
202 262 2
202 264 5
202 267 7
202 268 9
202 270 8
202 275 9
202 276 8
202 277 9
202 278 9
202 282 5
202 283 3
202 284 5
202 287 3
202 288 10
202 289 6
202 290 4
202 291 7
202 292 7
202 294 4
202 295 6
202 296 6
202 299 3
202 300 7
202 301 7
202 302 1
202 304 4
202 306 6
202 310 4
202 314 8
202 315 6
202 316 6
202 317 9
202 319 1
202 323 8
202 324 6
202 330 6
202 331 6
202 335 3
202 337 8
202 340 5
202 343 7
202 345 9
202 346 9
202 348 9
202 349 5
203 204 9
203 206 8
203 212 4
203 214 1
203 216 10
203 219 5
203 221 7
203 222 5
203 224 10
203 229 2
203 231 10
203 232 5
203 234 10
203 236 5
203 237 7
203 241 6
203 242 8
203 243 6
203 244 6
203 246 8
203 247 4
203 250 2
203 251 6
203 254 8
203 255 8
203 256 3
203 259 1
203 260 2
203 262 10
203 264 10
203 265 2
203 269 6
203 270 9
203 271 10
203 276 5
203 277 6
203 279 4
203 281 7
203 285 8
203 287 9
203 290 7
203 291 8
203 292 2
203 293 6
203 294 5
203 295 6
203 296 8
203 297 7
203 300 5
203 301 6
203 302 1
203 304 1
203 305 8
203 306 3
203 307 6
203 309 7
203 312 9
203 314 10
203 316 4
203 317 10
203 318 3
203 319 9
203 321 9
203 322 1
203 323 1
203 325 9
203 326 5
203 327 6
203 332 4
203 333 5
203 334 10
203 335 5
203 340 1
203 341 4
203 342 6
203 343 3
203 345 4
203 346 5
203 348 10
203 349 8
204 205 3
204 207 1
204 210 7
204 211 7
204 213 5
204 216 1
204 222 8
204 225 7
204 226 8
204 228 4
204 229 10
204 233 2
204 235 10
204 236 1
204 238 4
204 239 2
204 241 7
204 243 8
204 245 2
204 246 5
204 248 7
204 249 4
204 251 8
204 253 8
204 254 7
204 255 10
204 259 9
204 260 2
204 264 6
204 267 2
204 268 6
204 269 10
204 270 4
204 271 1
204 272 4
204 274 8
204 276 1
204 278 5
204 279 8
204 280 8
204 281 9
204 284 10
204 286 3
204 288 8
204 289 10
204 294 9
204 295 6
204 298 8
204 300 10
204 303 10
204 304 7
204 308 9
204 310 8
204 311 3
204 313 6
204 315 6
204 317 3
204 318 2
204 319 6
204 321 4
204 322 3
204 325 8
204 328 1
204 332 1
204 333 4
204 335 7
204 336 3
204 340 8
204 341 7
204 345 1
204 347 1
204 348 3
204 349 4
205 206 1
205 207 3
205 208 9
205 211 1
205 212 8
205 214 1
205 215 10
205 216 7
205 217 2
205 219 6
205 220 9
205 226 4
205 227 2
205 228 10
205 229 6
205 231 10
205 233 4
205 235 9
205 238 1
205 243 10
205 244 9
205 245 9
205 247 4
205 249 2
205 252 4
205 256 2
205 258 5
205 261 9
205 263 5
205 264 5
205 265 3
205 266 5
205 267 10
205 268 3
205 270 8
205 271 1
205 273 7
205 274 10
205 279 2
205 280 4
205 282 6
205 283 8
205 289 10
205 292 5
205 293 5
205 294 1
205 296 2
205 299 5
205 306 6
205 311 5
205 313 3
205 314 4
205 317 10
205 321 1
205 323 7
205 325 10
205 326 8
205 327 4
205 328 9
205 329 9
205 331 6
205 332 8
205 333 2
205 334 9
205 335 10
205 337 9
205 339 1
205 340 6
205 342 5
205 343 1
205 346 9
205 347 5
206 207 2
206 208 7
206 211 10
206 212 1
206 213 4
206 215 8
206 218 5
206 219 3
206 224 6
206 225 3
206 226 10
206 227 10
206 231 2
206 232 9
206 236 3
206 238 10
206 242 5
206 246 2
206 247 7
206 248 3
206 251 2
206 258 10
206 260 9
206 264 9
206 265 7
206 271 5
206 272 5
206 273 9
206 275 9
206 279 4
206 281 8
206 282 1
206 283 5
206 286 6
206 288 2
206 293 6
206 295 3
206 299 5
206 300 3
206 304 6
206 306 5
206 308 7
206 309 6
206 311 10
206 312 4
206 314 6
206 315 5
206 316 2
206 317 1
206 318 3
206 320 3
206 321 4
206 324 9
206 325 10
206 329 3
206 330 4
206 333 9
206 337 3
206 338 10
206 339 10
206 340 5
207 211 8
207 214 10
207 216 10
207 218 7
207 220 5
207 223 4
207 227 1
207 228 10
207 230 8
207 232 5
207 233 4
207 236 4
207 238 1
207 241 10
207 243 3
207 244 3
207 245 3
207 247 7
207 249 8
207 251 4
207 252 2
207 253 7
207 256 4
207 258 5
207 264 8
207 265 2
207 267 1
207 269 10
207 271 3
207 273 10
207 275 3
207 276 4
207 280 10
207 281 3
207 282 6
207 283 3
207 286 2
207 288 1
207 289 1
207 294 6
207 295 1
207 296 8
207 299 8
207 300 10
207 302 4
207 305 5
207 306 4
207 308 9
207 311 1
207 313 8
207 314 4
207 315 6
207 320 10
207 322 10
207 324 2
207 326 6
207 327 6
207 328 1
207 330 8
207 331 4
207 332 10
207 333 6
207 334 2
207 335 10
207 336 3
207 337 2
207 338 2
207 339 4
207 342 1
207 344 10
207 345 2
207 346 3
207 347 8
208 213 7
208 216 2
208 217 2
208 219 3
208 221 6
208 223 1
208 226 4
208 227 9
208 228 7
208 229 9
208 230 4
208 233 4
208 235 9
208 240 6
208 242 7
208 244 9
208 246 7
208 247 2
208 251 4
208 254 6
208 257 5
208 258 6
208 259 4
208 261 6
208 264 1
208 266 7
208 267 1
208 268 2
208 271 2
208 272 8
208 274 5
208 275 4
208 277 7
208 279 8
208 281 9
208 288 2
208 291 3
208 293 7
208 296 8
208 297 1
208 300 4
208 301 9
208 302 7
208 304 10
208 305 6
208 308 1
208 310 5
208 311 7
208 314 7
208 315 3
208 317 9
208 318 10
208 320 8
208 321 7
208 322 5
208 323 7
208 324 10
208 337 2
208 340 1
208 345 6
208 347 1
208 348 4
209 211 1
209 212 8
209 213 5
209 214 4
209 215 5
209 216 10
209 224 10
209 226 1
209 227 2
209 228 2
209 229 10
209 230 10
209 231 2
209 234 7
209 236 8
209 237 4
209 238 9
209 244 5
209 246 5
209 247 3
209 249 6
209 250 3
209 251 5
209 252 9
209 253 10
209 256 9
209 258 2
209 259 2
209 260 10
209 261 4
209 262 4
209 263 1
209 264 10
209 266 9
209 268 1
209 270 5
209 275 1
209 277 4
209 278 10
209 280 1
209 281 3
209 282 1
209 284 4
209 285 8
209 287 2
209 288 1
209 289 6
209 290 6
209 291 6
209 293 2
209 294 8
209 296 2
209 298 1
209 301 3
209 302 7
209 303 8
209 307 3
209 308 4
209 309 1
209 310 8
209 311 4
209 315 5
209 316 1
209 318 4
209 321 5
209 322 5
209 324 9
209 326 1
209 330 7
209 331 5
209 332 5
209 334 2
209 336 3
209 338 4
209 341 5
209 342 3
209 343 7
209 345 2
209 346 10
210 216 10
210 220 9
210 221 2
210 222 1
210 223 7
210 224 10
210 225 3
210 226 3
210 227 2
210 229 1
210 230 2
210 231 5
210 233 3
210 234 4
210 235 10
210 238 7
210 239 5
210 245 7
210 248 10
210 249 8
210 251 6
210 253 4
210 254 9
210 255 3
210 260 1
210 261 5
210 262 6
210 264 2
210 267 6
210 268 6
210 271 1
210 272 4
210 273 10
210 276 10
210 277 3
210 278 1
210 282 1
210 291 2
210 292 2
210 295 1
210 305 5
210 307 2
210 309 3
210 310 4
210 313 4
210 316 2
210 317 2
210 318 6
210 322 7
210 324 10
210 325 7
210 328 3
210 329 9
210 333 1
210 334 3
210 340 10
210 341 5
210 342 1
210 343 7
210 345 9
211 212 4
211 213 9
211 215 4
211 216 3
211 218 1
211 220 9
211 221 9
211 222 7
211 223 9
211 224 1
211 225 3
211 226 3
211 227 7
211 228 10
211 229 1
211 234 7
211 235 2
211 236 5
211 238 6
211 239 7
211 240 2
211 241 2
211 242 1
211 243 6
211 244 1
211 247 7
211 251 4
211 256 1
211 257 3
211 258 3
211 259 1
211 260 8
211 263 8
211 265 7
211 266 8
211 270 10
211 273 4
211 274 8
211 276 1
211 277 3
211 279 9
211 283 2
211 286 5
211 287 1
211 289 6
211 291 6
211 294 5
211 295 6
211 296 6
211 297 2
211 301 4
211 302 10
211 303 5
211 304 4
211 305 2
211 307 5
211 308 3
211 309 9
211 314 8
211 315 6
211 316 9
211 317 10
211 319 1
211 320 4
211 323 7
211 324 4
211 326 3
211 328 8
211 331 4
211 332 2
211 336 7
211 339 3
211 347 9
211 348 6
211 349 2
212 214 10
212 215 4
212 217 10
212 219 10
212 221 7
212 222 7
212 224 2
212 228 2
212 230 3
212 231 9
212 232 1
212 233 6
212 234 2
212 237 1
212 238 3
212 239 1
212 242 2
212 243 4
212 245 6
212 249 1
212 250 8
212 251 2
212 252 6
212 253 1
212 254 8
212 258 9
212 260 8
212 263 7
212 267 3
212 270 8
212 271 2
212 273 7
212 275 2
212 277 4
212 279 4
212 280 4
212 290 3
212 291 10
212 293 3
212 297 8
212 299 5
212 302 3
212 304 1
212 306 4
212 308 9
212 309 3
212 310 6
212 311 8
212 312 9
212 314 2
212 315 1
212 319 2
212 320 5
212 321 1
212 322 7
212 323 5
212 325 2
212 326 7
212 329 1
212 331 7
212 332 3
212 334 10
212 336 6
212 339 4
212 341 3
212 342 10
212 344 7
212 345 3
212 346 7
212 348 4
213 216 9
213 217 7
213 219 6
213 221 3
213 222 7
213 225 2
213 228 4
213 230 1
213 231 9
213 235 5
213 236 7
213 238 10
213 239 3
213 241 9
213 242 2
213 246 5
213 247 4
213 248 10
213 252 1
213 253 2
213 255 9
213 256 2
213 259 5
213 260 10
213 263 9
213 264 3
213 267 5
213 268 8
213 269 10
213 273 2
213 274 9
213 277 9
213 281 6
213 282 2
213 288 2
213 289 1
213 293 1
213 295 8
213 297 7
213 299 9
213 301 10
213 302 4
213 303 2
213 304 6
213 305 6
213 308 4
213 309 9
213 310 5
213 311 10
213 312 7
213 314 3
213 315 4
213 316 10
213 319 6
213 321 8
213 322 4
213 326 8
213 328 2
213 329 6
213 330 4
213 331 1
213 332 10
213 334 9
213 336 10
213 339 6
213 342 6
213 343 5
213 347 8
213 348 8
213 349 5
214 215 9
214 217 7
214 219 9
214 223 10
214 224 9
214 226 2
214 227 3
214 228 5
214 231 6
214 233 1
214 237 9
214 238 6
214 240 6
214 243 4
214 244 4
214 245 2
214 247 3
214 252 2
214 253 9
214 254 6
214 257 10
214 259 1
214 260 4
214 266 4
214 267 9
214 268 7
214 269 1
214 273 2
214 277 9
214 278 6
214 280 10
214 281 4
214 282 7
214 284 1
214 286 10
214 287 5
214 288 2
214 291 7
214 292 3
214 293 9
214 297 1
214 298 6
214 299 2
214 302 4
214 304 7
214 305 5
214 306 5
214 308 2
214 309 6
214 311 5
214 312 1
214 318 1
214 321 2
214 323 3
214 324 8
214 325 8
214 326 3
214 327 10
214 329 8
214 330 7
214 332 6
214 333 7
214 335 7
214 336 3
214 338 1
214 341 10
214 343 7
214 345 9
214 346 7
214 349 8
215 216 8
215 218 5
215 219 10
215 220 6
215 224 1
215 226 5
215 229 1
215 230 3
215 233 4
215 234 4
215 235 5
215 236 2
215 237 3
215 242 2
215 247 2
215 250 10
215 252 6
215 254 1
215 255 1
215 257 9
215 259 10
215 260 1
215 261 4
215 263 5
215 265 3
215 266 8
215 268 8
215 271 2
215 272 9
215 278 1
215 279 6
215 281 4
215 283 7
215 284 5
215 287 3
215 289 4
215 291 6
215 293 4
215 294 8
215 296 3
215 297 4
215 298 10
215 299 10
215 300 1
215 301 6
215 302 4
215 303 5
215 308 1
215 309 5
215 310 6
215 314 6
215 318 1
215 320 3
215 322 10
215 323 9
215 328 2
215 331 2
215 334 1
215 337 3
215 338 3
215 340 2
215 341 1
215 346 7
215 347 9
215 349 5
216 218 3
216 223 7
216 224 10
216 225 10
216 226 7
216 227 4
216 228 5
216 229 4
216 231 4
216 232 9
216 233 3
216 234 9
216 235 8
216 236 9
216 237 9
216 238 4
216 239 7
216 240 2
216 241 9
216 243 9
216 244 6
216 247 9
216 250 2
216 252 5
216 253 9
216 254 2
216 255 10
216 262 8
216 264 5
216 265 9
216 269 9
216 273 8
216 274 7
216 286 2
216 287 3
216 289 6
216 290 8
216 292 7
216 295 1
216 296 2
216 299 3
216 300 1
216 301 4
216 303 1
216 304 10
216 306 2
216 309 5
216 310 1
216 311 10
216 312 2
216 316 2
216 320 6
216 321 10
216 324 9
216 329 5
216 332 4
216 338 1
216 339 1
216 340 2
216 342 9
216 346 5
216 348 5
216 349 1
217 218 2
217 222 10
217 226 2
217 228 6
217 230 2
217 233 2
217 237 1
217 240 9
217 241 9
217 242 8
217 243 10
217 244 7
217 248 1
217 250 2
217 251 2
217 252 8
217 257 3
217 258 5
217 260 6
217 262 8
217 263 1
217 264 4
217 266 8
217 267 4
217 268 6
217 272 1
217 273 1
217 274 7
217 275 4
217 276 7
217 278 9
217 281 3
217 284 5
217 285 6
217 286 1
217 287 4
217 288 6
217 289 3
217 290 6
217 291 4
217 292 7
217 294 9
217 295 6
217 296 6
217 298 10
217 302 1
217 303 6
217 304 7
217 306 10
217 307 9
217 308 5
217 310 4
217 311 3
217 312 5
217 313 10
217 314 4
217 319 1
217 323 3
217 325 1
217 326 5
217 327 7
217 330 5
217 334 5
217 335 10
217 337 9
217 339 5
217 340 8
217 341 6
217 343 1
217 344 4
217 347 4
217 348 4
218 219 8
218 220 7
218 222 5
218 223 3
218 225 5
218 227 9
218 230 4
218 236 8
218 237 2
218 240 8
218 242 2
218 244 9
218 248 8
218 249 1
218 251 8
218 252 7
218 255 4
218 260 9
218 262 7
218 264 5
218 265 10
218 266 3
218 269 2
218 271 8
218 275 7
218 276 7
218 277 7
218 278 10
218 279 6
218 282 5
218 284 2
218 286 9
218 289 8
218 291 3
218 293 2
218 295 4
218 296 6
218 297 9
218 302 4
218 304 5
218 306 2
218 308 2
218 310 4
218 312 8
218 319 2
218 320 4
218 321 3
218 322 4
218 323 7
218 324 7
218 326 8
218 327 8
218 328 2
218 331 5
218 338 9
218 340 10
218 341 4
218 343 1
218 346 3
218 348 10
218 349 8
219 222 5
219 223 10
219 225 2
219 227 1
219 229 1
219 232 7
219 233 8
219 236 6
219 237 8
219 238 9
219 248 9
219 249 8
219 250 10
219 252 4
219 253 10
219 254 1
219 260 6
219 261 3
219 262 6
219 267 10
219 268 4
219 271 4
219 273 3
219 276 8
219 279 7
219 285 6
219 287 8
219 288 10
219 289 1
219 290 9
219 293 10
219 294 2
219 300 10
219 301 5
219 304 7
219 307 5
219 310 7
219 313 2
219 315 5
219 319 1
219 320 5
219 323 3
219 324 6
219 325 5
219 326 7
219 328 7
219 329 1
219 333 6
219 334 7
219 336 1
219 337 6
219 338 9
219 339 7
219 340 3
219 341 6
219 343 6
219 344 4
219 345 4
220 221 7
220 225 8
220 226 8
220 230 1
220 235 2
220 239 4
220 240 8
220 241 9
220 243 5
220 248 4
220 251 4
220 253 10
220 256 7
220 257 3
220 258 8
220 260 5
220 262 8
220 266 9
220 278 7
220 279 6
220 280 7
220 283 3
220 284 6
220 287 10
220 291 8
220 293 1
220 294 10
220 295 7
220 296 1
220 297 8
220 298 2
220 299 10
220 300 7
220 301 4
220 302 9
220 303 1
220 304 2
220 305 5
220 307 7
220 308 6
220 309 5
220 316 10
220 317 5
220 318 4
220 320 10
220 321 7
220 322 7
220 323 9
220 325 4
220 326 8
220 327 10
220 328 2
220 329 3
220 331 7
220 332 7
220 333 9
220 334 7
220 336 4
220 337 6
220 341 3
220 344 6
220 347 9
221 224 6
221 227 8
221 228 10
221 229 10
221 231 2
221 232 5
221 233 10
221 236 9
221 237 1
221 238 4
221 241 9
221 242 2
221 243 6
221 247 6
221 249 2
221 251 4
221 252 4
221 254 9
221 259 6
221 260 5
221 261 5
221 267 6
221 268 1
221 270 1
221 276 5
221 277 5
221 278 9
221 280 9
221 281 9
221 287 3
221 289 8
221 292 5
221 294 4
221 295 10
221 298 1
221 300 1
221 302 7
221 303 7
221 304 1
221 306 5
221 311 1
221 315 2
221 319 7
221 321 5
221 322 1
221 325 8
221 328 6
221 329 2
221 331 1
221 332 8
221 335 2
221 336 1
221 337 7
221 339 2
221 343 7
221 344 10
221 345 9
221 347 4
221 348 3
221 349 8
222 224 4
222 228 9
222 232 7
222 233 10
222 234 6
222 235 1
222 237 2
222 242 9
222 243 1
222 247 10
222 248 2
222 249 8
222 253 5
222 256 7
222 258 2
222 259 7
222 260 8
222 262 8
222 263 3
222 265 9
222 266 9
222 268 1
222 269 4
222 273 8
222 275 10
222 277 3
222 279 4
222 281 1
222 282 8
222 283 6
222 288 10
222 292 7
222 295 10
222 296 4
222 297 1
222 299 8
222 301 6
222 303 5
222 304 10
222 306 5
222 308 10
222 312 2
222 315 1
222 316 3
222 318 10
222 320 6
222 321 5
222 322 4
222 325 5
222 326 2
222 328 7
222 331 8
222 332 6
222 333 4
222 339 10
222 340 1
222 341 2
222 345 4
222 346 6
222 347 5
222 349 8
223 224 8
223 225 3
223 226 9
223 227 7
223 229 2
223 231 10
223 232 9
223 233 7
223 234 5
223 235 8
223 237 10
223 239 6
223 240 6
223 243 8
223 247 10
223 248 3
223 250 2
223 252 3
223 253 2
223 255 7
223 256 5
223 259 6
223 260 4
223 265 2
223 266 10
223 269 8
223 270 8
223 272 9
223 273 9
223 274 4
223 275 5
223 276 9
223 277 10
223 279 7
223 283 4
223 284 8
223 285 8
223 288 3
223 289 7
223 290 10
223 292 8
223 294 1
223 295 1
223 296 4
223 299 9
223 301 10
223 302 8
223 303 4
223 304 10
223 305 4
223 308 4
223 310 10
223 311 3
223 313 5
223 315 7
223 317 7
223 319 5
223 320 3
223 323 2
223 326 10
223 333 10
223 334 2
223 337 9
223 338 3
223 342 3
223 345 8
223 346 6
223 347 3
223 348 8
224 225 8
224 226 1
224 227 9
224 228 5
224 230 3
224 231 6
224 237 6
224 239 3
224 240 5
224 246 7
224 248 5
224 250 7
224 251 5
224 252 6
224 255 8
224 257 10
224 258 10
224 264 10
224 267 8
224 269 7
224 270 10
224 271 9
224 276 3
224 278 4
224 279 7
224 282 10
224 283 5
224 287 2
224 289 5
224 290 7
224 293 5
224 294 7
224 295 2
224 297 3
224 300 5
224 301 3
224 303 6
224 304 7
224 305 10
224 306 3
224 307 4
224 309 8
224 311 4
224 314 4
224 315 1
224 318 5
224 320 7
224 321 4
224 325 7
224 329 1
224 334 2
224 335 8
224 339 8
224 340 8
224 341 1
224 342 1
224 344 8
224 346 3
224 347 8
225 226 8
225 227 6
225 229 9
225 230 6
225 231 10
225 232 4
225 233 10
225 234 5
225 236 5
225 238 8
225 241 1
225 243 2
225 244 7
225 246 9
225 247 2
225 249 2
225 251 4
225 253 7
225 254 3
225 255 9
225 258 4
225 259 9
225 260 2
225 261 3
225 262 5
225 264 10
225 265 1
225 266 7
225 268 6
225 272 2
225 273 9
225 274 9
225 275 7
225 281 3
225 284 1
225 286 1
225 288 10
225 289 7
225 290 2
225 295 6
225 297 9
225 298 2
225 300 9
225 301 1
225 305 7
225 309 2
225 310 1
225 313 8
225 314 10
225 316 3
225 317 9
225 319 8
225 322 2
225 323 6
225 326 5
225 327 6
225 329 10
225 330 7
225 332 2
225 334 4
225 336 6
225 339 2
225 340 4
225 341 9
225 342 7
225 345 10
225 346 9
225 349 10
226 227 2
226 231 2
226 232 1
226 234 5
226 235 2
226 237 3
226 238 5
226 239 7
226 240 6
226 242 2
226 243 1
226 245 8
226 246 8
226 248 4
226 249 6
226 254 10
226 256 7
226 259 5
226 261 5
226 263 6
226 273 8
226 276 4
226 277 10
226 278 8
226 279 6
226 280 4
226 281 3
226 283 2
226 284 3
226 285 1
226 286 4
226 287 6
226 289 6
226 291 4
226 292 4
226 294 6
226 297 6
226 298 1
226 300 8
226 301 8
226 302 2
226 306 4
226 307 4
226 308 10
226 310 1
226 311 7
226 314 10
226 315 9
226 317 9
226 318 4
226 322 4
226 324 1
226 325 8
226 328 4
226 330 4
226 331 10
226 334 8
226 337 5
226 338 6
226 342 9
226 344 9
226 348 6
226 349 6
227 229 3
227 230 1
227 232 10
227 234 1
227 235 7
227 236 6
227 238 4
227 241 7
227 242 5
227 243 5
227 244 4
227 246 10
227 247 4
227 248 4
227 250 2
227 251 5
227 253 4
227 254 7
227 257 2
227 259 8
227 260 3
227 262 1
227 263 1
227 268 8
227 269 3
227 271 9
227 272 1
227 273 2
227 274 9
227 275 2
227 277 5
227 281 3
227 282 3
227 283 1
227 284 1
227 289 5
227 292 5
227 294 6
227 295 9
227 297 2
227 298 7
227 301 5
227 305 6
227 308 7
227 320 3
227 325 1
227 326 7
227 327 4
227 328 9
227 329 6
227 330 3
227 331 3
227 333 3
227 335 9
227 336 10
227 337 2
227 338 6
227 342 8
227 346 9
227 349 9
228 229 2
228 239 5
228 240 5
228 242 8
228 243 10
228 244 7
228 248 2
228 250 10
228 252 9
228 253 6
228 263 5
228 267 10
228 269 3
228 271 7
228 272 1
228 273 9
228 274 5
228 276 7
228 278 3
228 279 2
228 285 7
228 286 7
228 287 1
228 291 9
228 293 3
228 294 5
228 297 7
228 299 2
228 300 6
228 307 7
228 309 8
228 310 9
228 311 10
228 313 4
228 314 5
228 316 10
228 317 8
228 318 7
228 320 5
228 323 2
228 325 8
228 329 3
228 330 10
228 332 1
228 334 9
228 337 4
228 338 3
228 340 2
228 342 4
228 343 6
228 348 6
229 234 3
229 236 10
229 240 7
229 241 3
229 242 7
229 243 3
229 247 2
229 249 5
229 252 5
229 253 9
229 257 2
229 259 4
229 263 2
229 264 4
229 266 4
229 270 6
229 271 3
229 273 4
229 275 7
229 276 6
229 278 10
229 279 10
229 283 8
229 284 9
229 286 9
229 289 9
229 292 3
229 298 1
229 299 6
229 300 3
229 303 1
229 304 4
229 306 1
229 307 10
229 310 7
229 311 4
229 312 5
229 314 8
229 315 3
229 316 6
229 318 9
229 320 10
229 321 6
229 322 10
229 329 10
229 330 4
229 332 3
229 334 1
229 336 8
229 337 1
229 339 10
229 340 7
229 341 2
229 344 8
229 345 9
229 346 10
229 347 9
229 349 2
230 232 6
230 233 4
230 234 4
230 236 1
230 237 8
230 238 7
230 240 8
230 241 9
230 246 9
230 247 6
230 249 8
230 252 1
230 253 1
230 254 3
230 255 3
230 256 5
230 257 1
230 258 1
230 261 9
230 264 1
230 265 3
230 266 10
230 267 3
230 269 8
230 271 1
230 272 1
230 273 7
230 275 10
230 276 6
230 278 6
230 279 1
230 280 7
230 283 8
230 286 3
230 287 4
230 289 2
230 290 7
230 291 8
230 292 5
230 295 7
230 301 4
230 303 5
230 304 4
230 305 8
230 307 8
230 309 3
230 310 3
230 312 2
230 313 7
230 314 1
230 316 9
230 318 3
230 319 9
230 321 9
230 322 3
230 323 5
230 324 8
230 325 1
230 327 9
230 329 6
230 330 10
230 333 10
230 335 6
230 336 3
230 337 5
230 339 1
230 343 8
230 346 3
230 347 9
231 238 5
231 240 10
231 241 7
231 243 10
231 246 3
231 249 4
231 251 10
231 252 4
231 253 4
231 256 2
231 257 8
231 261 8
231 269 5
231 272 10
231 274 3
231 276 3
231 277 4
231 284 7
231 288 9
231 289 6
231 290 3
231 291 2
231 292 5
231 293 6
231 294 3
231 298 1
231 303 9
231 304 9
231 306 10
231 307 9
231 308 2
231 309 2
231 313 7
231 314 10
231 317 4
231 318 3
231 323 2
231 328 2
231 329 3
231 331 7
231 333 9
231 334 1
231 336 7
231 338 5
231 340 5
231 343 6
231 344 2
231 345 1
231 346 9
231 347 10
231 349 2
232 235 7
232 236 8
232 238 5
232 241 2
232 243 6
232 245 9
232 249 9
232 251 10
232 252 5
232 254 9
232 258 1
232 259 6
232 260 9
232 261 2
232 262 3
232 263 5
232 265 8
232 266 6
232 267 1
232 271 3
232 273 2
232 275 5
232 278 4
232 279 7
232 280 10
232 281 1
232 282 2
232 285 8
232 286 1
232 287 7
232 294 3
232 295 4
232 296 6
232 297 4
232 298 1
232 300 1
232 302 3
232 304 7
232 305 2
232 310 8
232 315 2
232 316 3
232 317 5
232 321 2
232 322 7
232 323 10
232 324 3
232 333 10
232 336 5
232 337 1
232 339 4
232 341 1
232 342 7
232 343 10
232 344 8
232 345 6
232 346 1
232 347 3
232 348 8
232 349 8
233 234 10
233 235 8
233 236 6
233 238 9
233 242 9
233 247 2
233 248 3
233 249 8
233 251 9
233 252 8
233 258 9
233 262 1
233 265 1
233 266 7
233 267 10
233 268 8
233 275 4
233 276 7
233 277 1
233 278 4
233 283 4
233 284 6
233 285 8
233 286 2
233 292 8
233 294 4
233 295 8
233 298 7
233 299 6
233 300 3
233 301 4
233 303 10
233 304 6
233 305 7
233 306 10
233 310 2
233 314 1
233 315 7
233 316 10
233 317 4
233 318 4
233 319 7
233 323 10
233 324 1
233 326 9
233 328 3
233 329 8
233 330 10
233 332 1
233 334 5
233 335 1
233 336 6
233 337 5
233 338 2
233 342 8
233 345 8
233 347 4
234 237 3
234 240 8
234 242 10
234 244 9
234 248 5
234 249 6
234 250 1
234 251 9
234 257 2
234 261 9
234 263 5
234 264 8
234 267 9
234 269 7
234 270 2
234 271 6
234 272 8
234 274 9
234 278 4
234 279 3
234 280 2
234 284 2
234 286 7
234 289 8
234 290 8
234 291 2
234 295 1
234 299 9
234 301 6
234 303 7
234 304 10
234 306 2
234 307 7
234 310 9
234 312 3
234 313 1
234 316 2
234 317 2
234 320 9
234 324 6
234 325 7
234 327 10
234 329 7
234 331 2
234 334 9
234 338 4
234 342 1
234 344 8
234 345 10
234 346 4
234 347 5
234 348 5
234 349 8
235 238 7
235 239 1
235 242 5
235 243 5
235 245 5
235 246 3
235 247 6
235 248 5
235 249 3
235 254 2
235 256 9
235 259 9
235 260 7
235 261 8
235 262 9
235 263 10
235 265 9
235 267 7
235 269 1
235 270 6
235 273 2
235 274 1
235 275 1
235 276 3
235 278 3
235 279 4
235 281 4
235 282 8
235 283 2
235 284 9
235 285 7
235 286 5
235 288 1
235 291 2
235 292 5
235 296 10
235 302 9
235 305 4
235 306 9
235 307 1
235 308 10
235 309 3
235 311 5
235 316 6
235 317 9
235 318 3
235 319 8
235 324 8
235 325 7
235 326 8
235 327 3
235 329 1
235 332 4
235 335 9
235 337 10
235 338 8
235 340 10
235 342 2
236 240 7
236 241 4
236 242 4
236 243 6
236 246 1
236 250 4
236 252 7
236 256 8
236 258 7
236 260 8
236 261 7
236 265 1
236 267 9
236 271 2
236 272 5
236 273 5
236 274 6
236 276 4
236 277 5
236 279 2
236 281 7
236 282 9
236 285 4
236 286 3
236 292 8
236 293 8
236 298 10
236 299 8
236 302 3
236 303 7
236 304 7
236 305 6
236 310 8
236 311 5
236 313 10
236 316 7
236 319 3
236 323 4
236 324 3
236 326 7
236 329 10
236 330 8
236 331 9
236 332 2
236 333 7
236 334 4
236 336 7
236 339 6
236 343 1
236 344 1
236 345 6
236 346 7
237 238 4
237 239 8
237 240 6
237 245 9
237 246 5
237 247 2
237 249 4
237 250 10
237 251 10
237 253 10
237 255 1
237 261 2
237 262 1
237 267 10
237 271 9
237 273 7
237 274 4
237 277 8
237 283 4
237 284 10
237 287 5
237 290 2
237 292 6
237 293 3
237 297 6
237 298 7
237 299 10
237 300 9
237 301 3
237 302 8
237 305 10
237 306 6
237 307 6
237 308 2
237 312 7
237 313 2
237 314 4
237 318 2
237 319 1
237 320 2
237 322 9
237 323 9
237 324 4
237 328 5
237 332 4
237 335 6
237 336 2
237 338 6
237 339 3
237 340 3
237 341 6
237 342 9
237 343 8
237 344 3
237 347 2
238 241 5
238 242 5
238 244 6
238 245 4
238 246 5
238 247 9
238 248 4
238 250 2
238 252 8
238 254 1
238 255 5
238 256 6
238 257 4
238 258 3
238 259 4
238 261 9
238 263 4
238 264 2
238 265 2
238 266 10
238 267 9
238 269 8
238 270 5
238 272 10
238 273 5
238 276 8
238 277 4
238 279 5
238 282 6
238 283 8
238 292 1
238 294 6
238 298 2
238 299 6
238 300 10
238 301 2
238 303 4
238 304 9
238 306 4
238 309 9
238 310 3
238 313 3
238 315 6
238 319 3
238 320 3
238 321 10
238 322 2
238 326 4
238 328 5
238 329 10
238 333 9
238 334 6
238 338 6
238 339 2
238 340 6
238 341 5
238 342 1
238 347 4
238 348 6
238 349 2
239 240 2
239 243 3
239 245 3
239 247 5
239 248 9
239 249 2
239 250 1
239 251 7
239 252 2
239 255 9
239 256 5
239 257 3
239 258 1
239 262 8
239 263 4
239 264 5
239 265 8
239 268 3
239 269 7
239 272 6
239 273 3
239 274 10
239 275 3
239 276 2
239 278 6
239 279 5
239 287 9
239 291 7
239 292 5
239 295 10
239 298 8
239 299 9
239 302 8
239 304 9
239 306 10
239 307 1
239 311 3
239 312 8
239 313 10
239 314 9
239 315 2
239 317 5
239 318 1
239 319 1
239 320 3
239 328 4
239 329 8
239 331 2
239 332 4
239 333 6
239 334 1
239 337 6
239 339 4
239 340 10
239 341 5
239 342 7
239 343 6
239 345 6
239 346 1
239 349 4
240 241 4
240 242 1
240 245 8
240 246 9
240 250 2
240 254 4
240 255 1
240 257 3
240 259 5
240 261 1
240 262 2
240 263 7
240 266 8
240 267 8
240 269 8
240 270 2
240 274 8
240 275 3
240 277 2
240 278 2
240 280 9
240 281 6
240 283 8
240 289 9
240 292 3
240 298 2
240 299 5
240 301 8
240 302 2
240 304 1
240 308 5
240 310 5
240 311 1
240 312 6
240 313 6
240 314 5
240 315 10
240 316 6
240 318 10
240 319 4
240 320 5
240 322 10
240 323 7
240 327 5
240 328 7
240 332 4
240 337 1
240 343 7
240 345 9
240 347 3
240 348 7
241 243 7
241 246 10
241 248 5
241 249 9
241 251 10
241 253 3
241 254 1
241 256 4
241 257 5
241 258 2
241 259 1
241 260 9
241 263 1
241 264 8
241 266 6
241 268 6
241 272 1
241 274 2
241 277 2
241 278 8
241 279 5
241 281 2
241 283 2
241 284 9
241 292 2
241 294 8
241 295 9
241 296 1
241 298 5
241 300 2
241 301 8
241 302 8
241 304 10
241 306 8
241 307 6
241 310 1
241 311 3
241 313 7
241 315 1
241 317 4
241 318 3
241 319 3
241 320 1
241 321 2
241 323 3
241 324 4
241 325 1
241 327 6
241 329 7
241 330 7
241 332 10
241 333 3
241 334 8
241 335 2
241 336 10
241 337 5
241 338 7
241 339 2
241 341 9
241 343 2
241 345 7
241 346 1
241 349 4
242 243 7
242 244 4
242 245 9
242 247 4
242 248 5
242 249 10
242 250 7
242 251 7
242 252 9
242 253 6
242 255 9
242 256 3
242 258 5
242 261 9
242 262 5
242 265 5
242 267 1
242 270 10
242 272 8
242 273 9
242 274 10
242 275 10
242 276 4
242 277 6
242 279 9
242 282 7
242 286 8
242 289 9
242 291 9
242 293 2
242 294 4
242 296 5
242 298 2
242 299 2
242 300 4
242 302 4
242 306 5
242 307 6
242 309 6
242 310 9
242 312 9
242 315 2
242 316 3
242 319 6
242 323 7
242 325 2
242 326 5
242 328 9
242 330 6
242 332 3
242 334 8
242 335 6
242 338 8
242 339 4
242 342 6
242 345 8
243 244 10
243 245 9
243 246 2
243 247 7
243 248 6
243 249 10
243 250 2
243 255 10
243 256 3
243 260 9
243 261 7
243 262 2
243 263 7
243 266 4
243 267 7
243 269 7
243 270 1
243 272 6
243 274 7
243 276 3
243 278 8
243 281 1
243 282 1
243 283 9
243 286 7
243 291 1
243 292 5
243 293 9
243 296 9
243 297 9
243 298 9
243 300 1
243 301 8
243 302 10
243 303 10
243 304 8
243 306 2
243 307 10
243 308 3
243 310 10
243 311 1
243 323 9
243 325 4
243 326 8
243 327 5
243 328 9
243 330 9
243 333 4
243 337 2
243 339 3
243 340 6
243 342 10
243 343 7
243 344 6
244 246 3
244 248 5
244 250 6
244 252 6
244 254 1
244 255 5
244 259 6
244 260 7
244 265 10
244 273 9
244 274 6
244 275 5
244 278 9
244 279 9
244 280 7
244 281 4
244 282 2
244 287 5
244 288 6
244 295 3
244 296 4
244 297 8
244 299 1
244 300 4
244 301 7
244 302 1
244 304 10
244 306 5
244 308 2
244 317 9
244 318 10
244 319 8
244 321 7
244 325 4
244 331 3
244 332 4
244 333 9
244 335 4
244 338 2
244 340 7
244 344 9
244 345 2
244 347 1
244 348 4
245 248 1
245 249 7
245 251 2
245 252 1
245 253 8
245 255 7
245 256 5
245 259 1
245 261 10
245 266 5
245 267 2
245 268 3
245 270 3
245 271 3
245 274 3
245 277 2
245 279 8
245 280 8
245 281 3
245 282 7
245 284 1
245 288 5
245 289 4
245 292 2
245 293 8
245 294 5
245 295 8
245 296 3
245 298 10
245 300 3
245 301 4
245 302 7
245 304 8
245 307 6
245 310 7
245 311 7
245 312 8
245 314 2
245 315 9
245 317 8
245 318 9
245 319 6
245 320 3
245 322 7
245 323 9
245 325 8
245 326 9
245 332 9
245 334 8
245 335 9
245 336 7
245 337 10
245 338 3
245 339 4
245 340 10
245 341 4
245 344 9
245 346 5
245 347 1
245 348 5
245 349 7
246 251 7
246 252 4
246 254 5
246 255 10
246 257 7
246 259 7
246 263 8
246 267 2
246 268 8
246 269 10
246 272 9
246 274 5
246 276 1
246 278 8
246 279 4
246 281 1
246 282 3
246 284 7
246 285 9
246 289 10
246 290 2
246 291 4
246 292 9
246 293 2
246 300 6
246 302 10
246 303 3
246 309 8
246 310 4
246 313 8
246 314 9
246 316 4
246 317 4
246 318 5
246 320 9
246 321 2
246 323 3
246 324 7
246 328 3
246 329 6
246 331 9
246 333 10
246 338 7
246 339 5
246 341 2
246 343 2
246 345 10
246 346 3
246 347 8
246 348 7
246 349 4
247 248 8
247 249 10
247 251 1
247 252 2
247 253 8
247 255 6
247 256 1
247 257 5
247 259 4
247 260 1
247 261 5
247 262 9
247 263 10
247 266 4
247 268 10
247 269 4
247 272 2
247 273 10
247 274 8
247 277 8
247 278 7
247 279 8
247 281 4
247 284 4
247 287 7
247 293 7
247 296 5
247 297 5
247 298 10
247 302 7
247 305 2
247 308 7
247 309 8
247 311 5
247 313 8
247 314 7
247 315 9
247 316 10
247 317 1
247 320 4
247 322 2
247 326 7
247 327 6
247 328 9
247 329 9
247 330 4
247 332 8
247 339 10
247 340 5
247 342 5
247 343 3
247 344 9
247 345 7
247 346 5
247 347 3
247 348 8
248 249 6
248 250 4
248 251 10
248 253 2
248 254 9
248 255 1
248 258 7
248 259 7
248 261 3
248 264 2
248 267 1
248 268 4
248 269 9
248 270 3
248 271 6
248 272 1
248 274 1
248 276 2
248 277 4
248 280 5
248 284 10
248 286 4
248 288 7
248 296 1
248 298 10
248 299 4
248 300 10
248 301 2
248 305 4
248 308 10
248 311 8
248 312 3
248 313 9
248 315 8
248 317 3
248 321 9
248 323 10
248 332 3
248 333 8
248 336 4
248 337 6
248 343 1
248 344 10
248 345 8
248 347 9
249 250 4
249 251 9
249 252 10
249 253 5
249 254 3
249 255 1
249 256 7
249 258 8
249 260 6
249 261 6
249 262 1
249 265 7
249 266 7
249 267 9
249 269 1
249 270 6
249 271 2
249 273 8
249 274 9
249 275 7
249 276 7
249 277 5
249 278 1
249 281 1
249 287 2
249 289 6
249 290 1
249 293 2
249 299 5
249 300 3
249 305 1
249 309 2
249 310 7
249 311 6
249 312 8
249 316 9
249 318 9
249 319 2
249 320 6
249 321 10
249 325 1
249 327 4
249 329 2
249 330 8
249 334 2
249 336 9
249 341 4
249 342 2
249 343 4
249 345 8
249 347 4
249 349 8
250 251 6
250 252 4
250 254 1
250 256 4
250 260 10
250 263 4
250 266 10
250 268 8
250 270 4
250 274 5
250 276 2
250 278 4
250 284 1
250 286 5
250 289 8
250 290 2
250 291 5
250 292 9
250 293 5
250 294 2
250 295 10
250 297 10
250 300 7
250 301 6
250 303 2
250 307 10
250 308 7
250 310 5
250 311 1
250 312 6
250 313 7
250 314 2
250 316 6
250 317 8
250 319 3
250 320 6
250 321 10
250 322 5
250 325 1
250 326 3
250 332 8
250 334 5
250 337 8
250 342 5
250 344 6
250 345 9
250 346 2
250 347 6
250 348 8
250 349 3
251 253 6
251 257 5
251 258 5
251 259 10
251 262 9
251 264 9
251 265 6
251 266 6
251 267 2
251 269 5
251 272 8
251 276 5
251 277 1
251 278 7
251 280 9
251 282 3
251 285 4
251 286 5
251 290 3
251 292 1
251 294 2
251 296 1
251 304 6
251 305 7
251 306 7
251 307 10
251 308 2
251 309 6
251 313 9
251 314 2
251 316 4
251 319 3
251 321 10
251 323 9
251 324 10
251 327 4
251 331 1
251 332 5
251 333 10
251 334 10
251 335 3
251 338 6
251 343 9
251 347 8
251 348 5
251 349 3
252 255 8
252 257 2
252 259 6
252 261 1
252 262 5
252 263 2
252 266 1
252 267 1
252 268 5
252 269 5
252 272 5
252 273 7
252 275 4
252 278 4
252 283 7
252 285 8
252 286 2
252 287 7
252 291 8
252 292 2
252 293 7
252 294 3
252 302 7
252 303 10
252 304 5
252 306 10
252 310 10
252 312 7
252 313 3
252 315 4
252 319 1
252 320 8
252 321 4
252 324 2
252 325 3
252 327 5
252 328 2
252 335 1
252 336 6
252 338 4
252 342 5
252 343 9
252 346 10
252 348 10
253 254 4
253 259 3
253 260 9
253 261 9
253 265 2
253 267 1
253 268 1
253 270 6
253 272 5
253 274 10
253 275 7
253 276 4
253 277 9
253 278 8
253 279 5
253 280 7
253 281 8
253 282 2
253 284 1
253 287 4
253 290 9
253 291 2
253 292 2
253 293 3
253 296 6
253 297 1
253 299 6
253 300 3
253 303 4
253 305 3
253 307 7
253 308 9
253 309 2
253 310 2
253 311 6
253 315 7
253 316 5
253 317 7
253 318 9
253 326 7
253 327 3
253 330 5
253 331 6
253 334 7
253 335 7
253 337 6
253 339 10
253 340 9
253 341 3
253 342 9
253 343 7
253 344 7
253 345 9
253 346 3
253 349 9
254 257 1
254 261 8
254 267 4
254 268 4
254 269 1
254 272 2
254 273 9
254 274 1
254 275 8
254 276 6
254 282 9
254 285 7
254 286 9
254 287 5
254 288 9
254 289 10
254 292 10
254 294 9
254 296 10
254 297 5
254 298 7
254 299 7
254 300 5
254 301 10
254 304 10
254 305 8
254 309 9
254 311 9
254 312 8
254 313 10
254 314 5
254 317 8
254 321 5
254 323 3
254 326 5
254 327 4
254 328 4
254 334 10
254 336 10
254 338 3
254 342 9
254 343 2
254 344 8
254 349 4
255 257 4
255 258 1
255 262 5
255 263 9
255 264 4
255 265 3
255 266 4
255 269 9
255 270 5
255 271 1
255 272 9
255 273 2
255 274 2
255 278 6
255 282 3
255 286 10
255 288 1
255 291 6
255 293 9
255 298 8
255 299 1
255 300 1
255 302 9
255 305 8
255 307 6
255 310 6
255 311 3
255 313 10
255 316 4
255 317 9
255 318 2
255 322 6
255 323 1
255 324 5
255 325 3
255 327 10
255 329 6
255 334 1
255 335 4
255 338 6
255 339 4
255 342 9
255 345 9
255 349 8
256 259 6
256 260 9
256 264 1
256 265 2
256 266 1
256 267 6
256 268 7
256 269 6
256 270 6
256 271 8
256 272 8
256 274 6
256 277 2
256 280 4
256 286 10
256 287 5
256 288 5
256 289 8
256 291 9
256 292 4
256 293 6
256 297 10
256 298 8
256 301 1
256 303 7
256 307 1
256 308 9
256 312 3
256 313 3
256 315 2
256 316 1
256 319 4
256 320 3
256 323 5
256 329 2
256 330 3
256 331 1
256 332 3
256 334 3
256 339 7
256 340 5
256 342 9
256 345 10
257 264 9
257 267 8
257 269 10
257 272 2
257 273 9
257 279 1
257 280 8
257 281 10
257 283 6
257 287 9
257 288 1
257 293 4
257 294 9
257 297 7
257 299 8
257 301 10
257 305 9
257 307 4
257 308 3
257 309 6
257 311 9
257 313 6
257 314 5
257 319 6
257 320 8
257 322 9
257 323 4
257 327 4
257 329 4
257 330 5
257 331 9
257 335 6
257 336 7
257 337 10
257 338 3
257 339 5
257 341 6
257 342 5
257 344 5
257 346 8
257 347 6
258 259 1
258 260 2
258 262 7
258 271 8
258 272 10
258 273 2
258 275 7
258 276 7
258 278 8
258 279 5
258 281 7
258 282 8
258 283 7
258 284 1
258 285 2
258 286 8
258 287 10
258 288 1
258 291 7
258 293 8
258 294 4
258 295 1
258 296 10
258 297 1
258 298 7
258 300 9
258 301 9
258 302 4
258 305 10
258 307 2
258 308 8
258 309 2
258 315 1
258 316 8
258 317 4
258 318 4
258 320 9
258 321 8
258 326 9
258 327 9
258 330 6
258 331 6
258 333 10
258 334 7
258 337 5
258 338 5
258 341 7
258 342 3
258 343 4
258 346 8
258 347 10
258 348 1
258 349 4
259 261 10
259 264 5
259 265 8
259 266 3
259 267 3
259 270 6
259 271 6
259 273 8
259 275 6
259 276 2
259 277 1
259 278 9
259 280 10
259 285 5
259 286 7
259 288 5
259 289 2
259 292 9
259 293 7
259 295 1
259 296 8
259 298 1
259 299 4
259 300 3
259 301 4
259 302 8
259 305 2
259 309 7
259 313 5
259 316 1
259 317 5
259 319 7
259 321 8
259 323 6
259 324 10
259 325 4
259 327 9
259 330 1
259 331 10
259 332 6
259 334 9
259 335 7
259 338 8
259 340 10
259 341 8
259 343 9
259 344 6
259 346 10
260 261 2
260 262 7
260 265 3
260 266 1
260 270 3
260 272 6
260 273 7
260 274 4
260 276 8
260 277 7
260 279 6
260 282 2
260 283 4
260 284 6
260 285 6
260 287 7
260 288 5
260 289 4
260 290 5
260 291 7
260 294 6
260 295 8
260 298 4
260 300 4
260 301 5
260 303 4
260 304 8
260 305 2
260 306 3
260 307 4
260 313 1
260 314 7
260 315 5
260 318 1
260 320 3
260 321 10
260 323 8
260 324 5
260 325 4
260 326 7
260 328 5
260 332 6
260 333 4
260 334 5
260 335 1
260 336 1
260 337 8
260 338 8
260 341 7
260 346 4
260 348 7
261 262 5
261 266 1
261 267 9
261 268 1
261 269 4
261 273 10
261 275 10
261 277 9
261 278 3
261 287 5
261 288 4
261 290 10
261 293 5
261 296 3
261 298 4
261 299 8
261 300 8
261 302 3
261 306 2
261 307 9
261 309 10
261 310 4
261 311 7
261 312 9
261 315 10
261 317 3
261 318 9
261 322 2
261 323 9
261 324 5
261 326 4
261 327 1
261 330 10
261 333 8
261 335 2
261 337 7
261 338 9
261 339 2
261 340 7
261 342 2
261 348 1
261 349 5
262 264 4
262 265 4
262 266 1
262 267 8
262 272 3
262 274 4
262 277 6
262 278 1
262 279 9
262 282 7
262 287 10
262 288 5
262 289 10
262 291 10
262 292 9
262 294 6
262 295 9
262 296 8
262 297 6
262 298 5
262 299 3
262 300 1
262 301 9
262 302 10
262 303 5
262 308 9
262 312 1
262 313 10
262 315 4
262 316 3
262 317 9
262 319 1
262 320 1
262 322 2
262 325 3
262 326 5
262 327 2
262 328 3
262 330 2
262 331 4
262 332 5
262 334 2
262 336 1
262 339 4
262 341 5
262 345 2
262 349 10
263 264 3
263 265 6
263 268 2
263 274 1
263 275 6
263 279 7
263 281 7
263 282 4
263 285 10
263 286 3
263 288 10
263 292 6
263 300 4
263 301 6
263 302 6
263 304 6
263 307 3
263 308 2
263 310 9
263 311 10
263 315 1
263 316 4
263 317 6
263 319 7
263 320 3
263 321 7
263 324 8
263 326 9
263 328 9
263 329 2
263 333 1
263 336 7
263 337 5
263 339 5
263 340 2
263 343 3
263 347 3
263 348 9
263 349 10
264 265 7
264 267 3
264 269 2
264 271 2
264 272 9
264 273 9
264 275 1
264 277 10
264 278 8
264 280 8
264 281 8
264 282 10
264 283 3
264 284 3
264 286 6
264 289 4
264 292 10
264 293 2
264 294 10
264 297 7
264 298 3
264 301 2
264 303 6
264 307 5
264 309 10
264 310 6
264 312 8
264 313 2
264 315 5
264 317 2
264 318 4
264 321 2
264 324 3
264 328 4
264 332 5
264 333 3
264 336 8
264 339 2
264 340 1
264 345 5
264 347 7
264 348 4
265 268 4
265 269 6
265 271 3
265 273 9
265 276 7
265 278 10
265 279 2
265 281 10
265 286 6
265 287 4
265 288 10
265 291 6
265 292 9
265 293 1
265 294 1
265 295 1
265 298 4
265 299 4
265 302 7
265 303 2
265 304 8
265 305 1
265 308 5
265 310 1
265 313 1
265 316 1
265 320 5
265 323 9
265 326 7
265 329 10
265 331 5
265 332 7
265 335 1
265 338 9
265 339 7
265 340 2
265 343 1
265 344 2
265 345 10
265 346 9
266 267 2
266 268 7
266 269 6
266 270 3
266 274 3
266 275 5
266 276 8
266 280 2
266 281 7
266 282 10
266 284 4
266 286 9
266 287 7
266 289 7
266 290 1
266 295 9
266 296 7
266 297 5
266 298 4
266 299 4
266 301 8
266 302 1
266 303 5
266 305 3
266 307 1
266 309 7
266 310 4
266 314 10
266 315 4
266 316 9
266 317 10
266 320 10
266 322 6
266 325 9
266 326 4
266 327 8
266 328 7
266 330 8
266 332 4
266 334 1
266 335 6
266 336 7
266 338 3
266 341 1
266 344 7
266 347 3
266 348 7
266 349 8
267 268 4
267 270 10
267 272 4
267 273 9
267 274 7
267 275 1
267 277 10
267 279 2
267 282 4
267 286 2
267 288 10
267 289 6
267 298 2
267 301 2
267 302 2
267 303 8
267 306 8
267 307 5
267 308 3
267 309 6
267 310 5
267 313 3
267 314 9
267 315 1
267 316 5
267 317 2
267 319 6
267 320 2
267 323 8
267 326 8
267 327 6
267 329 1
267 332 10
267 334 5
267 335 3
267 336 9
267 337 10
267 338 3
267 341 8
267 342 2
267 343 1
267 345 6
267 348 9
267 349 8
268 269 8
268 275 7
268 277 5
268 280 8
268 282 10
268 284 8
268 285 5
268 288 3
268 290 3
268 291 6
268 293 1
268 297 2
268 298 1
268 299 6
268 305 4
268 308 6
268 309 6
268 310 3
268 313 8
268 318 9
268 320 6
268 321 3
268 323 1
268 325 2
268 328 6
268 329 9
268 330 10
268 331 1
268 332 5
268 333 5
268 334 8
268 335 10
268 337 2
268 338 1
268 340 4
268 341 7
268 345 9
268 346 6
268 347 6
268 349 4
269 270 3
269 272 8
269 273 7
269 275 9
269 276 8
269 278 5
269 282 9
269 285 7
269 287 8
269 288 6
269 289 7
269 290 10
269 293 3
269 295 2
269 296 8
269 297 5
269 298 5
269 299 2
269 301 5
269 303 4
269 304 4
269 313 5
269 314 3
269 316 8
269 318 10
269 319 4
269 322 3
269 323 4
269 324 10
269 328 7
269 329 1
269 333 7
269 335 5
269 336 2
269 340 1
269 341 8
269 342 3
269 343 1
269 344 3
269 348 6
269 349 7
270 271 2
270 273 2
270 276 4
270 278 9
270 279 4
270 281 6
270 284 4
270 285 5
270 286 1
270 288 5
270 289 8
270 290 1
270 291 10
270 292 5
270 297 5
270 299 10
270 305 10
270 306 5
270 307 3
270 308 5
270 310 9
270 311 2
270 314 3
270 317 3
270 318 3
270 319 6
270 320 10
270 322 10
270 324 4
270 325 4
270 327 3
270 330 4
270 331 9
270 332 2
270 334 3
270 337 4
270 338 5
270 339 4
270 340 7
270 342 3
270 343 9
270 346 4
270 348 6
270 349 4
271 273 8
271 277 3
271 279 1
271 282 3
271 285 2
271 287 10
271 292 2
271 293 6
271 295 3
271 298 8
271 300 3
271 303 2
271 306 8
271 308 4
271 309 2
271 310 3
271 312 5
271 313 10
271 315 1
271 316 9
271 317 3
271 318 1
271 319 3
271 320 4
271 322 5
271 323 9
271 324 7
271 325 1
271 329 4
271 330 5
271 331 6
271 332 1
271 333 2
271 336 7
271 337 2
271 341 6
271 342 7
271 343 7
271 344 4
271 345 6
271 346 9
271 347 6
271 348 1
272 274 6
272 275 9
272 276 6
272 277 9
272 279 2
272 280 5
272 281 7
272 283 10
272 284 10
272 289 6
272 290 6
272 292 10
272 294 6
272 300 10
272 301 8
272 302 1
272 304 2
272 305 3
272 306 9
272 308 1
272 309 4
272 310 2
272 311 9
272 313 7
272 315 8
272 316 5
272 317 6
272 318 6
272 320 6
272 321 8
272 322 9
272 323 3
272 325 5
272 326 7
272 330 6
272 332 3
272 335 6
272 336 6
272 337 10
272 338 6
272 340 10
272 347 8
272 348 5
273 274 7
273 278 1
273 280 6
273 282 1
273 287 10
273 289 4
273 290 4
273 291 9
273 292 4
273 298 7
273 299 7
273 301 2
273 302 2
273 303 7
273 304 9
273 305 4
273 306 1
273 310 9
273 313 6
273 314 3
273 315 8
273 323 8
273 326 3
273 327 3
273 329 9
273 330 10
273 331 3
273 332 4
273 333 8
273 334 8
273 335 2
273 336 7
273 338 2
273 341 5
273 344 5
273 345 5
273 346 6
273 348 7
274 275 3
274 280 7
274 281 9
274 282 9
274 283 3
274 285 8
274 289 2
274 293 2
274 296 3
274 306 7
274 307 1
274 310 9
274 313 3
274 315 1
274 317 2
274 320 8
274 321 10
274 323 6
274 324 4
274 328 9
274 330 7
274 331 6
274 332 10
274 333 7
274 334 6
274 338 2
274 341 1
274 345 5
274 347 7
274 348 4
274 349 3
275 282 2
275 283 3
275 284 10
275 287 4
275 288 1
275 294 3
275 295 6
275 298 3
275 299 2
275 307 10
275 308 3
275 311 10
275 312 6
275 313 1
275 314 2
275 318 7
275 319 5
275 321 4
275 323 4
275 325 2
275 327 5
275 328 1
275 329 5
275 335 9
275 342 8
275 343 3
275 344 10
275 346 2
275 347 6
276 282 10
276 284 6
276 285 4
276 286 9
276 287 2
276 289 7
276 292 10
276 294 1
276 295 3
276 296 9
276 297 4
276 298 7
276 299 1
276 302 4
276 303 8
276 306 4
276 311 4
276 312 10
276 313 7
276 315 9
276 316 1
276 319 2
276 320 6
276 322 6
276 325 1
276 328 8
276 329 8
276 330 2
276 333 2
276 335 9
276 340 6
276 342 9
276 343 1
276 345 7
276 347 6
276 348 5
277 280 7
277 281 2
277 285 2
277 288 10
277 289 10
277 293 10
277 294 7
277 295 2
277 297 8
277 299 5
277 300 7
277 302 7
277 303 10
277 304 6
277 305 5
277 306 10
277 309 2
277 311 2
277 312 9
277 313 10
277 314 4
277 318 10
277 319 6
277 323 1
277 324 3
277 326 5
277 330 2
277 331 7
277 332 7
277 335 3
277 336 5
277 339 8
277 346 3
277 347 6
277 349 3
278 284 3
278 285 10
278 286 7
278 290 8
278 292 1
278 295 8
278 297 7
278 300 10
278 302 1
278 303 5
278 305 7
278 308 4
278 309 6
278 312 8
278 314 7
278 317 9
278 318 9
278 319 4
278 320 5
278 322 7
278 324 2
278 326 3
278 327 1
278 328 9
278 329 10
278 330 1
278 331 10
278 335 6
278 336 1
278 337 10
278 340 2
278 341 1
278 343 9
278 344 5
278 346 7
278 348 6
279 281 5
279 282 10
279 284 9
279 286 10
279 288 9
279 290 8
279 295 2
279 297 3
279 298 2
279 302 8
279 306 8
279 311 2
279 313 2
279 315 5
279 318 4
279 319 5
279 323 9
279 324 9
279 325 2
279 327 10
279 328 1
279 330 8
279 334 8
279 336 8
279 338 3
279 344 1
279 348 10
279 349 4
280 281 3
280 282 3
280 283 5
280 285 8
280 293 9
280 294 6
280 295 2
280 296 4
280 297 9
280 299 2
280 301 6
280 302 10
280 306 1
280 307 6
280 308 5
280 311 10
280 313 10
280 315 9
280 317 5
280 320 3
280 324 2
280 325 1
280 326 6
280 328 9
280 330 4
280 331 7
280 338 8
280 340 3
280 341 5
280 342 9
280 343 8
280 345 1
281 282 6
281 285 7
281 287 7
281 288 7
281 290 8
281 291 7
281 298 8
281 300 8
281 301 3
281 302 10
281 303 4
281 306 5
281 307 5
281 311 10
281 313 3
281 315 10
281 316 4
281 317 9
281 318 8
281 320 5
281 322 6
281 324 8
281 331 5
281 333 1
281 336 4
281 337 6
281 340 1
281 343 5
281 344 2
281 347 5
281 349 10
282 283 8
282 286 4
282 288 3
282 290 3
282 291 2
282 292 4
282 293 2
282 294 7
282 296 8
282 297 7
282 299 5
282 303 6
282 304 7
282 305 7
282 307 3
282 312 5
282 313 6
282 317 3
282 318 9
282 319 3
282 321 6
282 323 4
282 326 9
282 327 3
282 328 4
282 334 6
282 338 7
282 339 8
282 343 7
282 346 5
282 347 1
283 284 3
283 287 9
283 290 6
283 291 7
283 292 8
283 294 1
283 297 1
283 299 10
283 300 4
283 301 4
283 304 9
283 307 10
283 308 9
283 309 10
283 310 1
283 311 5
283 314 10
283 315 3
283 316 3
283 318 6
283 320 3
283 321 1
283 326 10
283 328 10
283 329 1
283 333 7
283 336 9
283 337 9
283 338 1
283 339 3
283 340 3
283 341 9
283 344 3
283 345 5
283 346 1
283 348 4
284 285 7
284 286 3
284 287 6
284 288 1
284 293 4
284 294 3
284 295 1
284 298 2
284 299 10
284 300 10
284 301 9
284 302 4
284 303 6
284 308 2
284 309 9
284 312 4
284 313 4
284 314 5
284 315 10
284 316 4
284 322 10
284 323 5
284 324 4
284 325 5
284 329 1
284 330 7
284 331 6
284 332 6
284 333 1
284 335 5
284 336 4
284 338 9
284 340 1
284 342 1
284 343 1
284 344 7
284 345 5
284 349 7
285 289 1
285 290 6
285 292 6
285 295 5
285 296 5
285 297 9
285 298 6
285 299 6
285 301 1
285 309 3
285 314 3
285 318 10
285 319 8
285 320 6
285 321 6
285 322 4
285 323 1
285 324 10
285 325 2
285 326 9
285 328 9
285 330 7
285 331 9
285 332 1
285 335 3
285 336 1
285 340 4
285 341 2
285 342 10
285 344 6
285 345 4
285 348 8
286 288 4
286 289 7
286 290 7
286 298 5
286 299 10
286 300 7
286 302 4
286 308 8
286 310 6
286 311 2
286 312 7
286 314 9
286 317 5
286 318 6
286 321 6
286 322 8
286 323 6
286 328 6
286 330 2
286 331 8
286 332 2
286 336 5
286 337 4
286 339 9
286 340 10
286 341 9
286 342 5
286 343 1
286 344 1
286 345 3
286 348 2
287 289 3
287 290 8
287 291 10
287 294 3
287 295 5
287 297 8
287 298 3
287 299 8
287 302 1
287 304 7
287 305 10
287 309 3
287 312 7
287 314 4
287 316 3
287 318 3
287 322 4
287 323 5
287 324 2
287 326 4
287 329 10
287 333 4
287 335 5
287 340 8
287 345 2
287 346 10
287 347 7
288 290 3
288 292 5
288 296 1
288 299 1
288 302 4
288 303 2
288 304 7
288 305 3
288 306 10
288 307 1
288 308 2
288 309 5
288 316 10
288 317 7
288 322 9
288 327 4
288 328 3
288 330 3
288 332 9
288 334 3
288 335 5
288 336 10
288 341 2
288 344 1
288 346 3
288 348 1
289 291 1
289 295 7
289 296 4
289 297 9
289 298 6
289 299 7
289 303 9
289 304 5
289 305 5
289 306 4
289 307 10
289 309 7
289 311 6
289 314 5
289 315 6
289 317 4
289 318 6
289 319 5
289 322 4
289 326 8
289 327 5
289 328 3
289 329 5
289 330 6
289 331 1
289 332 5
289 335 2
289 338 1
289 342 4
289 346 7
289 348 2
289 349 10
290 291 1
290 295 3
290 298 5
290 301 1
290 302 9
290 304 9
290 306 4
290 314 5
290 316 2
290 318 8
290 319 8
290 322 5
290 323 2
290 324 5
290 326 9
290 327 6
290 331 1
290 332 3
290 334 10
290 337 5
290 340 10
290 342 7
290 343 4
290 347 3
290 348 9
291 293 9
291 295 8
291 297 5
291 298 1
291 301 6
291 302 8
291 304 1
291 306 5
291 308 6
291 309 5
291 310 1
291 315 8
291 318 8
291 320 9
291 321 3
291 322 9
291 324 9
291 325 5
291 327 8
291 328 8
291 329 3
291 330 4
291 331 10
291 333 10
291 336 2
291 337 10
291 339 7
291 342 4
292 296 1
292 297 6
292 298 8
292 299 6
292 301 8
292 302 8
292 309 10
292 310 10
292 313 2
292 314 6
292 315 2
292 318 8
292 319 1
292 321 1
292 323 3
292 327 7
292 328 3
292 329 6
292 330 1
292 331 2
292 332 6
292 333 7
292 334 2
292 338 4
292 341 1
292 343 4
292 345 3
293 294 4
293 295 5
293 296 9
293 297 6
293 301 1
293 302 2
293 304 6
293 309 3
293 310 1
293 311 7
293 316 3
293 319 6
293 321 8
293 330 10
293 333 7
293 335 8
293 338 9
293 340 5
293 342 4
293 346 7
293 347 8
294 296 10
294 298 1
294 299 3
294 300 1
294 302 1
294 304 7
294 306 3
294 309 9
294 311 8
294 313 9
294 316 4
294 320 1
294 323 10
294 324 7
294 325 2
294 329 6
294 336 2
294 337 7
294 338 6
294 339 5
294 342 2
294 344 1
294 345 8
295 296 7
295 299 8
295 300 5
295 302 9
295 311 4
295 313 3
295 314 6
295 316 8
295 318 8
295 320 9
295 321 8
295 322 7
295 323 3
295 328 9
295 329 1
295 330 9
295 331 9
295 332 10
295 334 8
295 337 1
295 340 3
295 343 7
295 345 2
295 347 1
296 297 3
296 299 8
296 300 6
296 301 5
296 303 4
296 306 7
296 311 6
296 314 6
296 315 2
296 316 7
296 317 10
296 319 1
296 321 3
296 322 10
296 323 7
296 324 9
296 327 8
296 328 10
296 331 10
296 332 6
296 333 10
296 334 8
296 339 3
296 340 7
296 341 3
296 342 10
296 346 8
296 349 7
297 299 8
297 302 5
297 304 5
297 305 8
297 306 7
297 307 10
297 308 7
297 311 8
297 312 2
297 314 4
297 317 2
297 318 6
297 319 2
297 320 6
297 321 9
297 328 2
297 329 1
297 331 7
297 332 10
297 333 1
297 337 1
297 339 1
297 342 5
297 343 4
297 344 10
297 345 1
297 349 10
298 299 10
298 301 3
298 302 7
298 303 7
298 304 4
298 305 3
298 307 6
298 314 4
298 315 3
298 316 8
298 317 7
298 320 2
298 321 10
298 325 5
298 327 2
298 330 9
298 331 4
298 332 6
298 335 5
298 337 4
298 338 6
298 340 6
298 343 7
298 345 3
298 347 7
299 300 6
299 301 9
299 302 10
299 303 2
299 304 7
299 306 9
299 308 5
299 310 4
299 312 9
299 313 5
299 315 1
299 327 10
299 330 3
299 331 1
299 332 1
299 333 3
299 334 6
299 338 7
299 340 4
299 343 1
299 344 1
299 348 3
299 349 10
300 301 6
300 304 2
300 305 10
300 306 3
300 309 1
300 311 7
300 315 3
300 316 5
300 317 10
300 319 1
300 320 4
300 321 4
300 323 6
300 326 4
300 328 8
300 329 4
300 331 7
300 332 3
300 334 5
300 336 5
300 337 9
300 338 10
300 340 4
300 341 10
300 344 9
300 345 3
300 347 3
300 348 10
301 302 9
301 304 10
301 305 9
301 306 5
301 308 5
301 309 10
301 311 1
301 321 6
301 322 10
301 323 1
301 324 3
301 326 7
301 328 5
301 329 7
301 330 8
301 337 7
301 339 3
301 341 10
301 343 9
301 345 7
302 303 7
302 304 8
302 307 3
302 309 5
302 316 8
302 317 9
302 322 10
302 324 6
302 327 8
302 328 10
302 329 6
302 333 2
302 334 5
302 335 7
302 336 5
302 338 8
302 341 2
302 343 7
302 344 10
302 345 9
302 349 5
303 306 3
303 307 1
303 308 6
303 309 10
303 311 1
303 313 8
303 314 7
303 315 5
303 316 10
303 321 5
303 323 6
303 327 7
303 328 5
303 331 10
303 332 2
303 333 1
303 337 4
303 341 5
303 342 3
303 343 8
303 344 3
303 345 9
303 346 5
303 347 9
303 348 7
303 349 6
304 306 8
304 307 1
304 308 6
304 310 3
304 314 2
304 315 9
304 316 6
304 319 9
304 320 9
304 321 8
304 325 1
304 326 2
304 327 9
304 328 2
304 329 9
304 331 1
304 333 5
304 337 6
304 339 8
304 340 8
304 342 7
304 343 2
304 347 1
305 313 9
305 315 8
305 316 10
305 318 4
305 319 9
305 324 5
305 326 9
305 329 6
305 330 2
305 331 4
305 333 5
305 334 4
305 335 9
305 338 1
305 339 6
305 340 1
305 342 9
305 343 8
305 344 5
305 346 9
305 349 8
306 307 3
306 308 3
306 313 8
306 315 2
306 317 8
306 318 1
306 319 4
306 322 9
306 323 4
306 324 4
306 326 5
306 327 2
306 330 1
306 331 6
306 334 5
306 337 4
306 340 7
306 341 8
306 344 9
306 345 1
306 347 9
307 308 9
307 311 6
307 313 10
307 315 6
307 317 2
307 318 5
307 319 10
307 320 7
307 321 6
307 322 6
307 323 6
307 327 1
307 329 1
307 332 5
307 333 1
307 334 7
307 335 10
307 339 8
307 341 5
307 343 10
307 346 2
307 347 9
307 348 8
308 310 10
308 311 10
308 314 3
308 315 3
308 316 5
308 319 8
308 321 8
308 322 8
308 324 8
308 326 6
308 330 10
308 332 5
308 334 1
308 336 7
308 337 3
308 341 10
308 346 8
308 348 6
308 349 1
309 313 5
309 315 7
309 320 1
309 325 3
309 328 7
309 329 7
309 330 7
309 332 10
309 333 4
309 337 3
309 340 7
309 342 2
309 343 10
309 344 7
309 345 8
309 347 10
309 348 10
309 349 10
310 312 1
310 313 3
310 314 2
310 315 5
310 319 10
310 321 6
310 324 5
310 327 3
310 328 1
310 331 10
310 332 3
310 334 9
310 336 6
310 337 2
310 338 3
310 340 5
310 341 3
310 342 7
310 343 6
310 345 6
310 347 3
310 348 8
310 349 3
311 312 6
311 314 3
311 315 9
311 316 1
311 321 2
311 322 9
311 323 1
311 324 4
311 326 3
311 330 6
311 331 1
311 333 1
311 334 4
311 337 8
311 339 3
311 340 4
311 341 4
311 345 4
311 346 6
311 348 2
311 349 5
312 314 10
312 318 8
312 319 8
312 320 3
312 322 6
312 327 4
312 328 10
312 329 4
312 331 7
312 332 9
312 333 1
312 334 6
312 337 1
312 339 1
312 340 6
312 342 7
312 343 1
312 344 5
312 349 2
313 314 5
313 316 9
313 318 5
313 319 8
313 320 1
313 324 6
313 325 2
313 326 9
313 327 7
313 328 10
313 331 5
313 335 9
313 338 4
313 342 6
313 343 8
313 344 4
313 345 4
313 346 1
313 348 9
313 349 1
314 317 9
314 319 9
314 322 4
314 323 10
314 324 7
314 328 6
314 330 7
314 334 2
314 335 8
314 336 1
314 338 1
314 341 2
314 344 3
314 347 2
314 348 9
315 316 2
315 317 6
315 320 5
315 324 2
315 329 6
315 331 10
315 332 2
315 333 8
315 335 1
315 336 6
315 338 1
315 341 7
315 349 10
316 319 8
316 321 9
316 323 6
316 324 8
316 326 3
316 328 9
316 330 5
316 333 5
316 336 3
316 339 5
316 340 1
316 341 8
316 342 2
316 346 1
316 347 5
316 348 9
316 349 1
317 318 9
317 321 5
317 323 5
317 325 9
317 330 6
317 333 10
317 335 7
317 336 3
317 337 10
317 339 9
317 340 9
317 343 5
317 344 9
317 345 1
317 347 6
317 348 8
317 349 4
318 319 9
318 321 2
318 326 1
318 328 2
318 329 6
318 330 8
318 331 9
318 332 4
318 334 7
318 336 9
318 337 1
318 338 5
318 341 5
318 343 8
318 345 8
319 321 9
319 323 5
319 327 4
319 328 7
319 329 2
319 336 8
319 337 7
319 339 6
319 340 3
319 341 2
319 343 5
319 344 8
319 346 7
319 347 4
319 349 5
320 321 9
320 323 7
320 324 8
320 327 8
320 328 6
320 329 8
320 330 3
320 334 9
320 335 5
320 336 6
320 337 2
320 340 7
320 342 2
320 343 8
320 344 9
320 348 5
321 324 4
321 326 8
321 328 5
321 329 7
321 330 8
321 335 2
321 336 9
321 341 6
321 346 9
321 348 9
321 349 3
322 326 5
322 328 2
322 330 6
322 334 1
322 335 5
322 338 5
322 339 5
322 341 2
322 343 6
322 346 1
322 348 2
322 349 5
323 324 6
323 328 1
323 329 3
323 336 1
323 337 9
323 339 8
323 341 5
323 342 10
323 344 4
323 346 9
323 348 5
323 349 2
324 326 10
324 331 10
324 333 10
324 334 3
324 336 10
324 339 8
324 340 1
324 341 3
324 342 7
324 343 2
324 345 1
324 347 10
324 349 1
325 326 7
325 327 8
325 328 8
325 329 9
325 330 6
325 331 7
325 333 8
325 335 7
325 336 5
325 337 9
325 338 9
325 339 4
325 343 9
325 344 6
325 346 9
325 347 2
325 348 7
326 331 7
326 333 10
326 339 10
326 340 6
326 341 1
326 342 2
326 343 9
326 345 4
327 329 9
327 330 9
327 331 7
327 336 5
327 337 8
327 340 3
327 342 8
327 344 4
327 345 4
327 346 3
327 348 4
328 329 1
328 330 1
328 331 10
328 336 7
328 337 1
328 338 3
328 341 4
328 343 9
328 344 4
328 345 1
328 346 3
328 347 7
329 330 8
329 331 1
329 332 2
329 334 8
329 336 4
329 338 5
329 339 10
329 340 3
329 341 1
329 344 2
329 345 2
329 347 7
329 349 8
330 332 7
330 334 6
330 335 8
330 336 1
330 337 7
330 345 1
330 346 4
330 347 2
330 348 9
330 349 10
331 334 1
331 335 10
331 336 9
331 339 8
331 340 3
331 345 2
331 347 10
332 334 7
332 336 6
332 337 10
332 340 5
332 343 1
332 347 1
332 348 10
333 334 1
333 338 5
333 339 9
333 340 10
333 341 4
333 342 5
333 345 4
333 346 9
333 348 2
333 349 8
334 337 9
334 338 8
334 339 1
334 341 7
334 344 3
334 345 2
334 346 10
334 349 10
335 337 2
335 338 8
335 340 10
335 344 1
335 345 7
335 348 8
336 338 4
336 343 2
336 347 4
336 348 8
336 349 8
337 338 4
337 339 3
337 340 10
337 341 5
337 342 8
337 343 2
337 346 10
337 347 3
337 348 6
337 349 10
338 341 7
338 343 1
338 346 3
338 349 2
339 340 3
339 342 6
339 343 8
339 344 7
339 345 3
339 347 7
340 341 2
340 346 1
340 349 3
341 344 10
341 345 2
341 347 6
342 344 9
342 347 1
342 348 3
342 349 3
343 344 2
343 348 5
344 345 7
345 346 4
345 349 7
346 347 10
347 348 4
347 349 6
