300 22477
0 2 7
0 3 7
0 4 2
0 8 5
0 9 4
0 10 5
0 11 7
0 13 6
0 14 6
0 17 5
0 20 7
0 23 10
0 24 2
0 26 5
0 27 1
0 28 5
0 35 9
0 42 10
0 43 3
0 44 8
0 45 3
0 46 3
0 47 4
0 48 1
0 50 7
0 51 7
0 52 6
0 53 8
0 57 3
0 59 3
0 60 6
0 67 7
0 68 10
0 69 3
0 70 5
0 71 2
0 74 3
0 76 1
0 78 10
0 79 3
0 80 10
0 82 8
0 85 10
0 86 1
0 89 10
0 90 5
0 91 3
0 94 2
0 95 6
0 96 8
0 101 1
0 105 8
0 107 5
0 108 3
0 109 9
0 112 10
0 114 1
0 117 8
0 120 6
0 125 2
0 126 7
0 127 1
0 131 6
0 132 10
0 135 6
0 136 1
0 137 3
0 140 4
0 141 6
0 143 10
0 145 1
0 146 1
0 149 2
0 150 9
0 153 6
0 155 9
0 156 8
0 157 4
0 159 9
0 160 4
0 161 8
0 163 5
0 166 9
0 167 2
0 169 1
0 170 6
0 173 5
0 176 6
0 177 3
0 178 6
0 179 8
0 180 10
0 184 1
0 185 2
0 186 8
0 188 6
0 189 7
0 190 7
0 191 6
0 192 9
0 193 2
0 195 8
0 198 9
0 204 9
0 205 4
0 206 5
0 207 8
0 208 6
0 209 7
0 211 5
0 213 8
0 214 1
0 219 8
0 220 9
0 225 4
0 229 9
0 231 1
0 232 7
0 235 6
0 236 3
0 238 4
0 241 2
0 245 10
0 247 5
0 248 6
0 250 2
0 251 8
0 253 4
0 254 5
0 257 2
0 258 8
0 259 7
0 263 10
0 264 6
0 270 10
0 272 3
0 275 4
0 276 3
0 277 4
0 279 4
0 282 9
0 284 9
0 285 1
0 288 10
0 289 6
0 290 10
0 291 9
0 294 1
0 297 7
0 298 1
0 299 9
1 7 1
1 8 8
1 9 3
1 14 9
1 15 7
1 16 3
1 19 2
1 21 2
1 27 2
1 29 5
1 34 2
1 36 7
1 39 7
1 41 1
1 42 10
1 44 1
1 45 10
1 46 1
1 47 9
1 50 9
1 52 1
1 56 3
1 58 1
1 60 7
1 61 8
1 62 8
1 64 8
1 67 6
1 69 3
1 71 1
1 77 1
1 78 10
1 80 9
1 81 3
1 84 2
1 85 3
1 86 10
1 87 10
1 88 1
1 89 8
1 90 1
1 95 4
1 97 1
1 98 8
1 99 10
1 102 1
1 103 10
1 104 10
1 105 4
1 108 10
1 109 4
1 112 6
1 116 8
1 117 6
1 118 3
1 119 7
1 120 3
1 122 10
1 123 7
1 125 10
1 127 3
1 128 3
1 130 3
1 133 5
1 134 8
1 135 4
1 138 3
1 139 10
1 141 9
1 155 1
1 156 5
1 157 8
1 162 8
1 163 7
1 164 9
1 165 2
1 166 8
1 168 3
1 169 10
1 172 1
1 173 3
1 175 5
1 176 4
1 177 7
1 183 5
1 184 5
1 185 8
1 189 5
1 193 8
1 194 9
1 195 8
1 196 4
1 197 8
1 199 1
1 200 5
1 201 7
1 202 8
1 204 10
1 205 1
1 207 9
1 209 2
1 210 8
1 211 6
1 212 5
1 213 4
1 214 1
1 216 8
1 219 4
1 220 5
1 221 5
1 224 2
1 230 9
1 231 6
1 232 3
1 233 3
1 236 10
1 239 7
1 242 1
1 245 5
1 246 8
1 247 7
1 250 9
1 252 4
1 255 8
1 259 5
1 262 10
1 263 9
1 264 10
1 266 10
1 269 7
1 274 1
1 277 7
1 280 8
1 281 10
1 283 6
1 286 9
1 288 5
1 289 4
1 291 7
1 292 2
1 294 9
1 295 10
1 297 5
2 3 3
2 4 8
2 6 6
2 8 8
2 12 1
2 14 7
2 15 9
2 17 5
2 19 7
2 21 2
2 23 6
2 25 5
2 26 5
2 27 4
2 28 9
2 29 9
2 32 6
2 33 1
2 34 2
2 38 3
2 39 7
2 40 1
2 41 8
2 42 7
2 43 7
2 45 8
2 49 2
2 51 4
2 54 4
2 55 8
2 56 8
2 57 7
2 59 9
2 61 9
2 62 6
2 64 4
2 65 6
2 67 1
2 69 3
2 73 6
2 75 1
2 76 5
2 79 8
2 84 6
2 85 8
2 87 6
2 88 2
2 89 8
2 90 6
2 91 4
2 93 1
2 94 6
2 97 2
2 104 10
2 109 9
2 110 10
2 111 1
2 114 1
2 115 10
2 120 8
2 121 8
2 122 1
2 123 3
2 124 5
2 125 4
2 126 7
2 133 7
2 134 8
2 136 9
2 139 10
2 142 10
2 143 4
2 144 9
2 145 10
2 148 9
2 150 6
2 154 2
2 155 7
2 156 8
2 158 3
2 163 4
2 164 2
2 165 9
2 169 4
2 172 7
2 174 9
2 177 3
2 178 9
2 181 9
2 184 9
2 185 9
2 187 6
2 190 9
2 193 5
2 195 10
2 200 8
2 202 7
2 206 8
2 207 7
2 210 10
2 211 4
2 213 6
2 216 5
2 217 5
2 218 8
2 221 2
2 223 10
2 227 6
2 231 2
2 232 7
2 237 4
2 239 5
2 241 1
2 243 7
2 244 8
2 246 4
2 252 1
2 253 5
2 257 6
2 258 4
2 263 6
2 264 10
2 267 9
2 270 2
2 272 2
2 273 4
2 274 9
2 278 1
2 279 6
2 282 3
2 284 4
2 285 7
2 286 7
2 287 1
2 288 5
2 292 1
2 293 2
2 294 7
2 297 2
2 298 10
3 4 2
3 5 7
3 6 8
3 7 2
3 11 1
3 14 8
3 18 4
3 20 3
3 22 3
3 25 2
3 35 4
3 36 9
3 39 8
3 40 7
3 42 10
3 43 6
3 49 2
3 51 2
3 54 6
3 55 6
3 57 5
3 64 1
3 66 1
3 68 1
3 74 9
3 75 3
3 76 7
3 80 2
3 81 8
3 84 4
3 85 6
3 86 1
3 88 2
3 89 9
3 90 10
3 92 1
3 93 2
3 97 2
3 99 3
3 100 1
3 101 5
3 102 9
3 103 8
3 105 5
3 106 2
3 107 10
3 110 2
3 114 9
3 115 4
3 116 7
3 117 9
3 119 6
3 123 3
3 125 2
3 126 7
3 128 10
3 130 4
3 131 10
3 133 8
3 134 4
3 136 8
3 138 8
3 139 8
3 140 1
3 141 4
3 143 1
3 144 2
3 146 4
3 147 2
3 148 4
3 149 1
3 153 8
3 156 1
3 159 10
3 163 10
3 165 8
3 166 7
3 167 2
3 169 8
3 171 7
3 172 6
3 174 3
3 175 10
3 178 3
3 181 4
3 183 8
3 189 2
3 190 7
3 191 3
3 192 6
3 193 10
3 194 8
3 195 3
3 196 10
3 198 3
3 199 1
3 201 10
3 203 6
3 204 7
3 210 4
3 211 8
3 212 3
3 219 1
3 221 8
3 223 7
3 224 6
3 226 5
3 235 4
3 238 8
3 239 3
3 241 6
3 242 7
3 243 8
3 246 10
3 247 9
3 249 5
3 251 6
3 252 8
3 253 3
3 254 5
3 258 1
3 259 3
3 260 2
3 263 6
3 265 10
3 266 4
3 267 10
3 269 4
3 270 10
3 271 9
3 273 5
3 275 4
3 276 5
3 278 10
3 279 3
3 280 9
3 281 8
3 282 8
3 283 2
3 284 5
3 286 4
3 287 8
3 292 9
3 294 5
3 295 4
4 6 8
4 7 1
4 8 9
4 9 9
4 14 9
4 16 6
4 19 4
4 20 9
4 21 9
4 22 1
4 23 3
4 25 9
4 28 3
4 32 5
4 33 8
4 34 10
4 38 9
4 40 6
4 43 2
4 50 4
4 51 2
4 52 10
4 53 2
4 54 1
4 55 1
4 57 9
4 58 4
4 59 6
4 61 9
4 66 2
4 70 9
4 73 10
4 74 9
4 75 2
4 76 3
4 77 3
4 79 1
4 82 7
4 83 6
4 84 5
4 85 6
4 87 5
4 88 9
4 89 10
4 90 8
4 91 5
4 95 6
4 96 10
4 98 8
4 103 8
4 105 5
4 106 2
4 109 10
4 112 8
4 113 9
4 122 9
4 123 4
4 124 1
4 125 5
4 126 9
4 128 4
4 129 4
4 130 6
4 131 2
4 133 5
4 137 3
4 138 6
4 140 5
4 141 3
4 142 5
4 146 1
4 147 5
4 148 8
4 150 7
4 151 9
4 152 5
4 154 4
4 156 7
4 158 1
4 160 9
4 163 1
4 164 2
4 165 10
4 170 9
4 171 1
4 175 9
4 178 5
4 180 6
4 182 8
4 183 3
4 185 7
4 186 2
4 187 3
4 188 7
4 189 3
4 191 6
4 193 6
4 194 1
4 199 8
4 200 6
4 203 2
4 205 6
4 206 2
4 207 7
4 208 6
4 213 2
4 214 5
4 215 5
4 216 4
4 217 2
4 219 7
4 220 6
4 223 1
4 225 4
4 226 6
4 227 6
4 229 2
4 230 9
4 232 6
4 234 9
4 239 3
4 240 2
4 243 4
4 244 5
4 246 4
4 251 1
4 252 7
4 255 4
4 257 10
4 261 7
4 263 5
4 264 3
4 265 4
4 266 2
4 267 2
4 272 6
4 274 5
4 275 7
4 278 5
4 279 9
4 280 10
4 284 8
4 286 8
4 287 8
4 292 3
4 296 2
4 297 6
4 299 3
5 7 8
5 9 7
5 10 7
5 12 5
5 14 4
5 17 1
5 19 2
5 23 2
5 26 1
5 27 7
5 29 5
5 30 3
5 35 8
5 39 8
5 41 5
5 42 10
5 44 9
5 45 7
5 47 1
5 48 2
5 49 4
5 51 9
5 53 9
5 54 6
5 56 5
5 58 7
5 59 7
5 62 4
5 63 5
5 64 4
5 73 6
5 74 9
5 75 1
5 77 10
5 79 5
5 83 8
5 84 6
5 90 7
5 93 6
5 95 10
5 99 4
5 101 6
5 103 8
5 104 1
5 105 7
5 106 7
5 107 4
5 109 2
5 113 2
5 116 9
5 117 10
5 120 8
5 122 4
5 129 8
5 130 4
5 135 3
5 137 8
5 139 9
5 141 8
5 144 3
5 145 2
5 146 9
5 147 4
5 148 8
5 149 9
5 151 1
5 156 5
5 157 2
5 159 4
5 160 10
5 161 1
5 162 7
5 163 2
5 164 4
5 165 5
5 167 2
5 169 7
5 170 9
5 172 8
5 174 6
5 176 4
5 177 5
5 178 8
5 182 8
5 183 6
5 184 9
5 185 4
5 188 2
5 191 5
5 195 3
5 196 6
5 198 8
5 200 5
5 203 5
5 206 1
5 208 2
5 210 10
5 213 1
5 216 10
5 217 7
5 218 3
5 219 5
5 220 2
5 223 10
5 225 7
5 228 8
5 229 10
5 233 6
5 235 2
5 242 5
5 243 10
5 250 3
5 254 9
5 256 8
5 258 2
5 259 10
5 260 8
5 261 8
5 263 10
5 268 9
5 269 1
5 270 5
5 271 7
5 274 5
5 275 2
5 277 4
5 278 8
5 284 8
5 285 7
5 287 2
5 289 10
5 290 4
5 291 9
5 293 7
5 294 10
5 297 6
5 298 1
6 7 6
6 12 2
6 13 2
6 15 1
6 16 10
6 17 5
6 18 8
6 19 6
6 23 5
6 26 1
6 30 1
6 31 1
6 33 1
6 35 7
6 38 7
6 41 5
6 42 9
6 44 4
6 47 6
6 53 6
6 55 9
6 58 10
6 59 10
6 64 3
6 66 5
6 68 9
6 71 10
6 74 7
6 75 3
6 76 7
6 77 9
6 78 4
6 79 4
6 80 4
6 85 10
6 90 1
6 92 2
6 93 4
6 94 8
6 95 9
6 96 2
6 97 3
6 100 9
6 102 9
6 105 6
6 106 10
6 107 9
6 108 2
6 112 2
6 113 7
6 115 6
6 117 5
6 118 8
6 119 3
6 122 2
6 124 4
6 127 3
6 128 8
6 131 1
6 132 1
6 134 3
6 136 2
6 140 6
6 141 2
6 143 1
6 144 5
6 146 1
6 149 2
6 151 9
6 152 9
6 153 9
6 156 6
6 160 6
6 161 7
6 162 9
6 165 5
6 167 10
6 168 7
6 173 10
6 175 3
6 178 3
6 183 6
6 184 7
6 188 5
6 189 4
6 190 5
6 191 10
6 196 2
6 197 10
6 198 3
6 201 9
6 203 1
6 206 9
6 207 3
6 208 8
6 209 2
6 212 9
6 214 9
6 215 2
6 216 4
6 218 3
6 220 7
6 223 9
6 226 5
6 227 1
6 228 6
6 230 10
6 231 3
6 232 10
6 237 7
6 238 10
6 243 7
6 244 3
6 245 1
6 246 6
6 248 7
6 250 2
6 257 10
6 258 9
6 259 10
6 263 7
6 265 3
6 266 9
6 270 2
6 274 6
6 276 4
6 278 3
6 281 5
6 283 1
6 284 10
6 286 8
6 290 6
6 292 1
6 293 2
6 295 3
6 296 1
6 298 2
7 9 8
7 10 5
7 12 5
7 13 7
7 14 4
7 17 8
7 18 5
7 19 5
7 20 3
7 22 8
7 25 2
7 29 3
7 30 9
7 32 10
7 34 9
7 38 10
7 39 1
7 44 4
7 46 8
7 48 2
7 50 5
7 54 10
7 55 8
7 56 1
7 58 2
7 60 1
7 62 4
7 67 3
7 68 6
7 69 10
7 70 8
7 73 8
7 74 7
7 75 3
7 76 9
7 79 6
7 85 2
7 86 7
7 88 4
7 89 10
7 90 9
7 91 10
7 92 1
7 96 9
7 98 3
7 99 6
7 102 7
7 103 7
7 104 2
7 108 8
7 110 7
7 115 1
7 116 3
7 117 2
7 118 7
7 120 10
7 122 7
7 124 1
7 129 10
7 130 8
7 132 7
7 135 8
7 137 2
7 138 7
7 140 7
7 141 9
7 143 10
7 146 1
7 150 6
7 151 7
7 155 7
7 156 1
7 157 10
7 158 5
7 159 6
7 160 5
7 161 2
7 162 6
7 163 8
7 165 2
7 166 10
7 167 5
7 168 3
7 170 3
7 171 8
7 172 2
7 173 4
7 174 5
7 179 7
7 180 4
7 181 10
7 182 9
7 183 10
7 184 8
7 185 8
7 186 6
7 187 8
7 188 8
7 189 1
7 190 2
7 193 7
7 194 6
7 195 1
7 197 9
7 200 7
7 201 3
7 205 1
7 206 4
7 208 8
7 209 2
7 212 5
7 214 10
7 216 1
7 217 6
7 219 9
7 220 1
7 227 10
7 229 6
7 230 2
7 234 2
7 235 7
7 237 4
7 241 10
7 243 1
7 244 8
7 250 9
7 254 2
7 257 2
7 259 1
7 262 2
7 265 2
7 266 6
7 267 8
7 272 2
7 273 1
7 277 10
7 278 5
7 279 9
7 280 2
7 282 2
7 284 10
7 285 7
7 286 8
7 287 6
7 288 2
7 289 5
7 290 4
7 292 2
7 293 2
7 295 3
7 299 6
8 10 10
8 11 2
8 12 3
8 15 6
8 16 9
8 17 1
8 19 4
8 20 7
8 22 2
8 24 1
8 26 8
8 29 9
8 30 7
8 32 3
8 33 6
8 34 6
8 35 9
8 42 9
8 47 9
8 49 10
8 50 8
8 51 9
8 52 3
8 53 10
8 56 10
8 57 5
8 58 1
8 59 7
8 65 8
8 66 5
8 67 5
8 68 5
8 69 6
8 70 4
8 71 4
8 72 9
8 76 2
8 78 3
8 80 3
8 81 7
8 82 7
8 84 8
8 85 1
8 87 9
8 88 4
8 92 6
8 93 5
8 96 9
8 98 7
8 102 7
8 105 5
8 107 1
8 108 2
8 110 9
8 113 6
8 116 8
8 119 4
8 120 7
8 121 2
8 122 6
8 123 6
8 124 5
8 125 1
8 127 4
8 129 3
8 130 4
8 134 6
8 140 1
8 142 5
8 147 6
8 149 4
8 150 6
8 151 5
8 154 4
8 156 9
8 158 1
8 160 4
8 161 6
8 165 9
8 167 5
8 168 7
8 170 3
8 171 6
8 172 4
8 173 8
8 175 1
8 178 3
8 179 8
8 181 8
8 182 5
8 184 6
8 185 8
8 187 5
8 188 6
8 190 10
8 192 7
8 194 4
8 196 6
8 198 6
8 199 1
8 201 1
8 202 3
8 203 1
8 205 1
8 208 1
8 209 4
8 210 5
8 211 8
8 213 5
8 217 9
8 218 2
8 219 10
8 220 7
8 222 1
8 223 5
8 225 2
8 228 8
8 230 4
8 232 1
8 234 8
8 237 7
8 238 7
8 241 2
8 242 4
8 245 6
8 247 1
8 248 4
8 249 1
8 250 4
8 258 2
8 262 2
8 263 4
8 266 3
8 267 8
8 268 3
8 274 6
8 277 6
8 282 5
8 283 1
8 284 4
8 285 4
8 286 10
8 291 8
8 293 5
8 296 1
8 297 6
8 299 7
9 12 4
9 16 6
9 20 3
9 21 9
9 22 6
9 23 6
9 25 3
9 28 5
9 31 10
9 36 1
9 37 10
9 39 3
9 42 5
9 44 1
9 45 2
9 48 7
9 49 7
9 50 1
9 51 8
9 53 8
9 54 2
9 55 10
9 58 5
9 60 8
9 62 2
9 63 8
9 64 3
9 65 1
9 71 7
9 72 10
9 73 9
9 75 5
9 76 7
9 77 9
9 80 5
9 84 9
9 85 7
9 86 6
9 88 8
9 90 5
9 91 6
9 93 4
9 95 4
9 97 4
9 99 3
9 102 10
9 103 4
9 104 9
9 105 7
9 106 10
9 110 2
9 114 7
9 116 4
9 117 7
9 118 2
9 121 5
9 126 5
9 128 1
9 129 3
9 130 3
9 132 3
9 134 9
9 136 2
9 137 6
9 138 4
9 142 4
9 143 4
9 144 2
9 145 5
9 148 1
9 149 7
9 150 1
9 151 6
9 154 5
9 155 2
9 156 3
9 157 6
9 158 5
9 162 1
9 164 2
9 165 10
9 166 7
9 167 3
9 170 7
9 172 5
9 173 7
9 174 8
9 176 4
9 177 1
9 179 9
9 180 9
9 183 1
9 185 9
9 189 10
9 191 7
9 192 3
9 194 6
9 195 3
9 198 3
9 199 10
9 200 8
9 201 1
9 204 9
9 205 5
9 207 7
9 208 6
9 209 9
9 210 5
9 212 6
9 214 3
9 215 9
9 216 7
9 218 10
9 219 10
9 220 2
9 221 3
9 229 7
9 231 9
9 234 1
9 235 9
9 236 6
9 237 7
9 240 2
9 246 1
9 248 6
9 251 6
9 253 8
9 256 4
9 259 10
9 264 8
9 269 5
9 272 8
9 273 1
9 274 10
9 275 2
9 276 1
9 277 8
9 279 5
9 281 3
9 282 7
9 286 5
9 287 10
9 294 4
9 296 3
9 297 9
9 298 8
9 299 2
10 11 8
10 16 5
10 21 10
10 23 2
10 24 6
10 26 6
10 30 8
10 33 5
10 37 3
10 40 8
10 42 2
10 44 4
10 46 6
10 50 3
10 51 4
10 52 3
10 53 2
10 54 8
10 55 2
10 56 8
10 57 10
10 61 3
10 62 7
10 64 8
10 65 8
10 69 6
10 70 9
10 72 5
10 73 4
10 75 5
10 76 6
10 77 2
10 81 7
10 84 8
10 85 2
10 87 9
10 89 6
10 90 8
10 91 5
10 92 5
10 96 8
10 97 1
10 98 1
10 99 8
10 102 2
10 103 1
10 104 1
10 105 2
10 108 8
10 109 2
10 110 9
10 111 3
10 112 7
10 114 10
10 115 2
10 116 10
10 118 9
10 120 10
10 122 10
10 123 2
10 124 7
10 125 5
10 126 3
10 127 1
10 128 2
10 131 5
10 132 9
10 139 5
10 142 5
10 144 2
10 145 8
10 153 2
10 155 2
10 159 3
10 160 8
10 162 9
10 166 1
10 169 3
10 170 5
10 171 8
10 172 10
10 173 1
10 174 9
10 179 10
10 180 7
10 181 5
10 187 4
10 188 1
10 190 1
10 191 9
10 192 10
10 193 3
10 195 8
10 196 8
10 197 5
10 200 9
10 202 8
10 203 2
10 207 6
10 209 9
10 210 5
10 211 5
10 213 4
10 215 7
10 217 9
10 219 5
10 220 9
10 222 9
10 223 4
10 230 1
10 231 8
10 233 9
10 236 3
10 237 1
10 240 3
10 241 3
10 244 5
10 248 1
10 249 6
10 250 5
10 252 2
10 255 3
10 256 6
10 260 1
10 261 4
10 262 9
10 268 10
10 269 1
10 270 7
10 273 3
10 277 9
10 278 6
10 280 3
10 283 3
10 284 7
10 285 5
10 286 8
10 287 6
10 290 3
10 291 4
10 295 5
10 298 2
10 299 5
11 12 7
11 16 2
11 19 9
11 20 5
11 31 9
11 32 2
11 33 2
11 34 6
11 37 2
11 39 6
11 48 1
11 49 10
11 50 7
11 51 2
11 54 9
11 56 9
11 57 2
11 58 10
11 60 6
11 62 8
11 63 5
11 64 6
11 66 1
11 70 7
11 74 4
11 75 6
11 76 3
11 78 4
11 79 6
11 80 6
11 83 8
11 84 8
11 87 4
11 89 5
11 91 9
11 92 8
11 94 6
11 96 4
11 98 7
11 101 3
11 103 3
11 104 3
11 105 6
11 106 8
11 107 3
11 108 5
11 110 3
11 113 2
11 115 7
11 116 2
11 117 8
11 119 6
11 121 8
11 122 8
11 125 4
11 128 2
11 130 6
11 131 7
11 134 7
11 135 9
11 137 10
11 140 8
11 141 9
11 143 7
11 145 8
11 147 8
11 151 3
11 153 5
11 154 6
11 156 7
11 157 6
11 160 10
11 163 3
11 165 3
11 167 9
11 169 2
11 170 2
11 171 3
11 172 8
11 173 2
11 174 7
11 176 5
11 178 7
11 179 10
11 180 1
11 181 5
11 183 4
11 184 9
11 189 9
11 190 7
11 193 10
11 194 3
11 195 9
11 197 3
11 198 4
11 199 3
11 200 2
11 201 3
11 202 2
11 204 2
11 206 2
11 208 8
11 211 8
11 212 4
11 213 5
11 216 10
11 218 8
11 219 4
11 221 3
11 222 8
11 227 8
11 229 3
11 231 7
11 232 8
11 236 4
11 237 6
11 238 9
11 239 5
11 243 6
11 245 6
11 246 3
11 247 4
11 248 8
11 249 9
11 257 4
11 260 7
11 262 5
11 263 10
11 265 10
11 269 1
11 271 5
11 275 6
11 276 10
11 277 6
11 279 4
11 280 8
11 282 6
11 283 9
11 284 3
11 286 6
11 288 1
11 289 7
11 290 5
11 292 8
11 293 1
11 295 4
11 296 9
11 299 5
12 14 10
12 17 8
12 18 8
12 19 4
12 20 1
12 23 8
12 26 10
12 28 1
12 29 10
12 32 4
12 35 10
12 36 6
12 37 5
12 40 8
12 42 9
12 44 10
12 45 10
12 48 9
12 49 3
12 54 4
12 57 7
12 58 4
12 60 5
12 63 4
12 66 8
12 69 1
12 70 4
12 74 4
12 78 10
12 81 2
12 82 3
12 83 8
12 86 8
12 92 1
12 94 1
12 95 6
12 102 1
12 103 2
12 104 1
12 105 10
12 108 1
12 111 9
12 115 3
12 116 7
12 118 3
12 120 9
12 121 10
12 122 6
12 125 9
12 127 8
12 129 6
12 135 1
12 138 7
12 141 10
12 144 10
12 146 2
12 147 10
12 160 6
12 161 4
12 163 6
12 164 9
12 166 8
12 167 1
12 169 6
12 171 3
12 172 5
12 174 3
12 175 10
12 176 8
12 177 1
12 181 10
12 183 9
12 185 4
12 186 4
12 187 4
12 188 9
12 190 5
12 192 2
12 193 9
12 194 8
12 195 10
12 196 4
12 197 9
12 203 3
12 205 6
12 211 3
12 214 6
12 216 6
12 219 6
12 221 1
12 222 9
12 224 8
12 227 9
12 230 10
12 231 2
12 235 1
12 236 4
12 244 1
12 245 6
12 246 1
12 247 8
12 248 3
12 252 9
12 253 3
12 254 8
12 256 4
12 257 10
12 265 1
12 267 8
12 269 3
12 270 8
12 272 2
12 273 6
12 275 8
12 277 2
12 278 6
12 282 4
12 287 1
12 291 8
12 292 3
12 296 2
12 299 5
13 14 6
13 17 7
13 18 4
13 20 7
13 21 6
13 27 2
13 29 3
13 30 2
13 31 9
13 33 7
13 34 1
13 35 1
13 37 7
13 40 5
13 41 10
13 43 2
13 46 7
13 47 8
13 48 5
13 49 4
13 50 4
13 51 1
13 53 8
13 55 9
13 58 1
13 59 4
13 60 6
13 62 3
13 66 3
13 68 2
13 70 6
13 71 10
13 72 5
13 74 8
13 76 6
13 82 4
13 84 5
13 85 7
13 88 9
13 89 9
13 91 1
13 97 5
13 99 4
13 100 10
13 105 7
13 106 1
13 107 6
13 108 2
13 109 10
13 110 3
13 111 8
13 112 5
13 114 7
13 115 10
13 116 7
13 117 4
13 119 5
13 124 8
13 126 9
13 128 9
13 132 10
13 135 1
13 137 6
13 138 9
13 141 7
13 142 2
13 143 4
13 145 3
13 146 10
13 147 7
13 149 3
13 150 1
13 153 7
13 154 10
13 155 2
13 156 4
13 158 4
13 159 4
13 161 7
13 163 2
13 165 5
13 166 7
13 167 9
13 171 10
13 174 9
13 175 8
13 176 10
13 179 5
13 184 4
13 186 9
13 188 3
13 189 9
13 191 8
13 192 10
13 193 8
13 194 2
13 197 5
13 198 8
13 199 7
13 200 1
13 202 5
13 205 3
13 206 5
13 207 10
13 214 8
13 215 4
13 217 5
13 220 9
13 225 4
13 226 7
13 227 10
13 228 9
13 230 2
13 232 5
13 233 6
13 237 6
13 238 6
13 241 7
13 242 3
13 243 9
13 245 5
13 247 4
13 248 10
13 249 7
13 252 7
13 254 1
13 255 4
13 257 10
13 258 3
13 259 3
13 265 1
13 267 9
13 268 1
13 269 3
13 270 7
13 274 3
13 276 5
13 277 2
13 278 7
13 280 3
13 281 2
13 282 7
13 283 8
13 284 4
13 285 6
13 294 3
13 295 6
13 298 7
13 299 6
14 17 9
14 18 4
14 19 2
14 20 7
14 21 5
14 22 6
14 25 3
14 26 3
14 30 6
14 31 6
14 32 6
14 35 6
14 37 3
14 39 5
14 42 8
14 43 10
14 44 3
14 45 10
14 46 9
14 59 2
14 60 10
14 62 8
14 63 10
14 64 5
14 68 1
14 69 8
14 72 3
14 74 9
14 75 5
14 78 9
14 80 9
14 81 6
14 83 10
14 87 3
14 88 9
14 91 3
14 92 3
14 93 4
14 95 8
14 96 4
14 103 6
14 104 3
14 106 8
14 110 7
14 113 6
14 114 6
14 116 10
14 118 3
14 121 4
14 123 8
14 126 6
14 128 10
14 129 10
14 131 7
14 133 10
14 135 7
14 136 9
14 138 2
14 139 4
14 140 3
14 142 4
14 144 2
14 145 5
14 146 2
14 148 3
14 149 7
14 150 2
14 151 9
14 152 4
14 153 1
14 154 8
14 156 5
14 158 5
14 159 7
14 165 3
14 168 3
14 170 7
14 172 6
14 174 4
14 175 10
14 176 10
14 179 5
14 180 1
14 181 3
14 184 10
14 187 6
14 189 5
14 191 5
14 194 1
14 195 8
14 197 6
14 198 10
14 200 10
14 204 9
14 205 2
14 206 7
14 207 7
14 208 3
14 209 2
14 211 3
14 212 4
14 214 2
14 217 8
14 218 3
14 219 1
14 224 8
14 225 9
14 226 5
14 227 3
14 230 10
14 231 1
14 233 8
14 234 1
14 235 9
14 238 7
14 239 2
14 240 7
14 242 6
14 244 9
14 247 8
14 248 6
14 251 10
14 252 7
14 255 10
14 262 2
14 263 3
14 266 4
14 267 3
14 268 9
14 269 8
14 270 5
14 273 6
14 274 3
14 275 6
14 278 1
14 279 9
14 280 10
14 281 8
14 282 9
14 283 1
14 284 7
14 285 10
14 287 6
14 288 4
14 290 4
14 291 3
14 292 9
14 293 7
14 294 7
14 299 7
15 18 10
15 20 8
15 21 1
15 24 5
15 26 10
15 27 6
15 28 7
15 30 6
15 31 6
15 32 4
15 35 8
15 36 7
15 37 7
15 38 3
15 39 7
15 42 4
15 44 4
15 47 6
15 49 7
15 50 6
15 51 5
15 55 6
15 57 8
15 59 5
15 61 4
15 62 2
15 66 8
15 68 1
15 69 3
15 71 4
15 74 4
15 76 3
15 79 4
15 80 5
15 82 4
15 83 2
15 84 7
15 85 9
15 87 10
15 88 3
15 90 9
15 92 1
15 93 4
15 94 8
15 95 2
15 100 6
15 104 1
15 105 5
15 110 9
15 111 3
15 113 3
15 114 4
15 116 5
15 117 1
15 118 10
15 120 3
15 121 2
15 122 9
15 124 4
15 128 3
15 129 6
15 130 2
15 131 3
15 132 3
15 133 10
15 135 2
15 136 6
15 137 5
15 140 6
15 144 4
15 146 5
15 149 8
15 151 4
15 153 7
15 155 1
15 157 3
15 158 10
15 159 8
15 165 10
15 166 9
15 168 6
15 170 2
15 171 1
15 173 8
15 175 8
15 178 8
15 179 3
15 182 2
15 183 4
15 184 1
15 185 6
15 188 8
15 191 10
15 193 2
15 195 4
15 197 5
15 198 6
15 200 8
15 201 1
15 204 1
15 205 3
15 206 9
15 207 2
15 208 8
15 210 3
15 211 9
15 212 1
15 214 8
15 215 3
15 217 8
15 221 1
15 224 6
15 226 4
15 227 7
15 233 7
15 234 10
15 235 5
15 237 4
15 240 3
15 244 9
15 245 5
15 246 2
15 247 10
15 248 6
15 250 6
15 252 8
15 253 3
15 258 9
15 264 3
15 267 4
15 268 4
15 270 6
15 272 4
15 275 5
15 278 10
15 280 10
15 281 10
15 282 5
15 284 9
15 286 5
15 287 1
15 289 8
15 290 5
15 293 6
15 294 8
15 295 8
15 296 7
15 297 5
15 299 8
16 17 9
16 18 8
16 21 9
16 22 2
16 24 10
16 26 8
16 29 3
16 30 3
16 32 6
16 34 4
16 36 7
16 37 5
16 38 7
16 40 4
16 41 6
16 45 8
16 46 7
16 47 4
16 49 5
16 50 5
16 53 10
16 54 7
16 59 8
16 61 6
16 62 6
16 63 10
16 64 10
16 66 4
16 68 2
16 69 1
16 71 10
16 73 3
16 76 10
16 77 2
16 78 3
16 81 7
16 83 5
16 84 5
16 85 7
16 89 5
16 92 10
16 93 8
16 95 5
16 96 10
16 99 4
16 101 5
16 103 8
16 104 2
16 106 8
16 107 6
16 108 7
16 109 4
16 110 2
16 112 5
16 120 3
16 122 1
16 123 1
16 126 3
16 127 2
16 131 6
16 132 8
16 133 10
16 136 3
16 138 8
16 139 9
16 143 4
16 146 9
16 149 7
16 152 5
16 155 9
16 156 7
16 161 8
16 162 10
16 163 3
16 167 6
16 169 3
16 170 5
16 173 3
16 175 7
16 176 9
16 178 7
16 180 4
16 184 1
16 186 5
16 187 7
16 188 1
16 189 8
16 191 6
16 192 9
16 193 10
16 197 6
16 201 5
16 202 4
16 203 7
16 204 9
16 205 8
16 206 2
16 208 2
16 209 4
16 217 5
16 219 4
16 222 3
16 227 10
16 228 1
16 229 2
16 230 1
16 232 3
16 233 5
16 235 2
16 237 3
16 239 7
16 241 4
16 245 8
16 246 8
16 247 3
16 248 1
16 251 9
16 252 8
16 253 9
16 258 4
16 259 6
16 260 3
16 261 9
16 263 7
16 267 8
16 268 2
16 273 2
16 275 2
16 277 5
16 278 1
16 280 3
16 282 9
16 283 5
16 284 9
16 286 4
16 287 4
16 290 6
16 292 2
16 294 8
16 295 6
16 296 9
16 298 2
17 21 2
17 22 5
17 24 6
17 28 9
17 30 8
17 31 10
17 32 5
17 38 3
17 39 2
17 42 2
17 43 4
17 44 8
17 45 8
17 46 3
17 47 9
17 49 6
17 50 4
17 52 1
17 57 10
17 61 7
17 65 6
17 67 1
17 70 7
17 71 2
17 75 6
17 76 1
17 80 1
17 81 4
17 83 1
17 87 7
17 88 2
17 91 3
17 92 2
17 93 6
17 95 4
17 97 8
17 98 3
17 100 8
17 103 7
17 104 4
17 105 5
17 106 8
17 111 3
17 115 6
17 117 5
17 120 3
17 122 7
17 124 5
17 128 7
17 130 2
17 131 5
17 136 9
17 141 5
17 142 8
17 143 3
17 144 6
17 145 4
17 146 10
17 148 7
17 149 6
17 150 4
17 154 8
17 155 5
17 156 5
17 158 3
17 163 1
17 168 3
17 170 9
17 173 5
17 177 2
17 178 4
17 179 6
17 182 5
17 184 10
17 186 9
17 187 6
17 188 1
17 189 8
17 190 9
17 191 4
17 192 2
17 193 7
17 194 8
17 197 1
17 198 2
17 199 9
17 200 7
17 202 6
17 203 6
17 204 3
17 206 2
17 207 7
17 208 9
17 209 5
17 211 3
17 212 5
17 213 10
17 214 3
17 220 3
17 227 5
17 228 5
17 231 3
17 232 6
17 235 8
17 236 4
17 237 2
17 241 9
17 246 6
17 247 8
17 248 9
17 249 1
17 250 9
17 251 8
17 254 9
17 255 4
17 258 4
17 262 10
17 263 2
17 267 1
17 268 1
17 272 10
17 275 1
17 277 7
17 280 9
17 282 4
17 285 1
17 287 5
17 288 3
17 291 10
17 292 10
17 294 9
17 299 4
18 19 10
18 20 6
18 22 6
18 24 4
18 26 6
18 29 5
18 31 5
18 33 4
18 34 6
18 35 9
18 37 9
18 38 1
18 39 7
18 40 1
18 42 3
18 45 8
18 48 5
18 50 9
18 51 9
18 52 7
18 53 10
18 56 5
18 57 4
18 58 1
18 61 9
18 64 6
18 65 2
18 66 9
18 68 9
18 69 9
18 71 2
18 73 1
18 74 6
18 77 9
18 78 4
18 81 7
18 82 6
18 83 2
18 87 3
18 89 3
18 91 3
18 95 9
18 96 7
18 98 1
18 103 2
18 104 3
18 106 4
18 107 3
18 110 6
18 113 8
18 114 4
18 115 6
18 117 3
18 119 10
18 121 5
18 124 5
18 125 10
18 130 5
18 131 4
18 132 3
18 133 1
18 137 1
18 138 2
18 141 9
18 142 8
18 143 1
18 145 6
18 146 8
18 147 1
18 149 6
18 150 4
18 152 10
18 154 10
18 157 10
18 158 8
18 159 4
18 161 4
18 162 3
18 165 8
18 166 9
18 168 7
18 170 10
18 173 2
18 174 2
18 175 4
18 176 3
18 180 7
18 182 10
18 183 6
18 185 7
18 187 1
18 191 4
18 195 1
18 198 1
18 199 7
18 200 7
18 202 9
18 207 8
18 208 8
18 210 8
18 214 7
18 215 6
18 216 4
18 217 10
18 218 2
18 219 7
18 220 8
18 221 5
18 222 5
18 229 10
18 231 6
18 238 5
18 239 1
18 243 3
18 244 8
18 247 5
18 248 9
18 249 8
18 251 7
18 252 4
18 253 9
18 255 1
18 256 1
18 257 7
18 260 10
18 261 8
18 262 2
18 264 10
18 268 5
18 269 4
18 271 7
18 272 9
18 274 3
18 278 2
18 284 9
18 285 8
18 290 8
18 293 6
18 296 1
18 298 7
19 21 9
19 24 6
19 25 7
19 28 9
19 29 8
19 30 8
19 31 3
19 35 5
19 36 5
19 39 7
19 40 1
19 43 3
19 44 6
19 46 3
19 49 5
19 51 1
19 52 6
19 54 6
19 55 1
19 58 6
19 61 3
19 64 1
19 65 7
19 67 9
19 69 2
19 71 5
19 72 1
19 73 9
19 74 3
19 76 8
19 77 5
19 80 6
19 81 7
19 83 9
19 85 10
19 89 2
19 92 6
19 97 5
19 98 9
19 99 6
19 100 6
19 103 7
19 105 8
19 106 9
19 110 8
19 111 2
19 112 5
19 113 2
19 114 6
19 117 4
19 121 7
19 124 5
19 127 3
19 128 10
19 129 5
19 133 3
19 134 1
19 135 9
19 136 4
19 138 5
19 139 8
19 142 4
19 145 4
19 146 7
19 150 1
19 151 4
19 153 4
19 155 10
19 156 7
19 157 9
19 160 2
19 163 4
19 165 10
19 166 9
19 170 7
19 171 6
19 173 8
19 175 10
19 176 1
19 179 8
19 180 5
19 181 7
19 182 6
19 184 6
19 186 3
19 187 9
19 188 8
19 192 1
19 193 2
19 195 9
19 196 9
19 198 1
19 199 4
19 200 10
19 206 5
19 209 7
19 211 3
19 215 9
19 218 1
19 219 9
19 223 5
19 225 8
19 227 9
19 228 9
19 230 7
19 232 3
19 235 9
19 236 1
19 238 4
19 241 3
19 242 4
19 244 8
19 245 5
19 246 4
19 250 5
19 251 3
19 254 4
19 256 3
19 257 4
19 260 6
19 262 1
19 263 6
19 264 5
19 265 10
19 270 10
19 273 10
19 277 2
19 278 3
19 280 10
19 281 9
19 283 9
19 285 2
19 287 8
19 288 8
19 289 10
19 293 7
19 295 7
19 296 4
19 297 5
19 299 9
20 21 9
20 22 8
20 23 5
20 25 8
20 29 9
20 35 8
20 37 4
20 38 4
20 40 2
20 42 7
20 43 5
20 45 3
20 49 7
20 52 9
20 53 1
20 54 3
20 56 5
20 57 3
20 59 9
20 62 10
20 63 7
20 65 7
20 69 8
20 70 6
20 71 6
20 73 5
20 74 3
20 75 3
20 78 2
20 79 8
20 80 7
20 81 2
20 84 9
20 89 10
20 90 2
20 91 4
20 92 3
20 93 7
20 94 5
20 95 6
20 97 7
20 98 7
20 99 3
20 100 5
20 102 1
20 103 3
20 105 7
20 106 1
20 107 2
20 108 8
20 109 1
20 110 4
20 113 6
20 115 6
20 116 9
20 120 5
20 123 6
20 127 2
20 129 2
20 130 5
20 132 4
20 133 3
20 134 1
20 137 5
20 139 5
20 140 2
20 142 6
20 144 10
20 146 3
20 147 2
20 151 7
20 152 8
20 154 8
20 155 9
20 156 6
20 157 2
20 160 3
20 162 9
20 165 8
20 168 1
20 170 7
20 172 5
20 173 8
20 174 7
20 177 8
20 180 2
20 181 1
20 183 8
20 187 2
20 188 3
20 189 3
20 191 8
20 194 7
20 196 5
20 197 6
20 198 6
20 199 9
20 202 8
20 205 7
20 206 4
20 208 10
20 209 5
20 210 6
20 212 1
20 218 9
20 220 10
20 224 9
20 225 3
20 226 9
20 228 6
20 229 4
20 230 3
20 231 6
20 233 5
20 234 5
20 239 5
20 240 9
20 246 5
20 249 7
20 252 2
20 254 10
20 255 7
20 256 10
20 258 2
20 259 7
20 260 8
20 261 2
20 269 3
20 270 8
20 271 3
20 274 7
20 275 4
20 276 6
20 281 5
20 283 6
20 285 9
20 287 6
20 288 6
20 289 10
20 290 10
20 291 1
20 294 4
20 297 7
20 298 2
21 23 4
21 24 6
21 25 2
21 26 3
21 31 2
21 33 9
21 34 2
21 35 4
21 39 8
21 40 8
21 43 6
21 45 2
21 47 2
21 48 1
21 49 8
21 50 7
21 54 10
21 55 8
21 58 8
21 60 5
21 62 10
21 63 2
21 64 5
21 65 1
21 66 5
21 67 8
21 69 4
21 70 4
21 71 2
21 75 5
21 76 6
21 77 9
21 78 7
21 80 9
21 82 10
21 84 5
21 86 10
21 87 4
21 89 1
21 91 5
21 93 9
21 94 6
21 95 2
21 97 2
21 98 9
21 99 10
21 101 4
21 104 3
21 106 5
21 109 3
21 112 4
21 115 1
21 118 9
21 119 2
21 121 4
21 122 10
21 123 3
21 125 3
21 126 7
21 127 2
21 129 7
21 130 3
21 131 5
21 132 3
21 135 4
21 137 4
21 139 6
21 140 4
21 144 6
21 146 3
21 147 7
21 148 3
21 152 2
21 153 4
21 155 6
21 156 2
21 157 10
21 158 8
21 159 10
21 162 8
21 164 7
21 165 10
21 167 1
21 168 8
21 173 4
21 176 3
21 177 4
21 180 1
21 182 6
21 183 9
21 184 10
21 186 8
21 188 3
21 190 4
21 191 8
21 192 4
21 193 8
21 194 3
21 196 10
21 200 10
21 201 7
21 202 7
21 203 5
21 204 6
21 205 4
21 209 3
21 213 8
21 214 3
21 217 6
21 219 10
21 222 5
21 224 1
21 225 3
21 226 2
21 231 5
21 232 1
21 234 10
21 235 1
21 237 8
21 239 6
21 240 7
21 241 8
21 243 7
21 244 7
21 247 4
21 249 8
21 251 7
21 252 10
21 254 9
21 256 6
21 257 10
21 261 6
21 264 2
21 269 4
21 273 3
21 274 7
21 275 4
21 277 7
21 278 10
21 279 5
21 281 1
21 282 3
21 283 8
21 286 1
21 288 4
21 289 6
21 290 8
21 291 4
21 293 8
21 295 9
21 297 4
21 298 5
21 299 1
22 23 7
22 26 6
22 29 9
22 30 8
22 32 4
22 36 7
22 37 7
22 39 8
22 42 2
22 43 7
22 50 1
22 52 2
22 53 4
22 55 8
22 57 8
22 59 3
22 60 9
22 61 8
22 62 10
22 64 6
22 65 10
22 67 2
22 68 5
22 70 4
22 71 9
22 76 7
22 79 7
22 87 10
22 89 8
22 91 4
22 93 10
22 96 6
22 98 6
22 100 5
22 101 3
22 103 7
22 104 1
22 110 4
22 111 2
22 115 1
22 116 6
22 124 10
22 128 8
22 129 5
22 130 3
22 134 7
22 135 2
22 137 9
22 138 5
22 139 1
22 147 2
22 148 8
22 150 9
22 154 10
22 155 7
22 156 9
22 160 6
22 167 2
22 169 1
22 170 1
22 171 7
22 172 8
22 173 2
22 174 4
22 176 10
22 178 7
22 180 6
22 182 9
22 184 7
22 187 5
22 188 2
22 189 2
22 193 5
22 195 5
22 196 8
22 197 4
22 198 7
22 199 6
22 202 9
22 204 10
22 205 2
22 206 9
22 207 5
22 213 10
22 214 9
22 215 8
22 216 1
22 217 8
22 224 3
22 225 2
22 227 6
22 228 6
22 229 5
22 233 3
22 237 6
22 238 7
22 240 10
22 241 4
22 242 6
22 243 1
22 248 3
22 252 7
22 253 4
22 255 10
22 258 2
22 262 2
22 263 7
22 264 10
22 265 6
22 266 8
22 268 8
22 271 3
22 272 4
22 274 3
22 275 2
22 278 8
22 279 5
22 281 4
22 282 7
22 284 8
22 291 1
22 292 4
22 296 2
22 299 4
23 27 1
23 28 3
23 31 5
23 34 2
23 38 8
23 43 4
23 44 3
23 46 3
23 47 8
23 48 6
23 50 5
23 51 3
23 52 2
23 55 6
23 57 7
23 59 2
23 62 2
23 63 1
23 64 10
23 66 2
23 68 9
23 72 6
23 74 7
23 76 4
23 80 8
23 81 10
23 82 7
23 83 2
23 84 8
23 85 2
23 87 2
23 88 8
23 91 4
23 92 6
23 94 1
23 95 1
23 96 3
23 100 10
23 101 9
23 102 7
23 103 2
23 104 6
23 105 4
23 106 8
23 109 1
23 110 7
23 111 9
23 113 6
23 115 8
23 116 10
23 117 5
23 118 6
23 120 9
23 122 7
23 125 8
23 128 7
23 129 2
23 133 10
23 135 9
23 136 9
23 137 2
23 138 6
23 143 7
23 146 3
23 149 9
23 150 6
23 151 4
23 152 4
23 153 7
23 154 2
23 157 10
23 160 8
23 163 4
23 164 9
23 165 9
23 166 2
23 167 2
23 168 1
23 169 7
23 172 10
23 175 1
23 178 5
23 179 2
23 187 5
23 188 6
23 189 2
23 194 8
23 197 9
23 198 3
23 199 1
23 201 1
23 202 6
23 203 1
23 205 7
23 207 8
23 208 5
23 209 10
23 210 8
23 211 2
23 212 4
23 214 4
23 218 3
23 219 4
23 229 7
23 232 4
23 233 9
23 235 1
23 236 6
23 238 6
23 239 4
23 240 10
23 241 6
23 243 8
23 244 5
23 247 9
23 248 1
23 249 10
23 251 1
23 252 7
23 253 5
23 254 5
23 255 4
23 256 9
23 258 10
23 259 8
23 265 4
23 266 4
23 268 5
23 269 9
23 274 9
23 275 1
23 279 3
23 280 1
23 281 6
23 284 5
23 286 9
23 287 1
23 289 9
23 290 3
23 292 2
23 294 2
23 296 5
23 297 7
23 299 3
24 26 3
24 28 1
24 29 8
24 31 7
24 32 10
24 33 9
24 36 9
24 37 3
24 38 2
24 39 1
24 42 9
24 43 5
24 45 7
24 46 4
24 51 3
24 56 7
24 57 8
24 60 3
24 63 3
24 64 3
24 68 6
24 69 6
24 76 7
24 77 10
24 78 9
24 79 10
24 80 7
24 83 6
24 85 3
24 86 7
24 90 5
24 91 1
24 94 10
24 98 7
24 99 5
24 100 1
24 102 3
24 103 3
24 105 7
24 106 7
24 108 7
24 117 7
24 118 9
24 124 1
24 125 3
24 128 3
24 129 6
24 132 10
24 133 8
24 135 6
24 136 4
24 137 1
24 141 1
24 142 10
24 143 8
24 144 2
24 145 7
24 147 4
24 150 5
24 151 6
24 153 8
24 156 10
24 157 3
24 158 1
24 161 5
24 164 8
24 165 1
24 167 6
24 168 5
24 169 4
24 171 9
24 172 9
24 174 4
24 176 2
24 179 9
24 181 4
24 182 6
24 183 8
24 185 10
24 190 9
24 195 7
24 196 7
24 197 3
24 199 10
24 202 7
24 203 7
24 204 8
24 216 10
24 218 3
24 221 9
24 223 6
24 224 1
24 226 8
24 228 4
24 229 9
24 231 7
24 234 10
24 237 5
24 238 7
24 240 10
24 241 10
24 242 9
24 244 2
24 245 4
24 246 9
24 247 1
24 248 9
24 249 4
24 250 2
24 251 3
24 252 5
24 253 1
24 254 4
24 256 10
24 257 10
24 258 6
24 259 2
24 260 7
24 261 7
24 262 10
24 263 8
24 265 1
24 266 1
24 269 10
24 271 5
24 272 3
24 273 7
24 274 5
24 275 2
24 276 10
24 277 8
24 278 8
24 280 5
24 283 8
24 286 1
24 287 1
24 288 8
24 290 2
24 292 8
24 296 4
24 298 6
24 299 7
25 26 2
25 28 4
25 30 10
25 32 6
25 35 2
25 36 5
25 40 5
25 43 4
25 44 4
25 45 1
25 46 10
25 48 5
25 49 5
25 52 2
25 54 10
25 55 9
25 57 10
25 58 2
25 60 2
25 61 6
25 63 9
25 66 5
25 67 9
25 70 8
25 77 9
25 78 3
25 82 8
25 85 4
25 86 1
25 89 4
25 90 5
25 92 8
25 93 1
25 94 7
25 95 3
25 97 6
25 98 8
25 100 8
25 102 3
25 103 6
25 104 4
25 105 10
25 108 1
25 109 5
25 111 4
25 114 5
25 120 6
25 121 4
25 122 3
25 123 1
25 125 6
25 128 7
25 133 8
25 135 9
25 139 6
25 141 7
25 143 7
25 145 1
25 146 2
25 149 4
25 150 3
25 151 4
25 152 3
25 153 3
25 154 4
25 155 7
25 157 7
25 160 2
25 161 8
25 162 2
25 163 5
25 164 6
25 166 7
25 167 3
25 171 10
25 172 10
25 173 4
25 174 2
25 175 3
25 176 2
25 177 3
25 185 10
25 186 10
25 187 9
25 188 1
25 190 2
25 191 8
25 193 8
25 194 1
25 196 6
25 199 1
25 200 8
25 201 10
25 203 9
25 206 2
25 207 2
25 211 5
25 214 7
25 215 3
25 216 3
25 217 8
25 219 3
25 221 1
25 224 5
25 225 4
25 227 4
25 228 6
25 230 5
25 231 3
25 232 9
25 235 2
25 238 1
25 239 3
25 240 9
25 241 6
25 242 10
25 245 6
25 249 10
25 250 4
25 251 1
25 254 5
25 259 8
25 263 10
25 264 10
25 265 8
25 267 8
25 268 3
25 269 6
25 270 1
25 271 6
25 273 9
25 276 1
25 278 5
25 279 8
25 281 10
25 282 5
25 283 3
25 284 3
25 285 10
25 286 4
25 289 9
25 290 2
25 291 3
25 292 3
25 295 1
25 297 9
25 298 8
26 28 5
26 30 9
26 32 4
26 34 9
26 35 7
26 43 10
26 44 9
26 47 5
26 48 4
26 49 10
26 52 2
26 53 6
26 55 6
26 58 5
26 59 5
26 65 10
26 66 3
26 67 9
26 69 5
26 74 7
26 75 1
26 76 10
26 77 1
26 80 9
26 81 3
26 82 5
26 85 3
26 86 1
26 87 4
26 89 9
26 90 5
26 94 10
26 96 3
26 97 10
26 98 1
26 99 3
26 101 7
26 103 10
26 104 2
26 105 2
26 107 5
26 108 4
26 109 4
26 110 1
26 112 5
26 113 4
26 119 9
26 120 1
26 121 4
26 122 4
26 123 3
26 124 6
26 125 10
26 128 3
26 135 4
26 136 2
26 139 1
26 140 8
26 143 5
26 146 4
26 147 7
26 148 3
26 150 3
26 155 2
26 157 2
26 158 5
26 161 2
26 162 7
26 164 9
26 166 4
26 168 2
26 171 9
26 172 1
26 174 5
26 177 5
26 178 4
26 181 8
26 183 4
26 189 5
26 190 7
26 192 1
26 193 7
26 195 3
26 197 9
26 198 2
26 200 9
26 202 7
26 203 8
26 204 7
26 206 3
26 207 2
26 209 2
26 210 10
26 212 5
26 214 3
26 215 5
26 216 1
26 218 8
26 219 2
26 222 10
26 223 9
26 224 6
26 226 10
26 232 7
26 233 3
26 234 3
26 235 4
26 236 5
26 241 3
26 244 2
26 246 5
26 249 7
26 252 4
26 253 1
26 256 8
26 258 7
26 260 4
26 262 4
26 264 7
26 266 2
26 270 5
26 271 1
26 275 7
26 276 7
26 278 10
26 279 1
26 280 2
26 282 10
26 283 9
26 286 9
26 289 5
26 290 5
26 291 7
26 293 8
26 295 4
26 296 8
26 298 3
27 28 4
27 31 9
27 32 6
27 33 10
27 34 3
27 36 6
27 37 9
27 40 3
27 41 9
27 42 6
27 43 6
27 45 5
27 52 10
27 53 5
27 54 8
27 55 8
27 59 6
27 60 2
27 61 1
27 62 1
27 64 4
27 65 7
27 67 7
27 71 10
27 72 7
27 73 7
27 74 9
27 75 6
27 77 10
27 78 4
27 81 4
27 82 6
27 83 10
27 84 5
27 85 7
27 86 9
27 87 4
27 88 2
27 89 1
27 92 10
27 93 9
27 94 3
27 95 3
27 98 8
27 102 5
27 110 10
27 113 1
27 115 6
27 116 8
27 119 10
27 121 4
27 124 3
27 127 3
27 131 7
27 132 2
27 133 9
27 134 3
27 135 8
27 136 4
27 141 8
27 142 1
27 148 4
27 149 6
27 151 10
27 152 3
27 156 7
27 160 3
27 161 1
27 162 6
27 163 6
27 165 9
27 166 5
27 168 9
27 169 7
27 170 9
27 174 9
27 175 6
27 177 9
27 179 8
27 180 10
27 181 4
27 182 2
27 183 3
27 185 7
27 187 5
27 189 3
27 190 4
27 191 2
27 197 1
27 198 6
27 203 3
27 205 10
27 206 5
27 207 8
27 208 10
27 210 10
27 211 10
27 212 8
27 213 8
27 214 9
27 215 10
27 218 6
27 222 10
27 223 8
27 226 10
27 227 8
27 229 7
27 231 6
27 232 5
27 233 2
27 237 10
27 243 4
27 244 3
27 250 10
27 251 6
27 253 4
27 257 4
27 261 3
27 265 8
27 266 6
27 268 10
27 269 9
27 272 8
27 273 2
27 274 5
27 277 3
27 280 1
27 281 1
27 284 2
27 285 10
27 288 7
27 289 10
27 294 7
27 295 1
27 297 4
27 298 9
28 29 7
28 31 10
28 32 6
28 33 8
28 35 4
28 37 10
28 41 8
28 42 2
28 43 7
28 44 3
28 45 4
28 47 5
28 49 8
28 50 4
28 52 10
28 55 7
28 57 8
28 62 4
28 63 7
28 64 10
28 65 4
28 71 8
28 72 3
28 73 7
28 74 3
28 75 6
28 76 5
28 80 8
28 83 3
28 86 2
28 89 3
28 90 5
28 91 3
28 95 10
28 96 2
28 97 3
28 99 8
28 100 2
28 102 3
28 104 4
28 105 7
28 112 5
28 113 2
28 114 6
28 119 4
28 121 7
28 125 3
28 126 7
28 127 6
28 129 10
28 130 7
28 133 3
28 134 4
28 136 2
28 140 10
28 141 4
28 142 5
28 144 6
28 145 10
28 148 6
28 155 5
28 158 5
28 163 9
28 164 8
28 165 3
28 166 7
28 170 3
28 171 5
28 175 4
28 176 7
28 180 5
28 181 3
28 186 10
28 187 5
28 189 1
28 190 1
28 193 4
28 194 7
28 196 5
28 201 6
28 203 10
28 206 3
28 208 10
28 210 3
28 212 2
28 214 1
28 218 2
28 220 5
28 221 2
28 222 10
28 228 2
28 232 9
28 234 2
28 236 9
28 238 8
28 239 6
28 245 4
28 246 3
28 247 3
28 249 9
28 250 9
28 251 4
28 254 5
28 259 6
28 261 6
28 264 2
28 266 3
28 267 1
28 273 1
28 274 1
28 275 1
28 276 10
28 280 1
28 287 7
28 289 2
28 290 9
28 291 5
28 292 1
28 295 4
28 298 6
29 31 7
29 32 5
29 34 9
29 36 3
29 37 4
29 40 6
29 42 3
29 46 4
29 51 6
29 55 2
29 57 2
29 60 7
29 61 10
29 62 4
29 63 5
29 66 1
29 69 6
29 71 8
29 73 3
29 74 1
29 79 5
29 84 5
29 86 1
29 87 8
29 89 4
29 90 9
29 91 8
29 95 9
29 96 2
29 97 8
29 99 7
29 100 10
29 101 4
29 103 4
29 104 10
29 105 6
29 106 7
29 109 9
29 113 3
29 114 9
29 118 1
29 119 6
29 121 7
29 122 8
29 124 2
29 125 6
29 126 9
29 128 4
29 130 9
29 131 2
29 132 8
29 134 5
29 135 8
29 136 3
29 138 7
29 139 5
29 141 8
29 143 10
29 145 3
29 152 6
29 154 2
29 155 8
29 161 4
29 162 5
29 163 2
29 165 9
29 166 6
29 167 4
29 169 7
29 173 7
29 176 2
29 180 3
29 181 3
29 185 7
29 188 10
29 189 7
29 190 9
29 191 1
29 194 4
29 195 8
29 198 5
29 201 6
29 204 8
29 209 1
29 216 9
29 228 4
29 229 5
29 233 9
29 234 5
29 235 9
29 236 1
29 238 1
29 241 10
29 242 2
29 243 10
29 244 9
29 247 8
29 248 1
29 252 6
29 253 10
29 255 8
29 256 5
29 258 7
29 259 4
29 260 9
29 262 3
29 263 4
29 264 4
29 265 8
29 266 6
29 268 2
29 269 6
29 270 3
29 271 6
29 273 5
29 274 7
29 275 8
29 276 3
29 277 4
29 279 3
29 280 3
29 282 8
29 283 7
29 284 5
29 285 1
29 287 3
29 288 7
29 289 4
29 290 3
29 293 4
29 294 3
29 295 5
29 297 9
29 298 6
30 33 10
30 39 5
30 40 7
30 41 1
30 42 7
30 43 5
30 46 9
30 48 1
30 51 6
30 52 5
30 53 2
30 55 5
30 56 5
30 58 1
30 62 5
30 64 4
30 69 1
30 73 7
30 74 10
30 75 10
30 78 4
30 80 6
30 81 1
30 82 5
30 83 2
30 85 2
30 86 3
30 87 6
30 90 2
30 91 5
30 92 4
30 93 4
30 94 4
30 95 8
30 96 3
30 97 6
30 98 9
30 100 2
30 101 3
30 103 5
30 104 7
30 106 4
30 107 8
30 108 10
30 109 5
30 112 5
30 114 8
30 117 8
30 119 9
30 120 7
30 122 1
30 124 2
30 128 1
30 131 9
30 133 10
30 136 5
30 138 5
30 139 5
30 141 2
30 147 5
30 150 8
30 151 3
30 154 4
30 157 3
30 158 10
30 163 7
30 167 7
30 169 2
30 171 4
30 172 10
30 173 6
30 174 3
30 175 7
30 179 5
30 182 7
30 183 6
30 186 1
30 187 10
30 188 4
30 189 8
30 190 4
30 193 3
30 196 3
30 199 2
30 200 1
30 202 2
30 203 5
30 207 5
30 209 2
30 210 2
30 213 1
30 215 3
30 221 8
30 223 8
30 229 6
30 230 10
30 234 8
30 235 3
30 237 7
30 239 9
30 240 3
30 241 3
30 243 10
30 244 9
30 247 10
30 248 2
30 249 10
30 250 6
30 252 9
30 253 6
30 254 9
30 257 7
30 262 4
30 263 4
30 267 7
30 268 1
30 269 3
30 270 3
30 272 4
30 275 4
30 277 2
30 279 1
30 280 9
30 282 10
30 283 10
30 284 8
30 285 4
30 286 10
30 289 6
30 291 5
30 292 5
30 295 1
30 297 4
30 298 1
30 299 8
31 33 3
31 35 6
31 38 5
31 39 5
31 40 1
31 41 10
31 43 1
31 45 1
31 50 1
31 54 1
31 56 10
31 58 3
31 59 1
31 65 1
31 66 4
31 68 1
31 70 5
31 71 10
31 74 5
31 75 8
31 78 8
31 79 4
31 81 4
31 82 6
31 83 5
31 84 9
31 86 6
31 88 5
31 91 2
31 92 5
31 93 7
31 97 6
31 99 7
31 104 8
31 105 10
31 107 1
31 111 1
31 112 3
31 116 9
31 117 9
31 121 7
31 123 2
31 124 2
31 127 8
31 128 3
31 130 3
31 133 10
31 136 8
31 137 6
31 138 6
31 139 7
31 142 7
31 143 5
31 147 2
31 148 3
31 149 9
31 152 10
31 153 4
31 155 1
31 158 4
31 167 4
31 168 9
31 172 10
31 173 3
31 175 5
31 176 8
31 181 9
31 182 10
31 185 9
31 188 4
31 189 4
31 190 5
31 193 5
31 194 10
31 196 10
31 199 3
31 202 5
31 203 8
31 208 7
31 209 8
31 211 2
31 212 1
31 213 5
31 214 4
31 215 9
31 220 10
31 221 2
31 223 10
31 225 7
31 227 10
31 230 10
31 231 9
31 232 8
31 234 1
31 240 9
31 246 5
31 248 10
31 249 3
31 251 7
31 254 5
31 255 5
31 257 10
31 258 6
31 260 2
31 262 7
31 267 5
31 268 9
31 269 5
31 271 2
31 272 4
31 273 1
31 274 1
31 275 9
31 277 6
31 278 3
31 279 2
31 282 5
31 283 3
31 285 7
31 287 7
31 290 1
31 291 2
31 294 3
31 297 10
32 36 2
32 38 4
32 40 6
32 41 10
32 42 8
32 43 7
32 44 7
32 45 4
32 46 3
32 47 4
32 50 9
32 51 7
32 56 4
32 57 8
32 58 6
32 60 2
32 62 6
32 63 2
32 64 10
32 65 5
32 66 1
32 68 5
32 69 9
32 71 10
32 73 6
32 74 4
32 75 9
32 76 2
32 80 6
32 82 9
32 83 9
32 84 3
32 85 7
32 90 2
32 92 8
32 94 1
32 96 9
32 97 9
32 98 7
32 99 3
32 101 4
32 103 10
32 105 9
32 106 3
32 109 2
32 112 4
32 117 3
32 118 5
32 119 10
32 120 4
32 122 3
32 124 10
32 126 8
32 127 7
32 129 10
32 130 6
32 132 7
32 133 6
32 135 7
32 137 10
32 138 1
32 139 7
32 143 1
32 145 8
32 151 3
32 152 6
32 153 10
32 157 6
32 158 9
32 159 7
32 160 7
32 163 9
32 166 6
32 167 3
32 173 2
32 176 5
32 177 6
32 180 10
32 181 7
32 183 8
32 184 4
32 185 4
32 186 2
32 187 10
32 188 3
32 189 3
32 190 7
32 191 1
32 194 5
32 198 10
32 199 2
32 200 8
32 201 3
32 203 9
32 206 5
32 207 1
32 209 9
32 210 8
32 211 6
32 212 5
32 216 3
32 219 2
32 221 7
32 226 5
32 229 6
32 232 9
32 233 7
32 240 4
32 243 1
32 244 7
32 245 2
32 248 3
32 251 3
32 252 4
32 254 1
32 255 4
32 257 4
32 258 8
32 260 9
32 262 6
32 267 3
32 272 3
32 273 6
32 275 10
32 276 9
32 278 8
32 279 6
32 280 6
32 282 2
32 283 3
32 284 1
32 285 6
32 287 6
32 289 3
32 290 1
32 293 3
32 294 5
32 295 8
32 298 8
33 35 6
33 38 5
33 41 3
33 42 8
33 43 10
33 45 6
33 47 4
33 48 5
33 49 6
33 50 3
33 53 1
33 54 7
33 56 6
33 58 6
33 60 6
33 62 1
33 63 3
33 64 10
33 67 8
33 68 5
33 71 6
33 74 5
33 76 8
33 81 2
33 83 9
33 85 8
33 86 5
33 87 1
33 90 8
33 94 8
33 95 10
33 96 5
33 97 6
33 99 2
33 100 7
33 102 1
33 104 6
33 105 7
33 106 5
33 107 3
33 108 10
33 112 5
33 115 7
33 116 3
33 120 1
33 122 9
33 124 1
33 125 5
33 126 7
33 128 5
33 130 4
33 131 1
33 132 5
33 133 7
33 134 4
33 136 2
33 141 9
33 143 3
33 146 7
33 148 5
33 149 1
33 152 10
33 154 9
33 156 9
33 158 3
33 160 10
33 163 4
33 164 2
33 166 7
33 167 4
33 168 7
33 169 2
33 170 4
33 172 8
33 173 2
33 174 1
33 176 8
33 181 7
33 183 8
33 185 9
33 186 5
33 189 9
33 190 8
33 191 8
33 192 10
33 193 1
33 198 10
33 199 8
33 200 8
33 205 10
33 207 7
33 208 5
33 209 2
33 210 1
33 215 1
33 216 3
33 218 1
33 219 8
33 220 10
33 222 3
33 223 1
33 224 7
33 229 2
33 230 4
33 231 4
33 234 3
33 235 9
33 240 8
33 241 1
33 242 9
33 243 1
33 246 2
33 249 7
33 251 1
33 252 3
33 254 4
33 255 5
33 257 6
33 258 5
33 259 4
33 262 7
33 263 3
33 264 5
33 267 6
33 268 7
33 269 9
33 272 2
33 273 3
33 277 4
33 278 6
33 279 3
33 280 3
33 281 5
33 282 2
33 283 1
33 286 4
33 287 6
33 290 10
33 291 6
33 293 3
33 294 6
33 297 8
34 35 5
34 36 6
34 38 9
34 39 1
34 40 2
34 41 9
34 43 10
34 44 4
34 45 7
34 46 4
34 47 1
34 48 8
34 49 6
34 55 7
34 56 1
34 57 3
34 63 6
34 64 9
34 65 3
34 66 3
34 68 10
34 71 8
34 72 1
34 73 1
34 74 5
34 75 4
34 82 10
34 85 6
34 89 2
34 90 9
34 91 9
34 94 2
34 96 4
34 103 9
34 106 5
34 109 5
34 110 10
34 112 6
34 113 6
34 115 7
34 117 3
34 118 3
34 121 9
34 123 1
34 125 3
34 126 8
34 130 5
34 131 4
34 133 7
34 134 2
34 135 4
34 137 5
34 138 7
34 139 1
34 141 6
34 142 4
34 143 9
34 144 4
34 148 5
34 149 6
34 150 5
34 152 3
34 154 9
34 155 9
34 156 9
34 157 1
34 160 3
34 162 2
34 163 3
34 164 7
34 165 3
34 168 2
34 171 8
34 172 9
34 174 9
34 175 8
34 179 8
34 181 7
34 182 2
34 183 4
34 184 2
34 187 10
34 188 8
34 189 4
34 190 3
34 191 8
34 194 3
34 197 2
34 198 7
34 200 5
34 203 3
34 205 6
34 206 8
34 207 5
34 210 2
34 211 6
34 212 7
34 215 7
34 216 5
34 217 2
34 218 8
34 219 8
34 220 3
34 224 9
34 225 4
34 226 1
34 228 9
34 229 9
34 232 5
34 233 2
34 235 7
34 236 1
34 238 6
34 239 3
34 241 2
34 242 1
34 243 3
34 244 8
34 246 7
34 247 8
34 248 1
34 249 9
34 258 3
34 260 4
34 263 6
34 266 7
34 267 7
34 270 7
34 272 1
34 274 1
34 275 9
34 276 7
34 277 4
34 278 2
34 280 3
34 281 2
34 285 7
34 288 8
34 290 10
34 292 8
34 295 8
34 297 4
34 298 8
35 36 6
35 38 9
35 41 4
35 43 8
35 44 4
35 47 9
35 48 2
35 54 1
35 55 9
35 57 7
35 59 6
35 60 10
35 62 4
35 63 1
35 64 7
35 66 7
35 71 2
35 73 10
35 76 7
35 77 5
35 79 6
35 81 3
35 86 8
35 88 8
35 91 10
35 92 5
35 93 2
35 94 5
35 95 8
35 96 6
35 99 4
35 103 4
35 106 8
35 107 8
35 109 4
35 110 6
35 114 6
35 117 3
35 118 10
35 121 2
35 122 3
35 123 5
35 124 1
35 125 8
35 126 3
35 128 6
35 129 3
35 130 7
35 132 3
35 133 8
35 136 5
35 138 9
35 141 6
35 146 1
35 147 8
35 149 1
35 150 6
35 152 7
35 153 7
35 154 6
35 155 5
35 156 8
35 158 6
35 164 10
35 165 3
35 170 9
35 175 8
35 178 7
35 179 10
35 180 5
35 183 1
35 184 2
35 187 9
35 188 1
35 196 4
35 199 9
35 200 9
35 201 1
35 202 5
35 205 8
35 206 8
35 207 7
35 208 6
35 209 2
35 211 9
35 217 6
35 220 4
35 221 10
35 222 6
35 223 2
35 224 3
35 226 9
35 227 8
35 229 9
35 230 7
35 231 9
35 232 7
35 234 9
35 236 6
35 238 6
35 242 5
35 245 3
35 248 3
35 252 10
35 253 8
35 254 1
35 256 8
35 258 7
35 259 1
35 261 5
35 265 9
35 266 1
35 267 2
35 268 10
35 269 4
35 270 6
35 272 6
35 273 9
35 275 1
35 277 8
35 278 9
35 279 1
35 280 1
35 281 6
35 282 7
35 283 6
35 285 3
35 286 3
35 294 7
35 296 5
35 297 2
36 37 1
36 38 1
36 39 9
36 44 4
36 48 8
36 49 1
36 52 3
36 53 9
36 56 1
36 57 8
36 59 7
36 60 6
36 62 2
36 67 1
36 69 9
36 70 3
36 71 6
36 72 5
36 73 3
36 74 4
36 76 9
36 78 4
36 79 5
36 81 9
36 83 5
36 84 9
36 85 4
36 87 9
36 89 7
36 91 6
36 93 3
36 94 9
36 95 7
36 99 2
36 101 7
36 103 2
36 104 10
36 107 4
36 110 2
36 111 4
36 112 9
36 114 7
36 115 1
36 116 2
36 118 7
36 121 2
36 122 6
36 124 2
36 125 5
36 127 6
36 130 6
36 131 2
36 134 5
36 141 2
36 142 7
36 144 4
36 146 3
36 148 1
36 149 9
36 151 8
36 155 5
36 159 5
36 160 10
36 162 6
36 163 7
36 165 7
36 166 3
36 167 9
36 169 1
36 170 1
36 172 9
36 173 8
36 176 2
36 177 6
36 182 6
36 183 10
36 186 5
36 189 9
36 191 6
36 192 6
36 193 3
36 194 9
36 195 3
36 196 6
36 203 7
36 204 5
36 205 6
36 209 4
36 210 6
36 211 1
36 214 6
36 218 1
36 219 1
36 222 3
36 228 6
36 230 2
36 231 2
36 232 5
36 233 5
36 235 9
36 236 4
36 237 1
36 238 5
36 242 10
36 245 5
36 247 2
36 248 6
36 252 2
36 253 7
36 254 5
36 259 8
36 260 4
36 261 2
36 262 1
36 263 8
36 267 6
36 271 5
36 272 6
36 273 8
36 274 1
36 275 4
36 277 5
36 283 4
36 284 4
36 287 3
36 292 10
36 294 2
36 295 1
37 39 7
37 40 1
37 43 2
37 44 2
37 45 7
37 49 9
37 50 9
37 51 2
37 54 8
37 56 1
37 61 1
37 63 3
37 66 1
37 70 7
37 72 4
37 73 3
37 74 1
37 77 3
37 78 5
37 81 6
37 82 8
37 87 3
37 88 7
37 90 6
37 91 3
37 92 10
37 93 4
37 94 1
37 97 6
37 99 3
37 100 3
37 101 9
37 102 10
37 103 7
37 105 4
37 106 8
37 107 10
37 108 3
37 109 2
37 112 7
37 114 7
37 116 5
37 117 6
37 118 9
37 119 2
37 123 4
37 125 10
37 126 8
37 127 7
37 128 8
37 132 7
37 134 5
37 135 5
37 136 4
37 137 10
37 138 9
37 140 10
37 142 6
37 144 7
37 145 9
37 147 1
37 148 3
37 152 1
37 154 10
37 157 7
37 164 4
37 165 10
37 166 9
37 169 5
37 172 4
37 173 10
37 176 5
37 177 9
37 179 1
37 180 5
37 181 8
37 182 10
37 183 2
37 184 6
37 186 5
37 187 1
37 188 10
37 191 6
37 193 4
37 194 5
37 195 8
37 198 2
37 199 5
37 202 7
37 205 10
37 207 5
37 208 10
37 210 4
37 211 5
37 212 4
37 213 10
37 215 4
37 216 10
37 217 8
37 220 5
37 223 4
37 224 7
37 225 8
37 226 3
37 227 5
37 229 7
37 230 8
37 232 1
37 233 10
37 234 8
37 237 9
37 240 7
37 241 5
37 243 5
37 244 3
37 245 9
37 247 2
37 250 6
37 252 6
37 253 10
37 254 1
37 255 3
37 256 10
37 258 5
37 259 1
37 264 9
37 266 4
37 271 1
37 272 3
37 274 6
37 276 8
37 278 10
37 279 6
37 281 4
37 282 2
37 283 2
37 285 3
37 288 4
37 289 5
37 290 7
37 291 9
37 296 10
37 298 8
38 39 6
38 43 4
38 44 8
38 49 4
38 52 1
38 53 7
38 54 2
38 55 3
38 57 2
38 58 10
38 61 6
38 62 7
38 63 3
38 64 8
38 65 1
38 67 4
38 70 3
38 74 7
38 76 4
38 77 4
38 80 8
38 81 6
38 83 8
38 84 2
38 85 3
38 89 5
38 92 3
38 96 4
38 97 8
38 100 7
38 102 2
38 103 6
38 105 4
38 107 8
38 109 2
38 111 8
38 113 7
38 115 6
38 116 5
38 117 5
38 118 1
38 129 7
38 133 9
38 134 9
38 135 7
38 136 9
38 137 9
38 140 8
38 144 3
38 145 9
38 147 6
38 148 1
38 150 4
38 151 9
38 152 6
38 153 10
38 154 10
38 157 5
38 158 2
38 159 9
38 160 1
38 162 6
38 170 1
38 171 10
38 175 8
38 176 4
38 178 8
38 181 5
38 182 10
38 184 3
38 186 2
38 187 2
38 190 10
38 192 10
38 195 5
38 202 4
38 205 7
38 209 5
38 210 4
38 211 6
38 212 8
38 214 9
38 217 6
38 218 5
38 219 2
38 220 7
38 224 6
38 225 5
38 226 4
38 228 3
38 233 1
38 234 9
38 235 6
38 237 10
38 241 9
38 243 5
38 244 4
38 246 5
38 247 1
38 248 7
38 249 3
38 250 2
38 252 6
38 253 4
38 255 10
38 256 9
38 258 2
38 260 7
38 263 3
38 265 3
38 267 6
38 269 4
38 272 7
38 277 7
38 279 2
38 280 3
38 281 6
38 282 3
38 284 4
38 285 1
38 287 1
38 288 4
38 290 8
38 294 10
38 295 4
38 296 5
38 298 1
39 40 8
39 41 10
39 42 4
39 43 8
39 45 2
39 47 3
39 48 5
39 50 2
39 51 2
39 52 10
39 54 10
39 60 8
39 63 9
39 64 5
39 70 1
39 73 8
39 74 6
39 77 8
39 80 6
39 81 9
39 82 10
39 83 7
39 85 1
39 86 2
39 87 3
39 88 3
39 89 6
39 90 8
39 93 8
39 94 2
39 95 4
39 96 10
39 104 6
39 105 9
39 107 2
39 112 9
39 113 4
39 114 4
39 115 9
39 118 9
39 121 1
39 122 10
39 128 7
39 129 8
39 130 7
39 131 1
39 132 3
39 134 2
39 135 2
39 136 4
39 138 8
39 140 2
39 141 1
39 144 8
39 145 8
39 147 2
39 150 1
39 151 10
39 153 9
39 154 2
39 155 1
39 157 1
39 159 3
39 160 7
39 164 10
39 165 8
39 166 9
39 167 10
39 169 7
39 173 5
39 175 4
39 176 5
39 179 6
39 182 2
39 183 4
39 184 5
39 185 8
39 186 1
39 187 7
39 190 6
39 191 6
39 192 3
39 195 4
39 196 6
39 197 6
39 198 4
39 201 8
39 202 2
39 204 6
39 205 3
39 206 10
39 209 6
39 210 5
39 213 6
39 218 7
39 219 5
39 220 4
39 221 9
39 225 6
39 227 9
39 230 9
39 231 2
39 233 10
39 237 3
39 238 10
39 239 3
39 240 3
39 241 6
39 244 5
39 246 7
39 247 5
39 249 3
39 252 5
39 257 3
39 258 1
39 259 8
39 260 6
39 261 3
39 262 5
39 265 7
39 266 10
39 267 1
39 268 3
39 269 4
39 270 5
39 275 4
39 276 2
39 278 6
39 279 5
39 280 10
39 281 7
39 282 4
39 284 4
39 287 8
39 288 8
39 293 1
39 294 3
39 296 4
39 297 9
39 298 3
40 41 7
40 43 1
40 44 9
40 45 4
40 47 3
40 50 7
40 51 7
40 53 6
40 56 7
40 57 8
40 60 6
40 61 1
40 64 3
40 65 5
40 67 2
40 69 2
40 70 5
40 71 8
40 75 5
40 77 10
40 79 3
40 80 2
40 82 2
40 84 2
40 85 9
40 87 3
40 88 2
40 89 1
40 91 3
40 94 1
40 97 6
40 103 4
40 104 2
40 106 1
40 107 5
40 108 7
40 115 1
40 116 8
40 118 4
40 121 5
40 122 9
40 124 2
40 125 10
40 126 5
40 132 9
40 134 10
40 136 10
40 137 5
40 139 10
40 140 6
40 145 8
40 146 1
40 147 1
40 149 10
40 153 8
40 154 8
40 156 10
40 157 1
40 160 3
40 164 9
40 165 4
40 166 1
40 167 7
40 170 5
40 171 9
40 172 6
40 173 5
40 176 2
40 177 10
40 179 7
40 181 2
40 182 8
40 183 4
40 184 1
40 185 5
40 191 1
40 192 10
40 193 7
40 194 5
40 195 9
40 196 7
40 198 5
40 200 10
40 201 9
40 202 2
40 205 1
40 206 9
40 207 4
40 209 10
40 210 9
40 211 4
40 213 5
40 217 2
40 219 8
40 220 6
40 221 10
40 223 3
40 224 2
40 226 2
40 227 3
40 229 2
40 231 4
40 233 10
40 234 10
40 235 8
40 236 6
40 240 2
40 241 8
40 248 8
40 249 9
40 251 6
40 252 5
40 253 2
40 254 8
40 260 4
40 262 3
40 263 8
40 267 3
40 269 3
40 270 8
40 273 1
40 274 7
40 276 5
40 279 3
40 280 6
40 283 1
40 286 9
40 288 5
40 289 2
40 290 1
40 291 10
40 293 1
40 294 2
40 298 8
41 43 3
41 46 4
41 47 8
41 50 1
41 51 4
41 55 2
41 57 9
41 58 10
41 60 9
41 61 1
41 64 5
41 65 2
41 67 9
41 68 4
41 69 8
41 70 9
41 71 10
41 73 1
41 76 5
41 79 5
41 81 6
41 83 10
41 84 5
41 87 9
41 88 10
41 93 8
41 99 3
41 101 9
41 103 4
41 104 10
41 105 10
41 106 1
41 108 5
41 109 4
41 110 10
41 111 1
41 113 10
41 115 2
41 119 8
41 121 8
41 123 9
41 124 4
41 125 10
41 127 10
41 129 7
41 130 8
41 133 3
41 134 3
41 135 3
41 136 1
41 138 10
41 140 5
41 144 6
41 145 4
41 147 4
41 148 6
41 150 4
41 151 7
41 153 9
41 154 1
41 156 5
41 158 9
41 159 2
41 160 1
41 161 10
41 162 3
41 163 3
41 164 3
41 167 2
41 169 3
41 170 7
41 172 8
41 175 4
41 178 10
41 180 1
41 181 4
41 182 3
41 183 5
41 186 2
41 188 3
41 189 4
41 190 5
41 191 6
41 192 5
41 193 6
41 197 2
41 198 9
41 199 4
41 203 2
41 213 2
41 219 5
41 220 9
41 221 3
41 225 10
41 227 4
41 231 2
41 232 9
41 234 10
41 236 3
41 237 6
41 238 3
41 239 6
41 240 6
41 242 1
41 243 3
41 247 7
41 250 4
41 252 3
41 253 2
41 254 3
41 260 5
41 261 5
41 262 10
41 263 1
41 264 8
41 265 2
41 266 8
41 268 1
41 269 5
41 270 3
41 272 8
41 274 8
41 275 2
41 278 5
41 279 3
41 280 5
41 281 5
41 282 10
41 284 5
41 285 9
41 288 1
41 290 10
41 291 1
41 294 8
41 295 4
41 298 5
41 299 5
42 43 3
42 44 2
42 45 2
42 47 3
42 49 5
42 52 10
42 54 1
42 56 2
42 58 8
42 59 7
42 61 10
42 63 3
42 64 9
42 65 5
42 67 5
42 68 4
42 71 8
42 75 4
42 76 1
42 77 6
42 78 9
42 83 8
42 85 10
42 86 8
42 87 5
42 88 5
42 91 3
42 92 4
42 94 4
42 96 2
42 99 3
42 100 8
42 103 2
42 104 2
42 106 2
42 108 10
42 109 5
42 113 9
42 116 3
42 117 6
42 119 9
42 121 5
42 124 7
42 127 7
42 128 8
42 129 3
42 131 8
42 132 7
42 133 7
42 134 3
42 136 8
42 137 7
42 138 9
42 140 1
42 147 9
42 148 6
42 152 2
42 154 5
42 155 9
42 156 3
42 157 3
42 158 3
42 159 1
42 161 2
42 162 10
42 164 3
42 165 6
42 169 9
42 170 1
42 173 9
42 174 4
42 177 5
42 179 7
42 181 8
42 185 5
42 187 9
42 188 10
42 191 1
42 192 9
42 193 9
42 194 3
42 196 7
42 198 1
42 199 9
42 201 2
42 204 7
42 207 6
42 209 2
42 210 2
42 212 8
42 214 6
42 218 10
42 219 1
42 222 8
42 223 6
42 224 8
42 229 6
42 233 2
42 236 10
42 240 8
42 241 8
42 243 4
42 244 7
42 246 1
42 250 10
42 251 10
42 252 8
42 257 8
42 260 2
42 261 9
42 263 7
42 265 4
42 267 3
42 270 9
42 271 10
42 274 5
42 275 3
42 276 9
42 277 4
42 279 5
42 281 9
42 282 4
42 284 9
42 285 6
42 288 7
42 289 4
42 291 4
42 293 3
42 294 3
43 44 5
43 45 10
43 49 10
43 54 6
43 57 6
43 59 6
43 60 10
43 62 3
43 65 7
43 66 2
43 68 4
43 69 7
43 72 4
43 77 9
43 80 2
43 86 5
43 88 6
43 91 4
43 92 4
43 94 7
43 104 4
43 106 9
43 108 6
43 113 7
43 115 4
43 117 9
43 118 8
43 119 7
43 120 5
43 122 5
43 124 9
43 127 5
43 128 7
43 129 9
43 133 3
43 137 8
43 139 8
43 142 5
43 143 5
43 144 1
43 145 4
43 146 1
43 148 6
43 153 5
43 154 3
43 161 4
43 163 6
43 164 8
43 167 10
43 168 8
43 171 8
43 173 4
43 177 10
43 179 9
43 181 5
43 182 3
43 185 5
43 186 9
43 189 5
43 190 2
43 192 7
43 193 6
43 194 5
43 195 3
43 198 4
43 201 7
43 211 4
43 212 10
43 215 1
43 216 2
43 218 5
43 221 4
43 223 3
43 227 9
43 228 2
43 236 1
43 238 3
43 240 9
43 241 2
43 243 7
43 246 6
43 247 2
43 249 4
43 251 7
43 257 3
43 261 2
43 262 6
43 265 7
43 269 8
43 272 10
43 273 3
43 276 2
43 277 10
43 283 6
43 286 8
43 287 2
43 289 1
43 290 10
43 291 9
43 295 2
43 296 1
43 298 9
43 299 5
44 45 8
44 46 7
44 49 5
44 50 3
44 51 5
44 52 1
44 55 9
44 58 2
44 61 1
44 62 9
44 63 4
44 66 10
44 67 8
44 68 10
44 73 2
44 75 7
44 76 5
44 77 1
44 85 3
44 86 10
44 88 2
44 89 2
44 94 7
44 95 8
44 96 2
44 97 7
44 100 2
44 107 8
44 108 6
44 109 4
44 111 3
44 112 2
44 113 9
44 115 8
44 116 8
44 117 6
44 124 5
44 127 1
44 131 10
44 133 7
44 134 6
44 135 1
44 136 4
44 138 9
44 139 7
44 140 2
44 141 1
44 142 1
44 145 10
44 151 1
44 153 8
44 160 1
44 161 7
44 162 10
44 164 3
44 169 5
44 170 5
44 173 5
44 177 10
44 178 6
44 179 8
44 181 7
44 183 1
44 186 3
44 187 9
44 193 8
44 195 3
44 196 9
44 197 2
44 200 3
44 204 6
44 207 10
44 209 8
44 210 9
44 211 3
44 214 2
44 217 8
44 219 10
44 221 8
44 223 8
44 225 7
44 226 3
44 227 2
44 229 3
44 232 5
44 234 7
44 236 1
44 237 10
44 242 4
44 243 1
44 245 4
44 246 8
44 247 8
44 249 10
44 252 2
44 254 7
44 255 9
44 257 5
44 260 9
44 261 5
44 262 1
44 265 4
44 268 3
44 269 4
44 271 3
44 272 9
44 273 7
44 274 6
44 275 6
44 276 4
44 278 4
44 280 2
44 281 2
44 284 1
44 286 9
44 288 9
44 291 8
44 293 5
44 294 9
44 295 4
44 296 8
44 297 3
45 47 5
45 48 3
45 51 3
45 56 8
45 58 4
45 62 9
45 64 8
45 66 10
45 68 8
45 69 6
45 71 1
45 75 9
45 76 4
45 78 6
45 79 6
45 82 3
45 83 3
45 85 7
45 87 5
45 88 10
45 90 6
45 91 3
45 92 5
45 93 7
45 94 5
45 96 6
45 97 7
45 98 8
45 99 9
45 106 7
45 108 6
45 109 6
45 110 8
45 112 10
45 116 7
45 117 7
45 119 2
45 120 10
45 122 4
45 123 10
45 125 9
45 127 1
45 130 8
45 131 3
45 133 6
45 134 4
45 135 2
45 137 9
45 139 1
45 146 5
45 147 2
45 149 1
45 151 7
45 153 5
45 154 6
45 155 8
45 157 5
45 161 10
45 163 1
45 164 9
45 167 6
45 168 1
45 171 8
45 173 8
45 179 10
45 180 10
45 182 3
45 183 4
45 184 1
45 185 1
45 186 7
45 191 8
45 199 5
45 200 9
45 201 1
45 202 5
45 203 2
45 208 7
45 211 4
45 214 2
45 216 9
45 217 4
45 219 8
45 220 3
45 223 2
45 225 9
45 226 5
45 227 3
45 228 5
45 229 1
45 230 1
45 233 2
45 234 7
45 236 5
45 240 4
45 241 10
45 243 4
45 244 2
45 247 9
45 251 6
45 252 10
45 256 6
45 257 5
45 260 10
45 262 10
45 264 9
45 267 10
45 268 9
45 269 10
45 270 5
45 274 10
45 275 3
45 279 5
45 282 1
45 285 6
45 286 3
45 288 4
45 290 8
45 291 7
45 293 7
45 295 2
45 296 1
45 297 6
45 298 1
46 47 2
46 48 9
46 51 10
46 52 5
46 55 4
46 56 2
46 57 6
46 58 4
46 59 3
46 60 6
46 65 5
46 66 1
46 67 10
46 69 2
46 74 1
46 75 9
46 81 7
46 83 7
46 84 4
46 85 8
46 89 9
46 92 8
46 94 9
46 97 1
46 100 7
46 101 5
46 103 3
46 105 3
46 106 7
46 108 5
46 110 3
46 112 10
46 113 2
46 114 2
46 115 6
46 119 7
46 121 10
46 122 5
46 124 4
46 125 10
46 126 3
46 127 9
46 130 5
46 131 6
46 134 9
46 136 2
46 137 5
46 138 1
46 139 2
46 140 4
46 141 6
46 142 5
46 143 3
46 146 7
46 147 5
46 149 10
46 151 2
46 153 4
46 155 1
46 156 1
46 157 3
46 158 6
46 159 7
46 162 3
46 163 4
46 164 7
46 165 8
46 168 2
46 169 7
46 170 1
46 171 7
46 175 4
46 177 2
46 178 10
46 179 1
46 180 6
46 181 2
46 182 1
46 184 9
46 190 4
46 191 4
46 192 10
46 193 1
46 196 9
46 198 5
46 200 2
46 201 1
46 202 4
46 204 9
46 207 3
46 208 10
46 212 10
46 213 7
46 216 8
46 217 4
46 219 8
46 220 8
46 222 7
46 224 8
46 225 1
46 226 6
46 227 5
46 235 7
46 238 10
46 240 5
46 242 3
46 244 8
46 245 5
46 246 1
46 247 5
46 250 3
46 251 8
46 253 3
46 258 7
46 259 9
46 260 4
46 262 9
46 263 3
46 264 3
46 266 10
46 269 8
46 270 7
46 275 1
46 276 6
46 278 5
46 279 9
46 283 6
46 285 6
46 286 3
46 287 7
46 288 4
46 291 10
46 294 7
46 295 4
46 297 8
47 49 2
47 50 2
47 53 4
47 54 6
47 56 6
47 57 1
47 60 1
47 62 9
47 63 6
47 64 5
47 65 8
47 66 10
47 69 8
47 72 10
47 74 5
47 78 7
47 80 1
47 82 8
47 85 3
47 87 6
47 88 8
47 92 5
47 95 7
47 96 9
47 98 9
47 99 8
47 100 6
47 101 3
47 102 6
47 103 8
47 107 10
47 108 6
47 109 7
47 113 1
47 120 5
47 121 1
47 125 4
47 127 10
47 128 1
47 129 1
47 130 2
47 131 2
47 134 3
47 135 5
47 138 7
47 143 4
47 144 3
47 145 3
47 146 2
47 147 2
47 148 1
47 149 5
47 150 10
47 151 2
47 154 2
47 155 1
47 159 9
47 160 9
47 162 3
47 163 1
47 164 10
47 165 8
47 166 3
47 170 1
47 176 3
47 177 9
47 179 10
47 182 6
47 183 6
47 185 8
47 187 10
47 188 1
47 189 1
47 190 10
47 191 5
47 192 6
47 193 7
47 194 8
47 201 9
47 202 7
47 205 5
47 209 9
47 217 9
47 218 1
47 219 3
47 222 3
47 226 6
47 228 8
47 230 8
47 233 2
47 237 8
47 239 4
47 240 8
47 241 5
47 244 4
47 248 7
47 251 8
47 252 3
47 260 2
47 267 10
47 273 1
47 274 10
47 276 7
47 280 7
47 281 5
47 282 4
47 284 1
47 286 3
47 289 8
47 290 5
47 293 6
47 294 1
47 295 4
47 297 4
47 298 10
48 50 2
48 52 3
48 53 1
48 54 8
48 55 5
48 57 6
48 58 2
48 60 8
48 61 8
48 62 1
48 64 4
48 65 4
48 66 1
48 67 6
48 69 6
48 71 5
48 72 3
48 73 9
48 74 7
48 75 3
48 78 10
48 80 4
48 83 7
48 85 3
48 86 10
48 87 10
48 88 4
48 90 1
48 92 4
48 96 9
48 98 5
48 100 8
48 101 6
48 104 7
48 105 3
48 106 2
48 107 8
48 111 10
48 113 9
48 115 2
48 118 5
48 121 1
48 123 9
48 124 9
48 125 6
48 126 9
48 127 5
48 128 8
48 130 3
48 131 8
48 132 7
48 137 3
48 138 1
48 139 7
48 142 4
48 143 8
48 146 9
48 147 1
48 151 10
48 152 7
48 154 9
48 158 8
48 159 9
48 160 4
48 162 3
48 163 7
48 164 3
48 166 5
48 167 5
48 171 10
48 172 7
48 175 6
48 177 3
48 178 6
48 179 3
48 181 2
48 182 6
48 184 5
48 185 3
48 186 1
48 188 1
48 189 5
48 191 7
48 194 4
48 196 10
48 200 8
48 201 2
48 202 9
48 203 5
48 204 9
48 208 7
48 209 2
48 212 10
48 216 6
48 219 3
48 220 2
48 221 6
48 222 5
48 223 9
48 226 1
48 229 9
48 233 10
48 239 4
48 241 9
48 243 1
48 244 8
48 245 7
48 246 10
48 248 5
48 250 7
48 251 6
48 252 3
48 255 4
48 257 7
48 258 1
48 261 4
48 269 10
48 270 10
48 271 10
48 272 8
48 275 1
48 276 8
48 277 7
48 278 2
48 280 8
48 284 5
48 285 1
48 288 2
48 289 7
48 290 7
48 294 3
48 296 1
48 298 8
49 50 7
49 53 10
49 57 3
49 60 2
49 62 10
49 63 5
49 64 7
49 65 1
49 68 2
49 70 4
49 74 8
49 75 9
49 78 4
49 81 10
49 83 3
49 84 5
49 85 2
49 88 4
49 89 10
49 90 6
49 91 1
49 92 3
49 94 10
49 96 8
49 98 1
49 102 10
49 105 3
49 106 8
49 108 7
49 109 7
49 110 8
49 113 9
49 116 10
49 118 9
49 119 8
49 122 2
49 125 5
49 128 5
49 129 8
49 130 1
49 132 9
49 133 8
49 134 9
49 135 9
49 136 1
49 137 9
49 138 6
49 139 8
49 142 5
49 143 6
49 144 5
49 145 3
49 147 6
49 149 2
49 151 1
49 153 3
49 155 1
49 158 3
49 159 3
49 163 3
49 167 1
49 169 10
49 170 5
49 171 10
49 172 1
49 173 7
49 174 2
49 176 3
49 177 2
49 179 4
49 181 6
49 183 4
49 184 4
49 185 5
49 186 4
49 189 9
49 190 3
49 191 9
49 192 9
49 194 9
49 195 3
49 202 10
49 204 9
49 206 3
49 208 10
49 209 2
49 211 7
49 212 7
49 214 2
49 216 5
49 217 10
49 219 2
49 220 10
49 221 3
49 226 4
49 230 10
49 232 10
49 234 7
49 235 3
49 237 5
49 238 4
49 239 4
49 242 7
49 244 8
49 245 7
49 249 1
49 251 5
49 252 8
49 253 7
49 254 3
49 255 9
49 259 10
49 260 10
49 261 8
49 262 7
49 263 7
49 266 9
49 267 9
49 268 3
49 269 9
49 272 8
49 274 10
49 278 7
49 284 10
49 286 1
49 288 4
49 290 5
49 291 8
49 293 8
49 294 7
49 295 1
49 296 1
49 297 9
49 298 2
49 299 2
50 52 6
50 57 1
50 58 5
50 59 7
50 60 9
50 61 3
50 62 9
50 63 5
50 64 4
50 66 8
50 67 2
50 68 6
50 72 5
50 73 4
50 74 6
50 75 8
50 77 1
50 79 9
50 81 9
50 84 6
50 85 2
50 86 1
50 88 4
50 90 6
50 92 6
50 93 10
50 94 2
50 96 8
50 97 5
50 99 10
50 101 5
50 102 6
50 104 7
50 105 1
50 106 8
50 108 1
50 112 8
50 115 4
50 117 2
50 119 1
50 120 1
50 122 10
50 123 1
50 124 1
50 125 3
50 126 6
50 128 9
50 130 10
50 132 7
50 134 6
50 136 5
50 137 5
50 139 4
50 140 5
50 141 7
50 142 10
50 145 7
50 146 10
50 147 9
50 153 2
50 157 4
50 166 4
50 168 8
50 169 9
50 171 2
50 174 8
50 177 3
50 181 5
50 183 7
50 184 7
50 185 4
50 187 9
50 189 8
50 190 2
50 191 7
50 192 10
50 193 9
50 195 4
50 196 1
50 198 2
50 200 9
50 201 8
50 202 3
50 204 5
50 205 2
50 207 6
50 210 3
50 212 7
50 214 9
50 215 8
50 216 5
50 217 10
50 218 5
50 219 8
50 221 3
50 223 3
50 224 2
50 229 4
50 230 3
50 231 4
50 233 2
50 236 10
50 238 9
50 240 2
50 241 7
50 246 1
50 247 9
50 248 3
50 250 5
50 255 5
50 256 10
50 258 6
50 261 3
50 264 9
50 269 4
50 271 5
50 273 4
50 275 2
50 277 1
50 278 8
50 279 6
50 280 2
50 281 9
50 282 1
50 284 5
50 285 7
50 286 10
50 287 1
50 288 2
50 293 5
50 294 7
51 52 2
51 53 1
51 54 6
51 55 8
51 56 5
51 57 1
51 58 1
51 60 6
51 61 7
51 62 4
51 64 4
51 66 3
51 67 10
51 68 3
51 70 2
51 71 2
51 75 3
51 78 8
51 79 7
51 81 6
51 83 10
51 88 6
51 93 8
51 94 10
51 95 4
51 98 2
51 99 3
51 108 7
51 111 5
51 116 6
51 117 7
51 118 3
51 121 8
51 126 9
51 127 2
51 129 8
51 130 1
51 132 3
51 133 7
51 135 2
51 136 5
51 138 9
51 140 8
51 141 8
51 142 1
51 145 9
51 148 8
51 153 3
51 155 7
51 157 3
51 159 1
51 160 2
51 161 8
51 164 1
51 166 3
51 168 9
51 171 9
51 172 4
51 174 9
51 177 1
51 179 10
51 180 4
51 181 9
51 183 10
51 186 7
51 190 5
51 191 8
51 196 5
51 197 2
51 198 2
51 201 1
51 202 1
51 204 3
51 205 4
51 207 1
51 208 1
51 209 6
51 217 7
51 218 7
51 221 8
51 224 9
51 225 9
51 226 1
51 228 10
51 231 9
51 232 9
51 236 10
51 238 6
51 241 6
51 243 4
51 245 10
51 246 9
51 247 9
51 248 4
51 249 8
51 253 6
51 257 5
51 261 6
51 262 4
51 263 6
51 266 10
51 268 2
51 270 5
51 271 7
51 273 7
51 275 1
51 276 10
51 278 10
51 279 5
51 280 4
51 281 2
51 282 1
51 283 5
51 284 9
51 286 9
51 287 5
51 288 6
51 289 10
51 291 7
51 297 1
51 298 9
51 299 9
52 53 4
52 55 2
52 56 7
52 58 7
52 59 2
52 68 3
52 70 5
52 73 2
52 75 4
52 77 8
52 78 1
52 79 2
52 82 7
52 83 4
52 84 6
52 85 4
52 87 5
52 91 5
52 92 2
52 97 4
52 98 1
52 100 5
52 105 1
52 107 4
52 110 1
52 112 2
52 113 7
52 115 9
52 117 5
52 118 2
52 121 2
52 122 4
52 124 10
52 125 1
52 127 7
52 129 7
52 130 5
52 131 3
52 132 9
52 133 8
52 135 5
52 137 8
52 138 5
52 143 1
52 144 2
52 150 4
52 151 2
52 152 7
52 153 1
52 157 9
52 158 3
52 161 2
52 162 3
52 164 9
52 165 4
52 169 2
52 171 1
52 172 9
52 173 5
52 174 1
52 179 4
52 180 5
52 181 3
52 182 6
52 183 2
52 185 2
52 187 10
52 188 5
52 189 3
52 190 8
52 191 2
52 195 6
52 196 5
52 197 8
52 198 1
52 201 2
52 205 8
52 206 3
52 207 9
52 208 1
52 209 4
52 212 5
52 213 10
52 214 10
52 216 5
52 218 3
52 219 1
52 228 6
52 230 9
52 234 4
52 235 10
52 236 8
52 237 6
52 239 6
52 246 1
52 247 6
52 250 4
52 252 1
52 255 9
52 256 5
52 259 1
52 261 6
52 263 5
52 264 8
52 266 3
52 269 3
52 270 9
52 272 3
52 273 10
52 274 1
52 276 10
52 281 8
52 284 3
52 285 5
52 289 2
52 290 1
52 291 4
52 292 2
52 296 9
53 54 1
53 56 10
53 58 2
53 63 9
53 68 7
53 70 8
53 71 1
53 72 6
53 74 9
53 75 5
53 76 9
53 77 5
53 79 9
53 82 5
53 86 4
53 89 10
53 90 2
53 91 10
53 92 7
53 93 7
53 95 2
53 96 6
53 97 7
53 98 8
53 99 1
53 100 4
53 102 7
53 111 9
53 112 5
53 116 3
53 117 3
53 118 8
53 120 4
53 121 6
53 126 7
53 127 5
53 129 3
53 130 8
53 133 1
53 134 6
53 139 6
53 143 10
53 144 7
53 147 4
53 148 7
53 151 9
53 153 3
53 155 7
53 156 1
53 159 10
53 160 3
53 162 3
53 165 8
53 166 9
53 167 6
53 168 9
53 170 6
53 172 6
53 175 8
53 176 3
53 177 5
53 178 6
53 180 2
53 182 5
53 183 10
53 187 10
53 188 7
53 190 9
53 193 1
53 199 10
53 203 8
53 204 8
53 205 10
53 207 8
53 210 2
53 213 10
53 215 9
53 217 8
53 218 5
53 219 6
53 220 6
53 221 3
53 223 10
53 224 10
53 225 6
53 226 8
53 227 7
53 228 2
53 231 4
53 233 1
53 234 4
53 235 7
53 236 5
53 237 10
53 239 3
53 242 6
53 243 1
53 246 4
53 247 4
53 248 6
53 253 3
53 258 3
53 259 7
53 260 6
53 261 5
53 262 4
53 263 4
53 265 6
53 268 6
53 270 6
53 272 5
53 274 1
53 277 5
53 280 10
53 281 4
53 282 3
53 283 2
53 286 7
53 287 6
53 291 8
53 292 2
53 293 1
53 294 1
53 296 9
53 299 2
54 55 8
54 57 8
54 60 2
54 62 1
54 63 7
54 67 1
54 68 4
54 69 5
54 71 7
54 73 5
54 76 8
54 77 9
54 78 4
54 79 4
54 80 2
54 81 10
54 88 6
54 91 10
54 93 1
54 95 4
54 97 2
54 99 10
54 101 5
54 103 2
54 105 2
54 107 4
54 109 5
54 110 8
54 112 5
54 113 6
54 114 1
54 115 10
54 116 7
54 123 8
54 126 7
54 127 6
54 128 7
54 129 6
54 130 6
54 139 8
54 140 7
54 141 9
54 143 8
54 147 3
54 148 4
54 151 5
54 152 6
54 154 10
54 155 10
54 158 3
54 159 6
54 160 1
54 162 5
54 163 1
54 165 7
54 167 4
54 168 8
54 170 6
54 171 1
54 173 7
54 174 8
54 175 3
54 176 10
54 177 2
54 180 2
54 182 8
54 183 4
54 184 4
54 188 1
54 189 10
54 194 8
54 195 8
54 196 7
54 197 1
54 198 5
54 202 10
54 204 5
54 209 10
54 210 8
54 211 4
54 212 4
54 214 3
54 216 7
54 217 9
54 219 8
54 220 4
54 221 9
54 224 5
54 225 3
54 227 10
54 229 3
54 230 1
54 231 3
54 232 2
54 234 8
54 235 3
54 236 8
54 238 4
54 241 9
54 243 8
54 245 1
54 251 3
54 253 9
54 254 10
54 259 4
54 260 6
54 265 1
54 266 4
54 269 2
54 270 3
54 271 2
54 273 10
54 278 3
54 279 10
54 283 7
54 284 7
54 286 2
54 290 1
55 58 9
55 60 2
55 65 2
55 67 7
55 75 6
55 78 10
55 81 2
55 84 8
55 86 8
55 88 5
55 90 3
55 91 7
55 94 9
55 95 1
55 98 7
55 100 1
55 108 5
55 110 3
55 111 10
55 112 1
55 113 10
55 118 9
55 119 5
55 122 7
55 125 8
55 127 2
55 130 9
55 133 3
55 136 10
55 141 3
55 142 9
55 144 5
55 147 3
55 148 9
55 152 6
55 156 5
55 158 2
55 163 5
55 165 7
55 167 1
55 168 3
55 169 10
55 170 2
55 174 10
55 176 3
55 177 8
55 179 3
55 181 6
55 183 10
55 184 3
55 185 1
55 187 5
55 189 6
55 190 6
55 191 5
55 193 10
55 194 5
55 195 10
55 196 10
55 197 2
55 198 5
55 199 9
55 201 5
55 202 4
55 203 2
55 207 3
55 209 8
55 218 2
55 220 10
55 223 7
55 225 2
55 226 10
55 227 7
55 228 1
55 230 5
55 232 3
55 234 7
55 235 10
55 237 10
55 238 1
55 242 4
55 243 2
55 244 5
55 245 6
55 246 9
55 249 9
55 250 1
55 253 7
55 254 4
55 255 2
55 258 5
55 261 5
55 263 10
55 265 4
55 266 6
55 268 8
55 269 3
55 270 2
55 271 8
55 274 9
55 279 10
55 282 5
55 289 9
55 290 3
55 293 7
55 296 8
55 299 10
56 57 7
56 63 8
56 65 2
56 66 1
56 67 3
56 70 2
56 74 5
56 77 1
56 79 9
56 81 3
56 82 1
56 84 10
56 86 2
56 87 2
56 89 7
56 91 6
56 93 8
56 94 3
56 98 4
56 99 7
56 103 8
56 104 8
56 105 4
56 108 1
56 110 3
56 111 2
56 112 6
56 114 9
56 117 10
56 118 1
56 120 1
56 122 8
56 123 10
56 125 5
56 126 9
56 127 2
56 136 1
56 137 8
56 139 2
56 144 5
56 145 5
56 147 9
56 151 5
56 152 1
56 153 4
56 155 3
56 156 1
56 157 4
56 160 5
56 162 6
56 165 7
56 168 9
56 170 5
56 171 7
56 176 6
56 178 3
56 180 6
56 185 10
56 189 10
56 195 7
56 197 9
56 198 1
56 199 6
56 201 3
56 203 2
56 206 4
56 207 2
56 209 7
56 210 3
56 211 10
56 214 2
56 215 1
56 222 9
56 227 4
56 228 2
56 229 3
56 232 2
56 236 3
56 238 4
56 240 8
56 242 9
56 244 1
56 247 3
56 250 4
56 252 7
56 253 10
56 259 6
56 260 2
56 261 4
56 264 1
56 265 5
56 267 8
56 272 1
56 273 6
56 274 7
56 275 4
56 279 4
56 280 10
56 282 10
56 283 8
56 284 2
56 285 6
56 286 4
56 287 2
56 288 3
56 290 2
56 293 2
56 296 2
56 297 10
56 299 10
57 59 9
57 63 8
57 66 5
57 67 7
57 68 5
57 71 3
57 73 5
57 74 6
57 76 3
57 77 9
57 78 3
57 79 1
57 83 8
57 84 6
57 85 3
57 86 2
57 89 4
57 90 5
57 91 2
57 95 9
57 96 9
57 97 1
57 98 7
57 99 6
57 100 10
57 101 10
57 105 10
57 109 7
57 112 7
57 113 1
57 118 4
57 119 2
57 120 10
57 123 6
57 125 3
57 126 9
57 128 10
57 130 6
57 136 7
57 137 6
57 138 6
57 139 10
57 140 7
57 143 6
57 144 4
57 145 9
57 148 7
57 151 8
57 152 5
57 155 10
57 156 1
57 158 4
57 161 8
57 162 9
57 163 4
57 166 9
57 167 2
57 168 5
57 172 10
57 176 10
57 177 5
57 178 10
57 179 7
57 181 6
57 182 7
57 183 9
57 184 7
57 185 3
57 186 7
57 187 6
57 188 9
57 189 5
57 191 2
57 192 10
57 193 3
57 194 5
57 196 10
57 197 5
57 200 1
57 201 5
57 203 7
57 205 9
57 206 8
57 209 8
57 214 9
57 218 10
57 220 3
57 221 7
57 222 1
57 223 3
57 224 1
57 226 7
57 234 6
57 235 3
57 247 7
57 249 10
57 250 6
57 253 2
57 256 9
57 258 7
57 259 7
57 260 8
57 264 6
57 266 9
57 269 2
57 270 3
57 275 9
57 276 2
57 279 1
57 280 9
57 281 8
57 282 1
57 283 2
57 284 3
57 286 5
57 288 2
57 289 7
57 290 8
57 292 4
57 296 4
57 297 1
58 59 4
58 61 9
58 65 3
58 67 2
58 75 3
58 76 10
58 79 4
58 81 9
58 83 7
58 84 7
58 89 2
58 90 3
58 91 6
58 97 5
58 98 10
58 100 3
58 101 10
58 105 10
58 106 1
58 111 4
58 112 9
58 113 4
58 114 6
58 117 10
58 119 9
58 120 7
58 121 3
58 122 7
58 123 3
58 125 9
58 127 3
58 128 5
58 129 2
58 130 6
58 131 9
58 132 4
58 135 8
58 136 7
58 138 4
58 141 6
58 142 5
58 143 10
58 144 10
58 145 1
58 146 1
58 148 8
58 154 5
58 157 4
58 159 10
58 160 5
58 163 2
58 167 5
58 169 3
58 170 1
58 171 5
58 175 6
58 176 5
58 177 4
58 180 9
58 181 3
58 182 7
58 186 10
58 190 10
58 194 10
58 197 4
58 199 3
58 200 6
58 201 4
58 203 8
58 204 2
58 205 1
58 206 6
58 207 10
58 208 9
58 209 10
58 211 8
58 212 6
58 216 3
58 219 10
58 220 8
58 221 5
58 222 5
58 223 10
58 224 5
58 226 5
58 229 5
58 231 2
58 232 7
58 233 3
58 234 7
58 237 10
58 238 9
58 243 5
58 245 6
58 246 4
58 247 5
58 250 8
58 251 5
58 254 3
58 256 10
58 257 6
58 258 2
58 261 6
58 262 4
58 263 4
58 264 1
58 265 5
58 266 9
58 268 7
58 269 2
58 270 2
58 275 7
58 276 8
58 280 3
58 281 10
58 283 8
58 284 9
58 290 8
58 291 4
58 292 1
58 296 1
58 297 1
58 298 8
58 299 1
59 60 10
59 61 10
59 62 7
59 63 6
59 64 4
59 66 3
59 68 4
59 69 2
59 71 7
59 73 2
59 75 7
59 78 4
59 79 4
59 80 2
59 81 3
59 82 3
59 83 1
59 84 10
59 85 3
59 88 3
59 89 5
59 92 9
59 93 2
59 94 10
59 95 1
59 97 6
59 102 3
59 103 2
59 105 10
59 106 5
59 107 4
59 108 4
59 112 7
59 115 10
59 116 8
59 117 5
59 122 7
59 127 7
59 128 9
59 129 4
59 131 3
59 133 7
59 137 7
59 141 10
59 146 10
59 150 8
59 152 4
59 153 9
59 154 10
59 155 9
59 156 2
59 157 8
59 158 1
59 159 4
59 160 2
59 161 2
59 162 10
59 163 1
59 164 7
59 172 4
59 173 9
59 176 9
59 177 8
59 180 3
59 181 3
59 185 3
59 186 9
59 187 9
59 188 10
59 190 4
59 193 1
59 198 10
59 205 10
59 206 6
59 207 2
59 221 8
59 222 1
59 224 9
59 226 9
59 230 3
59 232 3
59 233 8
59 234 7
59 236 2
59 237 10
59 238 8
59 239 10
59 240 2
59 243 6
59 244 3
59 246 2
59 248 1
59 249 6
59 255 5
59 257 7
59 259 2
59 264 8
59 265 1
59 266 5
59 268 5
59 271 6
59 272 6
59 273 6
59 276 3
59 277 8
59 281 9
59 282 9
59 283 3
59 289 6
59 294 4
59 296 6
59 297 9
59 298 1
60 61 1
60 62 9
60 63 3
60 64 8
60 65 4
60 67 9
60 68 4
60 70 4
60 73 8
60 75 1
60 79 7
60 85 5
60 86 6
60 87 4
60 90 6
60 92 9
60 94 6
60 95 5
60 96 6
60 101 7
60 108 5
60 109 1
60 112 5
60 114 2
60 115 8
60 117 10
60 118 8
60 120 10
60 121 5
60 123 3
60 124 5
60 125 5
60 126 3
60 127 2
60 128 3
60 129 3
60 130 8
60 131 6
60 132 3
60 134 6
60 135 7
60 137 10
60 141 6
60 142 10
60 150 5
60 152 8
60 153 9
60 154 10
60 167 10
60 169 9
60 171 8
60 173 2
60 174 1
60 176 1
60 177 10
60 178 5
60 179 6
60 181 3
60 185 2
60 187 3
60 188 8
60 190 4
60 192 7
60 193 3
60 194 6
60 196 6
60 201 5
60 202 4
60 203 2
60 205 4
60 207 3
60 208 6
60 209 10
60 210 7
60 211 8
60 214 2
60 215 8
60 218 3
60 219 9
60 220 8
60 221 3
60 226 8
60 227 3
60 228 10
60 230 8
60 231 8
60 233 2
60 234 8
60 235 1
60 237 2
60 241 6
60 242 8
60 243 3
60 246 8
60 247 6
60 249 9
60 254 10
60 255 6
60 257 3
60 258 8
60 259 2
60 261 5
60 262 4
60 265 8
60 266 4
60 267 2
60 268 4
60 271 6
60 274 10
60 275 1
60 278 5
60 279 1
60 280 3
60 282 3
60 283 8
60 289 6
60 290 3
60 293 3
60 294 4
60 296 9
60 299 2
61 63 10
61 66 1
61 68 1
61 70 3
61 72 7
61 73 4
61 74 4
61 76 6
61 79 1
61 81 10
61 83 4
61 84 6
61 85 4
61 87 2
61 89 6
61 93 5
61 94 4
61 96 9
61 97 10
61 102 4
61 105 7
61 107 8
61 108 4
61 109 9
61 111 1
61 112 2
61 113 6
61 115 10
61 117 6
61 119 2
61 127 1
61 128 10
61 131 10
61 132 6
61 135 6
61 136 2
61 139 9
61 140 5
61 141 1
61 142 9
61 145 6
61 148 9
61 149 6
61 150 7
61 151 6
61 153 6
61 156 10
61 159 2
61 161 10
61 164 7
61 171 1
61 172 4
61 173 3
61 176 1
61 177 3
61 178 2
61 181 4
61 182 1
61 184 6
61 186 3
61 187 6
61 189 10
61 192 7
61 197 2
61 199 4
61 200 1
61 207 10
61 210 7
61 213 10
61 215 9
61 217 5
61 218 10
61 219 10
61 220 9
61 221 2
61 222 4
61 223 2
61 224 7
61 228 9
61 229 10
61 230 5
61 235 3
61 236 9
61 238 6
61 242 6
61 243 5
61 250 3
61 253 5
61 254 1
61 256 3
61 257 3
61 259 1
61 261 6
61 262 5
61 263 8
61 270 3
61 271 1
61 272 5
61 273 10
61 274 2
61 275 10
61 277 4
61 279 10
61 284 7
61 286 5
61 287 2
61 288 9
61 292 2
61 293 4
61 298 9
61 299 1
62 64 10
62 66 5
62 67 10
62 68 10
62 73 8
62 74 1
62 75 4
62 77 8
62 80 10
62 81 5
62 82 3
62 85 8
62 86 9
62 87 2
62 90 3
62 91 3
62 94 1
62 99 8
62 101 7
62 104 4
62 106 5
62 107 4
62 111 4
62 119 3
62 124 1
62 125 3
62 127 10
62 128 3
62 132 8
62 134 2
62 136 4
62 139 1
62 144 5
62 145 2
62 148 7
62 151 5
62 152 7
62 153 4
62 154 9
62 155 8
62 156 6
62 158 9
62 159 1
62 162 3
62 163 1
62 166 10
62 170 1
62 174 10
62 175 7
62 176 2
62 178 10
62 180 5
62 184 9
62 186 10
62 187 7
62 189 2
62 190 8
62 191 3
62 193 7
62 195 8
62 197 8
62 199 6
62 202 7
62 204 4
62 205 2
62 208 7
62 210 4
62 211 10
62 212 3
62 214 10
62 215 10
62 216 6
62 218 4
62 221 3
62 222 9
62 226 9
62 229 8
62 230 1
62 231 2
62 232 5
62 236 8
62 237 2
62 238 5
62 239 10
62 243 10
62 249 4
62 251 10
62 252 7
62 253 5
62 256 6
62 259 10
62 261 8
62 262 5
62 263 2
62 264 9
62 265 1
62 266 10
62 268 6
62 271 7
62 275 8
62 276 10
62 278 5
62 280 7
62 284 7
62 285 3
62 286 10
62 289 10
62 294 8
62 295 3
62 298 9
63 65 6
63 66 9
63 67 4
63 68 5
63 71 8
63 72 2
63 73 7
63 74 4
63 78 2
63 81 7
63 83 5
63 85 8
63 86 2
63 88 8
63 89 5
63 90 2
63 99 8
63 100 2
63 105 1
63 106 5
63 107 9
63 108 6
63 109 8
63 110 6
63 111 4
63 112 5
63 113 2
63 115 9
63 116 1
63 117 2
63 118 6
63 119 8
63 123 2
63 125 1
63 126 10
63 132 2
63 133 4
63 134 7
63 137 1
63 139 5
63 140 3
63 141 10
63 144 2
63 146 1
63 147 1
63 149 1
63 150 7
63 154 2
63 155 5
63 156 8
63 157 5
63 158 3
63 159 10
63 160 4
63 164 4
63 165 1
63 166 3
63 169 6
63 170 4
63 171 3
63 173 4
63 178 8
63 181 1
63 182 7
63 184 7
63 188 3
63 193 4
63 194 3
63 195 3
63 197 8
63 198 10
63 199 8
63 204 4
63 207 8
63 208 2
63 211 9
63 215 1
63 221 8
63 225 9
63 227 4
63 228 7
63 230 9
63 231 2
63 232 2
63 233 2
63 238 6
63 239 2
63 242 3
63 245 8
63 246 1
63 248 7
63 249 9
63 250 1
63 256 3
63 259 3
63 260 3
63 261 1
63 262 2
63 263 2
63 265 1
63 266 3
63 267 7
63 270 3
63 271 4
63 272 4
63 273 9
63 275 8
63 276 8
63 278 2
63 279 6
63 280 6
63 283 9
63 285 9
63 287 3
63 289 8
63 290 5
63 292 6
63 294 6
63 295 9
64 65 2
64 66 5
64 68 8
64 69 10
64 70 8
64 71 5
64 73 10
64 77 10
64 82 5
64 85 5
64 88 8
64 89 7
64 90 2
64 92 5
64 97 7
64 98 10
64 100 2
64 101 3
64 102 6
64 103 10
64 105 5
64 106 7
64 107 7
64 108 5
64 109 5
64 112 7
64 113 4
64 115 9
64 118 3
64 119 6
64 127 4
64 130 10
64 131 1
64 133 10
64 135 4
64 138 10
64 140 5
64 142 10
64 143 6
64 145 6
64 146 10
64 150 1
64 152 1
64 158 3
64 160 5
64 161 2
64 162 8
64 164 2
64 166 2
64 167 9
64 173 10
64 175 7
64 176 3
64 177 5
64 178 6
64 179 5
64 180 7
64 181 9
64 184 7
64 185 4
64 187 9
64 189 6
64 190 5
64 191 9
64 193 8
64 194 9
64 195 3
64 196 7
64 199 6
64 200 7
64 202 10
64 204 6
64 206 3
64 208 1
64 210 1
64 211 6
64 212 8
64 213 3
64 214 3
64 215 5
64 218 5
64 220 5
64 222 2
64 223 1
64 225 7
64 227 1
64 228 9
64 229 10
64 230 9
64 232 10
64 236 1
64 237 7
64 240 1
64 243 9
64 245 6
64 249 8
64 250 6
64 251 7
64 254 2
64 255 5
64 256 7
64 258 1
64 260 4
64 264 5
64 267 1
64 270 4
64 272 5
64 273 6
64 274 8
64 275 4
64 277 3
64 279 4
64 280 10
64 284 10
64 285 4
64 286 6
64 287 3
64 289 10
64 290 3
64 291 2
64 292 5
64 293 4
64 295 7
64 296 5
64 297 1
64 298 4
64 299 4
65 66 10
65 68 4
65 71 2
65 72 6
65 78 4
65 84 10
65 85 2
65 86 9
65 88 1
65 91 9
65 92 8
65 93 4
65 94 1
65 95 6
65 100 2
65 101 3
65 102 1
65 104 5
65 105 10
65 106 2
65 109 3
65 110 7
65 114 5
65 115 7
65 117 9
65 118 2
65 122 3
65 123 9
65 124 4
65 128 4
65 133 6
65 134 9
65 135 10
65 136 9
65 138 4
65 143 4
65 144 3
65 145 10
65 146 1
65 147 9
65 148 9
65 155 9
65 156 2
65 157 6
65 160 1
65 163 3
65 165 3
65 167 1
65 168 5
65 170 9
65 171 7
65 174 9
65 175 6
65 177 6
65 182 9
65 186 8
65 187 8
65 188 2
65 190 3
65 192 1
65 194 7
65 197 4
65 200 6
65 204 6
65 205 7
65 206 2
65 208 8
65 210 1
65 211 2
65 212 8
65 214 1
65 216 8
65 219 10
65 223 9
65 224 8
65 226 2
65 229 8
65 234 6
65 235 9
65 236 6
65 238 7
65 239 1
65 240 8
65 241 3
65 242 7
65 245 8
65 251 7
65 253 6
65 256 10
65 257 4
65 258 2
65 260 6
65 261 6
65 262 8
65 263 3
65 266 6
65 267 5
65 268 5
65 271 5
65 276 3
65 279 1
65 280 6
65 282 9
65 283 9
65 285 4
65 288 4
65 292 3
65 295 5
65 298 8
65 299 4
66 67 2
66 70 3
66 72 3
66 75 4
66 76 2
66 77 2
66 82 7
66 83 9
66 84 10
66 87 3
66 88 9
66 89 5
66 91 3
66 92 9
66 95 2
66 97 10
66 99 4
66 100 8
66 101 2
66 102 10
66 103 10
66 107 4
66 111 5
66 112 5
66 116 9
66 118 3
66 121 7
66 122 10
66 124 2
66 125 6
66 127 8
66 129 10
66 135 10
66 137 4
66 145 7
66 147 2
66 148 6
66 152 2
66 155 8
66 158 3
66 160 9
66 163 10
66 165 2
66 166 8
66 167 5
66 168 5
66 169 3
66 174 3
66 175 1
66 177 1
66 178 9
66 179 8
66 180 10
66 183 9
66 185 4
66 186 2
66 187 2
66 190 9
66 191 5
66 196 2
66 197 1
66 199 4
66 202 8
66 203 2
66 204 7
66 206 2
66 209 4
66 210 10
66 212 2
66 213 3
66 214 6
66 215 1
66 216 7
66 217 3
66 218 3
66 219 4
66 220 8
66 223 8
66 225 4
66 226 4
66 230 7
66 232 7
66 235 5
66 238 9
66 239 7
66 240 3
66 241 9
66 242 5
66 245 7
66 248 5
66 253 3
66 255 2
66 262 10
66 263 10
66 264 8
66 266 5
66 267 7
66 272 10
66 273 5
66 274 3
66 275 4
66 276 8
66 279 4
66 280 2
66 283 4
66 285 10
66 287 9
66 288 5
66 290 1
66 291 2
66 293 7
66 294 7
66 299 3
67 69 9
67 70 8
67 72 6
67 74 9
67 75 1
67 76 9
67 78 7
67 79 7
67 85 10
67 86 9
67 89 9
67 91 1
67 92 1
67 96 3
67 97 4
67 98 9
67 99 7
67 100 1
67 101 9
67 102 10
67 110 6
67 111 10
67 113 4
67 114 3
67 115 8
67 116 3
67 117 6
67 121 8
67 122 6
67 123 5
67 126 7
67 130 4
67 133 3
67 134 6
67 135 10
67 138 5
67 143 3
67 144 9
67 145 3
67 146 4
67 148 2
67 156 2
67 157 6
67 158 4
67 159 2
67 162 6
67 164 10
67 165 9
67 166 1
67 167 1
67 170 10
67 173 7
67 174 7
67 177 4
67 178 7
67 179 8
67 180 3
67 181 4
67 182 6
67 184 9
67 188 1
67 190 7
67 191 7
67 192 8
67 194 6
67 199 7
67 205 3
67 210 6
67 211 10
67 212 9
67 213 9
67 214 10
67 215 1
67 216 1
67 217 3
67 219 10
67 221 9
67 222 2
67 224 10
67 226 5
67 228 2
67 229 10
67 230 8
67 231 7
67 233 6
67 234 1
67 235 3
67 240 5
67 243 10
67 250 5
67 253 9
67 255 3
67 257 4
67 259 2
67 260 8
67 262 8
67 264 9
67 265 2
67 269 6
67 272 7
67 273 1
67 274 9
67 279 5
67 280 9
67 283 10
67 284 8
67 285 5
67 286 7
67 288 2
67 290 9
67 291 5
67 292 3
67 293 1
67 294 6
67 297 5
67 298 3
68 69 3
68 71 4
68 72 7
68 75 9
68 77 10
68 78 9
68 79 4
68 80 9
68 82 6
68 83 8
68 87 2
68 88 2
68 89 10
68 92 8
68 94 1
68 100 6
68 101 2
68 102 6
68 103 4
68 105 6
68 107 6
68 111 5
68 113 9
68 115 10
68 119 4
68 120 6
68 121 3
68 126 4
68 127 4
68 131 3
68 134 5
68 136 8
68 137 4
68 142 1
68 144 3
68 145 1
68 149 4
68 151 8
68 153 8
68 154 6
68 155 1
68 156 8
68 157 2
68 160 4
68 166 5
68 169 3
68 172 3
68 177 4
68 180 7
68 181 1
68 185 8
68 186 4
68 187 5
68 191 9
68 193 7
68 194 1
68 196 1
68 197 10
68 198 1
68 201 5
68 203 5
68 207 4
68 209 10
68 211 10
68 212 10
68 214 3
68 219 7
68 220 3
68 221 6
68 222 4
68 225 2
68 227 5
68 230 9
68 232 9
68 235 3
68 237 4
68 240 3
68 241 3
68 242 6
68 244 8
68 246 6
68 247 1
68 248 8
68 249 8
68 251 2
68 252 3
68 254 9
68 258 3
68 259 9
68 260 7
68 264 5
68 265 8
68 266 8
68 269 3
68 270 9
68 271 8
68 273 10
68 274 9
68 279 10
68 280 6
68 281 3
68 282 2
68 286 10
68 287 3
68 288 6
68 291 8
68 292 6
68 296 5
68 298 7
69 70 6
69 73 8
69 74 4
69 83 7
69 84 8
69 86 1
69 87 10
69 89 8
69 90 9
69 91 7
69 92 7
69 94 5
69 96 5
69 99 4
69 101 9
69 107 9
69 111 6
69 112 9
69 113 4
69 114 8
69 115 4
69 118 4
69 119 3
69 120 2
69 121 6
69 122 6
69 123 3
69 124 6
69 128 1
69 135 6
69 137 10
69 139 9
69 142 4
69 144 4
69 145 10
69 147 10
69 149 2
69 151 1
69 152 5
69 154 8
69 155 6
69 156 6
69 160 3
69 161 9
69 163 2
69 165 7
69 166 4
69 167 8
69 169 5
69 173 5
69 174 5
69 176 4
69 179 2
69 180 5
69 182 2
69 187 10
69 195 6
69 197 10
69 206 6
69 207 7
69 208 4
69 211 10
69 213 6
69 216 8
69 217 9
69 219 7
69 223 2
69 224 9
69 227 2
69 228 8
69 232 9
69 234 3
69 235 3
69 237 6
69 239 4
69 241 10
69 244 6
69 246 3
69 249 1
69 250 8
69 251 9
69 252 2
69 254 1
69 256 10
69 260 6
69 262 9
69 266 4
69 267 4
69 268 3
69 270 9
69 271 10
69 272 3
69 275 7
69 276 1
69 277 9
69 281 2
69 282 8
69 286 7
69 287 8
69 288 5
69 289 6
69 291 3
69 292 1
69 293 8
69 295 5
69 298 1
69 299 5
70 72 7
70 76 1
70 78 3
70 79 6
70 82 2
70 83 8
70 88 2
70 89 5
70 90 6
70 91 4
70 93 4
70 94 2
70 97 6
70 98 8
70 101 5
70 102 4
70 104 10
70 108 5
70 109 2
70 112 2
70 113 3
70 114 3
70 115 1
70 116 3
70 118 6
70 120 5
70 122 7
70 125 1
70 128 4
70 130 3
70 131 1
70 134 4
70 136 3
70 139 4
70 140 9
70 142 8
70 143 10
70 147 7
70 148 9
70 152 7
70 157 8
70 159 2
70 160 4
70 163 6
70 164 9
70 168 5
70 171 3
70 173 4
70 174 5
70 175 3
70 176 1
70 178 4
70 179 6
70 181 5
70 183 1
70 184 1
70 186 6
70 188 9
70 190 3
70 191 3
70 197 5
70 198 2
70 199 6
70 200 1
70 202 1
70 205 5
70 206 8
70 207 5
70 208 4
70 209 2
70 211 3
70 213 9
70 214 2
70 217 10
70 218 7
70 219 10
70 220 2
70 221 9
70 224 10
70 227 6
70 228 10
70 230 4
70 231 6
70 232 5
70 235 10
70 237 1
70 238 10
70 241 4
70 243 2
70 247 10
70 249 6
70 253 9
70 254 1
70 258 2
70 259 3
70 260 8
70 263 7
70 265 1
70 267 5
70 269 7
70 270 9
70 272 6
70 273 8
70 274 7
70 275 8
70 276 5
70 277 8
70 279 10
70 280 1
70 281 10
70 282 6
70 283 7
70 284 2
70 287 7
70 288 8
70 289 1
70 293 3
70 295 8
70 296 1
70 297 1
71 72 1
71 73 9
71 75 8
71 76 9
71 77 7
71 79 8
71 80 8
71 81 7
71 82 10
71 85 10
71 89 1
71 90 10
71 91 8
71 93 9
71 95 7
71 97 8
71 98 6
71 99 5
71 101 10
71 102 9
71 103 7
71 104 2
71 105 5
71 106 5
71 107 10
71 111 2
71 114 9
71 116 10
71 117 3
71 118 5
71 119 2
71 121 7
71 123 1
71 124 1
71 125 7
71 128 3
71 129 2
71 130 9
71 131 8
71 136 4
71 138 4
71 143 6
71 146 1
71 149 8
71 152 4
71 155 2
71 158 7
71 159 6
71 160 5
71 163 5
71 169 5
71 174 6
71 176 2
71 181 3
71 182 1
71 183 7
71 191 7
71 195 3
71 196 4
71 197 2
71 198 3
71 200 6
71 206 4
71 207 7
71 210 8
71 212 2
71 215 8
71 219 8
71 220 9
71 221 10
71 223 5
71 225 1
71 229 9
71 237 1
71 239 1
71 240 6
71 244 7
71 246 8
71 248 3
71 252 8
71 256 5
71 258 6
71 260 8
71 261 9
71 263 4
71 268 6
71 270 6
71 271 6
71 273 6
71 274 4
71 280 6
71 281 1
71 283 3
71 285 3
71 286 10
71 287 7
71 290 6
71 291 6
71 292 3
71 294 7
71 299 7
72 73 6
72 81 9
72 82 4
72 84 4
72 85 4
72 89 2
72 90 3
72 91 9
72 92 7
72 94 8
72 95 3
72 96 4
72 98 7
72 99 4
72 101 9
72 102 5
72 103 3
72 106 8
72 108 4
72 109 7
72 111 3
72 113 4
72 114 6
72 115 2
72 117 9
72 118 10
72 119 7
72 121 6
72 124 8
72 128 4
72 129 8
72 132 6
72 135 2
72 137 10
72 138 7
72 139 6
72 140 4
72 143 5
72 146 3
72 154 6
72 155 1
72 156 9
72 162 1
72 163 5
72 166 3
72 168 8
72 169 6
72 170 10
72 172 1
72 178 10
72 179 2
72 180 5
72 182 6
72 193 4
72 194 3
72 195 1
72 198 6
72 199 2
72 201 5
72 204 9
72 205 3
72 206 10
72 208 6
72 210 6
72 214 2
72 216 10
72 220 6
72 221 4
72 222 8
72 223 8
72 224 2
72 225 9
72 226 3
72 228 2
72 233 10
72 234 7
72 235 8
72 237 8
72 238 9
72 242 8
72 244 10
72 245 7
72 249 8
72 250 1
72 252 2
72 254 6
72 257 8
72 260 7
72 265 9
72 266 10
72 267 6
72 268 5
72 269 7
72 270 1
72 271 7
72 272 9
72 275 2
72 276 3
72 277 4
72 279 10
72 280 2
72 281 8
72 282 6
72 284 2
72 285 4
72 286 2
72 287 7
72 289 3
72 291 3
72 292 3
72 295 4
72 297 10
72 298 1
73 74 9
73 77 1
73 78 2
73 80 4
73 81 1
73 82 1
73 83 2
73 86 6
73 87 10
73 89 4
73 91 6
73 92 8
73 93 6
73 94 8
73 96 3
73 97 8
73 101 10
73 102 2
73 103 7
73 105 7
73 111 7
73 112 9
73 115 3
73 116 8
73 117 8
73 118 3
73 119 5
73 123 6
73 126 7
73 127 9
73 129 6
73 130 1
73 131 4
73 134 3
73 139 3
73 142 2
73 143 8
73 145 3
73 146 8
73 148 1
73 149 9
73 151 2
73 152 8
73 153 3
73 156 9
73 158 2
73 161 4
73 163 3
73 164 6
73 165 7
73 167 7
73 171 2
73 174 7
73 176 7
73 179 10
73 180 1
73 181 3
73 185 2
73 186 2
73 190 8
73 191 6
73 192 3
73 194 6
73 198 9
73 199 7
73 200 1
73 202 10
73 203 10
73 204 2
73 205 2
73 211 7
73 214 4
73 215 8
73 216 2
73 217 3
73 220 9
73 222 6
73 223 3
73 224 8
73 226 2
73 227 6
73 228 4
73 230 7
73 231 2
73 232 3
73 234 9
73 236 6
73 237 3
73 239 10
73 240 8
73 241 9
73 242 7
73 243 4
73 245 2
73 246 2
73 248 3
73 249 7
73 250 1
73 251 10
73 256 6
73 257 10
73 259 2
73 262 2
73 266 5
73 267 3
73 276 5
73 279 6
73 285 6
73 286 8
73 287 9
73 288 7
73 294 7
73 295 2
73 296 10
73 299 3
74 75 9
74 77 9
74 80 1
74 81 1
74 85 1
74 87 9
74 88 1
74 90 4
74 91 4
74 92 6
74 93 5
74 94 1
74 95 4
74 96 9
74 99 10
74 103 9
74 104 7
74 105 8
74 106 2
74 107 5
74 113 6
74 121 8
74 123 4
74 126 5
74 127 4
74 128 2
74 129 7
74 130 9
74 133 1
74 134 6
74 136 9
74 138 4
74 139 3
74 140 3
74 141 7
74 145 10
74 152 5
74 153 7
74 156 3
74 157 8
74 158 9
74 159 9
74 160 7
74 161 3
74 162 5
74 163 9
74 166 2
74 167 7
74 170 3
74 172 8
74 175 8
74 176 9
74 177 9
74 179 1
74 181 10
74 182 4
74 183 5
74 185 1
74 190 10
74 193 3
74 194 8
74 195 3
74 196 6
74 199 3
74 201 7
74 203 4
74 204 6
74 205 7
74 208 5
74 210 8
74 211 1
74 212 3
74 214 10
74 215 7
74 216 9
74 217 9
74 221 3
74 222 9
74 224 4
74 229 8
74 230 5
74 232 10
74 233 2
74 234 4
74 238 7
74 241 9
74 243 3
74 245 9
74 250 8
74 251 9
74 253 2
74 256 2
74 257 6
74 258 3
74 259 8
74 262 3
74 263 1
74 264 6
74 266 3
74 267 10
74 268 8
74 269 9
74 271 2
74 272 9
74 274 5
74 275 6
74 277 8
74 280 1
74 281 7
74 284 2
74 286 6
74 287 8
74 290 7
74 291 7
74 293 2
74 294 9
75 78 4
75 82 10
75 84 1
75 88 4
75 89 1
75 91 9
75 93 6
75 95 5
75 97 9
75 98 2
75 99 5
75 102 6
75 104 5
75 105 9
75 108 1
75 110 6
75 111 3
75 113 9
75 114 6
75 118 10
75 119 3
75 120 9
75 122 3
75 124 7
75 125 9
75 126 10
75 130 9
75 132 1
75 134 3
75 136 4
75 143 1
75 145 6
75 150 6
75 151 5
75 152 9
75 153 10
75 154 3
75 155 10
75 156 1
75 159 10
75 165 2
75 166 3
75 167 3
75 170 8
75 172 5
75 173 3
75 175 8
75 178 3
75 184 6
75 185 7
75 186 1
75 187 5
75 188 1
75 189 2
75 190 5
75 191 6
75 194 4
75 199 6
75 200 5
75 203 10
75 206 7
75 208 7
75 211 3
75 213 7
75 214 1
75 220 6
75 222 2
75 225 9
75 226 4
75 228 1
75 231 7
75 234 3
75 235 6
75 240 7
75 241 9
75 243 9
75 244 1
75 250 5
75 257 10
75 260 2
75 261 7
75 267 6
75 268 5
75 269 1
75 270 10
75 271 7
75 272 5
75 273 1
75 276 9
75 277 7
75 279 5
75 283 6
75 285 6
75 286 2
75 289 8
75 290 4
75 291 9
75 293 7
75 296 3
75 298 10
75 299 1
76 77 3
76 80 8
76 82 5
76 83 6
76 84 1
76 86 7
76 89 5
76 90 10
76 91 2
76 92 7
76 97 10
76 98 1
76 99 10
76 100 8
76 102 8
76 106 10
76 107 10
76 108 1
76 109 5
76 110 7
76 111 5
76 112 3
76 114 2
76 115 7
76 118 4
76 121 6
76 123 2
76 124 3
76 125 9
76 126 2
76 127 1
76 128 7
76 129 1
76 133 4
76 134 8
76 135 4
76 136 9
76 138 3
76 140 3
76 144 4
76 146 5
76 147 7
76 148 5
76 149 9
76 150 2
76 152 5
76 153 2
76 154 8
76 155 8
76 157 8
76 158 7
76 161 1
76 162 1
76 163 1
76 165 4
76 170 3
76 172 2
76 173 9
76 176 1
76 178 3
76 182 2
76 183 9
76 184 10
76 188 5
76 192 10
76 194 10
76 195 9
76 196 4
76 197 10
76 199 1
76 200 3
76 204 1
76 205 1
76 206 10
76 207 8
76 208 4
76 210 8
76 213 9
76 214 1
76 215 8
76 216 3
76 218 3
76 219 1
76 220 10
76 221 6
76 223 7
76 224 3
76 229 5
76 232 1
76 233 10
76 235 6
76 237 10
76 238 8
76 240 4
76 242 1
76 243 5
76 244 4
76 245 8
76 247 8
76 249 3
76 250 3
76 251 7
76 252 1
76 256 5
76 258 8
76 260 5
76 262 4
76 265 2
76 270 8
76 272 10
76 277 3
76 278 10
76 279 7
76 281 1
76 283 4
76 284 3
76 285 10
76 287 9
76 288 5
76 289 6
76 292 1
76 293 4
76 297 8
76 298 10
77 81 8
77 83 4
77 85 4
77 88 5
77 90 1
77 92 1
77 93 9
77 94 9
77 95 8
77 98 7
77 99 7
77 100 5
77 101 10
77 102 2
77 103 3
77 104 9
77 107 9
77 110 1
77 113 6
77 117 2
77 118 3
77 123 3
77 124 4
77 125 10
77 127 3
77 131 10
77 137 2
77 138 6
77 139 2
77 141 5
77 142 4
77 144 10
77 145 9
77 146 10
77 147 1
77 148 1
77 149 8
77 150 6
77 154 3
77 156 5
77 158 10
77 159 10
77 160 6
77 163 7
77 164 4
77 169 7
77 170 2
77 172 5
77 173 8
77 175 2
77 176 5
77 177 4
77 178 5
77 180 1
77 184 7
77 188 2
77 190 6
77 193 9
77 198 5
77 199 8
77 200 1
77 201 10
77 202 9
77 203 8
77 204 5
77 205 7
77 207 4
77 213 5
77 215 8
77 216 2
77 217 7
77 218 9
77 219 9
77 220 9
77 221 9
77 222 9
77 225 6
77 226 1
77 230 9
77 231 5
77 235 4
77 236 6
77 238 5
77 240 9
77 243 9
77 245 6
77 246 2
77 248 3
77 251 3
77 252 5
77 253 5
77 255 10
77 257 10
77 258 7
77 261 9
77 263 3
77 264 10
77 265 5
77 267 6
77 270 1
77 271 5
77 274 9
77 276 3
77 282 8
77 284 9
77 285 5
77 288 2
77 289 2
77 290 6
77 291 9
77 294 10
77 295 8
77 297 3
77 298 6
78 81 10
78 83 4
78 91 7
78 92 8
78 94 8
78 96 4
78 98 5
78 99 9
78 101 8
78 102 4
78 103 4
78 107 4
78 109 8
78 110 1
78 111 8
78 112 1
78 115 3
78 118 7
78 121 3
78 123 7
78 127 4
78 130 10
78 131 2
78 132 4
78 138 7
78 140 5
78 141 6
78 142 9
78 143 5
78 145 9
78 148 10
78 149 7
78 150 4
78 153 8
78 154 2
78 155 3
78 157 3
78 158 3
78 159 6
78 160 8
78 162 8
78 163 5
78 164 1
78 165 10
78 167 9
78 168 1
78 169 7
78 172 5
78 173 5
78 174 5
78 175 9
78 176 2
78 180 4
78 183 6
78 184 10
78 187 4
78 189 3
78 190 10
78 191 6
78 192 6
78 197 6
78 199 2
78 200 4
78 201 8
78 204 4
78 205 8
78 206 3
78 207 2
78 208 7
78 209 1
78 210 5
78 212 10
78 214 7
78 215 2
78 216 4
78 219 3
78 220 9
78 222 8
78 224 2
78 225 2
78 226 1
78 228 6
78 229 7
78 230 7
78 231 7
78 232 6
78 233 2
78 235 6
78 238 8
78 240 4
78 241 8
78 242 8
78 244 7
78 245 1
78 246 9
78 248 4
78 249 1
78 250 6
78 251 8
78 255 4
78 256 5
78 259 10
78 262 6
78 263 2
78 265 7
78 267 3
78 269 10
78 272 1
78 275 5
78 276 7
78 278 8
78 280 10
78 282 2
78 283 4
78 284 10
78 285 9
78 287 1
78 290 4
78 292 8
78 293 3
78 294 7
78 298 4
78 299 6
79 82 8
79 83 8
79 84 4
79 85 5
79 87 1
79 91 1
79 92 5
79 93 4
79 95 3
79 96 4
79 100 2
79 103 8
79 104 10
79 107 9
79 108 6
79 109 7
79 111 4
79 113 8
79 115 2
79 119 4
79 120 4
79 121 8
79 122 2
79 124 6
79 126 4
79 127 10
79 128 10
79 129 8
79 131 1
79 132 4
79 135 3
79 136 7
79 139 2
79 141 3
79 142 7
79 143 4
79 150 6
79 152 4
79 153 2
79 157 9
79 158 6
79 159 5
79 160 7
79 161 7
79 167 4
79 168 9
79 170 3
79 172 1
79 173 9
79 175 5
79 176 6
79 179 5
79 185 7
79 187 6
79 188 9
79 189 9
79 190 3
79 191 4
79 196 8
79 197 3
79 206 1
79 207 6
79 208 3
79 213 7
79 214 3
79 219 1
79 220 1
79 221 5
79 222 8
79 223 1
79 229 4
79 232 9
79 235 9
79 236 6
79 239 2
79 240 7
79 241 8
79 242 6
79 245 8
79 246 4
79 247 10
79 249 1
79 251 5
79 254 10
79 261 9
79 263 6
79 264 8
79 266 5
79 269 7
79 270 2
79 271 7
79 277 8
79 279 9
79 285 3
79 286 10
79 289 3
79 290 4
79 292 9
79 294 5
79 296 7
80 83 4
80 84 5
80 85 6
80 86 3
80 93 10
80 96 3
80 97 1
80 100 5
80 103 8
80 104 1
80 105 9
80 107 7
80 109 6
80 113 1
80 114 6
80 115 6
80 116 9
80 117 6
80 118 3
80 119 5
80 121 9
80 125 8
80 128 8
80 129 4
80 131 8
80 134 4
80 137 3
80 138 1
80 139 10
80 141 3
80 144 9
80 146 4
80 147 10
80 148 1
80 149 6
80 152 6
80 153 5
80 154 7
80 157 5
80 160 4
80 161 1
80 163 3
80 165 6
80 166 10
80 167 3
80 170 8
80 171 2
80 173 1
80 175 6
80 177 1
80 178 9
80 184 2
80 187 9
80 188 7
80 190 8
80 191 1
80 193 5
80 195 6
80 198 1
80 199 8
80 200 4
80 201 3
80 204 5
80 206 10
80 209 8
80 213 8
80 214 4
80 215 6
80 217 4
80 218 3
80 219 9
80 221 6
80 222 9
80 223 2
80 224 5
80 227 8
80 229 3
80 234 3
80 239 6
80 243 9
80 246 10
80 247 3
80 249 6
80 250 2
80 251 3
80 253 2
80 258 8
80 259 5
80 261 10
80 263 6
80 265 9
80 266 2
80 268 4
80 269 7
80 273 6
80 276 10
80 284 1
80 285 1
80 286 2
80 288 2
80 289 7
80 292 9
80 297 9
80 298 6
81 83 1
81 85 9
81 88 1
81 89 7
81 90 3
81 91 2
81 93 2
81 94 7
81 98 5
81 100 3
81 107 7
81 109 9
81 112 2
81 114 10
81 116 8
81 117 7
81 118 3
81 122 5
81 128 9
81 129 7
81 131 1
81 132 1
81 133 6
81 134 4
81 135 10
81 136 1
81 138 8
81 139 9
81 140 6
81 141 6
81 142 9
81 144 2
81 146 1
81 147 1
81 148 7
81 152 10
81 153 6
81 157 3
81 158 8
81 159 4
81 160 3
81 161 4
81 162 10
81 163 3
81 164 6
81 166 9
81 167 1
81 169 6
81 170 4
81 171 1
81 172 8
81 174 9
81 175 10
81 176 1
81 181 5
81 182 8
81 191 4
81 194 8
81 196 1
81 197 6
81 198 9
81 200 5
81 203 6
81 204 2
81 205 1
81 209 2
81 211 2
81 215 9
81 218 10
81 219 6
81 220 8
81 221 2
81 222 1
81 223 3
81 225 8
81 226 6
81 228 2
81 229 8
81 230 1
81 235 3
81 237 7
81 238 6
81 239 6
81 243 3
81 247 10
81 251 7
81 252 9
81 254 2
81 255 1
81 257 10
81 259 1
81 262 3
81 263 1
81 264 1
81 266 9
81 267 4
81 268 5
81 270 7
81 274 10
81 276 7
81 277 4
81 280 10
81 283 10
81 285 10
81 287 7
81 293 5
81 294 10
81 296 6
81 297 6
81 298 6
81 299 5
82 83 3
82 84 6
82 85 8
82 86 8
82 87 1
82 88 5
82 89 4
82 91 8
82 92 7
82 93 4
82 96 3
82 97 6
82 99 3
82 100 1
82 101 3
82 102 2
82 104 4
82 107 1
82 113 9
82 115 8
82 121 4
82 125 7
82 126 7
82 127 2
82 131 1
82 133 3
82 134 2
82 136 10
82 137 10
82 138 9
82 140 1
82 141 9
82 142 9
82 143 8
82 144 6
82 146 3
82 147 6
82 148 1
82 149 9
82 150 8
82 151 8
82 154 8
82 156 4
82 157 2
82 159 10
82 164 5
82 167 4
82 168 2
82 170 8
82 173 9
82 174 9
82 175 6
82 177 5
82 178 8
82 180 4
82 181 8
82 182 7
82 184 3
82 185 7
82 187 4
82 189 6
82 190 3
82 191 7
82 195 10
82 196 9
82 199 8
82 200 6
82 201 9
82 203 2
82 204 6
82 208 5
82 209 1
82 210 3
82 214 9
82 215 1
82 219 10
82 220 5
82 221 9
82 222 7
82 223 4
82 224 2
82 226 1
82 229 9
82 230 7
82 231 3
82 232 3
82 234 6
82 235 3
82 237 6
82 238 3
82 240 1
82 242 7
82 243 7
82 244 2
82 245 7
82 246 2
82 249 7
82 250 2
82 251 10
82 252 1
82 253 6
82 254 3
82 255 10
82 256 5
82 257 9
82 258 6
82 259 3
82 260 8
82 261 5
82 262 6
82 266 6
82 267 2
82 271 7
82 272 7
82 274 9
82 276 8
82 280 5
82 284 10
82 285 4
82 286 10
82 289 5
82 290 10
82 292 10
82 294 9
82 296 6
82 298 1
82 299 2
83 84 9
83 86 5
83 87 10
83 90 5
83 91 4
83 94 8
83 96 7
83 97 9
83 98 6
83 102 7
83 104 1
83 107 6
83 108 10
83 111 1
83 116 8
83 119 8
83 120 7
83 121 8
83 122 10
83 124 5
83 128 5
83 129 2
83 130 6
83 132 3
83 134 6
83 136 7
83 139 4
83 140 6
83 141 10
83 146 8
83 148 4
83 149 9
83 150 5
83 153 1
83 154 10
83 156 3
83 157 5
83 160 10
83 162 5
83 163 7
83 167 1
83 168 9
83 170 10
83 174 4
83 175 1
83 176 6
83 178 1
83 181 9
83 182 1
83 185 4
83 187 6
83 189 1
83 190 10
83 191 6
83 193 6
83 195 7
83 197 5
83 201 6
83 202 9
83 204 8
83 207 4
83 210 8
83 211 3
83 212 6
83 215 4
83 216 1
83 218 6
83 219 10
83 222 8
83 225 4
83 227 1
83 228 5
83 229 5
83 231 2
83 234 1
83 236 10
83 245 2
83 248 10
83 251 8
83 252 1
83 256 9
83 259 3
83 260 1
83 261 9
83 262 4
83 265 10
83 266 9
83 274 7
83 275 4
83 277 8
83 278 9
83 280 7
83 281 2
83 285 4
83 286 3
83 291 2
83 294 3
83 295 6
83 296 8
83 298 3
84 88 8
84 89 1
84 92 1
84 95 4
84 96 10
84 97 2
84 100 9
84 103 10
84 104 5
84 109 5
84 110 5
84 117 8
84 119 9
84 120 4
84 123 2
84 124 8
84 125 9
84 127 8
84 129 8
84 130 9
84 131 5
84 132 7
84 133 8
84 137 2
84 138 2
84 139 1
84 142 9
84 144 2
84 145 7
84 146 4
84 148 4
84 149 6
84 150 2
84 151 4
84 153 1
84 155 9
84 157 4
84 159 1
84 160 8
84 161 4
84 162 7
84 163 2
84 166 3
84 169 3
84 170 10
84 171 8
84 173 10
84 177 3
84 183 2
84 185 2
84 186 3
84 189 4
84 192 1
84 193 10
84 195 7
84 196 7
84 199 10
84 203 2
84 205 10
84 209 4
84 210 5
84 214 5
84 216 8
84 217 6
84 218 1
84 219 9
84 220 4
84 221 3
84 222 3
84 223 4
84 224 9
84 225 4
84 227 7
84 229 1
84 233 6
84 235 10
84 236 5
84 237 10
84 238 4
84 241 4
84 243 3
84 244 2
84 246 7
84 249 4
84 250 5
84 251 8
84 255 4
84 256 8
84 258 1
84 259 3
84 260 8
84 261 6
84 262 8
84 265 9
84 267 2
84 270 5
84 271 1
84 273 7
84 274 8
84 277 5
84 278 3
84 282 1
84 287 1
84 289 2
84 291 5
84 293 9
84 295 9
84 299 5
85 86 1
85 87 9
85 89 2
85 91 6
85 93 4
85 94 2
85 99 6
85 104 1
85 106 7
85 107 2
85 108 10
85 109 6
85 110 4
85 111 3
85 114 6
85 115 2
85 116 3
85 117 6
85 119 2
85 120 6
85 121 5
85 126 5
85 129 3
85 132 4
85 137 2
85 144 1
85 146 4
85 147 3
85 148 5
85 154 1
85 155 8
85 156 2
85 158 1
85 159 8
85 160 9
85 161 5
85 163 1
85 167 8
85 169 1
85 170 5
85 172 9
85 177 3
85 178 1
85 181 7
85 186 2
85 187 1
85 190 10
85 194 8
85 198 2
85 201 4
85 203 4
85 206 10
85 207 5
85 208 9
85 209 5
85 210 3
85 211 8
85 213 8
85 215 2
85 216 6
85 222 5
85 223 8
85 225 3
85 226 9
85 227 5
85 233 7
85 234 4
85 235 8
85 237 9
85 243 2
85 244 5
85 248 2
85 250 9
85 258 6
85 259 8
85 260 5
85 262 8
85 264 5
85 265 8
85 266 3
85 267 5
85 269 10
85 270 2
85 271 9
85 273 2
85 274 1
85 275 3
85 277 2
85 279 9
85 282 7
85 283 9
85 286 8
85 287 1
85 288 3
85 290 8
85 294 5
85 296 1
85 299 1
86 90 1
86 94 3
86 95 5
86 96 1
86 97 8
86 98 9
86 99 3
86 102 3
86 104 3
86 106 8
86 110 9
86 114 6
86 115 2
86 117 2
86 123 7
86 124 3
86 125 10
86 128 1
86 129 2
86 134 10
86 135 9
86 136 2
86 137 2
86 138 10
86 139 6
86 140 8
86 141 5
86 142 4
86 148 7
86 152 9
86 153 3
86 154 8
86 157 1
86 159 9
86 164 10
86 166 7
86 167 6
86 168 4
86 170 1
86 173 5
86 174 8
86 175 10
86 176 4
86 180 1
86 181 5
86 186 7
86 187 9
86 194 2
86 196 10
86 198 9
86 199 3
86 200 6
86 203 6
86 205 9
86 209 6
86 212 5
86 214 4
86 217 8
86 219 9
86 221 2
86 222 1
86 223 3
86 224 6
86 225 7
86 226 8
86 228 8
86 231 2
86 233 7
86 234 6
86 235 3
86 236 4
86 237 10
86 238 2
86 240 4
86 241 1
86 242 7
86 243 10
86 245 8
86 248 3
86 249 10
86 250 1
86 251 6
86 252 10
86 255 10
86 257 7
86 259 9
86 261 3
86 262 9
86 264 4
86 267 5
86 268 6
86 269 2
86 273 3
86 276 4
86 277 9
86 279 4
86 284 1
86 286 8
86 287 6
86 289 2
86 290 10
86 291 6
86 292 4
86 293 3
86 294 1
86 295 4
86 296 7
86 298 4
87 88 1
87 90 3
87 91 5
87 92 6
87 94 4
87 97 6
87 98 3
87 100 4
87 101 3
87 102 7
87 103 5
87 104 6
87 105 6
87 106 4
87 107 4
87 111 6
87 115 9
87 116 1
87 117 5
87 118 8
87 119 2
87 120 1
87 121 2
87 122 1
87 125 2
87 127 2
87 128 6
87 129 8
87 132 8
87 133 10
87 134 7
87 135 6
87 136 2
87 139 10
87 143 4
87 145 2
87 147 2
87 149 6
87 150 1
87 151 4
87 152 9
87 154 2
87 155 2
87 159 5
87 160 4
87 162 3
87 164 8
87 166 6
87 167 7
87 168 7
87 169 6
87 170 1
87 173 2
87 175 3
87 177 10
87 179 6
87 180 7
87 181 1
87 182 4
87 184 7
87 186 1
87 188 5
87 189 8
87 191 6
87 194 5
87 195 5
87 197 3
87 198 10
87 199 8
87 200 7
87 201 1
87 202 9
87 203 8
87 204 5
87 207 9
87 209 10
87 211 7
87 212 2
87 213 4
87 214 2
87 216 8
87 219 2
87 220 8
87 221 6
87 223 7
87 224 6
87 228 4
87 229 5
87 230 3
87 234 1
87 238 7
87 239 2
87 240 9
87 241 4
87 243 9
87 244 9
87 245 9
87 247 2
87 248 4
87 250 5
87 252 9
87 253 8
87 258 4
87 259 6
87 260 5
87 262 1
87 263 5
87 266 3
87 271 7
87 274 9
87 278 1
87 284 6
87 285 4
87 288 8
87 290 7
87 291 6
87 292 7
87 293 2
87 294 7
88 89 4
88 90 1
88 92 3
88 95 4
88 97 3
88 99 2
88 101 5
88 102 3
88 108 8
88 109 10
88 113 4
88 116 5
88 117 7
88 118 4
88 119 3
88 121 8
88 122 1
88 123 10
88 124 3
88 126 6
88 127 4
88 129 4
88 130 6
88 134 4
88 137 1
88 140 9
88 141 10
88 144 7
88 145 6
88 151 4
88 153 5
88 154 3
88 156 2
88 157 2
88 158 3
88 163 5
88 164 4
88 169 1
88 172 2
88 173 7
88 174 7
88 176 2
88 178 10
88 180 9
88 181 10
88 183 6
88 185 2
88 186 1
88 188 5
88 189 7
88 192 6
88 195 10
88 196 7
88 197 2
88 198 2
88 199 1
88 203 4
88 206 9
88 207 7
88 210 1
88 214 6
88 215 3
88 216 8
88 217 5
88 219 6
88 220 4
88 221 2
88 226 6
88 227 1
88 229 10
88 231 10
88 236 1
88 238 3
88 242 4
88 243 7
88 246 3
88 249 4
88 250 5
88 251 6
88 252 1
88 253 9
88 254 1
88 255 3
88 256 8
88 258 9
88 261 3
88 263 1
88 264 3
88 266 9
88 268 7
88 269 8
88 270 10
88 271 4
88 274 3
88 276 8
88 277 8
88 280 1
88 284 8
88 285 10
88 286 9
88 289 3
88 290 5
88 291 2
88 296 8
88 298 3
88 299 8
89 90 5
89 92 7
89 94 6
89 96 5
89 98 1
89 100 6
89 102 7
89 103 2
89 104 2
89 105 2
89 107 2
89 108 5
89 110 8
89 111 7
89 113 10
89 115 5
89 116 2
89 117 5
89 118 4
89 119 4
89 120 6
89 122 5
89 123 7
89 124 6
89 125 4
89 126 8
89 127 4
89 130 8
89 133 9
89 136 1
89 142 8
89 143 6
89 146 5
89 147 2
89 150 1
89 151 5
89 155 8
89 157 5
89 158 8
89 159 7
89 161 3
89 162 5
89 163 2
89 165 2
89 167 3
89 170 8
89 172 6
89 176 7
89 177 2
89 178 4
89 180 3
89 183 4
89 186 2
89 191 8
89 192 10
89 193 2
89 194 3
89 195 1
89 197 4
89 198 6
89 200 4
89 201 10
89 203 7
89 205 10
89 207 7
89 210 1
89 213 3
89 214 7
89 215 3
89 217 10
89 219 4
89 220 5
89 224 4
89 225 6
89 228 1
89 232 7
89 236 10
89 238 2
89 241 3
89 242 10
89 245 6
89 246 2
89 247 7
89 250 3
89 251 3
89 255 7
89 256 2
89 259 10
89 262 5
89 264 7
89 267 8
89 269 5
89 270 2
89 271 10
89 275 9
89 276 2
89 277 2
89 281 2
89 283 4
89 285 1
89 286 10
89 287 1
89 291 10
89 293 2
89 296 9
90 94 8
90 97 1
90 102 9
90 105 1
90 106 2
90 109 2
90 110 5
90 111 3
90 112 9
90 113 4
90 114 7
90 116 1
90 118 1
90 119 6
90 120 4
90 121 6
90 122 9
90 124 8
90 127 8
90 128 1
90 129 3
90 130 7
90 131 3
90 132 10
90 136 1
90 137 1
90 139 2
90 141 1
90 143 10
90 144 3
90 145 9
90 148 1
90 149 3
90 150 1
90 151 2
90 152 10
90 154 6
90 156 4
90 158 7
90 159 1
90 161 3
90 162 8
90 165 10
90 168 6
90 169 1
90 170 3
90 171 6
90 172 9
90 174 4
90 175 10
90 178 2
90 179 5
90 180 8
90 181 5
90 184 3
90 185 1
90 186 1
90 187 2
90 190 8
90 194 7
90 195 6
90 196 7
90 197 6
90 198 1
90 199 1
90 200 8
90 201 1
90 205 4
90 206 10
90 207 2
90 208 6
90 210 1
90 212 3
90 213 8
90 214 9
90 215 4
90 216 4
90 217 4
90 221 6
90 224 10
90 225 3
90 226 5
90 228 7
90 231 5
90 233 1
90 234 10
90 236 3
90 238 5
90 240 9
90 241 5
90 242 2
90 244 10
90 246 7
90 247 7
90 249 7
90 251 1
90 256 8
90 257 10
90 261 4
90 262 1
90 265 7
90 268 8
90 269 9
90 270 8
90 273 8
90 275 1
90 276 8
90 278 3
90 284 5
90 285 4
90 286 7
90 287 3
90 288 7
90 289 6
90 291 1
90 292 6
90 294 5
90 295 7
90 297 1
90 299 7
91 92 2
91 94 3
91 95 5
91 96 4
91 97 5
91 98 9
91 101 2
91 103 7
91 104 5
91 105 8
91 106 10
91 107 7
91 108 1
91 111 4
91 112 5
91 115 10
91 117 5
91 119 8
91 120 10
91 121 8
91 122 9
91 123 5
91 124 9
91 126 7
91 127 2
91 132 2
91 133 10
91 135 1
91 136 8
91 137 9
91 140 8
91 142 2
91 143 4
91 146 5
91 148 9
91 150 9
91 153 6
91 154 2
91 156 10
91 157 8
91 158 6
91 162 6
91 163 1
91 164 10
91 165 2
91 169 7
91 171 4
91 173 8
91 174 9
91 177 7
91 180 4
91 184 9
91 185 9
91 186 5
91 187 8
91 188 8
91 193 3
91 194 1
91 195 8
91 196 3
91 197 4
91 198 10
91 200 6
91 202 3
91 203 10
91 205 9
91 206 4
91 207 8
91 208 2
91 209 3
91 210 1
91 212 4
91 213 7
91 214 1
91 215 8
91 217 5
91 220 3
91 222 4
91 226 2
91 228 7
91 229 6
91 235 4
91 239 6
91 241 10
91 243 7
91 245 5
91 246 10
91 249 3
91 250 2
91 254 4
91 255 10
91 256 2
91 258 8
91 259 8
91 262 10
91 264 3
91 265 8
91 267 3
91 268 2
91 274 1
91 275 3
91 276 1
91 277 6
91 279 4
91 286 4
91 287 9
91 288 8
91 291 7
91 293 7
91 294 5
91 296 8
91 298 1
92 94 1
92 98 1
92 101 9
92 106 9
92 109 4
92 111 3
92 113 3
92 116 4
92 118 3
92 119 3
92 122 6
92 123 4
92 124 7
92 125 10
92 126 4
92 131 5
92 133 4
92 138 10
92 139 3
92 140 6
92 141 8
92 142 5
92 143 3
92 144 7
92 146 7
92 149 10
92 151 6
92 153 1
92 154 8
92 155 5
92 157 5
92 159 7
92 162 3
92 163 6
92 164 3
92 166 4
92 167 10
92 168 6
92 170 1
92 174 3
92 178 6
92 180 6
92 181 6
92 183 7
92 186 5
92 187 9
92 190 3
92 191 4
92 195 5
92 196 1
92 200 6
92 202 9
92 203 4
92 204 4
92 207 6
92 208 8
92 209 7
92 210 1
92 211 4
92 212 3
92 213 10
92 217 4
92 218 4
92 220 10
92 223 3
92 224 2
92 227 2
92 228 6
92 231 2
92 234 2
92 236 3
92 237 3
92 239 5
92 241 5
92 244 1
92 245 7
92 246 7
92 248 5
92 249 9
92 251 10
92 252 3
92 253 8
92 254 7
92 256 8
92 257 9
92 261 1
92 266 2
92 271 9
92 274 7
92 277 3
92 278 3
92 282 8
92 284 8
92 285 5
92 286 6
92 287 4
92 290 2
92 291 3
92 293 1
92 296 9
93 94 6
93 95 3
93 103 5
93 104 2
93 106 9
93 108 4
93 109 5
93 110 10
93 113 1
93 115 8
93 117 6
93 119 4
93 120 1
93 122 6
93 123 9
93 126 1
93 130 6
93 134 10
93 136 6
93 137 1
93 139 6
93 140 3
93 141 8
93 142 9
93 143 8
93 145 7
93 147 8
93 149 9
93 150 1
93 153 4
93 154 3
93 155 8
93 156 1
93 165 5
93 166 3
93 169 6
93 172 2
93 174 10
93 175 7
93 176 1
93 177 6
93 180 8
93 184 2
93 185 4
93 187 7
93 189 10
93 190 3
93 192 6
93 193 6
93 195 2
93 197 7
93 201 3
93 202 4
93 203 3
93 208 10
93 209 9
93 210 6
93 211 2
93 214 4
93 217 4
93 218 1
93 219 3
93 221 3
93 226 6
93 227 4
93 231 9
93 234 7
93 235 10
93 237 2
93 238 9
93 239 3
93 242 10
93 243 3
93 244 3
93 245 8
93 249 7
93 252 4
93 254 1
93 255 5
93 258 2
93 261 4
93 265 5
93 266 8
93 268 10
93 273 1
93 274 9
93 277 2
93 280 4
93 281 3
93 283 2
93 284 1
93 285 5
93 286 8
93 288 3
93 291 3
93 292 2
93 294 2
93 296 8
93 298 7
94 97 4
94 98 7
94 102 8
94 103 8
94 104 2
94 107 5
94 108 6
94 110 8
94 111 7
94 112 4
94 115 9
94 117 5
94 120 1
94 122 3
94 125 8
94 126 4
94 130 3
94 132 2
94 133 3
94 134 6
94 135 4
94 138 5
94 140 9
94 142 7
94 143 1
94 145 4
94 151 1
94 152 4
94 156 2
94 157 8
94 159 5
94 160 3
94 161 6
94 163 5
94 164 10
94 166 2
94 170 6
94 174 5
94 176 4
94 178 4
94 179 1
94 183 5
94 187 3
94 188 1
94 190 8
94 191 5
94 194 1
94 196 6
94 197 7
94 199 7
94 200 9
94 202 7
94 206 7
94 207 8
94 208 8
94 209 5
94 210 8
94 211 3
94 212 9
94 213 1
94 215 8
94 217 1
94 220 7
94 221 9
94 224 5
94 226 3
94 228 8
94 230 8
94 231 4
94 232 9
94 234 9
94 236 9
94 239 7
94 240 9
94 241 3
94 242 4
94 243 10
94 245 9
94 248 10
94 249 9
94 254 6
94 259 3
94 262 7
94 263 9
94 265 8
94 266 7
94 267 5
94 270 2
94 271 5
94 273 6
94 274 8
94 275 9
94 276 7
94 277 3
94 281 5
94 283 4
94 285 4
94 286 1
94 287 10
94 289 7
94 291 8
94 293 4
94 294 1
94 295 6
94 296 2
94 297 5
94 298 1
94 299 9
95 96 2
95 97 1
95 100 4
95 102 5
95 105 8
95 110 6
95 112 5
95 113 4
95 115 2
95 117 2
95 119 2
95 122 10
95 123 6
95 125 8
95 126 2
95 127 9
95 128 5
95 130 2
95 131 5
95 132 6
95 138 9
95 140 6
95 141 4
95 143 7
95 148 7
95 150 1
95 151 1
95 152 6
95 154 1
95 155 6
95 156 3
95 158 5
95 160 7
95 161 5
95 163 9
95 164 5
95 166 8
95 167 1
95 168 4
95 171 6
95 172 7
95 173 10
95 176 9
95 179 6
95 180 6
95 183 5
95 185 9
95 186 3
95 187 2
95 188 1
95 191 5
95 192 4
95 194 3
95 195 9
95 196 2
95 197 5
95 198 4
95 200 7
95 201 1
95 203 7
95 210 1
95 211 1
95 214 2
95 215 1
95 217 4
95 218 8
95 219 4
95 221 2
95 222 8
95 224 10
95 225 1
95 226 7
95 227 2
95 229 4
95 230 1
95 231 7
95 232 10
95 238 7
95 239 10
95 241 4
95 242 7
95 243 8
95 246 4
95 247 5
95 249 3
95 251 10
95 253 10
95 255 9
95 257 1
95 258 2
95 261 2
95 262 10
95 263 7
95 266 6
95 270 9
95 271 10
95 275 6
95 281 1
95 282 1
95 286 4
95 287 1
95 289 9
95 290 9
95 292 8
95 293 2
95 295 4
95 296 8
95 297 5
95 299 8
96 97 5
96 99 6
96 101 9
96 102 9
96 103 4
96 104 8
96 109 8
96 111 4
96 113 8
96 114 8
96 116 7
96 118 9
96 119 10
96 121 3
96 122 7
96 124 6
96 126 6
96 127 1
96 132 6
96 133 2
96 134 2
96 135 2
96 137 6
96 138 4
96 140 3
96 142 3
96 144 6
96 146 1
96 147 9
96 148 7
96 149 7
96 151 8
96 152 9
96 153 5
96 155 4
96 156 4
96 158 9
96 162 1
96 163 2
96 164 6
96 165 5
96 166 2
96 168 3
96 170 4
96 172 5
96 173 3
96 177 10
96 178 10
96 179 8
96 182 4
96 183 3
96 184 3
96 186 8
96 189 7
96 190 8
96 193 4
96 194 8
96 196 7
96 199 4
96 200 1
96 201 8
96 203 5
96 204 10
96 205 2
96 207 10
96 208 4
96 209 2
96 210 9
96 211 6
96 212 4
96 213 10
96 216 2
96 217 2
96 218 10
96 220 7
96 227 5
96 229 6
96 232 9
96 234 7
96 235 1
96 236 1
96 237 10
96 240 8
96 241 6
96 242 7
96 243 9
96 244 10
96 245 7
96 246 5
96 251 6
96 252 6
96 253 3
96 254 3
96 259 7
96 260 5
96 261 4
96 263 3
96 264 10
96 269 6
96 270 7
96 271 4
96 273 6
96 274 7
96 275 8
96 278 4
96 279 3
96 280 2
96 281 10
96 283 10
96 286 2
96 287 6
96 288 6
96 290 1
96 291 6
96 292 5
96 295 3
96 296 9
96 297 8
96 298 1
96 299 4
97 98 2
97 101 9
97 102 2
97 104 6
97 105 3
97 109 9
97 110 6
97 111 7
97 112 8
97 113 9
97 114 3
97 115 5
97 116 6
97 117 5
97 118 4
97 120 7
97 121 5
97 124 3
97 126 6
97 127 5
97 128 1
97 132 9
97 134 4
97 135 6
97 136 4
97 137 6
97 143 10
97 146 2
97 147 2
97 149 7
97 152 3
97 153 8
97 157 1
97 162 10
97 164 5
97 165 9
97 166 7
97 167 6
97 168 1
97 170 2
97 174 6
97 175 4
97 176 5
97 177 6
97 178 4
97 180 9
97 182 9
97 185 2
97 186 4
97 188 1
97 189 3
97 195 10
97 196 5
97 199 6
97 200 5
97 202 3
97 203 4
97 204 1
97 208 1
97 212 8
97 215 1
97 216 3
97 221 5
97 222 7
97 224 10
97 225 1
97 228 6
97 229 2
97 233 4
97 236 1
97 239 10
97 241 2
97 246 5
97 250 4
97 251 2
97 253 1
97 254 3
97 255 3
97 256 9
97 258 6
97 259 3
97 262 1
97 263 6
97 265 2
97 268 6
97 269 10
97 271 8
97 273 8
97 274 5
97 275 6
97 276 3
97 277 7
97 279 10
97 280 7
97 284 6
97 288 5
97 289 6
97 290 2
97 293 4
97 297 6
97 299 10
98 101 2
98 103 7
98 107 4
98 108 6
98 109 10
98 110 7
98 115 1
98 116 10
98 118 3
98 120 2
98 121 10
98 125 9
98 126 3
98 127 7
98 130 3
98 132 9
98 133 4
98 135 3
98 137 10
98 140 9
98 143 7
98 146 2
98 151 4
98 154 4
98 157 7
98 159 2
98 160 9
98 162 8
98 164 6
98 165 6
98 166 8
98 167 2
98 168 1
98 169 5
98 170 7
98 172 3
98 177 3
98 181 1
98 183 7
98 185 5
98 186 2
98 187 6
98 189 4
98 192 9
98 193 1
98 194 9
98 197 7
98 200 9
98 201 1
98 204 9
98 206 3
98 207 4
98 209 2
98 214 7
98 215 4
98 218 10
98 219 7
98 220 9
98 224 10
98 225 8
98 227 8
98 234 5
98 235 10
98 238 7
98 239 8
98 240 9
98 242 8
98 245 4
98 247 8
98 248 10
98 249 2
98 252 7
98 253 2
98 254 5
98 255 3
98 256 5
98 257 10
98 259 4
98 260 4
98 263 2
98 268 1
98 269 4
98 271 4
98 272 3
98 273 1
98 274 10
98 276 2
98 277 7
98 281 3
98 282 7
98 283 10
98 284 10
98 287 3
98 289 6
98 290 2
98 291 10
98 294 2
98 295 5
98 297 10
98 299 2
99 100 9
99 101 7
99 102 4
99 103 2
99 106 5
99 118 4
99 119 7
99 122 4
99 123 3
99 124 2
99 125 9
99 127 5
99 128 10
99 129 6
99 132 4
99 135 9
99 136 1
99 138 5
99 143 3
99 144 6
99 146 3
99 149 10
99 150 4
99 152 6
99 157 2
99 158 7
99 162 6
99 164 7
99 169 8
99 170 4
99 171 6
99 172 4
99 173 6
99 174 10
99 176 3
99 178 1
99 179 2
99 180 1
99 181 5
99 182 1
99 185 1
99 186 4
99 187 10
99 191 6
99 193 8
99 196 6
99 200 9
99 203 1
99 204 10
99 205 6
99 208 5
99 209 4
99 211 6
99 214 6
99 215 5
99 216 1
99 217 4
99 218 5
99 219 3
99 220 6
99 226 4
99 227 8
99 228 2
99 234 8
99 238 1
99 240 1
99 241 2
99 242 2
99 243 2
99 244 1
99 246 1
99 247 9
99 249 1
99 252 1
99 255 8
99 256 10
99 259 2
99 262 5
99 265 7
99 266 2
99 267 8
99 268 2
99 271 5
99 272 2
99 273 10
99 275 1
99 280 2
99 283 5
99 284 9
99 285 7
99 286 4
99 287 7
99 290 9
99 291 6
99 292 3
99 293 7
99 294 1
99 295 10
99 296 1
99 297 8
100 101 8
100 103 1
100 104 4
100 105 4
100 111 2
100 112 7
100 114 2
100 115 7
100 116 7
100 117 9
100 118 7
100 120 10
100 123 7
100 124 2
100 125 6
100 127 4
100 129 10
100 130 7
100 131 9
100 132 8
100 133 6
100 135 6
100 137 5
100 138 2
100 139 3
100 140 8
100 141 2
100 142 1
100 143 7
100 144 5
100 145 2
100 147 10
100 151 7
100 155 9
100 156 4
100 158 8
100 159 3
100 160 7
100 161 6
100 165 10
100 166 10
100 170 4
100 171 5
100 176 6
100 178 1
100 179 9
100 182 1
100 187 8
100 188 1
100 189 8
100 196 7
100 197 7
100 201 8
100 203 8
100 204 4
100 206 2
100 207 5
100 208 7
100 213 4
100 214 1
100 216 5
100 219 7
100 222 6
100 223 1
100 224 2
100 225 1
100 228 3
100 230 8
100 234 4
100 235 7
100 237 3
100 240 5
100 244 8
100 246 2
100 247 1
100 248 7
100 251 1
100 252 10
100 253 10
100 255 10
100 257 10
100 258 8
100 260 8
100 261 2
100 262 9
100 263 8
100 264 7
100 265 10
100 267 6
100 268 7
100 271 4
100 274 9
100 275 5
100 276 6
100 277 4
100 281 6
100 282 6
100 284 7
100 285 1
100 286 10
100 289 7
100 291 8
100 292 1
100 293 9
100 294 3
100 296 8
100 297 1
100 299 6
101 105 1
101 106 4
101 107 9
101 109 5
101 112 9
101 114 4
101 117 7
101 118 5
101 121 10
101 125 4
101 126 8
101 128 6
101 131 9
101 132 3
101 135 4
101 141 6
101 142 4
101 143 6
101 144 1
101 147 3
101 149 2
101 151 10
101 152 5
101 158 3
101 159 9
101 160 3
101 161 9
101 162 6
101 163 10
101 164 4
101 166 7
101 167 4
101 168 1
101 170 3
101 173 5
101 174 10
101 175 4
101 176 5
101 177 3
101 178 3
101 179 7
101 184 3
101 186 2
101 188 9
101 189 7
101 191 4
101 193 8
101 195 9
101 198 2
101 200 8
101 204 4
101 205 6
101 206 10
101 207 3
101 210 9
101 211 2
101 212 6
101 214 9
101 217 2
101 218 3
101 223 3
101 225 7
101 227 4
101 228 3
101 231 2
101 232 6
101 234 10
101 236 8
101 240 3
101 241 7
101 244 3
101 248 5
101 250 5
101 255 6
101 258 8
101 260 5
101 261 6
101 265 9
101 266 3
101 267 10
101 268 10
101 272 7
101 273 5
101 274 8
101 275 10
101 277 8
101 283 5
101 286 3
101 287 2
101 288 5
101 289 9
101 292 5
101 293 10
101 294 7
101 295 10
101 296 1
101 297 7
102 104 9
102 106 5
102 111 6
102 112 1
102 114 8
102 115 3
102 116 8
102 118 7
102 120 9
102 124 3
102 126 2
102 131 2
102 132 1
102 134 8
102 135 10
102 138 8
102 139 4
102 140 8
102 142 10
102 143 10
102 145 3
102 148 7
102 152 4
102 153 1
102 154 2
102 165 7
102 168 1
102 172 1
102 173 8
102 178 8
102 179 10
102 180 1
102 183 6
102 185 1
102 187 3
102 194 10
102 196 2
102 198 1
102 203 9
102 208 6
102 209 6
102 210 7
102 211 7
102 212 6
102 214 3
102 216 8
102 218 10
102 223 1
102 224 6
102 226 5
102 227 1
102 228 7
102 229 8
102 231 1
102 232 6
102 233 7
102 234 2
102 236 1
102 237 7
102 239 10
102 243 9
102 245 9
102 246 3
102 248 4
102 251 3
102 254 3
102 255 7
102 256 7
102 258 7
102 260 3
102 261 6
102 262 9
102 264 2
102 265 5
102 268 8
102 271 6
102 273 7
102 276 1
102 278 6
102 280 5
102 282 1
102 283 2
102 284 1
102 286 8
102 287 7
102 289 6
102 290 7
102 291 1
102 292 5
102 295 4
102 297 1
102 298 2
103 106 7
103 108 7
103 109 5
103 112 9
103 113 4
103 114 6
103 117 5
103 120 8
103 121 2
103 124 2
103 126 3
103 127 3
103 128 1
103 129 10
103 130 7
103 131 2
103 132 3
103 133 1
103 135 4
103 139 3
103 141 3
103 142 4
103 143 5
103 144 7
103 147 4
103 149 7
103 153 8
103 154 2
103 158 3
103 159 1
103 171 4
103 174 9
103 175 1
103 176 4
103 177 7
103 179 9
103 180 9
103 182 6
103 183 1
103 184 3
103 189 2
103 193 4
103 195 6
103 196 6
103 197 3
103 200 5
103 203 5
103 204 7
103 205 8
103 208 7
103 214 3
103 215 5
103 216 1
103 217 7
103 218 7
103 220 7
103 221 5
103 222 2
103 227 9
103 229 2
103 230 2
103 231 3
103 232 3
103 233 4
103 238 3
103 241 1
103 244 10
103 245 7
103 246 4
103 248 4
103 251 7
103 254 5
103 258 9
103 263 1
103 264 5
103 266 10
103 268 10
103 269 7
103 270 8
103 273 5
103 274 3
103 277 6
103 278 9
103 280 8
103 284 4
103 285 10
103 290 10
103 293 5
103 296 5
103 297 1
104 107 10
104 108 4
104 109 7
104 110 7
104 114 9
104 115 1
104 116 1
104 117 9
104 120 4
104 122 10
104 125 8
104 128 8
104 129 5
104 135 9
104 137 1
104 139 8
104 140 7
104 141 9
104 143 10
104 144 4
104 145 2
104 148 8
104 149 9
104 152 9
104 154 2
104 155 1
104 158 10
104 160 10
104 161 9
104 163 1
104 165 1
104 167 10
104 171 9
104 173 1
104 174 9
104 175 8
104 177 7
104 179 4
104 181 10
104 182 5
104 183 9
104 184 3
104 186 10
104 187 3
104 188 10
104 193 10
104 194 10
104 197 6
104 198 10
104 199 9
104 201 6
104 204 3
104 207 9
104 211 10
104 213 4
104 220 4
104 221 9
104 225 5
104 229 10
104 232 9
104 238 4
104 241 10
104 243 3
104 248 1
104 249 3
104 251 5
104 252 9
104 253 7
104 259 4
104 260 10
104 262 9
104 265 7
104 266 9
104 268 7
104 269 2
104 270 7
104 271 4
104 273 9
104 275 3
104 276 5
104 281 3
104 282 7
104 284 5
104 287 9
104 288 4
104 291 1
104 293 9
104 295 2
104 296 2
104 297 4
104 299 5
105 106 2
105 107 10
105 108 1
105 109 8
105 110 3
105 111 4
105 113 9
105 114 8
105 115 5
105 116 7
105 117 1
105 118 6
105 119 1
105 120 9
105 121 8
105 122 6
105 125 10
105 126 5
105 128 9
105 132 2
105 133 1
105 136 1
105 138 7
105 139 6
105 142 5
105 143 6
105 145 8
105 146 6
105 149 7
105 150 6
105 151 5
105 154 5
105 155 9
105 157 9
105 161 7
105 162 1
105 163 8
105 165 10
105 166 2
105 169 8
105 171 7
105 179 1
105 180 1
105 186 3
105 187 8
105 190 8
105 191 8
105 194 5
105 195 7
105 196 4
105 197 3
105 198 4
105 199 5
105 202 4
105 203 7
105 206 5
105 207 1
105 208 6
105 209 2
105 214 1
105 215 8
105 216 1
105 219 2
105 221 5
105 222 8
105 224 1
105 227 7
105 228 2
105 229 9
105 231 3
105 232 10
105 233 10
105 235 2
105 236 7
105 238 8
105 239 8
105 240 7
105 241 2
105 242 3
105 244 4
105 246 10
105 247 9
105 248 3
105 253 2
105 254 8
105 257 3
105 258 5
105 259 1
105 262 6
105 263 8
105 267 10
105 268 3
105 271 10
105 272 10
105 273 7
105 275 4
105 278 5
105 279 3
105 280 4
105 281 8
105 283 2
105 285 2
105 287 4
105 288 5
105 289 6
105 290 7
105 291 2
105 296 4
106 108 4
106 109 3
106 110 5
106 111 7
106 113 8
106 116 2
106 118 4
106 121 8
106 123 8
106 124 4
106 126 6
106 127 4
106 129 9
106 134 10
106 137 8
106 138 8
106 142 9
106 146 10
106 147 8
106 148 6
106 149 8
106 151 6
106 152 3
106 153 10
106 154 6
106 156 7
106 157 3
106 160 6
106 161 2
106 163 2
106 164 10
106 170 4
106 173 1
106 174 7
106 176 8
106 182 7
106 183 1
106 184 8
106 185 10
106 187 4
106 189 7
106 190 6
106 191 4
106 193 7
106 195 6
106 198 6
106 199 4
106 200 5
106 201 7
106 204 9
106 206 8
106 210 4
106 212 9
106 213 3
106 215 6
106 218 9
106 219 8
106 220 7
106 223 9
106 224 9
106 227 9
106 228 2
106 234 7
106 236 9
106 237 10
106 239 7
106 240 7
106 241 3
106 242 7
106 244 8
106 247 7
106 249 10
106 251 10
106 254 3
106 257 6
106 260 9
106 261 3
106 266 4
106 267 2
106 268 4
106 269 2
106 270 5
106 272 8
106 274 8
106 277 1
106 279 8
106 284 9
106 285 9
106 287 4
106 290 4
106 291 3
106 292 8
106 293 10
106 295 7
107 113 2
107 115 10
107 118 5
107 120 5
107 125 6
107 127 4
107 129 6
107 130 1
107 131 9
107 132 9
107 136 1
107 137 8
107 138 5
107 139 7
107 141 5
107 143 6
107 144 6
107 148 1
107 150 1
107 151 10
107 153 9
107 154 7
107 155 6
107 156 4
107 158 3
107 160 3
107 161 3
107 163 9
107 166 2
107 167 8
107 169 7
107 170 5
107 172 3
107 174 3
107 177 7
107 180 2
107 181 3
107 184 6
107 187 2
107 190 1
107 193 10
107 195 3
107 196 5
107 197 2
107 198 1
107 200 6
107 203 7
107 204 9
107 205 4
107 206 5
107 207 3
107 210 6
107 211 5
107 213 1
107 215 6
107 217 8
107 219 9
107 220 8
107 223 6
107 224 8
107 225 5
107 227 1
107 228 10
107 229 2
107 230 6
107 232 10
107 235 5
107 236 10
107 237 1
107 238 8
107 239 9
107 241 4
107 242 5
107 243 6
107 244 8
107 246 1
107 248 6
107 253 2
107 257 6
107 258 9
107 263 2
107 269 9
107 271 3
107 273 5
107 275 7
107 276 3
107 277 1
107 279 10
107 280 3
107 283 2
107 285 9
107 286 4
107 287 10
107 288 5
107 290 8
107 298 5
108 111 9
108 112 1
108 118 7
108 119 3
108 121 6
108 122 1
108 123 4
108 125 4
108 129 1
108 130 1
108 131 2
108 132 3
108 133 7
108 135 8
108 138 4
108 143 5
108 144 7
108 146 10
108 147 7
108 149 2
108 151 9
108 153 8
108 159 8
108 161 4
108 165 9
108 167 6
108 173 3
108 174 3
108 175 5
108 179 6
108 180 1
108 182 10
108 183 5
108 184 8
108 187 7
108 189 4
108 190 1
108 192 2
108 197 8
108 199 8
108 202 8
108 203 2
108 204 9
108 207 1
108 209 1
108 211 5
108 212 8
108 213 4
108 214 7
108 215 4
108 217 6
108 218 1
108 221 4
108 224 5
108 225 9
108 228 6
108 235 2
108 236 3
108 238 1
108 239 7
108 242 5
108 243 9
108 244 5
108 245 9
108 246 8
108 247 7
108 250 7
108 252 3
108 253 7
108 254 4
108 255 5
108 256 9
108 257 8
108 260 8
108 262 8
108 263 9
108 264 10
108 265 7
108 266 10
108 267 6
108 268 1
108 269 1
108 270 3
108 271 2
108 273 3
108 274 7
108 276 7
108 279 6
108 281 8
108 282 4
108 287 1
108 288 3
108 290 2
108 293 1
108 294 1
108 296 4
108 297 9
109 115 8
109 118 5
109 124 5
109 127 9
109 128 7
109 129 8
109 131 4
109 132 2
109 135 3
109 136 9
109 137 2
109 139 9
109 141 6
109 148 8
109 149 1
109 151 3
109 152 9
109 153 7
109 154 4
109 155 9
109 156 8
109 158 6
109 161 4
109 162 4
109 164 1
109 167 4
109 172 7
109 173 7
109 174 6
109 180 9
109 183 2
109 185 2
109 189 7
109 190 2
109 192 2
109 196 10
109 198 8
109 199 1
109 204 4
109 208 6
109 209 9
109 211 5
109 214 3
109 215 10
109 220 3
109 221 8
109 222 6
109 223 8
109 224 8
109 225 7
109 229 10
109 231 4
109 232 3
109 233 8
109 238 5
109 240 4
109 241 3
109 243 4
109 245 9
109 246 10
109 249 2
109 251 2
109 252 6
109 254 2
109 255 9
109 256 2
109 257 4
109 258 3
109 259 8
109 263 3
109 264 9
109 266 4
109 267 1
109 269 8
109 271 5
109 273 7
109 276 3
109 278 2
109 281 3
109 282 5
109 284 3
109 285 7
109 287 3
109 290 1
109 291 5
109 292 6
109 293 4
109 295 9
109 297 2
109 298 6
110 111 2
110 112 7
110 113 6
110 114 2
110 116 5
110 122 5
110 124 10
110 125 4
110 127 3
110 128 5
110 129 2
110 130 3
110 131 9
110 133 4
110 136 4
110 137 9
110 138 7
110 139 1
110 140 2
110 141 5
110 144 8
110 146 6
110 147 3
110 150 10
110 152 10
110 153 1
110 155 4
110 156 10
110 157 5
110 159 3
110 160 7
110 161 8
110 164 7
110 165 8
110 166 5
110 167 10
110 169 1
110 170 5
110 172 4
110 175 4
110 176 2
110 177 6
110 179 6
110 180 4
110 183 5
110 186 7
110 187 5
110 188 10
110 189 5
110 191 7
110 192 6
110 194 8
110 197 4
110 200 6
110 201 6
110 202 6
110 203 2
110 204 5
110 205 9
110 209 7
110 210 8
110 211 8
110 213 5
110 215 6
110 217 4
110 219 7
110 220 5
110 221 2
110 222 5
110 223 6
110 228 1
110 229 8
110 236 1
110 238 8
110 239 6
110 240 5
110 252 6
110 257 9
110 260 3
110 262 8
110 263 10
110 264 1
110 267 8
110 271 1
110 273 7
110 274 1
110 276 5
110 278 6
110 280 4
110 281 7
110 282 1
110 283 6
110 284 5
110 289 8
110 290 2
110 292 7
110 293 3
110 294 3
110 295 7
110 297 6
110 299 9
111 112 6
111 114 1
111 115 2
111 119 5
111 120 6
111 121 1
111 124 4
111 129 2
111 131 3
111 132 3
111 133 5
111 136 2
111 137 5
111 140 6
111 142 1
111 143 6
111 145 3
111 146 1
111 147 6
111 149 6
111 150 7
111 152 9
111 154 7
111 155 8
111 157 1
111 158 7
111 159 7
111 160 5
111 161 6
111 162 8
111 163 10
111 164 6
111 165 5
111 166 5
111 168 6
111 171 3
111 175 1
111 176 10
111 177 8
111 178 3
111 180 2
111 181 8
111 184 8
111 185 8
111 187 5
111 190 6
111 191 9
111 193 4
111 194 2
111 195 8
111 197 1
111 199 9
111 201 1
111 206 4
111 207 5
111 209 9
111 210 9
111 213 8
111 215 2
111 216 1
111 217 9
111 219 8
111 221 9
111 223 6
111 225 10
111 227 3
111 231 10
111 235 7
111 238 4
111 241 10
111 242 7
111 243 2
111 245 2
111 247 5
111 249 9
111 251 6
111 252 10
111 254 7
111 255 2
111 258 1
111 261 8
111 265 1
111 269 5
111 270 7
111 271 10
111 275 5
111 276 2
111 277 5
111 280 5
111 282 3
111 283 1
111 285 2
111 288 7
111 289 10
111 291 9
111 292 8
111 293 8
111 298 5
111 299 4
112 113 4
112 114 3
112 117 3
112 118 4
112 119 9
112 122 6
112 123 1
112 126 10
112 128 4
112 130 9
112 132 1
112 135 5
112 136 9
112 139 7
112 140 5
112 142 7
112 143 1
112 144 5
112 145 3
112 150 5
112 151 7
112 152 6
112 153 4
112 155 8
112 156 5
112 157 7
112 161 6
112 162 2
112 163 3
112 164 3
112 168 10
112 171 5
112 173 4
112 179 3
112 180 2
112 182 6
112 183 5
112 184 8
112 185 4
112 188 8
112 191 4
112 193 1
112 194 8
112 195 1
112 197 5
112 198 9
112 202 3
112 203 10
112 204 7
112 206 4
112 207 10
112 208 2
112 209 2
112 212 9
112 213 7
112 214 4
112 215 2
112 216 10
112 219 10
112 220 6
112 223 4
112 225 9
112 226 3
112 227 8
112 228 8
112 230 2
112 232 3
112 233 9
112 234 9
112 239 6
112 240 10
112 241 10
112 242 7
112 244 5
112 245 7
112 249 6
112 250 6
112 251 6
112 254 2
112 256 8
112 260 9
112 266 5
112 268 2
112 269 8
112 270 8
112 273 7
112 274 6
112 275 10
112 276 4
112 284 10
112 285 9
112 286 1
112 288 5
112 289 10
112 290 3
112 291 2
112 293 5
112 294 1
112 295 6
112 296 2
112 297 2
113 114 10
113 115 5
113 116 6
113 117 2
113 118 4
113 120 4
113 122 8
113 125 5
113 130 3
113 134 1
113 135 4
113 138 3
113 140 7
113 141 7
113 142 5
113 146 4
113 147 2
113 149 3
113 150 5
113 152 2
113 153 10
113 154 10
113 155 5
113 158 9
113 159 10
113 162 8
113 164 4
113 168 9
113 169 5
113 171 10
113 172 5
113 175 3
113 176 5
113 180 1
113 181 3
113 182 10
113 186 10
113 187 2
113 188 8
113 189 5
113 190 5
113 194 7
113 195 3
113 197 1
113 199 8
113 201 7
113 204 7
113 205 1
113 207 9
113 208 4
113 210 3
113 213 6
113 214 7
113 215 7
113 217 5
113 218 5
113 219 3
113 220 4
113 222 6
113 223 10
113 225 8
113 226 3
113 227 7
113 230 9
113 236 4
113 237 10
113 242 6
113 244 8
113 248 6
113 249 7
113 251 4
113 252 3
113 255 3
113 256 3
113 258 8
113 259 8
113 260 10
113 262 10
113 263 8
113 264 6
113 265 8
113 266 9
113 268 3
113 271 7
113 273 6
113 274 6
113 275 7
113 278 7
113 279 3
113 280 2
113 281 2
113 282 10
113 283 9
113 284 6
113 289 7
113 292 1
113 295 5
113 298 1
114 116 6
114 122 10
114 127 5
114 129 8
114 130 8
114 132 9
114 133 5
114 135 8
114 139 8
114 142 6
114 145 1
114 146 7
114 147 3
114 148 5
114 150 8
114 151 3
114 152 3
114 157 8
114 159 3
114 161 8
114 164 5
114 166 9
114 168 5
114 170 4
114 172 1
114 175 8
114 176 8
114 179 9
114 180 3
114 183 5
114 188 1
114 191 9
114 193 6
114 194 7
114 197 7
114 198 6
114 205 1
114 210 8
114 212 9
114 215 5
114 216 1
114 218 9
114 219 4
114 221 4
114 226 5
114 229 9
114 236 9
114 239 3
114 240 7
114 242 9
114 243 1
114 244 5
114 247 8
114 253 3
114 254 6
114 260 6
114 262 8
114 263 4
114 265 2
114 266 3
114 269 10
114 270 7
114 271 5
114 278 5
114 279 7
114 280 9
114 284 5
114 285 9
114 287 7
114 291 9
114 294 5
114 295 8
114 299 10
115 116 6
115 119 8
115 122 1
115 124 9
115 128 4
115 132 10
115 134 4
115 136 5
115 138 2
115 141 5
115 142 2
115 143 6
115 147 5
115 149 1
115 152 8
115 154 5
115 156 3
115 159 2
115 162 2
115 164 4
115 166 8
115 167 5
115 169 3
115 170 3
115 172 5
115 174 5
115 176 10
115 179 10
115 184 3
115 185 7
115 186 5
115 187 6
115 189 9
115 190 8
115 192 4
115 194 5
115 195 8
115 196 7
115 197 8
115 198 2
115 199 10
115 201 4
115 202 8
115 203 2
115 204 4
115 205 3
115 208 6
115 210 1
115 211 1
115 212 8
115 213 3
115 214 1
115 215 2
115 221 10
115 222 2
115 224 3
115 226 3
115 228 10
115 232 4
115 233 9
115 234 9
115 236 8
115 237 7
115 242 5
115 243 10
115 244 1
115 246 4
115 247 4
115 248 6
115 249 9
115 251 10
115 252 8
115 253 5
115 254 8
115 256 6
115 257 10
115 258 6
115 261 3
115 263 2
115 264 9
115 265 3
115 269 4
115 271 1
115 275 7
115 276 2
115 279 5
115 283 4
115 285 4
115 287 5
115 288 4
115 289 10
115 290 9
115 292 9
115 295 2
115 299 6
116 117 3
116 119 10
116 120 7
116 121 10
116 122 7
116 123 7
116 124 1
116 125 10
116 126 1
116 127 8
116 136 5
116 140 8
116 142 5
116 143 8
116 144 6
116 146 4
116 147 4
116 152 4
116 153 2
116 154 4
116 155 8
116 156 5
116 158 1
116 164 3
116 165 8
116 166 3
116 170 4
116 171 9
116 173 8
116 175 3
116 176 7
116 177 5
116 178 3
116 180 1
116 182 5
116 183 6
116 185 4
116 187 1
116 188 8
116 190 8
116 191 7
116 195 2
116 196 4
116 197 10
116 198 4
116 199 6
116 200 3
116 202 3
116 203 8
116 206 1
116 207 5
116 208 6
116 210 5
116 211 6
116 212 1
116 215 8
116 218 6
116 221 10
116 223 6
116 224 4
116 228 4
116 229 8
116 230 7
116 231 10
116 232 8
116 235 5
116 236 7
116 239 4
116 240 8
116 243 4
116 244 9
116 245 6
116 249 2
116 251 8
116 252 8
116 253 10
116 255 7
116 257 9
116 260 5
116 263 3
116 267 10
116 268 9
116 269 2
116 271 2
116 272 10
116 275 5
116 277 2
116 278 5
116 279 4
116 282 10
116 284 5
116 285 7
116 286 2
116 288 2
116 289 10
116 290 5
116 293 8
116 294 8
116 295 3
116 297 7
117 118 8
117 120 8
117 121 1
117 123 10
117 125 8
117 126 6
117 127 4
117 128 4
117 129 4
117 132 6
117 134 1
117 135 2
117 137 8
117 139 5
117 142 2
117 147 6
117 148 3
117 150 10
117 154 3
117 156 7
117 157 9
117 162 1
117 163 8
117 164 9
117 165 4
117 167 2
117 168 8
117 172 1
117 174 10
117 175 3
117 178 6
117 179 9
117 180 1
117 185 1
117 190 10
117 192 1
117 195 5
117 197 5
117 198 2
117 199 10
117 202 4
117 203 7
117 206 10
117 208 8
117 209 3
117 210 2
117 211 5
117 212 2
117 213 5
117 214 5
117 217 5
117 218 4
117 219 10
117 220 7
117 221 2
117 222 4
117 224 6
117 225 6
117 227 9
117 229 5
117 231 5
117 233 5
117 234 8
117 238 1
117 239 10
117 240 5
117 241 3
117 243 2
117 245 1
117 247 1
117 252 8
117 255 6
117 257 4
117 258 10
117 260 4
117 262 9
117 264 7
117 269 8
117 273 6
117 274 4
117 276 2
117 278 4
117 280 6
117 281 10
117 282 2
117 283 6
117 284 9
117 285 6
117 286 2
117 292 7
117 293 1
117 294 5
117 295 2
117 298 8
117 299 9
118 120 4
118 121 5
118 123 2
118 129 3
118 130 5
118 131 6
118 132 2
118 133 10
118 134 4
118 135 10
118 136 7
118 137 1
118 138 8
118 144 9
118 149 5
118 151 6
118 155 8
118 158 10
118 159 3
118 160 7
118 162 8
118 163 9
118 165 5
118 167 2
118 168 5
118 171 1
118 173 7
118 174 1
118 177 6
118 179 6
118 181 2
118 182 8
118 183 4
118 184 2
118 185 1
118 186 4
118 187 5
118 188 9
118 190 8
118 191 6
118 192 10
118 193 10
118 199 7
118 200 10
118 202 5
118 203 9
118 205 1
118 208 1
118 210 4
118 212 10
118 215 7
118 217 9
118 218 5
118 219 9
118 221 10
118 225 8
118 226 5
118 227 2
118 229 3
118 231 1
118 234 9
118 235 7
118 240 2
118 241 7
118 245 2
118 249 1
118 251 5
118 254 2
118 256 5
118 257 6
118 258 2
118 259 7
118 264 9
118 267 7
118 270 6
118 271 7
118 272 9
118 273 2
118 274 1
118 279 4
118 283 9
118 284 10
118 285 2
118 286 1
118 287 3
118 288 4
118 289 1
118 291 4
118 294 8
118 295 10
118 297 4
118 299 8
119 120 3
119 122 3
119 127 10
119 128 7
119 129 8
119 130 8
119 134 1
119 137 6
119 138 5
119 139 9
119 140 1
119 142 2
119 145 3
119 148 5
119 149 8
119 151 7
119 153 5
119 154 2
119 155 2
119 158 4
119 159 4
119 164 3
119 166 2
119 168 7
119 169 2
119 170 5
119 171 2
119 175 1
119 179 4
119 181 7
119 182 8
119 185 4
119 186 1
119 188 3
119 192 4
119 194 1
119 197 3
119 199 1
119 201 5
119 202 4
119 204 9
119 206 3
119 207 6
119 209 9
119 210 9
119 213 1
119 214 4
119 215 10
119 216 6
119 217 4
119 219 3
119 220 3
119 221 2
119 223 9
119 226 3
119 227 8
119 230 1
119 232 5
119 233 5
119 234 1
119 236 6
119 240 2
119 243 9
119 244 7
119 245 7
119 247 4
119 248 7
119 249 1
119 251 5
119 252 3
119 254 1
119 255 4
119 256 5
119 259 5
119 263 5
119 264 3
119 267 4
119 268 5
119 270 8
119 273 9
119 276 10
119 277 10
119 278 6
119 286 3
119 289 4
119 297 6
119 299 7
120 121 3
120 123 9
120 124 4
120 126 8
120 128 1
120 129 4
120 130 5
120 133 8
120 134 10
120 136 4
120 137 2
120 140 6
120 142 7
120 145 8
120 147 5
120 148 1
120 151 1
120 153 5
120 154 2
120 156 6
120 159 10
120 160 3
120 161 5
120 165 10
120 167 3
120 168 3
120 169 7
120 172 4
120 175 3
120 176 3
120 178 9
120 179 6
120 180 1
120 181 1
120 186 8
120 187 6
120 190 8
120 192 1
120 193 1
120 194 2
120 199 1
120 200 9
120 201 8
120 202 7
120 204 3
120 205 3
120 206 10
120 207 5
120 208 3
120 210 5
120 211 3
120 212 5
120 213 5
120 215 8
120 216 10
120 219 2
120 222 1
120 223 3
120 224 9
120 226 5
120 227 4
120 231 5
120 232 6
120 234 1
120 235 4
120 238 10
120 239 6
120 240 7
120 244 5
120 249 4
120 250 8
120 251 8
120 255 1
120 256 8
120 259 9
120 260 9
120 262 1
120 265 4
120 267 2
120 269 4
120 270 5
120 271 1
120 272 5
120 273 1
120 276 7
120 278 5
120 279 10
120 281 1
120 283 3
120 284 4
120 287 4
120 288 6
120 293 9
120 298 2
121 128 6
121 130 7
121 131 4
121 132 6
121 133 8
121 135 5
121 139 7
121 142 9
121 144 8
121 145 10
121 146 5
121 147 3
121 150 9
121 151 6
121 152 10
121 154 7
121 155 9
121 156 3
121 157 9
121 158 8
121 159 1
121 160 3
121 162 9
121 164 10
121 165 4
121 171 2
121 172 3
121 175 8
121 176 8
121 178 3
121 183 10
121 184 8
121 185 3
121 187 5
121 195 5
121 197 4
121 201 2
121 202 5
121 205 6
121 206 9
121 207 6
121 208 5
121 209 4
121 210 4
121 211 6
121 212 6
121 213 2
121 218 10
121 219 8
121 220 5
121 221 3
121 222 5
121 223 3
121 224 6
121 225 5
121 226 1
121 227 9
121 228 5
121 229 2
121 230 10
121 231 6
121 233 6
121 235 3
121 236 10
121 237 7
121 243 8
121 245 7
121 246 6
121 250 8
121 252 3
121 254 2
121 255 3
121 256 1
121 258 6
121 259 4
121 260 6
121 263 9
121 265 4
121 269 3
121 270 1
121 273 7
121 277 1
121 280 7
121 281 8
121 282 3
121 283 9
121 286 1
121 289 7
121 290 8
121 291 3
121 292 6
121 295 9
121 296 3
121 297 5
121 298 4
122 124 3
122 126 5
122 128 3
122 129 8
122 131 4
122 135 7
122 137 5
122 138 5
122 141 9
122 143 2
122 145 7
122 146 1
122 148 7
122 151 1
122 152 4
122 154 4
122 155 9
122 159 5
122 161 2
122 162 4
122 167 1
122 170 7
122 171 3
122 173 5
122 174 5
122 175 10
122 176 5
122 181 4
122 182 6
122 183 5
122 184 1
122 185 7
122 186 3
122 187 6
122 192 4
122 194 3
122 195 2
122 199 10
122 200 3
122 201 5
122 202 5
122 203 1
122 204 9
122 205 5
122 206 7
122 207 1
122 213 4
122 214 7
122 215 4
122 218 1
122 220 1
122 222 7
122 225 9
122 230 9
122 231 5
122 234 2
122 238 4
122 244 8
122 245 5
122 246 8
122 248 3
122 249 7
122 250 10
122 251 10
122 253 9
122 254 4
122 256 3
122 257 1
122 258 3
122 259 6
122 261 6
122 262 8
122 264 7
122 274 7
122 276 5
122 278 2
122 280 3
122 281 5
122 282 4
122 283 1
122 285 1
122 286 10
122 289 9
122 291 3
122 292 2
122 294 9
122 296 1
123 126 6
123 128 4
123 135 9
123 136 2
123 140 4
123 141 5
123 143 9
123 147 7
123 150 5
123 155 10
123 156 4
123 158 6
123 160 9
123 164 10
123 165 5
123 166 7
123 169 2
123 170 7
123 173 4
123 175 10
123 179 2
123 180 9
123 181 2
123 183 7
123 186 10
123 191 10
123 192 1
123 199 10
123 200 7
123 201 9
123 203 2
123 208 10
123 209 5
123 210 1
123 211 5
123 212 4
123 215 6
123 216 5
123 217 10
123 218 3
123 220 2
123 222 8
123 223 3
123 225 10
123 226 10
123 227 1
123 230 4
123 231 6
123 232 3
123 233 1
123 234 10
123 236 2
123 238 2
123 239 6
123 241 7
123 243 8
123 244 7
123 247 2
123 248 8
123 252 8
123 254 7
123 257 4
123 258 3
123 260 6
123 261 8
123 262 6
123 264 9
123 265 9
123 267 7
123 271 9
123 275 5
123 277 3
123 279 1
123 280 8
123 281 8
123 283 4
123 285 5
123 286 3
123 289 2
123 290 9
123 293 3
123 295 6
123 297 4
123 298 3
124 129 4
124 132 8
124 133 10
124 135 1
124 137 8
124 138 9
124 139 6
124 145 3
124 146 1
124 147 9
124 149 2
124 150 10
124 151 3
124 154 3
124 155 8
124 156 6
124 162 5
124 165 7
124 166 5
124 169 6
124 171 6
124 172 3
124 174 8
124 175 5
124 178 7
124 180 10
124 181 10
124 182 3
124 185 10
124 190 2
124 191 7
124 193 7
124 195 6
124 197 10
124 204 8
124 205 6
124 207 6
124 208 9
124 210 10
124 218 3
124 219 6
124 220 8
124 226 7
124 227 4
124 229 7
124 230 5
124 235 10
124 237 5
124 240 3
124 242 5
124 243 10
124 244 10
124 245 3
124 246 10
124 247 7
124 249 9
124 251 4
124 254 4
124 258 6
124 259 2
124 261 8
124 263 9
124 264 5
124 266 9
124 267 9
124 268 3
124 269 7
124 270 2
124 271 4
124 273 9
124 274 8
124 276 9
124 277 4
124 279 2
124 281 1
124 284 7
124 287 9
124 289 5
124 291 1
124 292 4
124 294 3
124 295 2
124 298 8
124 299 10
125 127 7
125 131 7
125 133 4
125 134 7
125 136 9
125 140 2
125 141 7
125 142 10
125 143 5
125 145 10
125 150 3
125 151 7
125 152 4
125 153 1
125 157 2
125 159 5
125 160 3
125 164 10
125 167 5
125 168 5
125 169 9
125 171 3
125 172 2
125 174 5
125 178 6
125 180 1
125 181 2
125 182 6
125 184 9
125 185 7
125 189 9
125 193 4
125 194 3
125 195 6
125 196 7
125 197 9
125 202 2
125 204 10
125 205 1
125 210 1
125 213 3
125 215 1
125 217 2
125 220 2
125 221 3
125 224 3
125 227 4
125 229 10
125 230 8
125 231 4
125 233 3
125 234 8
125 235 1
125 237 6
125 238 3
125 239 4
125 240 10
125 245 3
125 246 3
125 247 9
125 248 4
125 250 3
125 256 1
125 259 1
125 262 6
125 264 7
125 266 7
125 267 3
125 268 4
125 272 3
125 275 10
125 276 7
125 278 5
125 279 1
125 281 1
125 283 5
125 285 8
125 286 9
125 287 9
125 288 4
125 289 4
125 291 1
125 292 5
125 293 8
125 296 7
125 297 8
126 127 5
126 128 8
126 130 8
126 132 7
126 140 2
126 141 1
126 143 2
126 144 1
126 145 1
126 146 2
126 149 10
126 150 3
126 157 4
126 158 3
126 160 7
126 161 8
126 162 8
126 164 9
126 165 7
126 167 10
126 168 4
126 170 10
126 174 1
126 175 7
126 177 5
126 179 10
126 181 3
126 183 5
126 184 5
126 185 9
126 187 2
126 188 2
126 202 5
126 203 8
126 204 4
126 205 1
126 207 9
126 212 9
126 215 4
126 219 4
126 220 2
126 221 3
126 224 10
126 226 3
126 227 6
126 228 10
126 229 2
126 230 7
126 243 1
126 246 3
126 247 6
126 248 5
126 249 2
126 250 3
126 251 7
126 252 3
126 254 10
126 255 3
126 256 10
126 259 4
126 260 1
126 262 8
126 263 5
126 265 2
126 268 1
126 271 1
126 272 3
126 273 1
126 274 2
126 276 1
126 277 3
126 283 2
126 286 10
126 287 7
126 288 5
126 293 1
126 295 10
126 296 2
126 298 8
126 299 2
127 129 7
127 131 3
127 135 7
127 139 6
127 140 7
127 141 9
127 142 8
127 144 7
127 145 7
127 146 1
127 148 8
127 149 1
127 151 2
127 152 3
127 153 10
127 156 1
127 158 8
127 161 4
127 164 3
127 166 4
127 169 9
127 171 4
127 173 1
127 179 9
127 181 1
127 182 2
127 183 2
127 184 4
127 185 1
127 187 10
127 188 3
127 189 10
127 192 1
127 194 9
127 195 6
127 196 8
127 197 6
127 198 2
127 200 1
127 201 5
127 208 2
127 209 9
127 211 8
127 213 10
127 214 1
127 216 10
127 217 9
127 218 7
127 221 6
127 222 8
127 223 6
127 226 8
127 227 4
127 228 3
127 231 4
127 232 10
127 233 5
127 235 5
127 236 4
127 240 5
127 243 9
127 244 7
127 247 1
127 248 7
127 251 5
127 253 8
127 258 5
127 260 2
127 261 4
127 263 2
127 264 2
127 265 8
127 275 5
127 276 9
127 278 3
127 279 6
127 282 3
127 283 2
127 284 5
127 286 8
127 287 3
127 289 7
127 290 2
127 291 1
127 295 5
127 299 5
128 129 8
128 131 9
128 132 9
128 133 8
128 134 9
128 135 10
128 138 2
128 139 3
128 140 8
128 141 7
128 142 9
128 143 3
128 145 4
128 147 2
128 149 3
128 150 2
128 151 4
128 152 9
128 153 5
128 154 6
128 156 2
128 157 3
128 160 6
128 162 1
128 163 8
128 164 7
128 168 9
128 169 8
128 170 5
128 171 3
128 173 3
128 174 10
128 176 9
128 180 8
128 182 8
128 184 3
128 186 2
128 188 5
128 191 7
128 192 10
128 194 3
128 196 6
128 199 9
128 202 3
128 203 10
128 204 8
128 205 8
128 207 9
128 210 4
128 211 10
128 215 1
128 216 5
128 218 8
128 221 4
128 223 9
128 224 2
128 228 8
128 229 3
128 233 2
128 234 4
128 236 9
128 237 8
128 238 1
128 240 2
128 241 4
128 244 2
128 246 2
128 247 5
128 248 10
128 250 2
128 253 6
128 254 4
128 255 3
128 256 3
128 257 9
128 261 1
128 262 7
128 263 5
128 264 8
128 266 1
128 267 1
128 268 3
128 269 6
128 270 2
128 273 5
128 274 1
128 276 8
128 278 5
128 281 3
128 285 10
128 292 4
128 295 5
128 296 9
128 299 9
129 130 10
129 131 3
129 135 3
129 136 1
129 139 10
129 141 6
129 142 5
129 143 8
129 144 6
129 145 6
129 146 8
129 148 3
129 149 5
129 151 5
129 154 5
129 156 8
129 158 8
129 159 4
129 161 4
129 162 1
129 163 1
129 164 7
129 166 9
129 168 10
129 171 5
129 172 3
129 175 3
129 176 8
129 177 4
129 178 2
129 179 4
129 183 8
129 185 5
129 187 3
129 190 8
129 192 10
129 194 5
129 195 3
129 196 2
129 197 1
129 199 1
129 200 7
129 201 1
129 203 2
129 204 6
129 206 5
129 207 3
129 210 3
129 216 2
129 219 2
129 221 7
129 224 1
129 226 8
129 227 8
129 228 6
129 229 5
129 230 3
129 232 2
129 233 8
129 234 10
129 236 7
129 237 2
129 238 5
129 241 5
129 244 2
129 246 10
129 251 5
129 256 5
129 258 4
129 261 8
129 264 3
129 265 10
129 266 1
129 269 7
129 270 7
129 271 6
129 272 6
129 273 5
129 274 9
129 276 8
129 278 6
129 284 2
129 287 6
129 289 3
129 290 9
129 292 7
129 293 3
129 294 7
129 295 8
129 297 8
130 131 8
130 135 5
130 137 3
130 138 2
130 143 6
130 144 3
130 148 7
130 152 6
130 160 9
130 161 10
130 162 4
130 163 2
130 164 3
130 165 9
130 170 9
130 171 2
130 173 8
130 174 3
130 175 7
130 177 1
130 178 7
130 180 8
130 181 3
130 182 1
130 183 10
130 186 8
130 187 6
130 188 6
130 189 8
130 190 8
130 192 4
130 194 10
130 195 9
130 197 1
130 202 4
130 203 10
130 205 7
130 206 5
130 207 1
130 209 8
130 211 2
130 214 7
130 216 7
130 220 1
130 222 10
130 224 4
130 226 3
130 229 6
130 230 4
130 231 9
130 234 10
130 235 2
130 237 5
130 241 6
130 242 1
130 244 3
130 245 7
130 246 3
130 249 10
130 250 1
130 251 1
130 252 2
130 253 1
130 254 3
130 258 8
130 259 7
130 260 2
130 261 1
130 263 10
130 264 2
130 267 6
130 268 7
130 273 1
130 275 6
130 276 5
130 277 3
130 278 10
130 279 7
130 281 6
130 283 5
130 284 2
130 286 2
130 288 2
130 290 3
130 291 5
130 292 9
130 294 8
130 295 4
130 296 5
130 297 8
130 299 9
131 133 9
131 136 4
131 138 3
131 141 10
131 142 10
131 144 6
131 145 2
131 147 9
131 149 7
131 150 10
131 154 7
131 155 8
131 156 8
131 158 6
131 159 3
131 160 3
131 161 10
131 162 9
131 163 10
131 164 8
131 167 2
131 172 9
131 173 5
131 175 5
131 179 7
131 180 7
131 181 3
131 183 4
131 185 8
131 186 8
131 187 1
131 188 9
131 189 3
131 190 3
131 191 9
131 194 6
131 197 2
131 198 9
131 199 8
131 201 10
131 202 2
131 204 6
131 205 9
131 210 10
131 213 1
131 217 3
131 219 2
131 221 3
131 223 2
131 225 1
131 236 7
131 239 1
131 241 3
131 242 6
131 244 9
131 245 10
131 247 5
131 249 8
131 256 1
131 257 2
131 260 8
131 261 4
131 263 4
131 264 1
131 265 9
131 266 5
131 267 6
131 269 4
131 270 9
131 275 1
131 276 7
131 277 1
131 280 3
131 281 9
131 283 8
131 284 8
131 285 2
131 286 10
131 288 6
131 289 4
131 293 3
131 295 4
131 298 9
131 299 7
132 135 6
132 138 5
132 140 8
132 147 7
132 150 2
132 152 5
132 155 3
132 157 9
132 159 7
132 164 6
132 165 2
132 167 1
132 168 2
132 169 3
132 173 7
132 174 6
132 175 4
132 176 7
132 183 7
132 185 4
132 187 2
132 191 9
132 197 6
132 198 9
132 199 4
132 200 8
132 201 9
132 202 8
132 203 2
132 206 9
132 211 10
132 212 3
132 218 4
132 220 6
132 222 1
132 223 6
132 224 2
132 225 9
132 227 1
132 229 5
132 230 2
132 231 4
132 235 10
132 238 6
132 239 6
132 240 1
132 241 3
132 242 3
132 245 9
132 247 8
132 251 7
132 252 10
132 253 4
132 257 4
132 258 5
132 259 6
132 260 5
132 264 3
132 265 6
132 267 2
132 268 7
132 272 1
132 274 3
132 275 5
132 276 9
132 277 3
132 278 9
132 279 5
132 281 8
132 282 2
132 285 2
132 286 5
132 287 8
132 290 10
132 292 5
132 297 3
133 134 4
133 135 10
133 140 3
133 144 6
133 145 9
133 148 8
133 151 9
133 152 10
133 153 2
133 154 4
133 155 2
133 156 2
133 157 8
133 158 4
133 162 9
133 170 9
133 177 10
133 178 9
133 179 5
133 183 2
133 184 8
133 185 6
133 186 3
133 187 1
133 188 7
133 190 3
133 192 6
133 193 7
133 195 9
133 197 8
133 198 2
133 200 10
133 202 7
133 203 5
133 209 3
133 213 9
133 214 9
133 215 2
133 217 5
133 219 5
133 220 7
133 221 3
133 223 6
133 224 8
133 226 1
133 227 4
133 228 6
133 230 1
133 231 2
133 232 10
133 233 8
133 239 6
133 240 3
133 246 3
133 248 9
133 250 9
133 253 8
133 255 3
133 260 9
133 262 10
133 263 8
133 264 6
133 265 2
133 267 1
133 268 3
133 269 10
133 275 4
133 277 9
133 278 5
133 282 2
133 284 8
133 285 6
133 287 7
133 292 10
133 294 3
133 296 6
133 297 5
133 298 8
134 135 5
134 138 8
134 140 10
134 141 8
134 144 6
134 146 1
134 147 9
134 148 1
134 152 4
134 158 10
134 162 5
134 164 9
134 166 8
134 167 8
134 170 10
134 171 8
134 173 8
134 174 7
134 175 6
134 176 8
134 177 10
134 178 6
134 180 7
134 183 4
134 184 2
134 185 1
134 188 7
134 189 2
134 190 8
134 191 6
134 192 3
134 193 4
134 195 7
134 197 3
134 199 3
134 200 2
134 201 6
134 202 5
134 203 3
134 206 10
134 207 9
134 208 6
134 209 5
134 210 10
134 211 8
134 214 2
134 215 9
134 217 10
134 221 5
134 222 1
134 223 10
134 225 6
134 226 5
134 230 8
134 232 4
134 233 6
134 234 6
134 235 1
134 236 2
134 237 6
134 243 4
134 245 3
134 246 3
134 247 3
134 248 6
134 250 9
134 253 1
134 256 7
134 257 7
134 260 10
134 263 3
134 264 6
134 265 6
134 267 9
134 269 9
134 270 6
134 272 1
134 274 9
134 275 3
134 276 7
134 277 2
134 279 3
134 280 5
134 281 8
134 282 4
134 283 6
134 285 2
134 286 8
134 287 9
134 289 3
134 290 1
134 291 1
134 292 8
134 293 3
134 295 10
134 296 10
134 297 4
134 298 8
134 299 6
135 136 5
135 137 3
135 138 3
135 139 4
135 141 9
135 142 3
135 143 8
135 144 3
135 145 8
135 147 8
135 151 5
135 152 5
135 153 9
135 154 2
135 155 2
135 156 3
135 157 1
135 158 3
135 160 6
135 161 3
135 166 7
135 169 1
135 171 4
135 173 4
135 179 7
135 180 2
135 181 2
135 182 4
135 183 4
135 184 6
135 185 4
135 187 5
135 188 4
135 189 7
135 190 10
135 197 5
135 198 7
135 199 10
135 202 6
135 203 9
135 206 4
135 208 7
135 209 7
135 210 2
135 211 8
135 213 3
135 214 1
135 215 7
135 217 9
135 218 6
135 219 6
135 221 3
135 224 5
135 226 8
135 227 3
135 228 10
135 230 7
135 232 2
135 234 6
135 235 7
135 237 9
135 247 4
135 248 4
135 251 4
135 252 6
135 253 7
135 254 10
135 255 6
135 257 7
135 261 8
135 263 2
135 264 4
135 265 6
135 266 8
135 268 8
135 269 8
135 271 2
135 273 4
135 276 2
135 278 9
135 282 5
135 283 8
135 290 6
135 291 3
135 293 1
135 298 7
135 299 9
136 137 4
136 138 2
136 141 1
136 144 9
136 147 9
136 154 6
136 159 3
136 162 9
136 165 4
136 166 5
136 169 8
136 170 5
136 171 1
136 172 5
136 173 4
136 177 5
136 181 7
136 185 10
136 187 8
136 191 3
136 193 1
136 197 5
136 198 1
136 199 10
136 200 3
136 201 3
136 203 4
136 208 5
136 209 8
136 213 9
136 214 3
136 223 5
136 224 4
136 225 3
136 226 7
136 230 7
136 231 2
136 232 8
136 233 3
136 234 8
136 235 5
136 237 9
136 238 5
136 240 2
136 242 7
136 248 1
136 250 6
136 254 9
136 255 10
136 256 6
136 257 2
136 258 1
136 261 5
136 263 4
136 265 1
136 266 8
136 267 3
136 269 8
136 270 2
136 272 8
136 273 10
136 275 7
136 276 10
136 277 10
136 278 1
136 279 2
136 282 2
136 283 10
136 284 4
136 285 2
136 286 9
136 287 7
136 288 2
136 292 7
136 294 2
136 296 5
136 299 6
137 138 6
137 139 10
137 141 9
137 142 2
137 144 7
137 147 6
137 151 6
137 154 9
137 157 4
137 160 5
137 161 10
137 163 2
137 164 5
137 165 3
137 166 8
137 167 9
137 168 8
137 169 7
137 170 8
137 173 8
137 174 7
137 175 2
137 177 2
137 179 4
137 183 10
137 186 1
137 187 2
137 188 10
137 190 1
137 191 9
137 192 8
137 199 2
137 200 7
137 202 5
137 205 3
137 207 4
137 209 5
137 210 1
137 211 6
137 213 10
137 215 9
137 217 8
137 219 10
137 228 2
137 229 8
137 232 4
137 233 3
137 235 7
137 236 8
137 239 3
137 240 2
137 241 3
137 243 8
137 244 1
137 245 8
137 246 4
137 248 1
137 251 6
137 252 7
137 254 6
137 255 7
137 256 9
137 257 6
137 261 8
137 262 3
137 263 7
137 265 1
137 268 7
137 270 4
137 271 10
137 273 10
137 274 8
137 280 1
137 283 9
137 284 4
137 289 5
137 292 1
137 293 8
137 294 9
137 295 3
137 297 1
137 298 10
138 139 5
138 141 8
138 142 1
138 143 1
138 144 5
138 146 5
138 148 6
138 151 8
138 152 2
138 154 8
138 155 8
138 157 8
138 158 10
138 161 2
138 166 3
138 173 9
138 176 1
138 180 5
138 181 1
138 184 8
138 185 7
138 186 1
138 187 1
138 188 8
138 192 9
138 194 5
138 195 7
138 197 5
138 198 1
138 202 1
138 203 4
138 205 7
138 208 5
138 209 5
138 213 7
138 214 3
138 215 8
138 216 5
138 218 10
138 221 6
138 222 2
138 224 10
138 226 1
138 227 7
138 233 3
138 234 10
138 235 8
138 238 5
138 239 7
138 240 10
138 241 6
138 242 10
138 243 6
138 247 3
138 248 1
138 249 8
138 251 2
138 252 8
138 256 1
138 258 4
138 259 4
138 260 9
138 262 3
138 263 2
138 264 2
138 267 1
138 268 8
138 269 5
138 272 10
138 273 3
138 284 8
138 285 8
138 286 7
138 287 9
138 291 4
138 292 1
138 293 6
138 295 9
138 296 2
138 298 3
139 142 6
139 143 6
139 148 9
139 150 2
139 151 6
139 153 10
139 154 5
139 155 5
139 157 3
139 161 1
139 162 1
139 164 5
139 169 1
139 170 5
139 172 2
139 176 5
139 177 10
139 178 5
139 180 6
139 183 7
139 184 6
139 187 7
139 188 6
139 190 1
139 193 10
139 197 2
139 198 3
139 199 4
139 201 1
139 202 7
139 203 9
139 204 2
139 207 9
139 211 8
139 212 1
139 213 5
139 221 5
139 223 8
139 226 5
139 228 1
139 232 10
139 237 3
139 238 7
139 241 9
139 242 2
139 244 7
139 245 9
139 246 9
139 247 2
139 248 4
139 250 6
139 252 7
139 255 7
139 257 9
139 258 4
139 262 4
139 263 7
139 264 9
139 267 9
139 268 8
139 269 5
139 270 4
139 273 9
139 274 3
139 275 1
139 279 4
139 281 7
139 285 6
139 288 9
139 289 1
139 290 4
139 296 9
140 142 10
140 143 1
140 145 5
140 146 3
140 149 8
140 151 9
140 153 2
140 154 5
140 156 10
140 158 9
140 159 9
140 161 10
140 163 4
140 164 1
140 168 7
140 170 6
140 174 2
140 176 6
140 181 5
140 183 9
140 185 10
140 186 7
140 187 10
140 190 1
140 192 2
140 193 10
140 195 3
140 197 8
140 199 10
140 201 9
140 204 7
140 207 2
140 209 9
140 210 3
140 211 1
140 212 1
140 215 9
140 216 7
140 217 10
140 219 10
140 220 6
140 221 10
140 222 5
140 225 8
140 230 2
140 231 2
140 233 10
140 236 1
140 237 2
140 238 9
140 249 9
140 250 6
140 251 8
140 252 6
140 253 7
140 255 10
140 256 3
140 259 3
140 261 6
140 262 4
140 264 5
140 265 4
140 266 10
140 267 4
140 268 4
140 270 1
140 272 9
140 278 10
140 279 9
140 282 5
140 287 3
140 290 2
140 291 10
140 292 8
140 293 3
140 294 3
140 298 5
141 143 3
141 149 2
141 151 6
141 152 1
141 153 4
141 157 8
141 161 5
141 162 7
141 163 2
141 165 2
141 167 9
141 169 1
141 170 8
141 171 5
141 172 5
141 173 6
141 175 4
141 180 4
141 189 4
141 191 2
141 194 6
141 195 8
141 198 10
141 200 1
141 202 10
141 203 9
141 204 1
141 205 5
141 207 5
141 208 7
141 211 7
141 213 6
141 215 1
141 216 2
141 217 10
141 219 8
141 220 1
141 222 2
141 223 6
141 226 9
141 227 8
141 229 6
141 230 3
141 231 8
141 232 6
141 233 10
141 235 7
141 236 4
141 237 10
141 238 1
141 239 3
141 240 5
141 242 10
141 243 2
141 244 4
141 245 6
141 246 3
141 251 4
141 256 9
141 258 1
141 261 1
141 266 4
141 268 1
141 269 8
141 270 6
141 272 7
141 274 2
141 275 3
141 276 8
141 278 7
141 279 7
141 284 9
141 286 3
141 287 1
141 288 3
141 290 2
141 291 5
141 292 4
141 294 3
141 296 2
141 299 4
142 143 6
142 147 1
142 148 1
142 149 1
142 151 10
142 152 8
142 154 7
142 156 5
142 160 10
142 161 7
142 162 4
142 165 1
142 167 7
142 168 1
142 169 6
142 171 5
142 173 10
142 178 7
142 179 5
142 180 2
142 181 3
142 183 6
142 185 8
142 190 5
142 192 4
142 196 7
142 197 2
142 200 1
142 202 6
142 203 8
142 205 5
142 207 8
142 212 6
142 213 3
142 214 8
142 224 10
142 226 2
142 228 4
142 229 9
142 230 3
142 232 2
142 237 1
142 241 4
142 242 1
142 244 4
142 245 7
142 246 5
142 249 4
142 251 4
142 252 9
142 254 1
142 255 9
142 259 1
142 261 9
142 263 6
142 266 5
142 274 10
142 276 10
142 277 9
142 279 5
142 280 5
142 281 8
142 283 10
142 284 8
142 285 3
142 286 10
142 287 2
142 292 3
142 294 2
142 295 3
142 297 1
142 298 6
143 145 4
143 146 5
143 147 1
143 150 4
143 151 7
143 153 10
143 157 9
143 163 5
143 165 10
143 167 10
143 169 8
143 173 10
143 177 3
143 182 5
143 185 7
143 190 10
143 191 10
143 192 3
143 195 9
143 196 5
143 197 8
143 199 7
143 201 9
143 202 6
143 203 1
143 205 9
143 206 8
143 209 9
143 211 4
143 212 6
143 213 9
143 215 1
143 216 8
143 217 1
143 218 9
143 219 5
143 220 3
143 222 1
143 224 1
143 225 1
143 228 1
143 229 5
143 234 9
143 236 7
143 237 10
143 238 10
143 239 6
143 240 10
143 242 3
143 246 5
143 248 7
143 249 1
143 254 5
143 256 1
143 257 4
143 258 1
143 259 5
143 261 1
143 262 9
143 264 5
143 272 1
143 274 10
143 276 3
143 277 6
143 278 7
143 279 9
143 282 2
143 283 10
143 284 1
143 287 6
143 290 1
143 293 7
143 294 1
143 295 9
143 296 5
144 146 5
144 148 8
144 156 10
144 158 5
144 159 1
144 160 1
144 161 5
144 163 3
144 166 2
144 169 1
144 170 4
144 173 9
144 174 6
144 175 7
144 176 6
144 177 2
144 178 3
144 184 4
144 185 3
144 187 10
144 188 2
144 189 1
144 192 3
144 193 10
144 194 4
144 197 10
144 198 3
144 201 8
144 202 7
144 203 3
144 204 4
144 206 2
144 210 8
144 212 5
144 216 6
144 217 4
144 218 8
144 220 6
144 222 3
144 225 6
144 226 7
144 227 5
144 228 1
144 230 6
144 232 4
144 233 3
144 235 4
144 238 4
144 239 8
144 241 1
144 242 10
144 243 2
144 245 8
144 246 3
144 247 7
144 251 4
144 256 8
144 258 6
144 262 2
144 269 2
144 272 10
144 273 5
144 275 1
144 278 10
144 279 9
144 280 6
144 281 7
144 285 6
144 286 5
144 287 6
144 288 10
144 291 6
144 293 2
144 296 2
145 146 4
145 147 5
145 148 10
145 149 4
145 150 8
145 152 4
145 153 8
145 155 4
145 156 3
145 161 9
145 162 5
145 168 10
145 172 6
145 173 3
145 177 7
145 178 5
145 179 4
145 181 5
145 185 2
145 186 7
145 188 5
145 190 9
145 191 8
145 194 6
145 198 4
145 200 3
145 202 9
145 204 1
145 208 5
145 210 5
145 212 9
145 214 2
145 221 10
145 222 6
145 223 3
145 224 3
145 225 6
145 227 9
145 228 4
145 229 9
145 231 4
145 232 10
145 233 2
145 239 8
145 240 3
145 241 6
145 245 3
145 248 2
145 256 3
145 257 5
145 259 6
145 261 7
145 263 2
145 264 8
145 265 7
145 269 10
145 273 6
145 274 4
145 275 6
145 277 9
145 278 7
145 279 2
145 280 5
145 286 1
145 288 5
145 289 3
145 291 1
145 294 3
145 297 6
145 299 10
146 148 7
146 149 7
146 151 4
146 153 1
146 155 5
146 156 3
146 157 10
146 159 5
146 160 10
146 161 3
146 164 1
146 166 7
146 169 7
146 174 9
146 176 6
146 177 2
146 179 8
146 182 9
146 185 1
146 188 6
146 189 9
146 190 7
146 197 3
146 198 9
146 199 4
146 200 6
146 201 7
146 205 1
146 210 3
146 213 6
146 214 5
146 216 7
146 217 5
146 219 1
146 220 10
146 221 8
146 223 2
146 224 3
146 225 8
146 229 5
146 232 9
146 233 3
146 235 8
146 236 9
146 237 3
146 239 6
146 241 10
146 242 4
146 243 4
146 244 8
146 245 10
146 246 7
146 247 3
146 248 8
146 249 9
146 250 9
146 251 5
146 253 4
146 254 4
146 255 3
146 259 8
146 262 2
146 266 7
146 269 6
146 275 8
146 276 5
146 277 3
146 279 1
146 281 7
146 282 4
146 283 4
146 286 3
146 289 5
146 292 9
146 293 4
146 295 4
146 296 10
147 148 9
147 150 8
147 151 10
147 153 2
147 154 2
147 158 9
147 160 3
147 166 9
147 173 1
147 175 10
147 176 4
147 177 2
147 185 1
147 189 1
147 190 5
147 191 3
147 192 8
147 193 8
147 194 4
147 198 4
147 200 10
147 202 9
147 203 4
147 205 9
147 206 8
147 207 8
147 209 6
147 213 1
147 216 9
147 219 6
147 221 9
147 222 7
147 223 2
147 227 2
147 228 10
147 229 2
147 234 1
147 235 8
147 236 4
147 238 6
147 239 9
147 241 10
147 242 4
147 244 3
147 245 7
147 248 5
147 250 10
147 252 4
147 253 4
147 254 4
147 255 5
147 256 4
147 257 5
147 258 8
147 259 5
147 260 6
147 262 8
147 263 2
147 264 10
147 266 7
147 267 9
147 269 10
147 270 4
147 273 10
147 274 3
147 275 8
147 276 2
147 277 1
147 278 10
147 279 7
147 281 1
147 282 1
147 286 4
147 287 8
147 295 6
147 296 10
148 151 7
148 152 2
148 153 9
148 155 2
148 156 6
148 160 1
148 162 10
148 163 8
148 164 6
148 166 10
148 168 5
148 169 2
148 174 8
148 175 1
148 176 10
148 177 1
148 178 10
148 179 1
148 181 7
148 182 8
148 183 2
148 184 1
148 187 7
148 188 7
148 189 7
148 194 3
148 195 3
148 198 2
148 200 2
148 201 2
148 202 2
148 207 7
148 208 2
148 209 2
148 211 2
148 213 4
148 214 4
148 218 1
148 220 10
148 222 5
148 226 1
148 227 5
148 228 5
148 229 9
148 231 8
148 232 5
148 233 3
148 234 1
148 237 8
148 240 5
148 243 8
148 245 10
148 247 9
148 248 6
148 249 3
148 250 5
148 251 7
148 252 3
148 253 3
148 258 2
148 261 4
148 263 2
148 265 7
148 267 10
148 268 6
148 269 8
148 273 2
148 274 2
148 276 4
148 278 10
148 279 3
148 280 6
148 281 1
148 282 9
148 283 4
148 285 6
148 286 1
148 287 9
148 288 3
148 292 8
148 294 5
148 295 1
148 296 10
148 297 10
148 298 6
148 299 4
149 150 10
149 151 8
149 153 4
149 154 9
149 156 8
149 158 6
149 159 4
149 161 9
149 163 2
149 165 7
149 166 4
149 168 6
149 169 2
149 176 1
149 181 3
149 182 2
149 185 7
149 187 4
149 188 10
149 189 9
149 191 3
149 194 2
149 195 9
149 197 5
149 198 4
149 200 4
149 202 5
149 205 6
149 206 5
149 207 5
149 209 4
149 212 2
149 213 4
149 215 9
149 218 8
149 221 9
149 223 5
149 224 9
149 226 10
149 228 6
149 230 8
149 234 9
149 235 7
149 237 2
149 238 10
149 240 1
149 244 9
149 245 9
149 246 8
149 248 5
149 250 9
149 254 1
149 263 8
149 273 9
149 275 8
149 277 10
149 278 5
149 280 8
149 283 4
149 288 5
149 290 4
149 291 2
149 296 2
150 154 4
150 156 1
150 158 4
150 159 8
150 160 1
150 162 10
150 163 4
150 164 6
150 166 4
150 167 2
150 169 8
150 174 4
150 175 8
150 177 7
150 178 3
150 179 7
150 180 1
150 182 7
150 183 9
150 185 1
150 186 3
150 187 7
150 189 9
150 191 8
150 193 2
150 196 8
150 197 9
150 198 6
150 203 6
150 204 10
150 206 10
150 211 10
150 212 7
150 215 1
150 216 5
150 217 10
150 218 5
150 219 3
150 220 3
150 221 8
150 222 7
150 226 1
150 227 7
150 228 1
150 232 9
150 240 3
150 243 4
150 244 7
150 245 10
150 247 9
150 248 2
150 251 5
150 254 1
150 256 10
150 258 1
150 259 2
150 261 4
150 262 2
150 263 5
150 264 10
150 265 1
150 266 3
150 267 4
150 270 3
150 272 6
150 273 7
150 275 4
150 276 3
150 277 2
150 280 7
150 285 2
150 286 2
150 287 3
150 291 5
150 292 3
150 293 10
150 294 6
150 296 8
150 297 10
151 152 10
151 154 4
151 156 7
151 157 8
151 159 6
151 160 7
151 162 7
151 163 6
151 164 10
151 167 9
151 168 5
151 170 3
151 171 8
151 172 7
151 173 4
151 174 4
151 175 8
151 181 9
151 184 7
151 186 3
151 188 4
151 189 8
151 190 1
151 191 3
151 194 4
151 198 2
151 201 9
151 202 6
151 203 7
151 204 9
151 206 3
151 207 2
151 208 1
151 209 1
151 210 3
151 213 6
151 214 1
151 215 6
151 216 8
151 217 8
151 218 5
151 220 6
151 224 6
151 226 8
151 227 10
151 229 1
151 230 2
151 232 6
151 233 7
151 235 3
151 239 7
151 241 6
151 244 9
151 245 9
151 250 9
151 254 10
151 255 8
151 257 2
151 258 10
151 261 8
151 262 3
151 263 6
151 264 7
151 265 2
151 268 7
151 269 1
151 270 9
151 273 6
151 275 9
151 276 2
151 277 7
151 278 5
151 280 3
151 281 4
151 282 7
151 284 7
151 286 7
151 287 1
151 288 5
151 290 7
151 297 4
151 299 9
152 153 8
152 154 1
152 157 9
152 162 1
152 164 7
152 166 3
152 169 6
152 173 5
152 174 9
152 175 8
152 176 1
152 178 5
152 180 8
152 182 2
152 183 6
152 184 3
152 186 3
152 187 9
152 188 2
152 190 1
152 191 3
152 193 4
152 194 7
152 195 9
152 196 1
152 197 6
152 198 3
152 200 4
152 201 6
152 202 1
152 203 9
152 204 2
152 206 4
152 207 7
152 208 4
152 211 8
152 213 2
152 214 7
152 217 10
152 218 2
152 219 7
152 220 9
152 221 7
152 222 3
152 224 9
152 227 9
152 228 9
152 229 1
152 230 10
152 231 2
152 232 9
152 233 4
152 235 8
152 237 1
152 238 7
152 240 4
152 243 9
152 245 4
152 246 2
152 247 3
152 248 1
152 249 6
152 250 1
152 252 7
152 255 10
152 256 2
152 257 1
152 258 1
152 261 9
152 262 5
152 264 8
152 268 8
152 271 1
152 272 2
152 273 4
152 274 5
152 276 2
152 280 8
152 281 10
152 283 5
152 285 7
152 286 8
152 287 2
152 289 1
152 290 3
152 291 2
152 292 1
152 294 6
152 295 3
152 298 10
152 299 8
153 156 2
153 157 9
153 158 6
153 159 9
153 161 1
153 162 4
153 163 5
153 164 1
153 167 7
153 168 8
153 171 8
153 176 6
153 178 6
153 182 5
153 183 3
153 184 6
153 186 6
153 187 9
153 189 9
153 191 5
153 192 8
153 194 9
153 195 9
153 198 2
153 200 7
153 203 8
153 208 4
153 209 1
153 212 3
153 215 2
153 216 5
153 217 9
153 218 9
153 219 4
153 224 7
153 225 3
153 226 2
153 227 7
153 228 10
153 230 2
153 231 2
153 233 10
153 234 2
153 235 5
153 238 1
153 241 1
153 247 9
153 248 3
153 249 4
153 250 3
153 255 4
153 256 3
153 257 5
153 258 10
153 264 10
153 265 7
153 266 10
153 268 4
153 269 1
153 270 5
153 271 9
153 273 10
153 274 9
153 275 10
153 279 5
153 288 4
153 289 3
153 291 8
153 292 10
153 293 2
153 295 2
153 296 2
153 299 9
154 155 10
154 156 1
154 157 3
154 159 3
154 161 6
154 162 5
154 163 3
154 166 10
154 167 10
154 171 9
154 172 7
154 173 9
154 174 8
154 175 2
154 176 9
154 180 1
154 183 8
154 185 7
154 187 3
154 188 9
154 190 8
154 193 2
154 195 2
154 196 7
154 197 6
154 198 2
154 201 8
154 202 2
154 205 2
154 206 6
154 207 1
154 208 2
154 209 4
154 210 3
154 217 8
154 218 3
154 220 2
154 221 10
154 225 5
154 226 7
154 227 10
154 229 3
154 230 3
154 231 2
154 232 8
154 233 8
154 235 1
154 236 10
154 237 1
154 239 3
154 241 2
154 243 6
154 245 8
154 248 6
154 249 8
154 250 5
154 251 9
154 252 3
154 253 9
154 254 8
154 255 10
154 256 3
154 258 2
154 259 1
154 260 9
154 261 6
154 262 2
154 263 9
154 266 8
154 267 6
154 268 10
154 269 10
154 270 1
154 275 10
154 276 10
154 278 10
154 279 8
154 281 3
154 283 10
154 286 8
154 288 2
154 289 4
154 291 2
154 292 7
154 294 3
154 299 5
155 156 6
155 158 8
155 159 3
155 161 5
155 162 9
155 163 5
155 166 1
155 169 10
155 171 4
155 173 1
155 174 1
155 175 4
155 177 7
155 178 10
155 180 4
155 181 8
155 183 5
155 184 7
155 186 5
155 188 9
155 191 10
155 192 9
155 193 3
155 196 7
155 197 10
155 200 10
155 203 10
155 205 1
155 207 3
155 208 2
155 209 8
155 210 4
155 211 3
155 213 8
155 214 1
155 216 10
155 219 10
155 221 2
155 222 10
155 225 9
155 226 10
155 229 3
155 230 1
155 234 10
155 235 7
155 236 8
155 237 2
155 238 3
155 239 2
155 240 10
155 241 4
155 242 5
155 243 10
155 247 4
155 248 7
155 249 7
155 250 3
155 251 10
155 252 7
155 260 2
155 263 4
155 266 9
155 269 7
155 272 5
155 273 5
155 274 2
155 275 1
155 276 8
155 278 1
155 279 4
155 280 7
155 281 7
155 282 7
155 286 8
155 287 2
155 288 3
155 292 7
155 293 6
155 296 3
155 298 7
156 160 10
156 161 10
156 163 4
156 164 7
156 165 10
156 167 4
156 169 9
156 170 10
156 171 7
156 174 1
156 175 6
156 177 7
156 178 2
156 179 9
156 180 10
156 181 6
156 184 9
156 186 7
156 188 1
156 189 2
156 190 4
156 191 8
156 196 5
156 197 7
156 199 5
156 205 9
156 209 7
156 211 2
156 212 7
156 215 6
156 216 2
156 219 10
156 220 8
156 221 9
156 223 8
156 224 3
156 226 9
156 228 3
156 230 8
156 232 2
156 234 5
156 235 2
156 236 3
156 240 9
156 242 4
156 243 9
156 246 9
156 261 10
156 262 7
156 263 10
156 264 3
156 265 3
156 266 8
156 268 5
156 271 5
156 272 4
156 274 10
156 275 9
156 276 1
156 278 4
156 279 5
156 282 1
156 283 5
156 284 8
156 285 1
156 289 5
156 290 8
156 292 8
156 295 6
156 296 7
156 297 2
156 298 5
156 299 2
157 158 9
157 159 9
157 160 4
157 162 10
157 163 5
157 164 10
157 166 7
157 168 4
157 169 7
157 174 7
157 176 6
157 177 2
157 179 9
157 182 8
157 184 6
157 186 7
157 188 5
157 189 9
157 190 6
157 191 6
157 194 1
157 195 4
157 197 9
157 202 2
157 204 5
157 205 9
157 206 1
157 207 5
157 212 1
157 215 4
157 216 5
157 219 3
157 220 10
157 221 1
157 222 9
157 225 9
157 226 4
157 227 7
157 228 9
157 229 1
157 232 10
157 233 10
157 234 9
157 241 7
157 242 7
157 243 9
157 244 9
157 247 10
157 248 1
157 251 5
157 254 1
157 255 4
157 256 2
157 258 3
157 261 5
157 262 4
157 265 5
157 266 5
157 269 4
157 270 7
157 272 6
157 274 4
157 275 5
157 283 2
157 284 4
157 286 1
157 287 7
157 289 5
157 291 8
157 292 4
157 293 4
157 294 3
158 159 1
158 170 2
158 172 8
158 176 7
158 177 9
158 179 8
158 180 1
158 182 8
158 185 8
158 186 9
158 192 10
158 193 3
158 194 7
158 195 4
158 196 5
158 197 6
158 206 2
158 207 4
158 208 2
158 210 7
158 212 7
158 213 10
158 215 3
158 216 5
158 217 5
158 221 9
158 222 7
158 223 4
158 231 5
158 234 5
158 236 2
158 237 3
158 238 1
158 239 10
158 241 1
158 245 4
158 246 9
158 247 4
158 251 6
158 253 8
158 258 5
158 259 3
158 260 8
158 262 3
158 263 7
158 264 1
158 266 9
158 269 8
158 270 7
158 274 10
158 280 7
158 281 8
158 282 8
158 283 6
158 286 8
158 288 9
158 289 5
158 290 2
158 292 9
158 293 4
158 294 8
158 295 9
158 296 6
158 297 5
158 298 6
158 299 10
159 160 1
159 163 9
159 164 5
159 169 3
159 172 1
159 173 4
159 175 4
159 176 1
159 177 9
159 178 5
159 179 6
159 183 5
159 185 6
159 186 2
159 189 7
159 190 8
159 191 1
159 192 3
159 194 5
159 195 6
159 200 5
159 201 2
159 202 2
159 205 4
159 206 5
159 207 8
159 210 6
159 212 5
159 213 2
159 219 3
159 221 8
159 223 4
159 224 5
159 225 8
159 227 1
159 238 6
159 239 8
159 244 9
159 247 4
159 248 1
159 249 5
159 250 4
159 253 9
159 256 10
159 257 7
159 258 4
159 259 7
159 262 5
159 263 6
159 264 10
159 265 3
159 266 9
159 267 10
159 269 4
159 272 5
159 273 7
159 274 8
159 276 7
159 285 6
159 286 1
159 289 6
159 290 2
159 291 2
159 294 8
159 296 7
159 297 10
159 298 7
159 299 6
160 161 3
160 164 10
160 167 5
160 168 4
160 170 7
160 171 3
160 172 3
160 174 6
160 177 8
160 179 10
160 180 6
160 182 3
160 185 8
160 190 6
160 195 7
160 196 8
160 200 2
160 201 9
160 203 1
160 204 10
160 205 2
160 207 8
160 208 1
160 209 3
160 210 10
160 213 10
160 214 7
160 217 7
160 219 7
160 223 10
160 224 9
160 226 7
160 227 9
160 229 8
160 230 10
160 234 2
160 239 2
160 242 9
160 244 3
160 245 9
160 246 2
160 248 2
160 249 2
160 252 6
160 253 6
160 256 4
160 257 8
160 258 5
160 261 2
160 262 2
160 263 9
160 270 2
160 273 4
160 274 2
160 279 4
160 281 10
160 283 1
160 287 9
160 288 7
160 290 1
160 291 3
160 293 3
160 295 7
160 298 4
161 162 3
161 168 7
161 169 4
161 172 2
161 174 1
161 175 7
161 176 5
161 178 6
161 182 8
161 183 6
161 184 7
161 186 7
161 187 6
161 188 5
161 191 2
161 192 6
161 195 4
161 200 8
161 201 4
161 206 1
161 207 4
161 209 5
161 211 3
161 214 8
161 215 4
161 217 3
161 218 1
161 223 6
161 227 9
161 230 3
161 231 3
161 233 4
161 234 6
161 235 4
161 236 6
161 238 2
161 239 10
161 240 9
161 243 7
161 245 3
161 246 9
161 248 5
161 249 9
161 251 2
161 253 5
161 256 8
161 258 10
161 260 6
161 262 7
161 264 3
161 266 1
161 267 9
161 269 10
161 273 3
161 274 5
161 275 9
161 278 5
161 282 5
161 284 5
161 286 8
161 287 3
161 288 5
161 289 2
161 290 9
161 296 4
161 297 4
161 298 6
161 299 10
162 163 10
162 164 5
162 165 7
162 167 7
162 173 6
162 174 5
162 175 10
162 176 4
162 177 10
162 178 10
162 180 8
162 181 6
162 184 8
162 185 7
162 186 10
162 189 2
162 193 3
162 196 6
162 197 9
162 198 8
162 203 5
162 204 9
162 206 5
162 207 4
162 209 9
162 210 4
162 211 7
162 212 2
162 213 10
162 217 4
162 218 4
162 219 9
162 221 5
162 223 3
162 227 9
162 230 10
162 232 8
162 235 8
162 237 3
162 241 4
162 245 2
162 247 10
162 248 10
162 249 10
162 250 2
162 251 7
162 252 4
162 255 9
162 258 10
162 260 6
162 261 8
162 264 6
162 266 2
162 267 4
162 268 6
162 269 5
162 273 5
162 274 10
162 279 9
162 280 4
162 281 8
162 284 2
162 288 6
162 289 6
162 290 7
162 291 1
162 292 3
162 293 6
162 298 4
162 299 5
163 164 4
163 167 9
163 171 5
163 172 4
163 173 1
163 176 5
163 177 5
163 178 3
163 179 3
163 180 6
163 181 4
163 183 2
163 184 2
163 185 2
163 186 4
163 189 7
163 190 6
163 191 10
163 192 5
163 195 7
163 197 6
163 199 8
163 200 4
163 201 6
163 202 2
163 203 2
163 204 9
163 205 8
163 206 3
163 207 8
163 212 5
163 213 7
163 216 1
163 218 1
163 220 1
163 225 10
163 226 10
163 229 3
163 230 5
163 231 7
163 233 4
163 235 1
163 237 3
163 241 9
163 243 3
163 244 3
163 246 1
163 247 6
163 250 5
163 251 2
163 252 4
163 253 1
163 258 9
163 259 7
163 262 7
163 263 1
163 266 7
163 269 5
163 270 10
163 274 6
163 276 6
163 277 1
163 279 8
163 281 3
163 282 3
163 284 3
163 286 6
163 287 1
163 288 3
163 292 5
163 295 2
163 298 1
163 299 1
164 165 5
164 167 4
164 171 8
164 172 3
164 173 4
164 181 9
164 182 9
164 185 3
164 187 5
164 188 7
164 189 1
164 191 10
164 192 3
164 199 10
164 202 5
164 204 2
164 205 3
164 206 2
164 207 6
164 208 9
164 210 8
164 213 9
164 215 10
164 216 5
164 217 10
164 218 2
164 219 6
164 222 5
164 225 8
164 226 2
164 230 2
164 232 10
164 236 9
164 238 6
164 240 5
164 244 6
164 246 7
164 248 1
164 250 7
164 252 3
164 253 9
164 254 9
164 255 2
164 256 3
164 259 6
164 262 2
164 263 3
164 264 4
164 266 5
164 268 1
164 269 10
164 270 9
164 272 9
164 274 5
164 276 10
164 278 6
164 281 1
164 286 4
164 287 8
164 288 10
164 289 8
164 294 5
164 296 1
164 299 2
165 166 3
165 167 2
165 171 8
165 179 4
165 184 8
165 187 6
165 192 1
165 193 8
165 194 5
165 196 3
165 198 7
165 201 3
165 203 5
165 204 5
165 206 8
165 207 10
165 209 2
165 210 5
165 211 10
165 212 9
165 213 9
165 215 4
165 221 8
165 222 2
165 224 1
165 225 5
165 227 2
165 229 4
165 232 8
165 233 9
165 236 10
165 238 3
165 239 10
165 242 1
165 243 4
165 244 9
165 245 7
165 246 8
165 250 10
165 251 8
165 252 1
165 254 7
165 255 7
165 257 8
165 258 5
165 260 1
165 263 2
165 264 10
165 266 2
165 269 10
165 271 3
165 272 6
165 273 8
165 276 1
165 277 3
165 278 10
165 283 9
165 284 1
165 286 5
165 287 8
165 288 2
165 290 3
165 294 5
165 296 8
165 297 1
165 298 3
166 169 8
166 171 9
166 173 2
166 175 5
166 176 8
166 177 2
166 178 7
166 179 4
166 185 5
166 186 1
166 187 1
166 188 1
166 189 10
166 190 9
166 191 5
166 195 1
166 197 1
166 199 7
166 200 1
166 201 4
166 203 2
166 204 10
166 205 7
166 211 10
166 212 3
166 217 5
166 218 5
166 219 4
166 221 5
166 222 1
166 223 10
166 224 5
166 229 4
166 231 9
166 233 6
166 234 1
166 235 4
166 237 8
166 238 8
166 240 1
166 243 1
166 244 7
166 246 7
166 247 7
166 248 6
166 249 4
166 251 1
166 253 4
166 254 4
166 258 5
166 260 8
166 262 2
166 264 1
166 268 7
166 269 7
166 271 7
166 273 6
166 275 4
166 280 10
166 288 2
166 289 5
166 290 4
166 291 1
166 294 6
166 295 3
166 297 1
167 169 8
167 172 1
167 173 8
167 174 5
167 175 4
167 177 1
167 183 6
167 186 5
167 192 3
167 193 9
167 194 7
167 195 10
167 196 2
167 197 10
167 198 2
167 199 3
167 200 10
167 201 7
167 203 10
167 205 10
167 206 2
167 207 6
167 208 8
167 209 3
167 211 4
167 216 5
167 217 9
167 218 4
167 223 1
167 228 1
167 230 9
167 231 4
167 232 2
167 235 7
167 237 1
167 241 9
167 242 3
167 245 9
167 246 3
167 250 1
167 254 4
167 255 10
167 256 2
167 257 10
167 258 1
167 262 3
167 264 6
167 265 10
167 266 3
167 267 10
167 268 4
167 269 7
167 273 3
167 274 2
167 275 5
167 276 10
167 277 9
167 279 4
167 282 10
167 283 1
167 284 1
167 286 2
167 287 7
167 290 4
167 293 5
167 298 5
168 171 8
168 172 3
168 173 10
168 174 5
168 175 8
168 176 9
168 177 3
168 179 10
168 180 3
168 181 1
168 183 10
168 184 8
168 185 4
168 187 9
168 188 2
168 189 9
168 194 5
168 195 7
168 200 5
168 206 9
168 208 8
168 210 9
168 211 6
168 212 7
168 214 3
168 218 3
168 219 1
168 220 3
168 221 3
168 222 8
168 227 3
168 228 8
168 231 1
168 239 3
168 240 6
168 242 5
168 244 3
168 245 9
168 247 7
168 249 1
168 252 10
168 253 10
168 255 10
168 258 3
168 263 4
168 266 5
168 267 8
168 270 6
168 271 7
168 272 4
168 274 2
168 276 9
168 277 2
168 278 4
168 279 6
168 280 7
168 281 3
168 284 10
168 285 4
168 287 7
168 288 10
168 290 8
168 291 5
168 294 3
168 296 5
168 299 2
169 173 10
169 174 1
169 179 5
169 182 1
169 183 3
169 189 5
169 190 8
169 191 6
169 193 7
169 195 3
169 196 4
169 200 3
169 202 8
169 210 7
169 213 8
169 214 7
169 217 3
169 222 3
169 224 1
169 225 2
169 226 7
169 229 2
169 231 3
169 232 4
169 234 1
169 238 9
169 240 4
169 251 3
169 254 5
169 255 6
169 257 4
169 261 9
169 262 9
169 263 2
169 264 1
169 265 8
169 266 9
169 269 7
169 271 10
169 275 5
169 277 7
169 278 3
169 281 9
169 282 5
169 283 7
169 284 5
169 287 8
169 291 6
169 293 1
169 294 7
169 298 9
169 299 10
170 172 3
170 173 2
170 174 4
170 175 9
170 177 8
170 179 7
170 181 4
170 184 1
170 185 6
170 188 5
170 192 10
170 193 1
170 195 4
170 199 1
170 200 7
170 201 9
170 204 9
170 207 9
170 211 9
170 212 1
170 213 8
170 217 7
170 219 9
170 223 8
170 225 5
170 227 1
170 228 8
170 230 10
170 232 10
170 233 5
170 235 1
170 238 3
170 239 6
170 240 8
170 244 7
170 245 8
170 246 9
170 251 6
170 254 1
170 255 1
170 256 4
170 258 10
170 261 7
170 262 5
170 263 2
170 266 4
170 267 3
170 269 7
170 271 7
170 273 4
170 274 4
170 275 6
170 276 9
170 278 5
170 279 2
170 282 1
170 284 6
170 285 6
170 287 9
170 288 2
170 291 2
170 293 3
170 294 6
171 172 8
171 173 8
171 175 2
171 176 4
171 180 1
171 187 6
171 188 9
171 195 9
171 196 7
171 197 6
171 198 2
171 202 3
171 206 7
171 209 2
171 211 2
171 213 5
171 214 2
171 215 8
171 216 6
171 219 8
171 220 10
171 222 8
171 224 1
171 225 1
171 226 7
171 229 4
171 230 7
171 231 5
171 236 7
171 238 3
171 240 3
171 241 6
171 242 7
171 243 8
171 245 2
171 247 4
171 248 7
171 249 10
171 252 3
171 253 2
171 254 9
171 256 3
171 257 9
171 262 7
171 265 5
171 266 1
171 269 6
171 270 10
171 272 9
171 275 9
171 277 2
171 280 7
171 281 8
171 283 6
171 284 7
171 285 3
171 287 2
171 288 6
171 293 7
171 296 5
171 297 9
171 298 5
172 173 4
172 174 8
172 178 1
172 179 3
172 180 2
172 184 9
172 187 10
172 188 10
172 189 3
172 190 3
172 194 8
172 195 2
172 196 6
172 198 6
172 199 6
172 201 1
172 203 8
172 205 5
172 206 6
172 210 7
172 214 3
172 215 3
172 217 8
172 218 8
172 219 9
172 220 2
172 222 1
172 223 6
172 224 5
172 225 8
172 226 3
172 228 6
172 230 4
172 231 3
172 233 2
172 234 10
172 237 3
172 238 9
172 239 4
172 241 3
172 243 3
172 244 7
172 247 2
172 248 4
172 250 2
172 251 7
172 253 1
172 254 1
172 255 6
172 256 3
172 258 9
172 259 5
172 260 9
172 263 1
172 265 8
172 266 1
172 267 5
172 271 2
172 274 5
172 276 4
172 278 5
172 279 6
172 280 2
172 281 6
172 282 3
172 284 4
172 285 7
172 286 7
172 287 5
172 288 10
172 290 8
172 296 6
172 297 10
173 175 8
173 178 5
173 181 10
173 182 5
173 183 9
173 185 10
173 186 4
173 188 5
173 189 6
173 192 10
173 194 3
173 195 10
173 198 10
173 199 6
173 201 10
173 203 5
173 205 5
173 206 2
173 207 1
173 210 7
173 212 10
173 218 5
173 219 7
173 226 5
173 227 3
173 233 5
173 235 4
173 237 10
173 238 5
173 241 3
173 242 7
173 243 2
173 244 4
173 245 8
173 247 1
173 254 9
173 257 4
173 258 6
173 259 7
173 266 6
173 267 6
173 268 2
173 269 4
173 271 5
173 272 4
173 274 6
173 275 5
173 276 1
173 280 5
173 281 8
173 282 6
173 283 8
173 288 2
173 289 1
173 299 8
174 175 4
174 180 10
174 182 8
174 184 9
174 188 5
174 189 2
174 191 3
174 192 3
174 193 6
174 194 3
174 196 1
174 197 5
174 198 1
174 199 8
174 200 4
174 201 5
174 202 7
174 203 2
174 205 4
174 208 7
174 212 8
174 215 2
174 216 6
174 217 6
174 218 2
174 219 7
174 226 8
174 231 5
174 234 2
174 235 2
174 236 7
174 237 4
174 238 7
174 239 10
174 241 2
174 242 2
174 245 4
174 246 9
174 249 7
174 251 5
174 255 8
174 257 7
174 258 10
174 259 5
174 260 1
174 266 7
174 268 7
174 269 3
174 270 3
174 271 8
174 272 9
174 273 5
174 274 8
174 275 9
174 276 7
174 278 9
174 280 6
174 281 6
174 282 2
174 286 4
174 287 3
174 288 1
174 289 5
174 291 6
174 293 5
174 294 6
174 295 9
174 296 10
174 297 7
174 298 1
174 299 6
175 177 1
175 179 6
175 180 5
175 182 3
175 183 3
175 186 10
175 188 9
175 193 2
175 195 1
175 196 3
175 197 7
175 198 5
175 204 8
175 206 9
175 207 4
175 208 1
175 209 6
175 210 4
175 211 6
175 214 3
175 215 4
175 217 5
175 218 10
175 220 10
175 222 10
175 223 9
175 228 1
175 229 1
175 233 9
175 234 8
175 237 2
175 244 1
175 245 9
175 246 9
175 247 8
175 249 4
175 251 7
175 254 2
175 255 10
175 256 3
175 263 1
175 265 7
175 267 7
175 271 6
175 272 7
175 273 3
175 274 4
175 275 3
175 277 1
175 278 2
175 279 2
175 280 1
175 281 2
175 282 3
175 283 6
175 285 4
175 287 3
175 290 6
175 291 7
175 294 9
175 295 1
175 296 2
175 297 9
176 178 4
176 181 9
176 182 2
176 183 6
176 185 2
176 186 3
176 187 4
176 189 10
176 192 1
176 194 10
176 196 8
176 197 10
176 198 1
176 199 6
176 207 7
176 209 1
176 213 8
176 214 1
176 216 10
176 217 7
176 219 6
176 220 9
176 221 5
176 222 2
176 224 5
176 225 2
176 226 4
176 227 3
176 228 7
176 232 4
176 234 8
176 236 5
176 237 1
176 239 6
176 241 7
176 242 1
176 243 2
176 244 1
176 245 2
176 246 8
176 247 7
176 248 3
176 250 7
176 251 5
176 252 5
176 256 9
176 257 6
176 258 5
176 260 4
176 261 10
176 263 9
176 264 3
176 265 5
176 266 10
176 267 9
176 271 3
176 275 5
176 276 3
176 277 3
176 278 7
176 279 9
176 281 5
176 283 5
176 286 3
176 287 2
176 288 4
176 289 1
176 290 2
176 291 3
176 292 9
176 294 8
176 295 4
176 297 3
177 178 8
177 180 1
177 181 1
177 184 8
177 185 7
177 188 9
177 190 10
177 191 6
177 192 4
177 193 1
177 195 3
177 199 9
177 200 9
177 203 3
177 205 4
177 209 4
177 210 1
177 211 8
177 212 9
177 215 4
177 216 6
177 217 8
177 218 4
177 219 3
177 220 7
177 221 3
177 223 10
177 224 5
177 229 9
177 230 1
177 231 7
177 232 2
177 234 2
177 235 7
177 239 6
177 244 7
177 245 10
177 246 3
177 247 6
177 252 1
177 253 10
177 254 7
177 255 1
177 256 8
177 258 4
177 259 7
177 260 4
177 263 1
177 264 4
177 265 8
177 266 7
177 268 7
177 270 7
177 271 5
177 273 1
177 275 7
177 278 3
177 281 1
177 283 9
177 287 8
177 289 1
177 290 4
177 291 3
177 292 1
177 296 5
177 298 8
178 180 1
178 184 4
178 187 4
178 188 1
178 190 3
178 196 7
178 197 2
178 199 2
178 200 7
178 203 6
178 204 5
178 205 4
178 206 6
178 210 9
178 211 9
178 214 8
178 215 5
178 216 7
178 217 3
178 218 4
178 220 2
178 221 10
178 224 2
178 228 9
178 229 9
178 230 9
178 234 3
178 236 3
178 237 5
178 238 4
178 241 7
178 242 2
178 243 2
178 249 10
178 251 8
178 254 4
178 255 9
178 257 4
178 258 3
178 259 10
178 262 6
178 265 6
178 266 7
178 269 9
178 270 9
178 274 4
178 278 8
178 279 2
178 284 4
178 285 7
178 286 9
178 287 5
178 289 4
178 290 9
178 291 9
178 294 7
178 295 9
178 296 6
179 180 7
179 181 5
179 182 7
179 183 1
179 184 7
179 186 7
179 188 7
179 189 10
179 191 5
179 194 8
179 196 3
179 199 7
179 200 8
179 202 9
179 203 6
179 204 7
179 205 7
179 207 9
179 208 9
179 209 6
179 210 2
179 211 4
179 214 3
179 216 10
179 217 4
179 218 4
179 221 7
179 222 4
179 224 10
179 227 9
179 230 5
179 231 2
179 234 8
179 235 7
179 236 8
179 237 10
179 238 10
179 239 2
179 240 8
179 242 2
179 243 5
179 247 1
179 248 1
179 249 1
179 250 4
179 251 5
179 252 8
179 255 6
179 256 5
179 257 5
179 258 10
179 259 7
179 260 10
179 261 1
179 262 4
179 263 6
179 264 4
179 265 4
179 269 3
179 272 8
179 274 8
179 275 5
179 282 7
179 285 8
179 287 10
179 289 1
179 290 3
179 292 10
179 293 3
179 295 6
179 296 9
179 297 1
179 298 4
179 299 2
180 183 1
180 185 8
180 188 7
180 190 8
180 191 10
180 193 10
180 197 10
180 199 4
180 200 2
180 201 1
180 203 5
180 204 1
180 206 6
180 207 4
180 208 9
180 210 8
180 211 3
180 212 1
180 213 8
180 214 5
180 215 6
180 219 7
180 220 2
180 221 3
180 222 4
180 224 6
180 226 10
180 227 3
180 233 5
180 234 7
180 235 8
180 236 3
180 238 4
180 240 2
180 241 5
180 242 3
180 244 4
180 246 2
180 251 9
180 253 10
180 254 8
180 255 6
180 256 8
180 257 10
180 259 1
180 260 5
180 265 6
180 266 9
180 267 3
180 269 9
180 270 2
180 274 4
180 276 1
180 277 9
180 278 7
180 280 5
180 281 3
180 283 6
180 284 2
180 285 2
180 287 7
180 290 10
180 292 8
180 293 4
180 294 2
180 296 1
180 298 8
181 183 4
181 184 1
181 191 5
181 192 6
181 199 2
181 201 7
181 204 5
181 205 10
181 206 10
181 211 7
181 213 3
181 214 7
181 215 6
181 219 1
181 220 2
181 222 9
181 225 10
181 227 7
181 228 2
181 231 10
181 233 8
181 236 10
181 237 8
181 239 10
181 240 5
181 241 2
181 243 8
181 246 1
181 248 8
181 251 5
181 252 7
181 254 9
181 255 9
181 256 9
181 258 6
181 260 4
181 261 6
181 265 4
181 266 1
181 268 3
181 269 9
181 270 9
181 276 6
181 285 5
181 287 9
181 288 2
181 291 9
181 295 6
181 297 5
181 298 3
181 299 1
182 183 3
182 184 4
182 185 10
182 186 3
182 190 10
182 192 4
182 193 9
182 197 9
182 198 8
182 200 2
182 202 6
182 203 10
182 205 6
182 206 2
182 207 7
182 209 3
182 212 2
182 213 6
182 214 3
182 217 2
182 218 1
182 220 7
182 222 5
182 223 4
182 227 10
182 230 9
182 236 5
182 239 2
182 243 2
182 245 4
182 246 1
182 248 2
182 249 3
182 251 2
182 254 10
182 256 3
182 257 4
182 258 4
182 260 8
182 262 8
182 263 4
182 264 5
182 265 7
182 267 1
182 269 7
182 276 6
182 277 6
182 279 2
182 285 3
182 288 1
182 292 10
182 294 7
182 295 10
182 299 10
183 185 9
183 186 2
183 187 4
183 189 4
183 192 3
183 197 6
183 198 4
183 199 9
183 200 1
183 203 3
183 209 6
183 212 10
183 214 8
183 215 9
183 216 5
183 217 7
183 218 8
183 219 1
183 220 10
183 221 10
183 223 8
183 224 7
183 227 8
183 228 1
183 229 5
183 230 3
183 233 3
183 234 3
183 235 6
183 239 9
183 241 2
183 243 6
183 245 9
183 249 7
183 252 4
183 253 1
183 254 2
183 255 6
183 256 4
183 258 1
183 259 10
183 260 5
183 263 9
183 264 2
183 266 1
183 267 5
183 269 5
183 272 9
183 274 5
183 282 6
183 283 2
183 285 8
183 288 6
183 289 8
183 290 10
183 293 6
183 295 9
183 297 5
183 298 1
184 188 5
184 191 10
184 192 1
184 193 1
184 194 1
184 195 1
184 197 3
184 198 6
184 201 9
184 202 10
184 204 10
184 210 2
184 212 6
184 214 7
184 216 6
184 221 6
184 222 9
184 227 4
184 229 2
184 239 6
184 240 2
184 241 6
184 248 7
184 249 1
184 250 4
184 252 9
184 260 10
184 262 2
184 264 10
184 265 3
184 266 4
184 267 7
184 268 7
184 271 9
184 273 1
184 276 4
184 278 3
184 280 6
184 282 8
184 283 3
184 284 1
184 287 10
184 289 3
184 290 7
184 291 5
184 292 7
184 293 9
184 295 4
184 296 3
184 298 1
185 186 8
185 189 7
185 190 6
185 191 2
185 196 9
185 197 3
185 198 6
185 199 5
185 205 3
185 207 6
185 210 7
185 211 6
185 213 7
185 215 10
185 216 2
185 217 5
185 218 5
185 219 2
185 220 9
185 223 8
185 224 10
185 225 6
185 226 2
185 227 8
185 229 1
185 232 8
185 233 3
185 240 3
185 241 5
185 243 5
185 244 3
185 245 4
185 247 5
185 250 6
185 252 7
185 257 7
185 258 4
185 261 6
185 263 1
185 264 6
185 266 7
185 267 5
185 268 7
185 271 4
185 272 10
185 275 8
185 278 5
185 281 6
185 286 10
185 289 5
185 290 10
185 294 2
185 298 1
186 188 7
186 189 1
186 192 2
186 195 6
186 198 7
186 199 10
186 201 3
186 202 1
186 203 2
186 204 4
186 205 3
186 207 1
186 208 2
186 210 1
186 211 5
186 213 1
186 215 3
186 216 4
186 221 5
186 223 6
186 226 1
186 227 1
186 229 1
186 231 9
186 233 10
186 235 3
186 236 7
186 239 3
186 245 3
186 246 2
186 247 6
186 248 4
186 249 3
186 253 8
186 254 6
186 255 2
186 258 1
186 263 8
186 265 10
186 266 5
186 271 9
186 273 6
186 274 9
186 276 10
186 278 7
186 280 6
186 281 5
186 282 9
186 284 9
186 288 8
186 292 6
186 294 2
187 188 3
187 190 10
187 194 5
187 198 1
187 206 7
187 207 4
187 208 4
187 213 10
187 214 8
187 216 4
187 222 9
187 224 1
187 227 8
187 228 3
187 229 1
187 230 1
187 232 9
187 234 8
187 235 9
187 236 6
187 237 4
187 240 3
187 242 1
187 243 5
187 247 5
187 248 2
187 249 10
187 250 1
187 251 3
187 252 3
187 253 8
187 254 8
187 256 7
187 257 8
187 259 6
187 260 7
187 261 8
187 263 9
187 265 10
187 266 8
187 268 6
187 269 1
187 274 7
187 275 9
187 277 8
187 278 10
187 280 2
187 282 9
187 284 10
187 286 10
187 287 8
187 288 9
187 294 4
187 297 5
187 298 2
187 299 2
188 196 8
188 197 10
188 198 1
188 200 5
188 205 6
188 206 5
188 210 10
188 211 9
188 213 10
188 214 5
188 215 1
188 216 9
188 219 9
188 220 8
188 224 9
188 225 10
188 230 1
188 231 6
188 233 9
188 234 2
188 235 2
188 237 4
188 240 8
188 244 1
188 248 6
188 255 6
188 256 9
188 258 6
188 259 2
188 260 10
188 261 1
188 263 3
188 265 7
188 266 9
188 267 4
188 273 2
188 274 8
188 276 10
188 277 1
188 278 8
188 280 7
188 281 3
188 282 1
188 283 5
188 285 6
188 286 8
188 287 8
188 290 9
188 292 6
188 294 10
188 295 10
188 297 5
188 299 5
189 190 4
189 191 1
189 193 6
189 196 4
189 197 3
189 198 6
189 199 3
189 200 5
189 203 10
189 204 9
189 205 4
189 206 10
189 208 10
189 210 4
189 212 3
189 214 8
189 218 2
189 224 8
189 225 8
189 227 8
189 229 4
189 232 1
189 234 4
189 235 9
189 236 8
189 240 10
189 244 5
189 246 6
189 247 10
189 248 10
189 249 8
189 251 7
189 252 1
189 253 6
189 257 10
189 258 8
189 262 4
189 265 4
189 268 3
189 269 5
189 270 1
189 271 2
189 272 8
189 273 10
189 279 1
189 281 1
189 282 10
189 286 3
189 291 7
189 293 6
189 296 5
189 297 7
189 298 8
190 191 7
190 192 6
190 195 9
190 199 1
190 200 7
190 202 7
190 206 3
190 208 9
190 209 1
190 212 4
190 213 8
190 215 5
190 216 7
190 217 6
190 219 8
190 221 3
190 222 3
190 223 4
190 226 3
190 227 3
190 228 2
190 229 4
190 232 10
190 233 8
190 235 9
190 236 10
190 237 7
190 239 4
190 243 9
190 245 7
190 250 6
190 251 4
190 254 1
190 255 7
190 256 7
190 259 9
190 260 2
190 262 3
190 265 4
190 267 4
190 270 2
190 271 6
190 272 5
190 274 8
190 277 3
190 280 7
190 281 9
190 282 1
190 283 5
190 284 4
190 286 8
190 287 3
190 289 4
190 291 1
190 294 10
190 295 4
190 296 6
190 297 9
191 192 8
191 193 1
191 195 1
191 196 6
191 198 9
191 199 10
191 202 2
191 205 5
191 207 8
191 208 10
191 211 4
191 212 9
191 213 8
191 214 3
191 215 4
191 216 7
191 217 1
191 218 4
191 221 3
191 225 3
191 227 8
191 238 8
191 240 9
191 243 3
191 244 5
191 245 10
191 246 4
191 248 2
191 249 4
191 251 9
191 252 6
191 253 8
191 257 9
191 258 3
191 259 9
191 265 7
191 266 10
191 269 10
191 270 10
191 272 9
191 274 5
191 278 1
191 280 8
191 281 2
191 283 6
191 284 6
191 288 9
191 290 7
191 294 6
191 295 10
192 196 6
192 197 3
192 201 6
192 202 4
192 203 3
192 204 9
192 205 10
192 206 2
192 211 2
192 217 2
192 218 10
192 220 8
192 222 9
192 228 2
192 231 3
192 232 6
192 234 10
192 235 3
192 237 7
192 239 3
192 241 3
192 242 4
192 243 6
192 244 7
192 246 7
192 248 8
192 249 9
192 251 7
192 253 1
192 257 9
192 260 7
192 261 3
192 262 5
192 263 8
192 267 8
192 268 6
192 269 5
192 273 2
192 274 10
192 275 4
192 276 4
192 279 5
192 280 5
192 281 7
192 282 4
192 283 9
192 284 8
192 285 4
192 286 5
192 287 1
192 291 1
192 293 9
192 299 1
193 194 5
193 197 9
193 198 7
193 201 7
193 203 9
193 204 6
193 206 8
193 207 4
193 210 7
193 212 5
193 214 2
193 219 4
193 222 7
193 224 5
193 225 1
193 228 10
193 229 3
193 230 8
193 231 4
193 232 1
193 233 1
193 234 8
193 236 5
193 237 6
193 239 7
193 240 10
193 246 6
193 247 4
193 248 8
193 249 6
193 251 9
193 253 5
193 254 5
193 256 5
193 259 8
193 262 3
193 263 5
193 265 8
193 266 7
193 267 10
193 271 5
193 272 5
193 274 9
193 275 6
193 276 1
193 279 9
193 280 10
193 281 2
193 283 2
193 284 2
193 287 3
193 289 9
193 291 3
193 294 10
193 295 8
193 296 7
193 298 7
194 197 8
194 198 7
194 199 2
194 200 3
194 201 3
194 202 6
194 203 7
194 204 2
194 208 4
194 210 7
194 212 9
194 217 8
194 218 6
194 221 2
194 225 9
194 226 8
194 228 9
194 229 4
194 231 9
194 232 9
194 239 9
194 242 2
194 244 6
194 245 3
194 247 3
194 248 3
194 254 2
194 256 5
194 257 3
194 259 9
194 260 3
194 262 10
194 264 7
194 266 2
194 267 8
194 268 5
194 270 2
194 274 9
194 275 1
194 276 6
194 277 2
194 278 9
194 280 7
194 284 4
194 288 3
194 293 3
194 294 9
194 298 9
195 196 3
195 197 7
195 198 10
195 199 7
195 202 3
195 203 6
195 205 4
195 206 2
195 209 6
195 211 2
195 212 2
195 213 5
195 216 2
195 220 3
195 222 5
195 223 7
195 224 10
195 227 7
195 228 4
195 230 5
195 232 7
195 234 6
195 236 10
195 238 8
195 239 7
195 243 7
195 244 9
195 245 3
195 248 5
195 249 1
195 250 1
195 252 1
195 253 3
195 255 5
195 257 6
195 258 5
195 259 2
195 260 7
195 261 2
195 265 8
195 268 3
195 269 5
195 270 6
195 271 2
195 272 9
195 274 9
195 277 7
195 278 9
195 281 6
195 282 6
195 284 6
195 285 10
195 288 9
195 289 1
195 290 7
195 292 6
195 293 8
195 294 10
195 295 4
195 296 7
195 298 9
196 197 9
196 199 7
196 200 5
196 202 7
196 203 2
196 204 7
196 205 8
196 209 2
196 210 6
196 212 10
196 214 2
196 218 9
196 219 7
196 220 3
196 221 3
196 224 1
196 225 3
196 230 8
196 231 2
196 233 1
196 234 6
196 235 4
196 236 10
196 238 6
196 239 4
196 240 1
196 243 3
196 244 10
196 248 6
196 250 5
196 251 9
196 254 10
196 257 5
196 258 9
196 259 3
196 261 7
196 262 3
196 268 2
196 271 7
196 273 4
196 280 1
196 282 10
196 283 3
196 285 7
196 287 1
196 289 2
196 290 10
196 293 5
196 297 6
196 299 7
197 199 10
197 201 5
197 202 8
197 206 6
197 207 4
197 209 6
197 211 9
197 215 5
197 216 6
197 217 7
197 218 8
197 219 1
197 221 7
197 223 2
197 227 3
197 232 6
197 235 3
197 236 3
197 238 2
197 239 4
197 240 4
197 241 3
197 242 2
197 247 2
197 248 7
197 250 4
197 252 4
197 253 6
197 255 4
197 257 7
197 259 9
197 260 5
197 262 9
197 263 2
197 265 4
197 267 3
197 268 8
197 269 5
197 271 2
197 273 10
197 275 4
197 277 5
197 278 6
197 279 10
197 281 7
197 282 10
197 284 9
197 289 1
197 291 4
197 292 5
197 295 5
197 296 7
197 299 9
198 199 6
198 202 6
198 203 8
198 204 7
198 205 9
198 207 2
198 210 8
198 214 6
198 216 1
198 217 8
198 218 8
198 221 2
198 224 5
198 225 8
198 228 4
198 229 4
198 230 7
198 232 9
198 234 1
198 236 3
198 237 10
198 239 10
198 241 5
198 245 5
198 246 10
198 247 10
198 250 1
198 251 8
198 252 10
198 253 1
198 256 9
198 258 6
198 259 5
198 260 6
198 261 5
198 263 6
198 265 3
198 266 5
198 270 6
198 271 9
198 273 3
198 274 7
198 276 8
198 282 7
198 283 9
198 284 9
198 285 5
198 286 5
198 290 5
198 291 4
198 292 10
198 294 7
198 296 4
198 297 2
198 298 7
199 202 5
199 205 6
199 206 8
199 212 9
199 214 8
199 216 9
199 217 5
199 221 2
199 223 6
199 226 4
199 227 10
199 230 4
199 231 6
199 233 10
199 236 2
199 238 10
199 243 5
199 244 10
199 245 8
199 247 3
199 251 3
199 255 6
199 256 6
199 257 7
199 261 4
199 263 7
199 267 4
199 269 10
199 277 10
199 278 7
199 279 6
199 280 1
199 281 10
199 286 3
199 288 5
199 292 7
199 294 9
200 202 10
200 206 9
200 209 4
200 210 10
200 211 5
200 213 9
200 214 5
200 217 2
200 219 8
200 220 2
200 221 6
200 222 9
200 224 5
200 226 6
200 228 3
200 230 4
200 231 4
200 236 4
200 240 6
200 245 2
200 248 8
200 251 8
200 252 8
200 254 7
200 257 1
200 258 6
200 262 10
200 264 7
200 266 10
200 268 8
200 270 6
200 271 6
200 280 2
200 281 2
200 282 9
200 283 1
200 284 5
200 286 1
200 287 7
200 288 10
200 290 6
200 291 1
200 295 9
200 296 9
200 297 1
200 298 6
201 202 7
201 203 6
201 205 9
201 206 4
201 207 6
201 208 1
201 211 1
201 212 2
201 215 9
201 217 10
201 224 9
201 227 3
201 229 10
201 230 1
201 232 9
201 234 2
201 235 2
201 239 4
201 240 8
201 243 6
201 244 1
201 245 1
201 246 3
201 248 8
201 249 7
201 251 1
201 253 4
201 254 4
201 255 5
201 256 8
201 257 6
201 261 10
201 262 2
201 263 7
201 266 4
201 267 8
201 269 2
201 270 4
201 271 7
201 275 6
201 278 4
201 280 3
201 283 5
201 287 7
201 288 3
201 289 9
201 290 3
201 292 6
201 295 5
201 296 9
201 299 5
202 206 1
202 208 10
202 211 1
202 212 6
202 216 7
202 217 7
202 218 5
202 220 5
202 221 5
202 222 5
202 225 10
202 228 3
202 229 1
202 231 1
202 237 1
202 238 8
202 239 9
202 242 8
202 244 10
202 245 8
202 247 2
202 248 4
202 250 8
202 251 8
202 254 8
202 255 5
202 258 7
202 260 9
202 261 7
202 262 8
202 263 3
202 264 7
202 265 5
202 267 2
202 268 3
202 270 4
202 271 3
202 275 7
202 277 6
202 280 4
202 282 10
202 285 1
202 288 3
202 295 10
202 296 1
202 298 8
203 204 2
203 205 8
203 206 7
203 207 4
203 209 7
203 210 3
203 212 10
203 214 1
203 217 7
203 218 6
203 220 6
203 222 10
203 227 1
203 229 10
203 230 6
203 231 1
203 232 7
203 235 5
203 236 2
203 238 6
203 243 10
203 244 8
203 251 5
203 252 2
203 254 9
203 255 7
203 258 4
203 259 4
203 261 1
203 262 6
203 264 10
203 266 2
203 267 9
203 268 9
203 270 5
203 271 2
203 275 4
203 277 5
203 279 8
203 281 6
203 282 6
203 284 1
203 285 1
203 286 4
203 287 3
203 290 8
203 293 4
203 294 2
203 296 8
203 298 8
203 299 10
204 207 3
204 208 1
204 211 2
204 213 9
204 214 8
204 215 8
204 216 4
204 220 5
204 222 7
204 224 9
204 225 10
204 226 10
204 227 2
204 228 10
204 229 7
204 230 10
204 234 4
204 237 1
204 239 1
204 243 1
204 250 8
204 251 2
204 254 7
204 256 4
204 257 2
204 258 10
204 259 5
204 260 10
204 261 2
204 263 5
204 269 10
204 270 9
204 271 9
204 272 8
204 273 5
204 277 7
204 278 5
204 279 7
204 281 7
204 283 2
204 284 9
204 285 5
204 289 6
204 290 6
204 291 9
204 292 6
204 295 2
204 296 8
204 299 8
205 210 8
205 211 7
205 212 5
205 214 6
205 218 2
205 220 9
205 221 1
205 224 3
205 226 2
205 227 2
205 228 2
205 229 8
205 231 8
205 234 5
205 235 3
205 236 5
205 237 4
205 238 5
205 242 10
205 243 8
205 244 9
205 245 4
205 248 2
205 252 9
205 254 8
205 255 9
205 256 2
205 258 4
205 261 6
205 262 4
205 265 1
205 266 1
205 267 2
205 271 5
205 272 3
205 273 7
205 274 6
205 275 9
205 276 5
205 277 6
205 281 10
205 282 3
205 285 7
205 286 8
205 287 8
205 297 3
205 298 1
205 299 8
206 208 2
206 209 6
206 211 3
206 214 10
206 216 7
206 217 8
206 221 10
206 223 6
206 225 8
206 228 4
206 231 4
206 232 6
206 233 1
206 236 1
206 239 6
206 241 10
206 242 6
206 244 2
206 245 7
206 249 10
206 251 10
206 253 1
206 254 9
206 255 3
206 257 10
206 260 7
206 261 6
206 265 6
206 266 4
206 268 9
206 270 7
206 271 3
206 272 6
206 274 6
206 275 3
206 277 6
206 279 2
206 282 1
206 283 9
206 285 8
206 286 7
206 287 10
206 289 1
206 290 3
206 292 9
206 293 2
206 295 8
206 296 10
206 299 8
207 208 7
207 209 1
207 210 5
207 213 6
207 215 10
207 216 7
207 217 9
207 219 4
207 220 1
207 222 8
207 225 9
207 231 7
207 232 6
207 234 5
207 236 3
207 239 1
207 240 8
207 241 5
207 242 6
207 243 2
207 245 6
207 249 1
207 251 4
207 254 9
207 256 9
207 257 5
207 258 9
207 259 3
207 260 9
207 262 5
207 265 10
207 266 10
207 267 4
207 269 2
207 270 7
207 272 3
207 273 2
207 275 10
207 276 8
207 277 5
207 282 9
207 284 9
207 285 1
207 287 7
207 289 2
207 290 3
207 291 6
207 292 2
207 294 7
207 297 1
207 298 4
207 299 7
208 209 5
208 210 1
208 213 4
208 215 9
208 216 5
208 217 6
208 218 10
208 219 5
208 220 1
208 223 4
208 224 8
208 227 5
208 228 1
208 232 6
208 236 10
208 239 2
208 243 4
208 244 4
208 245 4
208 246 6
208 247 6
208 251 2
208 252 1
208 256 4
208 258 9
208 261 9
208 263 4
208 266 4
208 267 3
208 268 6
208 269 7
208 270 2
208 277 3
208 284 1
208 285 10
208 286 8
208 290 6
208 291 5
208 292 2
208 294 10
208 295 1
208 296 2
208 297 5
208 298 10
209 213 8
209 217 5
209 218 5
209 219 9
209 221 2
209 224 5
209 229 5
209 230 7
209 232 6
209 234 7
209 235 9
209 236 3
209 237 5
209 238 7
209 239 9
209 244 2
209 245 10
209 247 7
209 248 8
209 249 9
209 250 6
209 252 5
209 253 2
209 254 9
209 255 1
209 256 7
209 257 5
209 258 5
209 259 3
209 261 6
209 263 9
209 265 5
209 266 8
209 267 4
209 268 2
209 270 1
209 271 8
209 272 4
209 274 9
209 275 8
209 278 3
209 282 9
209 284 9
209 289 1
209 293 2
209 297 1
209 298 5
210 213 9
210 214 10
210 215 4
210 217 5
210 218 9
210 220 6
210 221 10
210 225 1
210 230 8
210 234 9
210 235 8
210 236 2
210 240 1
210 241 4
210 242 1
210 243 6
210 245 7
210 248 7
210 249 6
210 250 7
210 251 6
210 255 7
210 257 1
210 259 6
210 264 4
210 270 2
210 271 2
210 272 3
210 273 3
210 274 7
210 276 4
210 277 5
210 280 1
210 283 10
210 284 2
210 285 8
210 287 2
210 289 2
210 290 6
210 291 5
210 292 3
210 293 2
210 294 8
210 297 2
210 299 3
211 213 1
211 217 8
211 218 9
211 221 5
211 223 6
211 224 4
211 228 3
211 229 8
211 232 8
211 233 3
211 234 4
211 236 5
211 238 3
211 241 7
211 242 2
211 245 4
211 247 3
211 248 9
211 253 7
211 255 5
211 256 5
211 257 10
211 260 7
211 263 9
211 265 5
211 267 8
211 272 6
211 273 4
211 275 9
211 276 4
211 278 10
211 280 10
211 281 9
211 282 1
211 283 8
211 284 7
211 286 4
211 287 8
211 288 10
211 293 10
211 294 8
211 295 2
211 297 6
211 299 5
212 213 5
212 214 8
212 219 10
212 220 2
212 224 2
212 225 7
212 228 4
212 229 8
212 230 8
212 233 9
212 234 3
212 236 7
212 240 10
212 242 3
212 243 9
212 245 8
212 248 6
212 250 6
212 252 2
212 260 7
212 263 9
212 265 4
212 266 8
212 267 3
212 269 6
212 272 1
212 275 5
212 279 7
212 283 5
212 285 4
212 286 2
212 288 10
212 292 1
212 293 2
212 294 4
212 295 4
212 296 4
212 299 10
213 215 2
213 217 8
213 218 7
213 222 9
213 223 9
213 227 3
213 230 2
213 233 4
213 234 2
213 235 8
213 236 8
213 237 10
213 239 4
213 240 7
213 242 3
213 244 10
213 245 1
213 246 6
213 248 8
213 249 8
213 253 3
213 254 5
213 255 9
213 257 9
213 259 9
213 261 7
213 263 10
213 265 7
213 267 5
213 269 3
213 271 3
213 273 1
213 274 9
213 276 9
213 277 1
213 278 8
213 280 5
213 284 4
213 286 7
213 287 1
213 290 4
213 292 2
213 293 8
213 297 6
214 215 8
214 217 3
214 219 4
214 220 4
214 221 10
214 223 9
214 224 9
214 226 8
214 227 8
214 228 8
214 231 4
214 234 7
214 236 3
214 237 10
214 238 7
214 242 2
214 243 3
214 246 9
214 247 3
214 249 6
214 250 2
214 254 1
214 255 9
214 256 4
214 259 4
214 260 5
214 261 3
214 262 8
214 263 8
214 267 7
214 269 10
214 270 4
214 273 3
214 274 4
214 276 6
214 277 6
214 278 3
214 279 6
214 280 1
214 284 7
214 285 1
214 286 6
214 287 10
214 292 2
214 293 10
214 296 8
214 299 9
215 216 8
215 217 1
215 218 9
215 219 2
215 221 2
215 222 5
215 223 6
215 224 4
215 230 4
215 231 8
215 232 2
215 233 9
215 234 6
215 236 9
215 237 6
215 238 8
215 239 7
215 243 2
215 244 4
215 245 2
215 247 9
215 250 10
215 252 6
215 254 2
215 255 2
215 260 1
215 261 4
215 265 4
215 266 4
215 267 5
215 268 6
215 269 7
215 270 8
215 271 10
215 272 7
215 273 7
215 274 3
215 276 5
215 277 7
215 278 7
215 279 5
215 281 2
215 282 4
215 283 6
215 284 5
215 286 6
215 288 8
215 289 3
215 290 1
215 293 6
215 297 4
215 298 7
215 299 2
216 221 2
216 224 6
216 225 5
216 227 3
216 228 1
216 230 1
216 231 6
216 232 1
216 235 6
216 236 5
216 237 1
216 243 1
216 244 4
216 246 7
216 248 10
216 249 7
216 251 5
216 252 8
216 253 8
216 257 5
216 261 6
216 262 5
216 270 2
216 271 10
216 273 8
216 277 10
216 278 4
216 280 4
216 286 9
216 292 4
216 294 1
216 295 8
216 297 1
216 299 1
217 222 8
217 223 10
217 224 5
217 227 1
217 229 5
217 232 9
217 235 4
217 236 10
217 238 8
217 240 2
217 241 9
217 242 4
217 243 8
217 244 6
217 245 2
217 246 3
217 249 2
217 250 1
217 252 4
217 254 3
217 255 7
217 257 4
217 258 10
217 259 8
217 262 8
217 264 6
217 271 6
217 274 1
217 276 3
217 277 3
217 278 1
217 280 3
217 281 5
217 283 1
217 286 10
217 289 1
217 290 4
217 292 6
217 294 2
217 296 9
217 297 4
218 222 8
218 223 5
218 224 3
218 225 5
218 226 8
218 227 8
218 229 3
218 230 3
218 231 1
218 232 2
218 233 10
218 236 8
218 237 1
218 238 9
218 239 9
218 243 2
218 244 8
218 245 9
218 246 5
218 249 7
218 250 1
218 253 9
218 258 8
218 259 10
218 261 8
218 262 9
218 265 1
218 269 5
218 274 2
218 279 6
218 282 7
218 283 5
218 284 9
218 288 2
218 289 8
218 290 4
218 291 2
218 293 9
218 295 3
218 297 5
218 299 5
219 222 1
219 223 2
219 224 6
219 225 8
219 227 7
219 228 10
219 229 3
219 230 6
219 231 1
219 232 2
219 234 1
219 235 2
219 237 5
219 238 4
219 239 9
219 240 4
219 241 6
219 250 7
219 251 5
219 252 2
219 254 6
219 255 5
219 256 1
219 257 4
219 258 1
219 260 2
219 261 7
219 262 6
219 263 7
219 267 7
219 269 1
219 271 9
219 272 4
219 276 8
219 279 1
219 280 10
219 281 9
219 284 6
219 285 7
219 291 9
219 293 6
219 295 8
219 296 4
219 297 5
219 298 10
220 221 1
220 223 4
220 231 3
220 232 8
220 233 1
220 234 2
220 236 9
220 239 2
220 240 4
220 241 10
220 242 1
220 244 2
220 246 1
220 249 10
220 251 5
220 253 6
220 257 4
220 259 6
220 260 10
220 261 10
220 273 1
220 275 9
220 276 3
220 279 1
220 285 1
220 287 1
220 291 5
220 295 7
220 298 6
220 299 6
221 222 10
221 224 1
221 225 8
221 228 7
221 229 7
221 232 2
221 233 1
221 235 7
221 236 10
221 240 8
221 243 9
221 245 6
221 246 10
221 247 2
221 249 6
221 250 2
221 251 6
221 252 7
221 255 8
221 260 10
221 261 8
221 263 2
221 266 9
221 267 1
221 271 4
221 273 2
221 274 5
221 275 3
221 276 9
221 280 9
221 281 2
221 284 1
221 288 1
221 289 1
221 294 2
221 295 2
221 296 1
221 297 9
222 223 9
222 225 7
222 226 3
222 228 2
222 229 1
222 231 1
222 234 1
222 235 10
222 236 3
222 243 9
222 246 2
222 247 6
222 248 8
222 250 2
222 252 8
222 253 9
222 257 9
222 263 1
222 264 2
222 267 10
222 268 9
222 271 7
222 275 9
222 276 7
222 277 2
222 280 1
222 281 2
222 282 8
222 285 7
222 286 2
222 289 6
222 290 9
222 291 10
222 296 6
222 298 2
222 299 2
223 224 8
223 226 7
223 228 10
223 230 1
223 231 1
223 232 9
223 236 3
223 237 9
223 238 5
223 239 2
223 240 6
223 244 5
223 245 8
223 247 7
223 248 7
223 249 5
223 252 6
223 254 1
223 255 3
223 256 5
223 258 7
223 259 8
223 260 7
223 261 5
223 265 2
223 269 7
223 270 5
223 272 6
223 274 4
223 275 6
223 276 6
223 278 9
223 280 8
223 281 5
223 285 6
223 288 10
223 289 6
223 292 10
223 293 6
223 294 7
223 296 8
223 298 7
223 299 9
224 225 6
224 226 6
224 228 8
224 229 1
224 231 9
224 232 6
224 235 3
224 236 1
224 237 2
224 238 5
224 239 2
224 242 6
224 246 2
224 247 7
224 248 4
224 249 5
224 250 7
224 251 6
224 252 9
224 254 3
224 255 1
224 257 5
224 258 7
224 262 4
224 265 9
224 268 8
224 269 5
224 271 10
224 283 4
224 284 1
224 285 7
224 286 9
224 287 9
224 288 7
224 289 5
224 290 5
224 291 10
224 293 10
224 296 4
224 297 8
224 299 5
225 226 3
225 227 3
225 228 8
225 233 1
225 234 4
225 236 7
225 237 9
225 239 2
225 241 9
225 242 9
225 245 6
225 247 7
225 248 3
225 249 2
225 250 10
225 251 7
225 253 5
225 260 8
225 263 2
225 265 2
225 268 5
225 270 3
225 271 9
225 272 2
225 274 1
225 275 10
225 276 6
225 277 8
225 278 7
225 279 4
225 280 4
225 290 6
225 291 6
225 293 1
225 295 4
225 296 3
225 297 6
225 298 8
225 299 5
226 227 10
226 229 10
226 232 4
226 233 5
226 234 10
226 237 2
226 239 2
226 240 10
226 242 4
226 243 8
226 244 3
226 245 4
226 251 3
226 253 2
226 254 10
226 256 9
226 262 1
226 263 10
226 266 6
226 268 8
226 269 4
226 271 9
226 278 9
226 279 6
226 281 8
226 282 3
226 283 7
226 285 5
226 286 7
226 290 9
226 293 4
226 296 7
226 297 8
227 231 6
227 232 6
227 235 1
227 237 9
227 238 3
227 241 1
227 244 5
227 245 4
227 247 5
227 248 10
227 250 7
227 251 4
227 252 3
227 253 4
227 256 9
227 260 9
227 261 9
227 263 1
227 265 8
227 266 1
227 268 4
227 269 3
227 270 8
227 271 6
227 272 8
227 273 7
227 275 2
227 279 5
227 283 9
227 284 10
227 285 5
227 287 5
227 288 6
227 289 2
227 291 10
227 292 10
227 294 3
227 296 5
227 298 3
228 231 9
228 232 1
228 233 3
228 234 8
228 235 8
228 236 8
228 238 2
228 240 8
228 241 7
228 242 9
228 244 10
228 246 7
228 249 1
228 251 1
228 252 2
228 253 9
228 254 7
228 256 7
228 258 2
228 260 10
228 262 4
228 264 9
228 266 1
228 267 1
228 269 6
228 270 6
228 271 10
228 272 5
228 273 1
228 274 9
228 276 3
228 277 2
228 278 7
228 280 6
228 281 9
228 282 3
228 283 3
228 287 8
228 288 1
228 292 7
228 293 8
228 294 1
228 295 2
228 296 4
228 297 7
228 298 3
229 230 4
229 231 8
229 232 8
229 233 10
229 236 10
229 237 6
229 239 4
229 240 7
229 243 1
229 244 9
229 247 5
229 250 6
229 254 10
229 255 6
229 256 9
229 257 2
229 258 5
229 259 8
229 260 7
229 263 10
229 265 10
229 268 1
229 269 2
229 271 8
229 273 1
229 274 2
229 279 1
229 281 6
229 282 8
229 286 4
229 288 8
229 290 4
229 291 8
229 292 8
229 299 5
230 232 5
230 233 2
230 234 10
230 237 2
230 240 5
230 243 9
230 245 8
230 246 8
230 247 5
230 250 10
230 252 7
230 253 1
230 256 1
230 259 10
230 260 8
230 264 4
230 267 4
230 269 4
230 271 5
230 272 7
230 273 8
230 274 2
230 276 6
230 279 8
230 282 2
230 285 8
230 291 6
230 292 5
230 294 10
230 297 7
231 235 2
231 236 6
231 238 4
231 239 9
231 241 6
231 242 5
231 243 1
231 245 8
231 247 1
231 249 9
231 250 6
231 251 9
231 255 8
231 257 2
231 260 9
231 261 6
231 264 8
231 272 10
231 273 4
231 276 1
231 277 10
231 278 5
231 283 6
231 286 3
231 287 1
231 290 4
231 291 1
231 292 2
231 294 10
231 296 4
231 297 8
232 233 8
232 234 5
232 237 7
232 241 3
232 242 1
232 243 3
232 244 7
232 246 9
232 247 2
232 248 6
232 250 5
232 255 6
232 259 9
232 264 9
232 265 8
232 267 8
232 270 8
232 271 6
232 273 9
232 275 9
232 276 2
232 278 4
232 283 1
232 285 5
232 287 2
232 289 1
232 290 10
232 293 1
232 296 9
232 297 9
232 298 8
232 299 4
233 234 5
233 235 7
233 236 6
233 241 8
233 242 5
233 244 6
233 248 3
233 250 5
233 251 8
233 252 10
233 258 3
233 260 6
233 261 2
233 265 5
233 266 5
233 268 3
233 271 5
233 273 4
233 274 7
233 275 5
233 277 7
233 278 5
233 279 2
233 280 2
233 281 7
233 283 1
233 286 1
233 288 5
233 289 10
233 290 6
233 293 9
233 294 2
233 295 6
233 296 8
233 297 10
233 299 1
234 235 8
234 236 6
234 238 2
234 242 6
234 243 2
234 244 5
234 245 3
234 247 4
234 248 4
234 250 9
234 251 5
234 252 2
234 254 2
234 255 2
234 256 10
234 257 7
234 258 4
234 259 9
234 261 10
234 264 10
234 266 2
234 270 3
234 272 9
234 273 8
234 275 6
234 277 10
234 278 6
234 282 5
234 284 1
234 286 1
234 287 10
234 288 1
234 290 1
234 292 5
234 293 7
234 294 4
234 295 9
234 298 7
234 299 5
235 238 4
235 239 1
235 244 8
235 245 3
235 249 3
235 250 9
235 251 2
235 254 4
235 255 6
235 256 9
235 259 5
235 260 7
235 265 4
235 266 9
235 268 10
235 269 4
235 270 8
235 272 7
235 273 8
235 282 9
235 284 4
235 286 8
235 287 1
235 289 6
235 290 8
235 291 10
235 293 3
235 296 5
235 298 1
236 239 2
236 241 4
236 244 10
236 246 5
236 247 9
236 248 9
236 253 2
236 255 9
236 257 10
236 258 7
236 260 3
236 261 5
236 262 5
236 263 5
236 264 2
236 267 9
236 269 8
236 270 5
236 273 7
236 275 9
236 276 10
236 278 6
236 283 1
236 285 6
236 286 6
236 287 8
236 288 10
236 291 9
236 293 2
236 294 5
236 297 5
237 240 5
237 241 9
237 242 2
237 243 10
237 245 10
237 248 5
237 249 2
237 250 10
237 255 9
237 257 10
237 258 3
237 259 3
237 260 6
237 262 4
237 264 10
237 270 10
237 271 6
237 274 6
237 276 10
237 277 9
237 279 8
237 280 3
237 284 1
237 285 3
237 287 7
237 290 1
237 296 8
237 299 2
238 241 8
238 246 10
238 249 8
238 251 4
238 253 3
238 254 6
238 256 6
238 257 9
238 259 7
238 260 7
238 262 5
238 263 7
238 267 7
238 268 4
238 270 6
238 275 3
238 276 8
238 277 2
238 278 5
238 279 8
238 280 9
238 286 9
238 289 2
238 291 4
238 292 10
238 297 2
238 298 1
239 241 10
239 243 7
239 248 2
239 250 3
239 251 6
239 252 5
239 253 7
239 254 7
239 256 9
239 257 2
239 258 4
239 261 9
239 262 3
239 263 2
239 264 1
239 266 2
239 268 10
239 270 9
239 275 6
239 276 1
239 277 8
239 278 2
239 279 2
239 281 8
239 282 8
239 286 6
239 289 4
239 295 8
239 297 5
239 298 3
239 299 7
240 242 5
240 243 7
240 245 2
240 247 8
240 248 6
240 249 3
240 250 10
240 251 6
240 253 3
240 255 1
240 256 7
240 259 7
240 260 10
240 261 6
240 262 3
240 265 7
240 266 2
240 267 10
240 271 6
240 273 8
240 274 2
240 276 3
240 280 5
240 282 2
240 285 5
240 286 1
240 287 7
240 289 6
240 290 4
240 291 9
240 296 2
240 298 6
240 299 7
241 242 6
241 243 4
241 245 4
241 247 9
241 248 7
241 249 5
241 250 1
241 253 5
241 257 4
241 258 4
241 262 8
241 264 7
241 265 5
241 272 3
241 276 3
241 281 7
241 285 3
241 286 5
241 288 9
241 290 6
241 292 1
241 293 2
241 296 7
241 297 6
242 243 4
242 244 6
242 247 7
242 249 4
242 252 9
242 254 8
242 255 5
242 256 7
242 259 1
242 261 2
242 262 10
242 264 6
242 267 6
242 268 9
242 271 6
242 274 7
242 278 7
242 280 9
242 282 4
242 283 2
242 284 7
242 285 3
242 286 5
242 287 3
242 289 8
242 292 5
242 293 9
242 294 1
242 295 1
242 296 2
242 297 10
242 298 2
242 299 8
243 246 3
243 247 2
243 249 6
243 250 1
243 253 4
243 254 5
243 255 1
243 257 5
243 258 1
243 263 7
243 264 6
243 267 8
243 268 2
243 270 3
243 272 7
243 273 4
243 277 7
243 281 3
243 283 10
243 285 4
243 287 7
243 289 10
243 290 7
243 292 3
243 293 5
243 297 3
244 245 2
244 246 6
244 247 4
244 248 5
244 249 7
244 250 2
244 254 1
244 255 1
244 258 1
244 260 5
244 263 7
244 264 4
244 265 5
244 266 10
244 269 4
244 275 7
244 276 5
244 278 5
244 280 9
244 281 6
244 282 9
244 283 3
244 284 7
244 285 9
244 288 1
244 289 5
244 290 3
244 292 5
244 293 2
244 295 1
244 296 8
244 297 2
244 298 2
244 299 5
245 247 6
245 248 7
245 249 1
245 251 8
245 252 6
245 253 6
245 255 10
245 258 7
245 260 6
245 263 7
245 265 5
245 266 9
245 268 7
245 271 9
245 274 1
245 275 10
245 276 9
245 279 8
245 280 4
245 282 2
245 284 7
245 285 8
245 287 10
245 288 1
245 289 10
245 290 5
245 291 1
245 292 7
245 293 3
245 295 5
245 298 8
245 299 8
246 249 3
246 252 4
246 254 10
246 255 4
246 256 1
246 265 10
246 269 5
246 272 9
246 275 9
246 283 2
246 286 6
246 291 1
246 292 7
246 295 3
246 296 1
246 298 4
247 255 6
247 256 8
247 261 10
247 263 3
247 265 10
247 266 10
247 269 10
247 271 6
247 272 2
247 274 9
247 279 4
247 282 6
247 285 4
247 286 4
247 290 5
247 292 10
247 293 4
247 294 7
248 250 1
248 252 5
248 257 2
248 258 1
248 259 5
248 262 1
248 263 3
248 264 9
248 269 6
248 270 6
248 272 4
248 274 7
248 276 2
248 279 3
248 280 7
248 283 5
248 284 9
248 286 5
248 288 7
248 289 5
248 291 8
248 294 5
248 296 7
248 297 9
249 251 10
249 253 8
249 254 2
249 255 4
249 261 6
249 262 4
249 263 9
249 264 5
249 270 5
249 271 6
249 272 5
249 274 8
249 276 9
249 278 4
249 279 8
249 280 9
249 281 6
249 282 2
249 284 10
249 285 10
249 290 8
249 291 2
249 292 4
249 295 6
249 296 8
249 297 2
249 299 6
250 252 4
250 253 4
250 256 4
250 257 2
250 258 3
250 260 10
250 262 3
250 263 6
250 265 5
250 266 10
250 268 9
250 269 1
250 270 10
250 274 1
250 275 2
250 276 4
250 277 6
250 280 6
250 282 3
250 283 2
250 284 8
250 285 5
250 289 9
250 292 9
250 293 8
250 294 10
250 298 4
250 299 5
251 253 5
251 255 4
251 256 9
251 257 6
251 260 6
251 262 1
251 264 5
251 265 7
251 266 9
251 268 3
251 269 2
251 275 2
251 277 5
251 278 1
251 279 9
251 281 4
251 282 9
251 283 3
251 284 1
251 287 6
251 289 3
251 292 5
251 294 1
251 295 2
251 296 4
251 297 3
251 299 6
252 261 3
252 262 10
252 263 8
252 265 10
252 266 2
252 267 8
252 268 1
252 269 4
252 270 9
252 272 7
252 273 9
252 275 4
252 277 5
252 278 7
252 284 2
252 285 9
252 288 6
252 290 4
252 293 2
252 295 4
252 296 8
253 255 1
253 256 7
253 257 6
253 259 6
253 260 2
253 263 2
253 265 2
253 269 7
253 270 2
253 271 7
253 277 9
253 278 5
253 281 10
253 282 5
253 285 7
253 289 3
253 290 3
253 291 5
253 295 6
253 297 8
253 298 4
254 257 8
254 258 4
254 259 7
254 261 3
254 262 7
254 264 2
254 265 7
254 266 8
254 269 4
254 270 2
254 272 10
254 273 2
254 274 8
254 283 4
254 284 9
254 287 8
254 290 10
254 291 1
254 292 8
254 296 6
254 297 8
254 298 10
254 299 1
255 258 2
255 262 3
255 263 7
255 264 5
255 266 6
255 268 3
255 269 2
255 270 6
255 274 5
255 275 2
255 276 6
255 277 8
255 278 2
255 280 8
255 282 1
255 286 10
255 287 4
255 288 1
255 290 8
255 292 7
255 293 2
255 294 8
255 295 6
255 298 3
255 299 1
256 257 2
256 259 2
256 265 8
256 268 6
256 270 9
256 275 4
256 276 1
256 277 10
256 278 4
256 280 2
256 281 10
256 282 4
256 283 7
256 284 6
256 285 4
256 287 6
256 289 8
256 290 7
256 292 6
256 294 3
256 298 6
256 299 7
257 260 3
257 261 2
257 262 2
257 263 3
257 264 10
257 267 4
257 268 3
257 269 3
257 270 9
257 275 4
257 276 2
257 280 3
257 281 9
257 283 10
257 284 9
257 285 3
257 287 3
257 289 1
257 295 7
257 296 2
257 298 4
257 299 8
258 259 10
258 261 1
258 262 5
258 264 3
258 265 6
258 267 9
258 268 8
258 271 9
258 275 7
258 278 1
258 281 4
258 282 10
258 283 9
258 284 1
258 287 1
258 289 7
258 291 2
258 293 1
258 296 5
258 297 6
259 262 3
259 263 2
259 264 3
259 267 4
259 270 7
259 273 2
259 274 7
259 281 7
259 283 7
259 287 1
259 288 4
259 289 8
259 290 1
259 291 9
259 292 5
259 293 6
259 294 1
259 296 4
259 298 4
260 261 7
260 263 5
260 266 4
260 268 5
260 269 5
260 270 4
260 272 4
260 273 10
260 275 4
260 276 9
260 279 7
260 280 2
260 282 8
260 287 5
260 289 7
260 292 2
260 293 3
260 296 5
260 297 6
261 263 4
261 265 3
261 266 4
261 267 10
261 271 10
261 272 7
261 273 6
261 274 6
261 275 6
261 279 6
261 282 7
261 284 1
261 285 10
261 286 5
261 287 3
261 289 8
261 293 6
261 294 6
262 263 10
262 264 3
262 267 4
262 268 7
262 269 10
262 274 6
262 275 6
262 278 9
262 279 4
262 280 1
262 281 7
262 282 9
262 283 2
262 287 7
262 291 5
262 293 4
262 294 9
262 297 3
263 264 7
263 270 8
263 271 1
263 273 6
263 274 10
263 277 8
263 278 10
263 279 10
263 282 4
263 283 8
263 284 10
263 286 2
263 287 1
263 288 10
263 292 3
263 294 10
263 298 5
263 299 3
264 267 10
264 268 8
264 276 3
264 278 2
264 279 7
264 281 8
264 285 4
264 287 8
264 288 4
264 289 9
264 292 1
264 294 4
264 296 2
264 298 8
264 299 9
265 267 5
265 269 5
265 270 4
265 277 2
265 278 8
265 279 1
265 285 8
265 286 1
265 287 10
265 289 9
265 291 5
265 292 10
265 293 2
265 294 7
265 296 3
265 298 10
266 267 3
266 268 5
266 269 1
266 272 2
266 274 4
266 276 3
266 278 9
266 279 1
266 280 8
266 282 2
266 284 3
266 285 7
266 291 2
266 293 2
266 294 6
266 298 1
267 268 2
267 269 2
267 270 7
267 271 2
267 274 1
267 276 3
267 279 9
267 280 10
267 285 7
267 287 5
267 288 8
267 291 5
267 293 10
267 294 1
267 295 4
267 296 5
268 270 8
268 271 9
268 272 9
268 274 7
268 275 3
268 276 3
268 277 7
268 280 5
268 281 3
268 283 7
268 284 3
268 285 4
268 286 3
268 295 6
268 297 9
268 298 2
269 271 10
269 273 7
269 274 1
269 276 7
269 277 6
269 281 10
269 284 3
269 285 2
269 287 2
269 288 5
269 289 7
269 290 10
269 293 8
269 294 1
269 296 2
270 271 1
270 272 1
270 277 9
270 279 9
270 281 4
270 282 10
270 284 4
270 289 4
270 293 2
270 298 10
270 299 8
271 272 3
271 273 3
271 274 8
271 275 9
271 278 1
271 280 4
271 281 2
271 283 6
271 286 8
271 287 10
271 290 10
271 293 2
271 294 7
271 295 2
271 296 1
271 299 9
272 274 7
272 277 1
272 279 7
272 282 10
272 283 8
272 284 3
272 286 6
272 288 10
272 289 4
272 290 10
272 293 10
272 294 6
272 295 5
272 296 10
272 297 4
273 278 1
273 279 4
273 283 2
273 284 9
273 285 5
273 286 2
273 287 8
273 288 7
273 290 8
273 292 9
273 294 7
273 295 7
273 296 1
273 299 5
274 275 7
274 276 2
274 278 10
274 280 2
274 281 7
274 284 2
274 285 6
274 287 2
274 289 10
274 290 1
274 292 5
274 293 1
274 297 4
275 277 8
275 279 8
275 280 4
275 281 6
275 283 2
275 286 8
275 288 6
275 294 3
275 296 3
276 277 2
276 279 7
276 281 3
276 282 2
276 283 10
276 284 10
276 285 6
276 287 8
276 288 5
276 292 3
276 293 1
276 295 5
276 296 6
277 279 7
277 280 5
277 285 5
277 286 3
277 287 8
277 288 1
277 289 7
277 290 2
277 291 10
277 292 2
277 293 1
277 298 4
277 299 6
278 282 10
278 283 5
278 284 10
278 285 10
278 288 9
278 289 3
278 290 4
278 291 3
278 294 5
278 295 7
278 298 1
278 299 8
279 280 7
279 281 8
279 282 4
279 284 6
279 285 2
279 286 7
279 287 6
279 288 10
279 290 3
279 291 5
279 292 2
279 293 9
279 297 7
280 284 6
280 286 7
280 289 5
280 291 10
280 296 2
280 298 8
281 282 5
281 283 7
281 284 9
281 285 10
281 286 9
281 287 5
281 289 5
281 292 3
281 296 7
281 299 8
282 283 1
282 287 5
282 288 1
282 289 8
282 295 7
282 297 6
282 299 8
283 286 2
283 289 7
283 290 2
283 293 1
283 294 4
283 297 2
284 285 8
284 286 7
284 287 3
284 288 8
284 294 10
284 295 7
284 297 8
285 286 2
285 287 4
285 288 6
285 290 2
285 291 10
285 292 5
285 293 4
285 296 2
286 290 1
286 292 5
286 294 9
286 295 6
286 297 3
287 288 9
287 293 5
287 294 6
287 299 1
288 289 3
288 290 1
288 292 2
288 293 8
288 295 9
288 297 8
288 299 2
289 290 4
289 292 2
289 297 3
289 298 6
289 299 2
290 291 7
290 294 2
290 295 2
290 298 6
291 292 6
291 296 9
291 297 1
291 299 3
292 293 9
292 294 4
292 297 6
293 295 5
293 296 2
293 298 4
294 298 2
295 296 6
295 297 9
295 298 7
295 299 8
296 298 8
296 299 10
298 299 4
