450 50468
0 2 5
0 3 10
0 4 8
0 8 1
0 9 6
0 10 3
0 11 8
0 13 8
0 14 2
0 17 4
0 20 3
0 23 10
0 24 5
0 26 1
0 27 1
0 28 5
0 35 4
0 42 10
0 43 1
0 44 7
0 45 4
0 46 7
0 47 9
0 48 10
0 50 2
0 51 5
0 52 4
0 53 1
0 57 6
0 59 7
0 60 4
0 67 8
0 68 10
0 69 10
0 70 1
0 71 1
0 74 2
0 76 2
0 78 6
0 79 2
0 80 7
0 82 5
0 85 5
0 86 1
0 89 4
0 90 1
0 91 5
0 94 6
0 95 5
0 96 1
0 101 8
0 105 6
0 107 4
0 108 4
0 109 4
0 112 9
0 114 10
0 117 7
0 120 4
0 125 7
0 126 1
0 127 10
0 131 8
0 132 5
0 135 4
0 136 3
0 137 9
0 140 8
0 141 9
0 143 1
0 145 10
0 146 8
0 149 8
0 150 5
0 153 1
0 155 5
0 156 7
0 157 1
0 159 8
0 160 1
0 161 7
0 163 5
0 166 9
0 167 3
0 169 1
0 170 4
0 173 1
0 176 9
0 177 9
0 178 4
0 179 2
0 180 3
0 184 9
0 185 10
0 186 6
0 188 1
0 189 1
0 190 8
0 191 6
0 192 3
0 193 6
0 195 10
0 198 10
0 204 10
0 205 8
0 206 1
0 207 4
0 208 9
0 209 1
0 211 4
0 213 10
0 214 7
0 219 2
0 220 10
0 225 2
0 229 7
0 231 1
0 232 3
0 235 4
0 236 2
0 238 1
0 241 9
0 245 2
0 247 2
0 248 3
0 250 8
0 251 7
0 253 1
0 254 5
0 257 5
0 258 2
0 259 3
0 263 6
0 264 3
0 270 9
0 272 2
0 275 5
0 276 2
0 277 8
0 279 5
0 282 5
0 284 9
0 285 8
0 288 9
0 289 8
0 290 3
0 291 10
0 294 9
0 297 6
0 298 6
0 299 3
0 305 8
0 306 10
0 307 4
0 312 3
0 313 4
0 314 10
0 317 2
0 319 7
0 325 10
0 327 7
0 332 9
0 334 4
0 337 5
0 339 2
0 340 1
0 342 4
0 343 9
0 344 5
0 345 3
0 348 3
0 350 2
0 354 7
0 356 9
0 358 2
0 359 8
0 360 4
0 362 8
0 365 9
0 367 1
0 369 8
0 375 7
0 376 2
0 378 7
0 379 7
0 382 5
0 383 1
0 384 10
0 385 10
0 386 4
0 387 6
0 388 1
0 393 6
0 395 6
0 396 2
0 397 8
0 400 7
0 401 2
0 402 7
0 403 5
0 406 6
0 407 4
0 410 6
0 414 6
0 415 5
0 416 9
0 417 3
0 418 7
0 420 8
0 421 7
0 423 8
0 425 3
0 426 4
0 428 4
0 431 2
0 432 4
0 433 9
0 436 10
0 437 8
0 439 6
1 5 8
1 6 7
1 7 6
1 12 2
1 13 10
1 14 8
1 15 10
1 16 3
1 18 8
1 19 6
1 22 2
1 23 6
1 25 1
1 26 10
1 27 2
1 33 9
1 34 8
1 35 4
1 39 5
1 43 4
1 44 1
1 45 3
1 46 7
1 47 10
1 49 2
1 50 2
1 51 2
1 52 3
1 54 4
1 55 7
1 57 1
1 59 2
1 60 10
1 61 10
1 62 10
1 63 5
1 64 5
1 66 9
1 69 8
1 70 2
1 71 2
1 74 10
1 80 2
1 81 6
1 82 4
1 83 6
1 86 5
1 89 10
1 92 8
1 95 3
1 96 10
1 97 2
1 100 5
1 102 6
1 105 10
1 109 6
1 112 10
1 113 10
1 114 9
1 116 2
1 119 10
1 124 7
1 127 6
1 130 1
1 131 4
1 133 3
1 136 7
1 138 5
1 139 5
1 141 9
1 142 2
1 144 2
1 145 4
1 147 8
1 150 2
1 151 7
1 153 10
1 155 10
1 159 3
1 161 8
1 162 5
1 164 9
1 166 10
1 168 2
1 170 3
1 172 7
1 173 9
1 174 6
1 175 8
1 176 5
1 179 3
1 180 7
1 181 5
1 185 5
1 186 6
1 187 8
1 188 9
1 189 2
1 190 9
1 192 6
1 196 5
1 198 6
1 201 3
1 202 6
1 203 1
1 204 9
1 206 10
1 208 7
1 209 5
1 211 2
1 212 8
1 214 7
1 216 6
1 220 7
1 222 5
1 223 1
1 226 10
1 231 3
1 232 5
1 234 4
1 235 10
1 236 8
1 237 2
1 238 3
1 240 8
1 241 9
1 244 7
1 251 10
1 256 10
1 257 8
1 258 1
1 261 9
1 262 5
1 267 2
1 268 8
1 269 7
1 270 6
1 271 6
1 272 2
1 273 9
1 280 5
1 281 4
1 283 1
1 286 5
1 289 9
1 290 8
1 291 10
1 292 7
1 295 1
1 297 4
1 301 4
1 302 6
1 303 2
1 305 2
1 310 10
1 311 8
1 312 3
1 316 3
1 319 5
1 321 10
1 324 10
1 325 1
1 328 7
1 331 8
1 332 6
1 334 4
1 337 1
1 340 9
1 342 3
1 347 3
1 349 3
1 353 8
1 354 3
1 357 5
1 358 4
1 360 10
1 363 5
1 364 7
1 365 4
1 368 9
1 370 6
1 374 8
1 378 8
1 379 9
1 384 5
1 386 6
1 388 9
1 390 8
1 391 1
1 393 5
1 399 5
1 400 7
1 404 2
1 405 8
1 410 3
1 411 1
1 414 7
1 417 1
1 419 6
1 420 4
1 421 6
1 425 4
1 426 8
1 429 4
1 431 6
1 432 3
1 433 3
1 434 1
1 435 2
1 439 2
1 440 5
1 441 6
1 444 3
1 445 6
1 447 4
1 448 3
1 449 5
2 3 2
2 7 5
2 10 2
2 14 5
2 16 10
2 18 3
2 21 9
2 31 6
2 32 1
2 35 1
2 36 8
2 38 8
2 39 2
2 45 1
2 47 5
2 50 10
2 51 1
2 53 9
2 60 8
2 62 10
2 64 8
2 70 2
2 71 5
2 72 7
2 76 4
2 77 10
2 80 8
2 81 5
2 82 4
2 84 9
2 85 3
2 86 9
2 88 4
2 89 9
2 93 9
2 95 5
2 96 6
2 97 8
2 98 10
2 99 1
2 101 7
2 102 3
2 103 8
2 106 10
2 110 4
2 111 10
2 112 2
2 113 1
2 115 5
2 119 2
2 121 5
2 122 9
2 124 5
2 126 3
2 127 5
2 129 6
2 130 6
2 132 7
2 134 8
2 135 2
2 136 3
2 137 10
2 139 7
2 140 7
2 142 6
2 143 5
2 144 7
2 145 7
2 149 2
2 152 10
2 155 3
2 159 10
2 161 5
2 162 6
2 163 7
2 165 6
2 167 6
2 168 6
2 170 9
2 171 5
2 174 9
2 177 3
2 179 6
2 185 9
2 186 6
2 187 5
2 188 9
2 189 3
2 190 8
2 191 2
2 192 7
2 194 10
2 195 10
2 197 2
2 199 6
2 200 1
2 206 4
2 207 3
2 208 6
2 215 7
2 217 10
2 219 5
2 220 5
2 222 3
2 231 3
2 234 8
2 235 5
2 237 6
2 238 5
2 239 8
2 242 5
2 243 10
2 245 1
2 247 9
2 248 3
2 249 4
2 250 9
2 254 7
2 255 1
2 256 3
2 259 8
2 261 7
2 262 10
2 263 8
2 265 7
2 266 9
2 267 4
2 269 5
2 271 7
2 272 10
2 274 5
2 275 10
2 276 7
2 277 5
2 278 3
2 279 1
2 280 7
2 282 4
2 283 4
2 288 7
2 290 1
2 291 9
2 297 9
2 298 10
2 299 8
2 300 2
2 305 9
2 307 2
2 310 4
2 311 9
2 312 9
2 313 6
2 314 5
2 316 7
2 319 7
2 323 9
2 324 5
2 325 3
2 329 7
2 331 7
2 334 6
2 341 3
2 342 7
2 343 8
2 344 3
2 345 10
2 346 7
2 348 8
2 349 10
2 350 4
2 352 8
2 357 5
2 361 3
2 364 2
2 365 10
2 366 1
2 367 8
2 368 8
2 370 9
2 373 8
2 374 1
2 375 5
2 376 3
2 378 7
2 379 5
2 380 2
2 381 1
2 382 9
2 386 6
2 387 3
2 389 1
2 394 2
2 396 7
2 397 5
2 400 10
2 403 10
2 404 5
2 413 8
2 414 8
2 415 6
2 416 2
2 417 10
2 419 1
2 420 3
2 421 10
2 422 8
2 424 2
2 428 8
2 429 1
2 431 7
2 432 10
2 433 2
2 437 8
2 438 1
2 439 10
2 441 2
2 442 10
2 443 7
2 445 7
2 447 6
2 449 9
3 5 4
3 8 7
3 9 8
3 10 7
3 15 3
3 16 5
3 20 2
3 23 10
3 25 1
3 27 8
3 28 5
3 30 7
3 31 8
3 32 6
3 33 5
3 34 10
3 36 5
3 38 9
3 39 9
3 44 2
3 45 7
3 48 8
3 50 6
3 51 9
3 52 2
3 53 5
3 58 9
3 59 2
3 60 10
3 61 8
3 62 8
3 64 1
3 65 3
3 68 10
3 70 1
3 71 10
3 72 9
3 74 9
3 75 3
3 77 10
3 79 1
3 84 7
3 85 10
3 88 6
3 89 6
3 91 4
3 96 4
3 97 4
3 100 9
3 102 4
3 106 4
3 108 1
3 109 2
3 110 9
3 111 5
3 112 6
3 117 10
3 119 4
3 120 7
3 123 10
3 124 10
3 125 3
3 129 3
3 131 10
3 132 6
3 137 2
3 141 1
3 142 2
3 144 2
3 146 2
3 148 5
3 149 5
3 151 2
3 153 7
3 156 6
3 158 8
3 162 9
3 165 10
3 166 9
3 168 7
3 169 5
3 174 2
3 178 2
3 180 1
3 181 6
3 183 4
3 184 1
3 186 5
3 187 3
3 188 8
3 190 2
3 192 5
3 193 7
3 195 10
3 197 9
3 198 7
3 201 3
3 202 5
3 203 10
3 212 9
3 213 6
3 214 10
3 216 4
3 218 9
3 222 1
3 223 4
3 229 9
3 232 1
3 234 6
3 238 8
3 240 3
3 242 3
3 243 5
3 244 8
3 245 8
3 246 6
3 248 6
3 252 6
3 255 2
3 256 8
3 259 1
3 261 4
3 268 4
3 269 4
3 274 6
3 276 3
3 278 1
3 280 3
3 283 9
3 284 4
3 285 5
3 286 9
3 287 3
3 288 7
3 290 7
3 295 8
3 296 2
3 298 1
3 299 8
3 300 9
3 301 1
3 302 10
3 303 10
3 304 9
3 306 1
3 308 7
3 309 10
3 311 10
3 313 5
3 315 8
3 316 5
3 317 2
3 321 7
3 322 6
3 323 4
3 324 5
3 327 8
3 330 9
3 334 7
3 335 9
3 337 10
3 339 5
3 342 10
3 345 1
3 347 9
3 349 2
3 352 4
3 355 8
3 356 8
3 357 7
3 358 5
3 359 8
3 362 5
3 364 5
3 367 7
3 368 2
3 372 3
3 374 6
3 381 4
3 382 2
3 389 7
3 393 7
3 395 5
3 397 8
3 398 8
3 399 7
3 400 9
3 402 9
3 407 8
3 408 8
3 409 7
3 410 7
3 413 3
3 414 3
3 416 7
3 417 3
3 423 9
3 424 10
3 426 1
3 428 1
3 429 1
3 430 6
3 432 5
3 433 5
3 436 5
3 437 1
3 439 3
3 444 2
3 445 10
3 447 10
3 448 6
3 449 3
4 5 8
4 6 2
4 10 1
4 13 10
4 17 1
4 18 2
4 20 3
4 22 8
4 25 7
4 28 2
4 29 2
4 31 7
4 34 1
4 40 9
4 42 10
4 45 7
4 46 6
4 51 1
4 53 10
4 55 3
4 58 10
4 61 4
4 62 7
4 63 10
4 64 7
4 65 9
4 66 2
4 67 10
4 72 5
4 77 7
4 79 10
4 80 3
4 81 1
4 82 8
4 83 7
4 84 4
4 87 2
4 89 3
4 92 1
4 93 6
4 94 3
4 95 8
4 99 9
4 100 4
4 102 2
4 104 6
4 105 3
4 106 7
4 109 2
4 111 8
4 114 9
4 115 8
4 118 5
4 119 7
4 121 1
4 123 3
4 127 9
4 128 3
4 130 10
4 131 7
4 133 1
4 136 7
4 138 6
4 139 9
4 140 5
4 143 6
4 147 5
4 148 6
4 149 4
4 152 6
4 154 9
4 155 6
4 160 2
4 162 9
4 165 1
4 170 4
4 171 10
4 175 4
4 176 8
4 177 7
4 178 4
4 183 3
4 184 8
4 185 6
4 188 5
4 190 4
4 193 8
4 194 9
4 195 3
4 196 5
4 199 8
4 201 2
4 202 5
4 203 2
4 205 8
4 207 10
4 210 3
4 213 8
4 214 9
4 215 4
4 217 8
4 218 8
4 219 9
4 224 9
4 225 2
4 230 6
4 231 2
4 232 10
4 233 1
4 235 9
4 237 8
4 244 8
4 245 3
4 246 1
4 250 8
4 252 10
4 253 10
4 257 5
4 261 10
4 263 1
4 265 10
4 268 10
4 270 3
4 271 10
4 273 8
4 277 6
4 279 1
4 280 6
4 282 4
4 283 9
4 285 1
4 288 2
4 289 6
4 291 9
4 292 3
4 293 3
4 296 8
4 297 8
4 298 5
4 299 1
4 301 8
4 304 4
4 308 3
4 309 2
4 311 4
4 313 6
4 317 6
4 318 3
4 323 9
4 325 5
4 327 5
4 329 3
4 333 9
4 334 3
4 335 5
4 337 10
4 339 3
4 341 6
4 346 4
4 347 5
4 348 6
4 349 9
4 352 9
4 353 2
4 354 1
4 355 9
4 358 7
4 364 3
4 365 10
4 367 2
4 368 7
4 369 4
4 370 8
4 371 1
4 375 2
4 377 3
4 378 10
4 381 4
4 382 5
4 383 6
4 387 8
4 389 1
4 394 10
4 395 4
4 396 8
4 397 9
4 399 10
4 401 4
4 403 6
4 408 1
4 409 1
4 411 7
4 414 9
4 416 9
4 417 1
4 419 5
4 420 9
4 422 3
4 425 5
4 429 7
4 430 3
4 434 10
4 435 2
4 436 5
4 437 8
4 438 9
4 439 10
4 440 1
4 441 9
4 442 2
4 444 7
4 445 8
4 446 7
4 447 8
4 449 1
5 6 8
5 7 5
5 8 9
5 9 1
5 14 4
5 15 5
5 16 3
5 17 7
5 18 10
5 19 8
5 20 1
5 21 6
5 22 5
5 23 4
5 24 2
5 25 2
5 28 9
5 29 2
5 30 7
5 32 3
5 35 3
5 36 8
5 40 1
5 41 8
5 43 4
5 44 3
5 47 5
5 49 5
5 51 8
5 52 3
5 54 10
5 55 6
5 62 2
5 64 3
5 65 1
5 69 2
5 70 2
5 72 2
5 76 2
5 78 3
5 79 2
5 85 7
5 89 9
5 92 6
5 94 9
5 97 5
5 100 10
5 101 6
5 102 7
5 107 1
5 108 7
5 112 10
5 113 1
5 114 3
5 115 7
5 117 6
5 119 4
5 120 5
5 121 7
5 122 7
5 123 4
5 124 6
5 125 9
5 127 7
5 128 3
5 130 4
5 134 10
5 136 7
5 137 8
5 138 8
5 141 9
5 142 9
5 143 9
5 145 6
5 146 2
5 148 5
5 150 8
5 152 10
5 155 6
5 156 2
5 158 7
5 159 10
5 160 6
5 161 5
5 168 7
5 173 10
5 175 1
5 176 2
5 177 7
5 178 10
5 179 8
5 182 5
5 183 3
5 184 9
5 185 2
5 191 4
5 192 4
5 193 9
5 194 8
5 195 6
5 196 8
5 197 2
5 198 8
5 202 9
5 204 6
5 206 6
5 207 4
5 208 6
5 210 4
5 211 8
5 213 10
5 214 10
5 218 9
5 219 5
5 222 4
5 224 7
5 228 2
5 231 6
5 233 1
5 234 1
5 236 4
5 239 8
5 242 3
5 245 8
5 246 6
5 247 6
5 248 7
5 249 3
5 250 5
5 251 10
5 253 6
5 255 10
5 256 2
5 260 10
5 266 7
5 268 5
5 273 4
5 275 9
5 276 7
5 277 10
5 280 6
5 282 2
5 284 2
5 286 3
5 287 6
5 291 10
5 293 2
5 294 6
5 296 4
5 297 4
5 298 5
5 299 6
5 301 4
5 304 1
5 305 10
5 307 9
5 308 5
5 310 7
5 311 1
5 313 5
5 314 3
5 316 2
5 318 7
5 320 5
5 322 6
5 324 7
5 325 7
5 327 9
5 328 5
5 329 2
5 331 8
5 334 3
5 335 7
5 336 8
5 337 7
5 339 5
5 343 2
5 344 9
5 345 4
5 346 3
5 348 10
5 349 7
5 351 9
5 354 4
5 356 6
5 358 1
5 360 10
5 363 10
5 364 3
5 367 3
5 368 3
5 371 4
5 373 10
5 374 3
5 375 9
5 376 2
5 384 9
5 388 5
5 389 1
5 392 3
5 393 5
5 394 5
5 400 8
5 403 9
5 408 1
5 409 9
5 410 3
5 411 6
5 412 2
5 417 3
5 419 6
5 422 1
5 423 8
5 425 5
5 428 4
5 432 5
5 436 1
5 437 4
5 438 5
5 439 2
5 441 2
5 444 3
5 447 8
6 9 3
6 10 1
6 12 9
6 15 10
6 17 5
6 18 9
6 21 7
6 22 4
6 23 4
6 24 4
6 26 8
6 27 7
6 28 6
6 31 9
6 33 8
6 35 1
6 36 9
6 37 2
6 38 8
6 44 2
6 45 6
6 46 4
6 48 10
6 49 4
6 50 9
6 53 5
6 57 2
6 58 6
6 59 8
6 61 2
6 63 6
6 64 6
6 66 7
6 68 7
6 70 4
6 72 8
6 75 4
6 76 10
6 77 6
6 78 10
6 79 4
6 83 6
6 87 8
6 89 8
6 90 2
6 91 9
6 94 6
6 99 2
6 101 3
6 102 2
6 103 5
6 105 7
6 107 8
6 109 3
6 110 7
6 111 6
6 115 8
6 116 4
6 117 6
6 118 9
6 121 3
6 122 8
6 123 3
6 124 7
6 127 3
6 128 10
6 129 6
6 130 2
6 131 9
6 135 1
6 137 4
6 138 5
6 139 5
6 140 4
6 143 10
6 145 1
6 146 2
6 147 5
6 149 4
6 150 2
6 152 10
6 153 9
6 156 1
6 158 6
6 162 3
6 164 9
6 165 5
6 167 10
6 168 6
6 171 4
6 172 10
6 173 4
6 174 10
6 177 6
6 178 7
6 180 2
6 181 2
6 182 8
6 183 9
6 185 6
6 187 8
6 188 10
6 189 6
6 191 5
6 192 9
6 193 7
6 194 9
6 202 3
6 204 4
6 207 6
6 208 6
6 209 10
6 210 8
6 213 4
6 219 2
6 221 10
6 224 4
6 226 5
6 229 2
6 232 10
6 237 3
6 242 2
6 245 1
6 246 1
6 247 2
6 248 3
6 249 8
6 250 3
6 252 7
6 254 3
6 255 1
6 259 4
6 260 4
6 267 6
6 269 1
6 270 6
6 271 9
6 272 3
6 273 3
6 278 4
6 283 1
6 285 2
6 286 1
6 288 2
6 292 5
6 295 5
6 299 4
6 302 7
6 304 1
6 306 10
6 308 10
6 312 6
6 313 7
6 314 2
6 315 5
6 316 5
6 317 7
6 318 1
6 319 3
6 323 6
6 324 3
6 326 7
6 327 9
6 331 10
6 332 5
6 334 10
6 335 6
6 337 1
6 338 4
6 339 6
6 343 5
6 346 6
6 347 7
6 349 7
6 351 5
6 352 7
6 353 8
6 354 2
6 358 1
6 359 2
6 360 3
6 361 4
6 364 7
6 365 10
6 366 8
6 367 3
6 370 3
6 371 9
6 372 6
6 373 9
6 374 6
6 376 7
6 377 3
6 378 2
6 380 7
6 382 3
6 384 3
6 385 8
6 386 8
6 387 8
6 388 9
6 389 8
6 390 5
6 393 8
6 394 2
6 401 7
6 404 9
6 406 9
6 407 5
6 415 10
6 417 3
6 421 4
6 422 3
6 424 5
6 428 9
6 431 5
6 432 6
6 433 9
6 434 8
6 435 10
6 436 1
6 441 6
6 442 6
6 443 2
6 449 9
7 8 1
7 10 3
7 11 3
7 12 6
7 13 9
7 15 1
7 16 8
7 17 9
7 20 10
7 22 1
7 23 10
7 27 2
7 29 5
7 30 7
7 31 5
7 33 2
7 35 8
7 37 2
7 39 7
7 40 5
7 42 8
7 43 2
7 50 3
7 51 8
7 53 4
7 56 2
7 57 7
7 60 8
7 61 4
7 64 6
7 68 10
7 69 3
7 70 1
7 72 3
7 75 2
7 76 8
7 80 9
7 81 5
7 82 4
7 88 10
7 89 3
7 90 5
7 93 4
7 97 6
7 98 8
7 100 6
7 103 3
7 104 7
7 105 10
7 106 8
7 107 9
7 110 4
7 111 5
7 115 1
7 118 7
7 119 3
7 120 5
7 124 8
7 127 5
7 128 6
7 139 10
7 140 7
7 141 6
7 142 5
7 145 3
7 147 9
7 156 2
7 157 8
7 158 2
7 159 10
7 162 3
7 164 3
7 165 6
7 166 1
7 168 4
7 170 6
7 171 7
7 172 2
7 174 6
7 178 1
7 182 1
7 183 9
7 184 6
7 186 9
7 187 8
7 188 9
7 191 7
7 192 10
7 195 7
7 197 8
7 199 10
7 200 3
7 202 3
7 204 4
7 206 10
7 209 7
7 211 7
7 212 7
7 213 9
7 214 6
7 215 10
7 216 3
7 218 7
7 221 6
7 223 2
7 224 1
7 225 1
7 227 10
7 229 9
7 230 8
7 233 9
7 236 5
7 238 1
7 239 5
7 242 2
7 243 7
7 245 5
7 248 7
7 249 9
7 251 7
7 253 9
7 255 3
7 259 10
7 261 10
7 262 4
7 264 1
7 265 5
7 268 7
7 271 3
7 273 1
7 275 5
7 277 1
7 278 3
7 279 6
7 280 6
7 281 1
7 282 8
7 284 4
7 286 3
7 287 3
7 288 10
7 289 6
7 291 5
7 292 4
7 297 1
7 298 6
7 301 6
7 302 7
7 303 9
7 305 9
7 306 4
7 307 9
7 308 8
7 309 10
7 310 2
7 312 7
7 314 5
7 316 10
7 319 8
7 320 10
7 321 8
7 324 1
7 326 2
7 327 5
7 329 6
7 330 8
7 335 1
7 337 1
7 339 5
7 340 10
7 344 6
7 345 4
7 346 10
7 347 2
7 351 5
7 353 1
7 354 6
7 355 6
7 356 5
7 357 2
7 365 6
7 368 9
7 370 9
7 371 8
7 373 8
7 377 1
7 379 7
7 383 5
7 384 8
7 385 3
7 387 5
7 388 6
7 390 5
7 391 5
7 392 9
7 394 8
7 396 2
7 397 8
7 398 10
7 400 7
7 401 8
7 403 1
7 404 2
7 407 4
7 409 2
7 412 4
7 413 10
7 414 1
7 415 2
7 418 6
7 421 5
7 423 9
7 424 4
7 427 7
7 430 9
7 431 2
7 432 1
7 435 6
7 437 7
7 439 5
7 440 6
7 443 6
7 444 3
7 449 7
8 11 5
8 12 10
8 14 9
8 17 3
8 20 3
8 23 2
8 24 5
8 28 6
8 32 2
8 35 7
8 36 8
8 37 9
8 40 1
8 46 9
8 48 10
8 49 4
8 56 8
8 57 9
8 58 8
8 59 1
8 62 4
8 65 6
8 69 5
8 70 8
8 72 9
8 74 4
8 75 7
8 76 7
8 79 5
8 81 10
8 83 6
8 89 8
8 92 2
8 95 9
8 98 5
8 100 1
8 101 9
8 114 7
8 115 3
8 117 1
8 118 2
8 120 3
8 121 10
8 123 1
8 125 10
8 126 10
8 128 5
8 129 8
8 130 3
8 131 6
8 135 9
8 137 9
8 139 5
8 140 5
8 141 4
8 142 3
8 144 9
8 146 6
8 147 6
8 148 10
8 149 7
8 150 2
8 151 2
8 157 7
8 159 2
8 165 2
8 168 8
8 170 2
8 173 1
8 175 6
8 176 5
8 178 10
8 181 6
8 184 1
8 185 2
8 189 4
8 190 1
8 198 10
8 199 10
8 200 6
8 201 8
8 202 10
8 206 1
8 207 2
8 208 5
8 210 5
8 211 2
8 219 6
8 221 2
8 223 6
8 224 10
8 226 7
8 227 1
8 229 5
8 231 3
8 232 4
8 236 4
8 241 8
8 245 10
8 246 5
8 250 6
8 253 3
8 254 7
8 257 4
8 258 7
8 260 7
8 261 10
8 267 7
8 269 4
8 270 1
8 271 6
8 273 8
8 274 8
8 275 3
8 277 7
8 280 2
8 281 3
8 283 6
8 286 5
8 287 4
8 288 9
8 289 5
8 290 7
8 291 7
8 293 7
8 295 8
8 298 8
8 299 2
8 300 2
8 302 8
8 306 5
8 308 7
8 310 4
8 311 8
8 312 8
8 314 6
8 316 10
8 322 2
8 324 1
8 325 4
8 328 9
8 329 1
8 331 6
8 337 6
8 339 8
8 340 4
8 345 1
8 346 8
8 347 8
8 348 5
8 349 8
8 350 2
8 351 6
8 352 3
8 354 9
8 355 2
8 356 10
8 357 5
8 359 7
8 364 1
8 366 10
8 368 9
8 372 10
8 375 8
8 377 10
8 378 8
8 381 2
8 382 6
8 383 4
8 385 9
8 386 3
8 387 7
8 389 8
8 390 2
8 393 8
8 394 1
8 395 5
8 396 1
8 398 10
8 399 5
8 401 8
8 403 7
8 405 8
8 406 5
8 407 10
8 411 1
8 414 6
8 415 7
8 416 7
8 419 3
8 424 3
8 426 4
8 428 4
8 429 9
8 431 4
8 432 1
8 433 5
8 434 6
8 437 6
8 438 6
8 439 3
8 440 1
8 442 1
8 445 2
8 446 3
8 447 6
9 14 7
9 15 3
9 17 5
9 20 4
9 25 8
9 26 6
9 27 1
9 28 4
9 30 10
9 32 4
9 33 7
9 37 3
9 38 2
9 41 1
9 42 8
9 43 7
9 45 1
9 47 6
9 48 9
9 49 8
9 52 6
9 54 6
9 55 7
9 57 10
9 58 9
9 59 9
9 65 9
9 67 7
9 68 9
9 69 2
9 70 10
9 74 6
9 76 4
9 77 1
9 78 8
9 80 3
9 81 8
9 82 1
9 83 10
9 84 1
9 85 6
9 94 2
9 95 8
9 98 3
9 99 5
9 102 8
9 103 8
9 104 6
9 105 10
9 106 9
9 107 7
9 110 8
9 111 10
9 115 4
9 116 9
9 117 9
9 120 7
9 122 6
9 124 3
9 127 2
9 128 3
9 129 3
9 130 3
9 131 10
9 144 9
9 145 6
9 147 9
9 148 2
9 149 10
9 153 2
9 154 4
9 157 5
9 159 4
9 160 1
9 163 10
9 165 10
9 166 9
9 168 2
9 172 4
9 173 3
9 176 6
9 177 3
9 178 2
9 180 1
9 181 5
9 188 8
9 189 7
9 191 1
9 195 2
9 198 2
9 199 6
9 201 7
9 203 3
9 206 7
9 208 10
9 211 8
9 213 4
9 214 7
9 216 3
9 218 10
9 220 2
9 221 10
9 223 9
9 224 9
9 225 5
9 227 2
9 229 1
9 230 6
9 231 7
9 233 10
9 234 2
9 235 5
9 236 5
9 237 6
9 238 6
9 239 7
9 241 5
9 243 5
9 244 3
9 250 10
9 253 8
9 255 9
9 257 3
9 259 4
9 260 1
9 261 10
9 264 3
9 265 4
9 266 4
9 269 1
9 272 8
9 274 5
9 276 10
9 279 4
9 280 6
9 282 9
9 283 5
9 285 1
9 289 9
9 290 10
9 291 7
9 292 4
9 293 9
9 294 1
9 296 5
9 297 4
9 299 5
9 302 1
9 303 1
9 304 5
9 309 4
9 310 7
9 311 10
9 312 7
9 315 1
9 316 2
9 318 9
9 319 7
9 320 6
9 323 9
9 324 9
9 325 5
9 327 6
9 329 9
9 332 7
9 333 10
9 336 2
9 337 9
9 340 6
9 347 2
9 348 10
9 351 1
9 352 6
9 353 7
9 354 1
9 355 2
9 358 4
9 359 4
9 360 8
9 363 9
9 364 8
9 365 7
9 366 4
9 367 8
9 368 7
9 369 4
9 370 5
9 372 2
9 373 5
9 375 2
9 376 5
9 377 1
9 378 10
9 379 8
9 384 1
9 387 6
9 389 10
9 390 5
9 393 9
9 395 8
9 396 3
9 397 4
9 399 4
9 400 3
9 401 9
9 404 9
9 405 9
9 406 7
9 407 6
9 408 5
9 411 9
9 413 3
9 416 7
9 418 7
9 419 7
9 420 4
9 424 2
9 426 5
9 428 10
9 430 2
9 431 6
9 435 1
9 437 9
9 438 7
9 440 7
9 443 8
9 445 2
9 448 9
9 449 10
10 12 1
10 13 9
10 14 6
10 15 9
10 17 4
10 18 3
10 20 10
10 22 10
10 23 8
10 24 6
10 25 9
10 30 8
10 34 6
10 35 10
10 40 4
10 41 10
10 43 8
10 44 7
10 46 3
10 47 3
10 48 5
10 50 8
10 51 6
10 52 2
10 54 3
10 58 2
10 59 6
10 60 1
10 61 4
10 62 5
10 63 2
10 65 6
10 66 7
10 67 4
10 70 3
10 74 4
10 76 6
10 79 10
10 81 5
10 83 10
10 85 6
10 87 9
10 88 7
10 89 1
10 95 8
10 96 7
10 98 3
10 100 9
10 101 1
10 103 6
10 105 8
10 108 9
10 109 7
10 112 5
10 113 9
10 114 9
10 115 9
10 118 8
10 121 8
10 123 2
10 125 4
10 127 9
10 128 2
10 130 9
10 131 9
10 134 2
10 135 6
10 136 10
10 137 3
10 138 7
10 140 8
10 141 10
10 142 3
10 144 7
10 145 2
10 147 10
10 151 8
10 154 1
10 156 3
10 157 1
10 163 5
10 164 7
10 165 5
10 167 5
10 170 5
10 174 10
10 175 4
10 176 2
10 177 6
10 178 10
10 180 9
10 182 7
10 183 6
10 188 10
10 194 3
10 197 7
10 198 1
10 200 10
10 202 9
10 205 10
10 208 6
10 210 7
10 211 6
10 212 1
10 214 4
10 216 4
10 217 2
10 219 3
10 220 8
10 223 3
10 224 3
10 225 4
10 226 9
10 227 7
10 229 5
10 230 9
10 231 3
10 234 3
10 235 6
10 237 1
10 239 6
10 242 10
10 243 4
10 245 3
10 247 8
10 249 8
10 250 7
10 251 2
10 253 6
10 254 5
10 258 1
10 259 5
10 260 1
10 262 2
10 263 4
10 266 4
10 267 3
10 272 9
10 274 8
10 275 7
10 276 6
10 277 6
10 279 2
10 281 2
10 282 7
10 284 6
10 286 5
10 289 1
10 290 5
10 291 10
10 294 10
10 296 5
10 297 2
10 298 2
10 302 1
10 305 6
10 306 10
10 308 6
10 309 5
10 312 4
10 314 8
10 316 5
10 317 9
10 319 10
10 320 2
10 321 7
10 322 6
10 323 2
10 325 7
10 333 6
10 335 6
10 336 6
10 339 2
10 340 9
10 344 2
10 345 2
10 346 7
10 349 10
10 351 9
10 352 1
10 356 2
10 359 7
10 362 1
10 365 6
10 368 2
10 369 6
10 374 6
10 375 1
10 376 9
10 380 1
10 382 1
10 383 9
10 386 6
10 388 10
10 389 2
10 391 2
10 393 10
10 397 5
10 399 4
10 400 6
10 401 7
10 402 9
10 404 10
10 405 7
10 406 2
10 410 8
10 414 6
10 415 3
10 416 4
10 417 8
10 418 6
10 419 6
10 421 7
10 422 6
10 430 3
10 432 1
10 435 2
10 440 1
10 441 1
10 442 7
10 443 2
10 445 3
10 446 3
10 448 1
11 12 10
11 14 4
11 16 2
11 20 1
11 21 7
11 22 8
11 23 9
11 26 1
11 27 9
11 28 4
11 33 3
11 34 4
11 35 9
11 36 8
11 38 10
11 42 5
11 43 1
11 48 9
11 50 8
11 52 9
11 53 5
11 55 5
11 57 9
11 58 3
11 59 4
11 61 5
11 62 10
11 65 1
11 67 3
11 69 3
11 70 5
11 71 5
11 73 1
11 78 1
11 79 3
11 81 8
11 85 3
11 87 5
11 88 5
11 89 6
11 95 5
11 96 2
11 99 1
11 100 4
11 101 8
11 102 6
11 103 3
11 104 5
11 106 1
11 107 5
11 109 6
11 114 8
11 118 8
11 122 6
11 124 4
11 127 6
11 128 9
11 132 10
11 133 4
11 137 2
11 138 9
11 140 4
11 144 7
11 145 1
11 148 4
11 149 1
11 150 6
11 152 1
11 154 3
11 155 4
11 157 1
11 160 8
11 161 6
11 162 4
11 163 3
11 168 3
11 172 9
11 174 6
11 177 1
11 179 2
11 181 1
11 185 1
11 187 4
11 188 1
11 193 2
11 198 7
11 199 9
11 200 3
11 201 5
11 202 9
11 203 6
11 205 5
11 206 5
11 207 2
11 211 4
11 212 3
11 213 4
11 215 3
11 220 8
11 225 4
11 227 3
11 230 7
11 234 9
11 235 7
11 236 8
11 239 6
11 241 10
11 243 7
11 244 8
11 245 2
11 246 1
11 247 8
11 248 3
11 249 3
11 250 1
11 251 9
11 254 9
11 255 6
11 256 1
11 257 8
11 259 6
11 260 6
11 261 4
11 263 1
11 264 10
11 265 5
11 266 1
11 268 10
11 269 8
11 270 10
11 271 9
11 277 4
11 284 1
11 285 5
11 288 5
11 289 4
11 292 8
11 293 10
11 294 5
11 298 2
11 303 10
11 304 3
11 305 10
11 306 2
11 307 4
11 308 2
11 311 2
11 312 6
11 315 10
11 319 4
11 320 8
11 324 1
11 325 6
11 329 3
11 332 2
11 334 8
11 337 6
11 339 8
11 342 9
11 344 8
11 345 10
11 348 8
11 349 2
11 351 9
11 356 2
11 357 1
11 358 2
11 360 2
11 362 1
11 364 7
11 367 2
11 369 5
11 371 9
11 372 9
11 373 4
11 375 1
11 376 7
11 377 5
11 378 8
11 380 4
11 383 6
11 386 9
11 388 5
11 389 8
11 390 9
11 391 10
11 394 10
11 395 9
11 396 3
11 399 6
11 402 4
11 403 3
11 404 9
11 406 7
11 407 6
11 409 8
11 411 3
11 412 3
11 415 2
11 416 2
11 419 9
11 420 4
11 421 10
11 425 8
11 427 7
11 429 3
11 433 6
11 434 8
11 436 4
11 441 1
11 442 3
11 444 2
11 445 1
11 448 10
12 14 8
12 15 1
12 16 4
12 18 3
12 20 10
12 22 6
12 25 9
12 26 3
12 31 1
12 32 3
12 33 7
12 34 5
12 38 9
12 39 4
12 42 4
12 43 2
12 44 9
12 46 4
12 47 3
12 48 10
12 50 7
12 51 4
12 53 2
12 55 2
12 58 5
12 59 7
12 60 6
12 62 1
12 63 8
12 66 2
12 67 4
12 69 5
12 71 10
12 74 10
12 75 8
12 76 5
12 77 9
12 81 4
12 83 9
12 84 2
12 86 6
12 88 7
12 92 10
12 96 9
12 99 2
12 100 9
12 101 8
12 103 7
12 108 9
12 109 1
12 111 7
12 115 1
12 116 5
12 117 2
12 118 3
12 119 9
12 120 8
12 121 6
12 122 1
12 123 9
12 130 4
12 132 7
12 139 2
12 140 8
12 144 2
12 145 6
12 148 8
12 149 4
12 150 9
12 152 4
12 153 9
12 154 10
12 156 8
12 157 5
12 158 10
12 161 10
12 162 7
12 163 1
12 165 6
12 169 10
12 170 9
12 172 10
12 173 2
12 175 5
12 179 3
12 185 2
12 186 3
12 191 1
12 194 4
12 197 9
12 199 8
12 202 3
12 205 10
12 206 9
12 209 2
12 210 2
12 211 5
12 212 3
12 216 10
12 217 9
12 220 10
12 221 4
12 224 9
12 225 3
12 227 2
12 230 5
12 232 5
12 233 5
12 235 6
12 236 1
12 239 4
12 242 6
12 245 1
12 246 6
12 248 4
12 250 8
12 252 8
12 253 7
12 254 4
12 255 7
12 257 4
12 258 1
12 261 9
12 262 3
12 264 4
12 266 9
12 270 6
12 273 6
12 278 4
12 279 2
12 280 1
12 281 5
12 284 4
12 286 2
12 287 6
12 291 1
12 292 10
12 293 4
12 294 2
12 295 3
12 298 4
12 302 7
12 305 10
12 308 5
12 309 2
12 310 6
12 314 3
12 315 7
12 316 2
12 317 1
12 319 9
12 320 5
12 323 10
12 326 5
12 327 8
12 331 6
12 332 10
12 334 1
12 336 10
12 337 4
12 338 5
12 341 10
12 344 4
12 346 6
12 347 6
12 351 1
12 352 7
12 354 6
12 356 7
12 357 10
12 360 3
12 361 6
12 362 9
12 363 1
12 365 8
12 367 10
12 368 5
12 369 4
12 373 8
12 374 1
12 376 4
12 377 7
12 379 6
12 380 7
12 381 7
12 387 6
12 390 10
12 392 9
12 396 7
12 399 10
12 400 4
12 404 3
12 406 9
12 408 5
12 409 5
12 411 7
12 413 4
12 416 8
12 417 4
12 419 6
12 422 1
12 423 4
12 425 10
12 426 8
12 427 7
12 431 3
12 432 6
12 435 5
12 437 6
12 438 10
12 441 2
12 443 6
12 444 1
12 445 10
12 446 8
13 15 6
13 18 3
13 22 1
13 23 5
13 25 5
13 26 5
13 28 7
13 30 8
13 32 6
13 33 6
13 34 6
13 38 7
13 40 5
13 41 5
13 42 7
13 44 7
13 45 7
13 46 2
13 47 1
13 49 4
13 53 9
13 59 1
13 61 3
13 62 1
13 64 8
13 66 1
13 67 10
13 69 4
13 73 6
13 76 6
13 77 5
13 78 2
13 80 7
13 81 9
13 83 1
13 86 7
13 87 2
13 89 9
13 93 2
13 94 5
13 95 1
13 97 7
13 98 1
13 99 4
13 102 7
13 103 3
13 104 9
13 105 1
13 108 4
13 113 3
13 114 6
13 115 2
13 116 9
13 117 5
13 118 2
13 119 5
13 121 4
13 122 4
13 123 9
13 124 9
13 126 4
13 127 9
13 129 3
13 130 6
13 131 2
13 132 2
13 133 5
13 134 1
13 137 7
13 139 3
13 140 2
13 144 2
13 147 1
13 151 5
13 153 6
13 154 5
13 156 4
13 157 7
13 158 7
13 161 10
13 163 9
13 164 10
13 166 3
13 168 10
13 170 10
13 171 2
13 175 3
13 176 2
13 178 1
13 179 1
13 180 4
13 181 4
13 184 5
13 186 5
13 189 7
13 192 1
13 194 5
13 196 9
13 197 6
13 198 4
13 201 4
13 204 2
13 205 2
13 207 7
13 211 1
13 212 3
13 213 6
13 215 8
13 218 3
13 220 2
13 221 7
13 222 9
13 223 3
13 226 9
13 229 7
13 230 1
13 232 2
13 233 9
13 234 2
13 236 10
13 242 9
13 244 9
13 248 1
13 249 4
13 250 3
13 252 9
13 253 8
13 254 8
13 255 9
13 257 1
13 258 8
13 263 9
13 264 4
13 270 1
13 273 8
13 276 4
13 278 4
13 279 10
13 280 2
13 282 4
13 283 4
13 284 6
13 285 6
13 293 8
13 294 8
13 295 3
13 298 10
13 299 3
13 300 3
13 305 3
13 307 5
13 309 9
13 311 10
13 312 10
13 313 6
13 314 5
13 315 5
13 318 2
13 321 6
13 322 9
13 325 8
13 326 1
13 327 4
13 328 2
13 333 3
13 335 10
13 336 8
13 337 10
13 341 3
13 342 2
13 345 4
13 347 10
13 349 9
13 350 2
13 351 8
13 352 7
13 356 4
13 357 2
13 360 5
13 362 9
13 364 5
13 365 9
13 366 2
13 367 1
13 368 4
13 369 8
13 371 10
13 372 8
13 373 3
13 377 6
13 378 3
13 379 8
13 380 3
13 382 2
13 384 4
13 386 8
13 388 2
13 389 7
13 391 3
13 393 10
13 395 10
13 396 8
13 397 4
13 399 10
13 400 5
13 401 9
13 403 8
13 406 3
13 408 7
13 411 10
13 414 5
13 417 5
13 420 8
13 421 9
13 423 2
13 424 4
13 425 6
13 427 3
13 428 3
13 429 10
13 431 10
13 432 6
13 433 3
13 434 2
13 437 1
13 439 9
13 441 5
13 442 8
13 446 8
13 448 6
13 449 4
14 15 8
14 19 8
14 20 8
14 22 9
14 23 4
14 24 4
14 25 7
14 26 2
14 29 2
14 31 4
14 32 7
14 34 6
14 35 8
14 40 8
14 43 8
14 44 1
14 47 6
14 49 3
14 50 2
14 51 6
14 53 3
14 55 9
14 57 2
14 58 8
14 59 3
14 60 10
14 61 5
14 63 6
14 67 8
14 68 3
14 69 4
14 70 4
14 71 8
14 72 5
14 76 9
14 80 2
14 81 6
14 84 7
14 86 6
14 89 9
14 91 5
14 92 3
14 93 4
14 98 7
14 99 2
14 101 6
14 102 6
14 104 7
14 106 9
14 107 1
14 108 7
14 110 5
14 111 1
14 114 2
14 116 2
14 118 4
14 119 3
14 121 5
14 123 6
14 124 3
14 128 4
14 131 5
14 136 5
14 140 7
14 141 3
14 142 1
14 144 3
14 145 6
14 146 5
14 148 8
14 149 10
14 150 8
14 153 3
14 155 7
14 156 9
14 157 9
14 158 1
14 160 9
14 162 10
14 164 2
14 165 9
14 166 8
14 167 7
14 170 6
14 173 8
14 174 4
14 176 2
14 180 9
14 181 8
14 183 5
14 186 6
14 187 4
14 194 2
14 196 7
14 197 4
14 199 9
14 201 6
14 203 4
14 204 7
14 205 6
14 206 9
14 208 2
14 209 10
14 211 4
14 212 3
14 214 9
14 215 5
14 220 6
14 223 8
14 231 2
14 233 4
14 235 4
14 237 5
14 240 1
14 242 6
14 244 10
14 245 6
14 247 9
14 248 5
14 254 5
14 255 8
14 259 6
14 260 10
14 268 10
14 272 10
14 273 7
14 274 4
14 278 6
14 279 3
14 281 1
14 282 2
14 283 2
14 291 1
14 292 4
14 294 8
14 298 8
14 299 4
14 300 3
14 304 1
14 311 8
14 313 9
14 314 8
14 315 7
14 316 2
14 317 3
14 318 7
14 320 5
14 322 5
14 324 2
14 326 10
14 328 9
14 331 3
14 332 2
14 333 7
14 337 7
14 339 9
14 340 1
14 341 2
14 342 7
14 343 1
14 346 10
14 348 5
14 349 3
14 350 7
14 351 5
14 357 1
14 358 2
14 359 2
14 360 3
14 361 9
14 368 6
14 369 6
14 371 3
14 372 6
14 373 6
14 377 3
14 381 9
14 382 8
14 384 10
14 385 9
14 386 1
14 387 9
14 392 9
14 396 3
14 397 3
14 399 1
14 402 6
14 406 2
14 407 8
14 408 10
14 409 3
14 410 1
14 412 3
14 415 9
14 416 5
14 418 2
14 419 5
14 422 6
14 423 1
14 425 8
14 426 5
14 428 7
14 435 4
14 436 2
14 440 1
14 443 4
14 447 7
14 448 3
15 17 6
15 20 10
15 24 10
15 29 10
15 30 9
15 32 2
15 33 7
15 34 8
15 36 5
15 37 9
15 38 6
15 41 2
15 43 1
15 45 10
15 48 1
15 49 6
15 50 9
15 52 4
15 54 10
15 58 3
15 60 5
15 62 7
15 66 4
15 67 6
15 68 9
15 69 7
15 70 1
15 71 3
15 73 8
15 74 2
15 77 5
15 78 3
15 80 1
15 81 2
15 82 4
15 86 6
15 87 2
15 88 8
15 89 10
15 90 8
15 91 10
15 92 6
15 95 5
15 96 5
15 97 5
15 99 7
15 101 10
15 102 10
15 103 2
15 104 8
15 106 6
15 108 1
15 111 2
15 114 4
15 115 3
15 119 10
15 121 10
15 122 4
15 123 8
15 124 4
15 129 9
15 132 5
15 135 4
15 136 6
15 137 2
15 138 1
15 139 7
15 140 3
15 143 8
15 146 2
15 149 4
15 150 3
15 151 2
15 152 9
15 153 10
15 154 1
15 155 1
15 158 9
15 161 8
15 164 4
15 165 5
15 173 1
15 174 9
15 175 5
15 180 1
15 183 2
15 184 2
15 185 7
15 187 4
15 188 4
15 189 5
15 191 5
15 193 2
15 194 1
15 195 4
15 196 4
15 197 3
15 198 10
15 200 9
15 204 4
15 205 10
15 215 7
15 218 9
15 219 4
15 221 5
15 222 8
15 224 7
15 225 10
15 226 9
15 227 5
15 229 3
15 230 5
15 233 1
15 234 8
15 235 6
15 237 2
15 238 5
15 239 4
15 240 8
15 241 6
15 242 10
15 244 7
15 245 10
15 251 8
15 252 4
15 254 10
15 255 10
15 260 3
15 261 1
15 265 2
15 266 7
15 267 2
15 270 2
15 272 4
15 273 5
15 275 4
15 276 3
15 278 1
15 280 2
15 282 10
15 283 10
15 285 4
15 287 5
15 289 3
15 290 6
15 292 6
15 293 6
15 294 7
15 297 2
15 298 5
15 299 2
15 300 2
15 303 8
15 304 4
15 306 4
15 307 4
15 312 8
15 317 10
15 318 1
15 321 10
15 324 8
15 325 3
15 329 4
15 330 2
15 337 6
15 338 1
15 339 10
15 340 6
15 341 7
15 344 8
15 346 2
15 347 3
15 351 5
15 352 8
15 355 3
15 359 7
15 360 10
15 361 2
15 363 10
15 364 1
15 366 5
15 367 6
15 369 8
15 378 9
15 379 10
15 385 8
15 386 2
15 389 2
15 390 10
15 393 4
15 394 8
15 396 2
15 397 8
15 398 1
15 402 7
15 403 2
15 404 4
15 405 7
15 406 8
15 408 3
15 411 7
15 412 10
15 414 2
15 417 9
15 418 5
15 419 10
15 422 3
15 425 6
15 426 3
15 428 4
15 429 2
15 430 4
15 432 10
15 433 2
15 435 10
15 437 2
15 440 5
15 442 2
15 443 7
15 444 7
15 446 8
16 18 10
16 23 2
16 24 2
16 25 1
16 27 4
16 30 8
16 31 1
16 32 5
16 44 9
16 46 1
16 49 7
16 51 9
16 52 8
16 54 4
16 56 8
16 57 3
16 59 3
16 62 1
16 65 7
16 66 10
16 68 4
16 69 9
16 70 10
16 72 4
16 73 1
16 74 3
16 75 1
16 76 2
16 77 8
16 78 4
16 79 8
16 80 2
16 81 9
16 82 9
16 84 7
16 85 7
16 86 5
16 87 4
16 88 10
16 89 10
16 90 8
16 91 8
16 93 7
16 94 3
16 97 7
16 99 3
16 100 7
16 101 10
16 102 2
16 103 1
16 104 7
16 105 2
16 106 6
16 108 6
16 111 7
16 114 7
16 115 4
16 116 6
16 118 3
16 120 9
16 124 9
16 126 2
16 127 5
16 128 10
16 130 7
16 132 10
16 134 5
16 137 3
16 138 6
16 142 9
16 145 6
16 146 2
16 147 1
16 148 3
16 150 1
16 151 2
16 154 7
16 156 3
16 157 6
16 159 3
16 160 7
16 162 10
16 163 1
16 165 6
16 168 2
16 169 4
16 172 7
16 179 1
16 180 2
16 184 5
16 187 3
16 188 6
16 191 10
16 192 8
16 194 8
16 195 5
16 196 6
16 197 3
16 199 10
16 200 9
16 202 1
16 204 4
16 205 8
16 206 8
16 207 1
16 210 10
16 211 9
16 213 10
16 216 2
16 222 2
16 223 9
16 224 9
16 225 6
16 227 1
16 230 9
16 235 8
16 237 8
16 241 8
16 243 8
16 245 4
16 247 7
16 248 7
16 251 9
16 252 3
16 253 7
16 254 3
16 255 5
16 256 6
16 257 4
16 259 1
16 262 5
16 263 2
16 264 5
16 265 4
16 266 2
16 268 1
16 269 8
16 273 4
16 274 1
16 275 2
16 276 1
16 277 1
16 278 3
16 279 10
16 287 6
16 288 10
16 289 8
16 290 7
16 292 10
16 293 8
16 295 6
16 296 7
16 298 10
16 301 3
16 302 2
16 303 4
16 305 7
16 308 1
16 309 5
16 313 1
16 316 8
16 317 9
16 318 6
16 319 3
16 321 10
16 323 3
16 326 9
16 327 6
16 329 8
16 330 5
16 332 2
16 333 1
16 334 1
16 337 4
16 340 2
16 341 5
16 342 4
16 343 8
16 344 3
16 347 7
16 351 3
16 352 7
16 353 9
16 356 9
16 361 8
16 365 6
16 366 4
16 367 10
16 369 9
16 370 1
16 371 5
16 372 2
16 373 10
16 375 5
16 378 10
16 380 8
16 381 2
16 383 2
16 384 9
16 385 8
16 386 8
16 387 2
16 388 7
16 391 4
16 392 5
16 393 7
16 394 10
16 397 4
16 399 9
16 400 3
16 403 6
16 405 7
16 407 2
16 409 5
16 410 8
16 418 1
16 419 9
16 422 4
16 423 4
16 424 5
16 427 8
16 428 6
16 430 6
16 433 7
16 434 9
16 440 6
16 441 9
16 442 3
16 444 9
16 449 7
17 18 5
17 19 6
17 20 3
17 23 9
17 24 10
17 25 6
17 28 3
17 29 8
17 30 6
17 32 6
17 33 8
17 37 4
17 39 1
17 40 10
17 41 4
17 42 6
17 44 3
17 46 10
17 47 9
17 48 3
17 50 7
17 51 6
17 52 9
17 53 7
17 55 4
17 56 8
17 62 5
17 63 3
17 64 1
17 65 5
17 66 8
17 67 10
17 68 3
17 71 7
17 78 6
17 79 9
17 82 2
17 83 5
17 86 2
17 89 8
17 90 10
17 91 1
17 93 5
17 98 9
17 100 1
17 101 10
17 104 4
17 105 3
17 107 3
17 109 5
17 111 6
17 114 3
17 115 2
17 117 4
17 120 7
17 121 10
17 124 6
17 126 5
17 132 1
17 133 2
17 135 3
17 136 3
17 138 8
17 140 3
17 141 7
17 143 4
17 145 3
17 146 6
17 147 4
17 149 5
17 150 9
17 152 4
17 153 5
17 155 10
17 157 4
17 158 8
17 159 7
17 161 4
17 162 5
17 165 4
17 166 7
17 167 5
17 169 9
17 175 9
17 176 1
17 177 2
17 178 3
17 179 2
17 184 3
17 187 6
17 189 1
17 192 10
17 195 4
17 196 8
17 199 6
17 201 6
17 203 3
17 205 7
17 207 10
17 209 5
17 213 3
17 214 3
17 218 7
17 219 3
17 221 7
17 222 1
17 223 1
17 225 10
17 226 6
17 229 4
17 232 1
17 233 2
17 234 5
17 236 9
17 238 7
17 239 4
17 241 10
17 243 7
17 246 8
17 247 10
17 248 6
17 249 4
17 251 7
17 252 9
17 255 7
17 256 10
17 257 7
17 258 5
17 260 7
17 267 10
17 268 10
17 269 5
17 270 1
17 274 7
17 275 4
17 276 4
17 277 7
17 279 2
17 280 9
17 282 3
17 286 3
17 287 9
17 288 6
17 289 8
17 290 6
17 292 6
17 293 7
17 296 6
17 297 9
17 298 7
17 299 9
17 300 6
17 301 7
17 302 3
17 303 2
17 304 2
17 307 5
17 308 3
17 309 6
17 310 4
17 313 8
17 317 1
17 325 8
17 328 10
17 330 9
17 331 6
17 334 7
17 336 2
17 339 6
17 342 7
17 346 5
17 347 9
17 348 5
17 349 4
17 350 3
17 351 7
17 356 4
17 357 6
17 363 8
17 364 4
17 366 10
17 367 10
17 371 10
17 375 2
17 376 1
17 377 3
17 378 6
17 380 3
17 381 7
17 383 1
17 384 3
17 385 1
17 389 1
17 390 6
17 392 9
17 394 4
17 395 3
17 396 7
17 397 7
17 398 7
17 400 9
17 402 6
17 404 3
17 405 3
17 406 8
17 412 3
17 413 9
17 418 9
17 420 1
17 421 7
17 422 1
17 423 5
17 425 9
17 426 2
17 427 9
17 428 3
17 429 3
17 430 2
17 433 6
17 437 2
17 438 3
17 441 4
17 442 8
17 444 1
17 446 3
17 447 2
17 448 10
18 21 10
18 27 7
18 28 3
18 34 7
18 35 8
18 37 9
18 41 2
18 45 1
18 49 2
18 50 10
18 52 9
18 53 1
18 56 4
18 57 5
18 58 1
18 61 2
18 64 1
18 65 2
18 68 8
18 69 6
18 72 10
18 73 10
18 78 5
18 79 1
18 81 5
18 82 2
18 84 8
18 86 4
18 87 3
18 88 3
18 90 8
18 92 10
18 96 2
18 97 9
18 98 8
18 99 8
18 100 5
18 102 4
18 104 10
18 105 5
18 107 6
18 110 7
18 112 6
18 117 1
18 118 8
18 119 4
18 120 2
18 126 3
18 127 7
18 128 6
18 129 9
18 130 9
18 131 7
18 135 5
18 138 3
18 141 9
18 144 2
18 145 9
18 146 1
18 150 7
18 151 1
18 152 7
18 154 5
18 155 3
18 157 9
18 159 5
18 160 6
18 167 1
18 168 3
18 169 7
18 174 3
18 176 8
18 180 5
18 181 1
18 182 3
18 184 9
18 185 1
18 188 9
18 189 5
18 191 6
18 195 6
18 196 2
18 197 10
18 199 8
18 200 3
18 203 3
18 210 7
18 213 3
18 218 1
18 219 9
18 220 10
18 221 9
18 225 4
18 226 6
18 230 5
18 231 10
18 235 4
18 236 4
18 241 1
18 242 9
18 244 8
18 245 8
18 248 4
18 249 4
18 251 4
18 256 4
18 258 7
18 261 3
18 263 8
18 265 10
18 267 2
18 269 1
18 273 8
18 275 10
18 276 10
18 277 7
18 283 9
18 287 1
18 289 1
18 291 10
18 293 8
18 294 7
18 300 6
18 301 8
18 302 7
18 304 9
18 305 7
18 306 10
18 309 4
18 314 7
18 316 3
18 319 1
18 321 1
18 322 8
18 328 1
18 329 8
18 330 7
18 331 3
18 335 9
18 342 2
18 344 4
18 345 5
18 346 6
18 347 8
18 350 4
18 353 8
18 356 8
18 357 4
18 359 9
18 361 9
18 362 3
18 365 3
18 367 9
18 371 1
18 376 1
18 380 3
18 382 2
18 385 1
18 386 9
18 387 8
18 388 1
18 391 4
18 394 3
18 396 6
18 398 1
18 399 1
18 404 2
18 409 9
18 411 6
18 412 10
18 414 2
18 415 1
18 416 3
18 420 6
18 421 7
18 422 8
18 424 5
18 425 8
18 426 7
18 428 7
18 429 5
18 430 7
18 431 1
18 434 2
18 438 8
18 439 7
18 443 3
18 444 9
18 446 4
18 447 4
18 449 8
19 20 1
19 21 2
19 23 7
19 25 1
19 26 10
19 27 5
19 29 8
19 30 10
19 31 2
19 33 1
19 34 7
19 36 3
19 38 9
19 40 7
19 47 5
19 49 2
19 50 8
19 56 3
19 57 2
19 58 1
19 60 5
19 61 7
19 62 3
19 64 5
19 68 6
19 71 5
19 75 8
19 76 5
19 80 5
19 83 8
19 84 8
19 85 6
19 86 1
19 89 9
19 90 2
19 93 5
19 96 7
19 99 1
19 104 2
19 111 2
19 123 6
19 124 5
19 128 7
19 129 10
19 130 9
19 131 10
19 133 3
19 136 3
19 137 4
19 138 10
19 139 1
19 142 2
19 143 10
19 147 8
19 148 7
19 150 10
19 151 3
19 153 4
19 154 10
19 155 3
19 157 5
19 158 2
19 159 1
19 160 4
19 161 1
19 163 2
19 164 3
19 165 6
19 166 10
19 168 1
19 169 4
19 170 9
19 171 6
19 172 7
19 174 1
19 175 9
19 177 4
19 178 8
19 179 4
19 180 4
19 182 5
19 183 2
19 184 3
19 185 6
19 188 2
19 189 6
19 190 5
19 192 9
19 193 5
19 197 1
19 203 6
19 204 10
19 205 6
19 206 7
19 207 6
19 210 6
19 212 8
19 215 1
19 216 3
19 217 5
19 219 4
19 220 10
19 222 8
19 226 9
19 228 2
19 233 7
19 237 1
19 238 4
19 239 7
19 242 7
19 244 9
19 245 6
19 246 10
19 247 6
19 249 10
19 250 5
19 251 6
19 254 8
19 255 4
19 256 8
19 257 8
19 258 5
19 259 4
19 260 7
19 261 10
19 262 1
19 264 8
19 265 5
19 267 1
19 268 9
19 270 5
19 271 3
19 272 10
19 273 10
19 276 7
19 278 6
19 281 2
19 283 9
19 284 9
19 286 8
19 288 2
19 292 9
19 295 9
19 297 2
19 300 8
19 302 6
19 303 10
19 305 3
19 311 1
19 314 1
19 315 7
19 318 6
19 321 7
19 322 3
19 327 7
19 331 4
19 333 4
19 335 8
19 336 4
19 337 4
19 338 6
19 339 4
19 343 10
19 346 4
19 347 10
19 350 6
19 351 8
19 352 3
19 353 8
19 354 4
19 357 7
19 360 9
19 363 10
19 364 1
19 366 9
19 367 10
19 371 7
19 373 9
19 374 4
19 377 4
19 379 9
19 385 5
19 387 2
19 393 7
19 394 8
19 398 1
19 399 8
19 401 5
19 403 2
19 404 2
19 405 3
19 407 1
19 408 3
19 411 10
19 412 5
19 413 4
19 414 6
19 416 9
19 417 1
19 418 1
19 421 2
19 426 7
19 427 5
19 431 6
19 432 9
19 433 8
19 434 4
19 436 3
19 439 8
19 441 3
19 443 7
19 444 9
19 446 7
19 447 10
19 448 5
19 449 1
20 21 5
20 24 6
20 26 10
20 27 7
20 30 2
20 32 1
20 33 1
20 34 9
20 36 3
20 38 1
20 41 4
20 42 5
20 43 6
20 44 3
20 46 6
20 48 10
20 53 7
20 57 2
20 59 10
20 61 9
20 62 5
20 68 10
20 69 1
20 71 1
20 73 3
20 74 5
20 77 7
20 78 6
20 81 6
20 82 3
20 84 6
20 85 8
20 86 5
20 87 3
20 89 8
20 91 6
20 94 10
20 95 6
20 96 7
20 100 6
20 102 8
20 107 2
20 108 1
20 110 8
20 114 2
20 115 6
20 119 1
20 120 2
20 124 7
20 126 2
20 127 8
20 130 3
20 131 5
20 133 5
20 136 7
20 139 3
20 140 6
20 141 6
20 142 8
20 145 6
20 146 8
20 150 9
20 151 8
20 152 5
20 155 10
20 156 6
20 158 6
20 161 2
20 170 10
20 171 9
20 175 6
20 176 2
20 178 3
20 179 4
20 184 3
20 185 10
20 188 7
20 191 2
20 192 1
20 193 4
20 196 1
20 197 8
20 199 10
20 202 6
20 205 9
20 206 4
20 211 3
20 212 5
20 214 7
20 215 1
20 216 7
20 217 6
20 218 3
20 223 6
20 224 5
20 226 10
20 228 8
20 230 3
20 233 2
20 234 5
20 235 6
20 237 10
20 243 4
20 249 5
20 251 7
20 252 4
20 254 1
20 257 2
20 258 9
20 260 2
20 261 7
20 263 9
20 265 10
20 270 4
20 271 8
20 272 10
20 274 9
20 275 7
20 276 5
20 277 5
20 278 5
20 280 5
20 281 6
20 282 7
20 285 8
20 286 3
20 288 5
20 290 8
20 293 9
20 294 8
20 297 9
20 300 8
20 306 7
20 308 9
20 310 2
20 311 4
20 312 10
20 313 5
20 314 4
20 315 1
20 316 5
20 317 8
20 320 9
20 321 3
20 326 2
20 327 1
20 328 10
20 330 7
20 332 1
20 333 4
20 334 9
20 335 7
20 336 1
20 338 2
20 339 4
20 341 1
20 343 4
20 344 6
20 345 3
20 346 3
20 350 4
20 352 8
20 353 6
20 354 3
20 355 3
20 360 8
20 362 3
20 364 6
20 366 4
20 367 10
20 368 5
20 369 4
20 371 9
20 373 1
20 375 5
20 376 5
20 379 5
20 382 10
20 387 8
20 388 10
20 389 6
20 390 6
20 392 5
20 394 3
20 396 8
20 397 5
20 399 5
20 400 4
20 402 7
20 403 2
20 405 10
20 407 10
20 408 5
20 409 10
20 413 9
20 415 9
20 421 1
20 422 5
20 423 5
20 427 3
20 428 3
20 429 2
20 430 5
20 433 5
20 436 7
20 437 8
20 443 8
20 446 7
20 447 10
21 22 8
21 23 5
21 25 6
21 26 2
21 27 5
21 28 3
21 29 7
21 30 10
21 31 4
21 32 4
21 33 7
21 36 8
21 40 7
21 41 4
21 42 5
21 43 2
21 45 6
21 48 8
21 49 2
21 51 4
21 52 4
21 53 8
21 54 1
21 58 6
21 61 1
21 63 7
21 68 3
21 71 2
21 74 6
21 75 6
21 82 6
21 85 6
21 86 6
21 87 4
21 90 1
21 93 6
21 94 2
21 96 5
21 97 8
21 99 7
21 100 6
21 102 10
21 104 6
21 109 9
21 114 4
21 115 7
21 117 5
21 118 9
21 120 9
21 121 10
21 122 7
21 124 9
21 125 10
21 126 6
21 127 1
21 129 7
21 131 5
21 132 7
21 135 9
21 136 8
21 137 4
21 140 4
21 143 5
21 146 5
21 149 10
21 150 6
21 151 10
21 153 9
21 155 6
21 156 3
21 157 7
21 158 8
21 161 6
21 162 1
21 164 5
21 166 2
21 168 1
21 170 8
21 171 6
21 172 4
21 175 5
21 176 6
21 179 9
21 182 4
21 184 2
21 189 4
21 191 9
21 193 8
21 194 6
21 195 3
21 198 9
21 202 3
21 203 5
21 204 7
21 205 2
21 207 8
21 208 10
21 210 7
21 212 1
21 213 7
21 214 6
21 215 1
21 216 10
21 220 4
21 223 7
21 224 3
21 228 1
21 230 1
21 232 8
21 233 2
21 234 6
21 236 2
21 238 5
21 239 9
21 240 5
21 241 8
21 242 6
21 244 10
21 249 7
21 251 6
21 254 4
21 256 4
21 257 6
21 260 8
21 262 2
21 264 5
21 266 2
21 268 1
21 271 5
21 272 9
21 274 1
21 275 7
21 276 7
21 277 2
21 278 3
21 280 8
21 281 10
21 282 6
21 284 9
21 289 7
21 291 9
21 293 3
21 294 7
21 297 6
21 298 2
21 299 7
21 300 6
21 301 9
21 306 7
21 307 5
21 308 9
21 313 5
21 315 2
21 316 5
21 317 6
21 318 5
21 323 3
21 324 4
21 326 8
21 327 8
21 328 8
21 330 1
21 331 6
21 332 6
21 337 4
21 338 3
21 339 2
21 342 8
21 343 3
21 348 10
21 349 7
21 350 5
21 351 9
21 354 6
21 357 1
21 359 10
21 360 10
21 362 6
21 363 3
21 365 8
21 366 5
21 367 6
21 370 6
21 371 6
21 372 3
21 375 3
21 376 7
21 377 6
21 380 1
21 381 1
21 385 4
21 386 5
21 387 7
21 388 9
21 389 3
21 390 3
21 391 7
21 394 2
21 395 8
21 398 3
21 399 10
21 401 3
21 402 3
21 405 9
21 408 6
21 409 7
21 411 10
21 412 3
21 413 9
21 414 5
21 416 4
21 417 3
21 418 2
21 419 9
21 420 10
21 421 2
21 422 1
21 428 3
21 429 6
21 430 5
21 436 3
21 437 4
21 438 10
21 439 7
21 441 8
21 444 4
21 445 5
21 446 3
21 447 4
21 448 9
22 28 10
22 31 8
22 35 7
22 36 7
22 37 3
22 40 5
22 42 1
22 49 7
22 52 5
22 55 3
22 56 10
22 58 6
22 59 5
22 61 8
22 63 10
22 64 1
22 67 4
22 69 1
22 71 4
22 72 8
22 76 7
22 77 8
22 79 3
22 80 10
22 81 2
22 83 3
22 84 4
22 85 2
22 87 5
22 88 9
22 89 6
22 90 1
22 94 9
22 95 8
22 96 1
22 98 10
22 100 7
22 101 5
22 102 2
22 103 8
22 106 7
22 108 4
22 109 3
22 110 9
22 111 1
22 114 2
22 117 9
22 118 1
22 120 6
22 121 6
22 125 8
22 127 10
22 128 6
22 129 4
22 130 5
22 133 9
22 134 5
22 135 8
22 136 5
22 137 9
22 140 2
22 143 9
22 144 4
22 146 8
22 149 5
22 151 6
22 152 2
22 153 8
22 156 6
22 157 7
22 158 2
22 161 2
22 162 5
22 163 6
22 164 9
22 165 5
22 166 10
22 170 9
22 171 1
22 172 2
22 174 4
22 175 1
22 178 5
22 179 9
22 181 6
22 182 1
22 184 2
22 185 2
22 187 8
22 188 2
22 189 9
22 190 2
22 192 10
22 193 4
22 194 10
22 195 1
22 204 8
22 206 3
22 209 3
22 212 4
22 213 4
22 216 3
22 218 7
22 220 1
22 221 5
22 222 4
22 223 9
22 224 10
22 226 7
22 227 1
22 231 4
22 234 8
22 236 6
22 238 6
22 241 9
22 243 10
22 244 2
22 246 8
22 248 7
22 251 3
22 253 2
22 254 9
22 257 9
22 258 7
22 264 10
22 265 5
22 267 5
22 269 10
22 270 5
22 272 9
22 273 5
22 274 9
22 276 10
22 281 7
22 283 7
22 286 6
22 287 2
22 289 4
22 291 10
22 296 1
22 298 8
22 301 3
22 302 1
22 303 7
22 304 1
22 305 10
22 306 7
22 309 7
22 313 2
22 316 2
22 317 10
22 319 10
22 320 5
22 324 1
22 327 1
22 328 1
22 331 10
22 332 8
22 333 5
22 334 7
22 335 1
22 336 6
22 338 2
22 339 7
22 340 2
22 342 7
22 343 7
22 346 5
22 348 5
22 351 4
22 356 7
22 357 6
22 359 9
22 360 5
22 362 7
22 363 4
22 364 6
22 365 8
22 366 8
22 368 6
22 374 1
22 375 3
22 380 1
22 385 6
22 388 4
22 389 1
22 390 3
22 393 8
22 394 2
22 397 5
22 398 10
22 406 3
22 409 8
22 410 2
22 411 3
22 412 7
22 415 8
22 416 5
22 417 8
22 418 5
22 419 7
22 421 4
22 427 10
22 430 3
22 431 2
22 432 4
22 433 5
22 434 1
22 436 4
22 437 9
22 439 1
22 440 3
22 441 2
22 442 7
22 444 6
22 446 7
22 448 7
23 26 9
23 29 6
23 32 10
23 36 3
23 37 5
23 38 3
23 40 5
23 42 5
23 43 7
23 45 2
23 49 9
23 50 8
23 51 8
23 52 2
23 53 9
23 54 4
23 56 3
23 57 4
23 59 2
23 61 7
23 62 3
23 63 9
23 64 7
23 65 6
23 66 6
23 67 6
23 69 8
23 70 7
23 78 6
23 80 9
23 81 10
23 84 4
23 85 8
23 86 6
23 91 9
23 95 4
23 96 4
23 99 8
23 100 2
23 103 4
23 104 9
23 106 2
23 107 10
23 109 1
23 114 2
23 116 4
23 117 1
23 118 6
23 119 2
23 120 6
23 121 2
23 123 9
23 125 9
23 126 8
23 128 4
23 130 1
23 131 9
23 132 8
23 134 8
23 136 10
23 138 2
23 140 2
23 141 7
23 142 3
23 146 6
23 148 3
23 150 7
23 151 6
23 154 5
23 157 1
23 158 2
23 159 3
23 161 8
23 162 7
23 163 8
23 165 6
23 168 1
23 169 10
23 171 10
23 172 2
23 174 8
23 177 3
23 178 6
23 181 10
23 188 3
23 189 10
23 191 9
23 193 5
23 195 1
23 196 5
23 198 2
23 202 6
23 206 8
23 207 5
23 209 3
23 210 1
23 212 10
23 213 2
23 214 9
23 216 5
23 217 6
23 219 3
23 220 8
23 223 6
23 224 10
23 229 9
23 230 1
23 233 7
23 236 5
23 238 5
23 239 4
23 240 2
23 241 1
23 242 6
23 243 5
23 250 1
23 251 10
23 252 3
23 256 6
23 257 9
23 258 4
23 261 2
23 265 8
23 266 1
23 269 3
23 275 10
23 277 4
23 278 6
23 279 7
23 280 7
23 282 5
23 283 6
23 284 1
23 285 8
23 289 8
23 292 10
23 294 4
23 295 2
23 299 9
23 300 8
23 301 4
23 306 2
23 307 1
23 308 10
23 309 8
23 310 3
23 314 5
23 318 10
23 319 7
23 320 8
23 321 7
23 322 5
23 324 6
23 330 2
23 331 1
23 334 4
23 339 8
23 341 7
23 342 6
23 348 2
23 349 6
23 352 2
23 353 10
23 354 2
23 358 5
23 359 6
23 360 1
23 363 2
23 365 3
23 370 10
23 372 3
23 375 1
23 379 1
23 381 10
23 382 5
23 383 9
23 386 2
23 387 4
23 390 2
23 391 7
23 396 10
23 397 6
23 399 9
23 400 8
23 401 6
23 402 1
23 403 7
23 406 9
23 408 7
23 409 5
23 410 10
23 411 1
23 412 10
23 414 9
23 415 9
23 416 8
23 417 3
23 418 2
23 421 8
23 423 2
23 425 6
23 426 8
23 427 1
23 428 5
23 432 10
23 434 3
23 435 8
23 436 2
23 437 7
23 441 4
23 443 6
23 444 1
23 445 10
23 446 5
23 447 6
23 449 10
24 26 9
24 28 3
24 29 6
24 31 2
24 32 3
24 36 6
24 38 1
24 41 3
24 48 9
24 49 6
24 50 7
24 53 7
24 56 6
24 57 2
24 60 8
24 61 7
24 63 6
24 64 10
24 65 7
24 66 2
24 67 10
24 68 1
24 70 5
24 71 7
24 72 8
24 75 2
24 77 9
24 78 7
24 79 4
24 82 4
24 83 2
24 86 4
24 89 1
24 91 10
24 92 1
24 94 8
24 95 9
24 96 7
24 97 7
24 99 9
24 100 2
24 101 5
24 104 7
24 107 3
24 108 5
24 109 6
24 110 1
24 111 1
24 113 5
24 114 2
24 116 1
24 117 4
24 118 6
24 121 4
24 124 7
24 125 5
24 127 3
24 128 8
24 129 10
24 131 1
24 134 4
24 136 8
24 137 5
24 138 7
24 139 9
24 140 10
24 142 2
24 143 9
24 148 8
24 150 4
24 155 6
24 156 1
24 158 8
24 160 3
24 162 5
24 163 9
24 165 5
24 166 9
24 167 1
24 169 10
24 172 7
24 173 9
24 174 7
24 175 7
24 180 1
24 182 7
24 184 9
24 188 8
24 189 1
24 194 10
24 197 10
24 198 5
24 199 6
24 200 6
24 202 1
24 203 4
24 206 1
24 207 3
24 208 2
24 209 5
24 210 6
24 212 7
24 215 3
24 219 2
24 221 7
24 222 5
24 225 5
24 226 9
24 228 7
24 229 8
24 230 5
24 234 2
24 237 3
24 241 2
24 242 10
24 245 6
24 247 4
24 248 9
24 250 4
24 252 10
24 254 8
24 256 10
24 258 4
24 260 2
24 261 10
24 262 8
24 263 1
24 274 3
24 278 3
24 279 3
24 280 9
24 281 10
24 282 5
24 285 10
24 289 6
24 290 3
24 292 10
24 293 8
24 295 9
24 296 1
24 297 5
24 298 10
24 299 7
24 302 4
24 303 5
24 304 5
24 305 2
24 307 5
24 315 7
24 316 10
24 320 6
24 321 1
24 323 7
24 326 3
24 327 4
24 329 6
24 331 8
24 332 7
24 335 3
24 337 8
24 340 2
24 347 2
24 350 5
24 354 4
24 355 5
24 356 6
24 357 4
24 359 2
24 362 3
24 363 7
24 364 9
24 365 10
24 369 1
24 370 2
24 371 2
24 373 9
24 378 7
24 379 8
24 380 7
24 382 4
24 386 1
24 388 9
24 389 1
24 391 7
24 392 2
24 393 1
24 394 6
24 395 3
24 397 10
24 398 4
24 400 9
24 401 8
24 403 1
24 405 7
24 408 9
24 410 9
24 412 5
24 414 10
24 417 10
24 422 2
24 424 6
24 425 7
24 426 5
24 427 4
24 429 8
24 430 9
24 432 2
24 433 4
24 435 9
24 439 3
24 440 2
24 441 10
24 443 7
24 445 10
24 446 3
24 447 8
24 448 6
25 26 10
25 28 4
25 29 4
25 31 1
25 32 9
25 33 1
25 35 8
25 41 6
25 44 8
25 45 8
25 51 9
25 54 1
25 55 7
25 58 5
25 61 3
25 62 7
25 63 5
25 64 5
25 66 10
25 67 9
25 68 2
25 69 7
25 70 6
25 71 6
25 74 2
25 75 7
25 76 5
25 77 4
25 85 5
25 86 5
25 88 2
25 93 8
25 94 5
25 95 5
25 96 4
25 99 9
25 102 5
25 103 4
25 109 6
25 110 2
25 111 10
25 112 6
25 113 7
25 115 4
25 116 6
25 117 2
25 119 1
25 121 1
25 122 6
25 125 6
25 126 1
25 128 8
25 131 9
25 132 9
25 134 7
25 135 3
25 136 2
25 138 10
25 140 6
25 141 1
25 145 5
25 146 6
25 147 4
25 148 6
25 150 8
25 154 5
25 156 7
25 157 5
25 160 4
25 163 8
25 164 5
25 165 4
25 166 10
25 167 5
25 168 4
25 171 2
25 172 1
25 173 5
25 176 5
25 177 2
25 178 1
25 179 3
25 182 4
25 183 8
25 185 5
25 186 1
25 187 6
25 190 7
25 191 10
25 194 10
25 199 6
25 200 1
25 201 6
25 202 1
25 206 7
25 208 3
25 211 3
25 212 2
25 214 7
25 218 2
25 219 4
25 220 2
25 221 7
25 222 6
25 225 3
25 227 3
25 228 9
25 230 2
25 233 9
25 238 1
25 239 4
25 240 10
25 241 4
25 242 1
25 243 4
25 246 10
25 247 4
25 248 2
25 249 10
25 250 9
25 251 8
25 256 1
25 257 5
25 259 6
25 260 5
25 261 1
25 262 7
25 263 9
25 265 4
25 268 4
25 269 5
25 274 7
25 275 5
25 277 4
25 278 4
25 279 5
25 281 10
25 283 3
25 284 9
25 285 1
25 287 3
25 290 8
25 291 2
25 293 7
25 296 7
25 297 3
25 300 8
25 301 3
25 304 6
25 305 5
25 307 8
25 309 6
25 310 3
25 311 10
25 315 4
25 317 1
25 319 3
25 320 10
25 322 2
25 324 4
25 325 6
25 327 6
25 328 5
25 329 6
25 331 7
25 334 7
25 337 7
25 343 4
25 344 8
25 346 7
25 347 7
25 348 1
25 355 2
25 356 1
25 358 7
25 361 9
25 362 7
25 364 2
25 365 9
25 366 3
25 372 8
25 374 10
25 376 6
25 377 4
25 379 6
25 380 3
25 385 8
25 386 3
25 387 3
25 389 4
25 393 2
25 394 6
25 396 3
25 397 4
25 400 9
25 404 3
25 405 3
25 406 2
25 407 5
25 410 4
25 411 7
25 412 6
25 413 5
25 416 2
25 417 7
25 419 9
25 421 6
25 422 1
25 423 5
25 424 7
25 425 2
25 431 9
25 432 2
25 433 8
25 434 8
25 435 7
25 436 2
25 438 5
25 440 4
25 441 4
25 442 8
25 445 5
25 446 10
25 447 2
25 449 2
26 27 1
26 28 8
26 30 10
26 34 3
26 36 8
26 37 4
26 38 1
26 40 6
26 41 4
26 43 9
26 44 10
26 46 6
26 48 4
26 50 6
26 51 6
26 52 10
26 53 2
26 57 8
26 58 2
26 65 10
26 66 1
26 68 9
26 69 6
26 70 9
26 71 10
26 77 7
26 79 4
26 80 2
26 84 4
26 86 6
26 87 2
26 90 4
26 91 2
26 93 7
26 96 8
26 97 1
26 100 6
26 103 3
26 105 1
26 106 10
26 107 9
26 108 7
26 110 5
26 111 10
26 115 8
26 118 10
26 121 5
26 122 8
26 125 9
26 126 1
26 130 1
26 132 6
26 133 5
26 135 2
26 136 1
26 139 6
26 140 2
26 142 1
26 143 8
26 144 5
26 145 8
26 146 4
26 148 1
26 151 1
26 154 6
26 156 7
26 158 5
26 159 5
26 162 1
26 163 7
26 168 3
26 174 6
26 176 8
26 178 6
26 179 3
26 180 3
26 181 10
26 183 9
26 184 9
26 185 9
26 186 2
26 188 4
26 190 3
26 194 3
26 196 8
26 198 5
26 199 3
26 200 10
26 202 1
26 204 8
26 205 1
26 208 1
26 209 2
26 210 5
26 211 9
26 213 4
26 215 8
26 219 6
26 220 9
26 222 8
26 223 2
26 225 1
26 226 2
26 228 2
26 229 6
26 231 2
26 233 7
26 234 9
26 235 5
26 236 5
26 237 7
26 238 6
26 239 3
26 242 7
26 244 3
26 245 9
26 247 1
26 250 4
26 253 8
26 255 4
26 256 10
26 257 2
26 258 2
26 261 4
26 263 8
26 264 4
26 265 1
26 266 9
26 267 3
26 268 9
26 272 2
26 273 10
26 274 4
26 278 5
26 288 10
26 294 8
26 295 2
26 296 2
26 300 5
26 302 5
26 306 2
26 307 7
26 309 5
26 311 8
26 312 5
26 313 2
26 314 4
26 315 10
26 317 10
26 318 3
26 322 1
26 325 8
26 327 8
26 328 2
26 329 9
26 335 8
26 336 6
26 337 8
26 338 7
26 339 1
26 340 9
26 341 7
26 343 4
26 344 7
26 345 4
26 347 6
26 349 1
26 350 10
26 353 3
26 354 3
26 355 5
26 356 1
26 357 1
26 359 9
26 360 6
26 363 8
26 365 5
26 366 5
26 369 6
26 370 3
26 373 5
26 374 3
26 375 1
26 376 1
26 377 6
26 379 4
26 381 6
26 384 3
26 386 5
26 388 6
26 390 2
26 391 2
26 393 10
26 395 8
26 396 3
26 397 1
26 399 5
26 400 9
26 403 4
26 407 10
26 408 10
26 409 10
26 410 10
26 415 7
26 417 6
26 418 10
26 419 10
26 420 8
26 423 4
26 424 3
26 426 10
26 428 8
26 431 1
26 432 3
26 435 9
26 436 3
26 438 6
26 440 1
26 441 1
26 445 10
26 448 2
26 449 3
27 29 5
27 31 2
27 34 6
27 37 10
27 38 2
27 39 1
27 41 4
27 42 6
27 43 6
27 44 1
27 46 8
27 47 10
27 48 2
27 50 9
27 57 10
27 58 9
27 62 1
27 64 2
27 65 10
27 66 4
27 67 3
27 68 10
27 69 9
27 71 5
27 72 4
27 74 5
27 75 4
27 79 6
27 80 8
27 83 5
27 84 4
27 87 7
27 89 9
27 91 6
27 95 3
27 97 7
27 98 7
27 101 10
27 102 3
27 103 4
27 104 7
27 106 8
27 108 9
27 109 5
27 111 9
27 114 1
27 117 2
27 119 1
27 120 7
27 122 5
27 124 4
27 128 5
27 129 3
27 132 1
27 133 6
27 134 3
27 139 7
27 143 6
27 146 6
27 150 2
27 151 3
27 153 7
27 154 7
27 156 6
27 160 10
27 161 1
27 162 3
27 167 2
27 170 5
27 171 2
27 173 5
27 175 4
27 177 1
27 180 9
27 181 2
27 184 5
27 185 10
27 186 10
27 187 1
27 189 3
27 191 10
27 192 7
27 194 2
27 195 1
27 198 3
27 199 4
27 201 10
27 203 2
27 204 6
27 210 8
27 211 9
27 215 7
27 220 10
27 223 5
27 225 8
27 226 1
27 228 10
27 231 6
27 232 7
27 234 7
27 235 3
27 238 5
27 243 7
27 246 3
27 252 7
27 254 8
27 257 5
27 258 7
27 260 1
27 270 2
27 272 4
27 274 10
27 279 6
27 281 5
27 283 9
27 284 4
27 285 4
27 286 10
27 288 8
27 290 9
27 293 2
27 294 5
27 295 1
27 299 7
27 303 1
27 305 7
27 308 10
27 309 2
27 310 1
27 311 1
27 312 9
27 314 10
27 319 2
27 320 7
27 327 7
27 329 10
27 330 5
27 333 5
27 334 6
27 337 6
27 339 4
27 343 8
27 345 4
27 347 4
27 348 6
27 351 9
27 352 8
27 355 9
27 356 7
27 358 2
27 359 3
27 360 8
27 361 2
27 364 3
27 367 8
27 377 3
27 378 9
27 381 10
27 382 10
27 384 9
27 387 6
27 389 10
27 393 3
27 394 4
27 402 6
27 404 10
27 406 2
27 407 4
27 409 3
27 412 5
27 413 1
27 415 9
27 417 4
27 423 9
27 427 5
27 428 7
27 431 1
27 435 6
27 438 10
27 439 10
27 442 8
27 443 8
27 449 8
28 31 2
28 32 8
28 34 10
28 35 9
28 36 3
28 40 7
28 41 4
28 43 1
28 44 10
28 45 9
28 46 8
28 49 8
28 50 7
28 51 3
28 52 7
28 55 8
28 58 4
28 61 6
28 62 10
28 63 2
28 66 4
28 67 9
28 68 9
28 73 1
28 75 9
28 76 1
28 77 6
28 85 10
28 86 10
28 88 6
28 89 4
28 94 2
28 95 7
28 96 1
28 97 4
28 100 10
28 107 10
28 108 5
28 109 3
28 111 7
28 112 2
28 113 3
28 115 2
28 116 8
28 117 4
28 124 4
28 127 9
28 131 4
28 133 7
28 134 1
28 135 4
28 136 8
28 138 10
28 139 4
28 140 1
28 141 1
28 142 1
28 145 6
28 151 10
28 153 3
28 160 9
28 161 3
28 162 5
28 164 4
28 169 5
28 170 3
28 173 2
28 177 2
28 178 3
28 179 6
28 181 10
28 183 3
28 186 10
28 187 6
28 193 10
28 195 3
28 196 4
28 197 6
28 200 3
28 204 7
28 207 5
28 209 5
28 210 10
28 211 8
28 214 10
28 217 7
28 219 7
28 221 7
28 223 4
28 225 9
28 226 2
28 227 10
28 229 5
28 232 6
28 234 6
28 236 2
28 237 8
28 242 1
28 243 7
28 245 1
28 246 5
28 247 10
28 249 4
28 252 4
28 254 6
28 255 7
28 257 4
28 260 10
28 261 9
28 262 10
28 265 3
28 268 9
28 269 10
28 271 8
28 272 9
28 273 7
28 274 10
28 275 8
28 276 10
28 278 3
28 280 6
28 281 1
28 284 1
28 286 1
28 288 3
28 291 3
28 293 9
28 294 8
28 295 4
28 296 6
28 297 1
28 301 9
28 302 9
28 305 9
28 310 2
28 312 5
28 316 9
28 318 4
28 320 3
28 322 6
28 323 10
28 325 5
28 329 5
28 330 2
28 332 1
28 333 1
28 336 3
28 337 7
28 339 10
28 341 9
28 342 8
28 344 2
28 345 9
28 346 1
28 347 7
28 348 4
28 350 6
28 351 8
28 352 6
28 353 2
28 360 3
28 362 9
28 363 5
28 364 8
28 366 8
28 370 4
28 371 10
28 373 1
28 374 6
28 376 4
28 377 3
28 379 8
28 381 6
28 384 10
28 385 9
28 387 2
28 388 9
28 389 6
28 391 10
28 393 3
28 400 8
28 401 10
28 403 3
28 405 5
28 407 1
28 408 5
28 409 1
28 411 1
28 415 6
28 417 8
28 418 1
28 421 5
28 422 3
28 425 8
28 427 1
28 433 4
28 434 8
28 436 4
28 437 2
28 438 1
28 439 7
28 440 5
28 445 1
29 33 9
29 34 4
29 35 7
29 36 2
29 37 5
29 42 8
29 45 8
29 48 1
29 50 7
29 51 3
29 53 7
29 54 5
29 57 8
29 59 9
29 60 3
29 61 1
29 62 9
29 63 5
29 64 10
29 67 2
29 68 6
29 70 9
29 74 1
29 75 8
29 77 6
29 78 2
29 81 1
29 85 4
29 86 7
29 90 6
29 91 8
29 94 10
29 96 2
29 98 10
29 101 7
29 102 8
29 103 6
29 104 4
29 108 10
29 109 9
29 113 3
29 116 3
29 119 2
29 120 3
29 122 3
29 124 3
29 125 5
29 127 4
29 129 2
29 130 10
29 131 8
29 132 6
29 134 5
29 135 10
29 138 2
29 139 8
29 142 6
29 143 3
29 144 9
29 145 6
29 146 2
29 147 2
29 152 8
29 153 8
29 154 5
29 156 1
29 161 3
29 162 3
29 168 9
29 170 7
29 171 4
29 172 3
29 176 1
29 179 2
29 181 8
29 184 2
29 187 3
29 188 9
29 190 1
29 192 10
29 193 5
29 195 9
29 197 6
29 199 8
29 200 2
29 201 8
29 202 1
29 206 10
29 208 8
29 209 3
29 211 10
29 212 9
29 213 6
29 214 3
29 217 3
29 218 4
29 221 9
29 223 8
29 224 9
29 225 2
29 226 7
29 227 1
29 228 6
29 229 9
29 230 1
29 233 10
29 234 2
29 236 9
29 238 2
29 240 10
29 242 8
29 243 2
29 244 8
29 245 6
29 246 1
29 249 7
29 250 5
29 251 4
29 252 2
29 255 3
29 256 6
29 257 8
29 258 4
29 262 10
29 264 7
29 265 7
29 266 6
29 267 9
29 268 2
29 269 3
29 271 7
29 277 7
29 278 1
29 279 4
29 280 9
29 283 10
29 285 8
29 287 10
29 288 10
29 289 8
29 291 6
29 294 7
29 295 7
29 299 9
29 300 4
29 303 10
29 304 2
29 306 1
29 307 7
29 309 3
29 311 7
29 312 5
29 313 10
29 314 4
29 322 5
29 325 10
29 327 6
29 329 1
29 331 3
29 332 2
29 333 3
29 334 9
29 337 3
29 338 4
29 340 6
29 345 1
29 346 8
29 347 6
29 349 1
29 350 6
29 351 3
29 353 2
29 356 2
29 357 2
29 362 4
29 363 1
29 365 4
29 366 6
29 370 8
29 372 6
29 373 4
29 374 9
29 375 8
29 378 4
29 381 9
29 382 4
29 384 5
29 388 8
29 389 4
29 392 10
29 393 8
29 395 7
29 396 4
29 399 3
29 401 4
29 402 3
29 403 1
29 404 5
29 405 3
29 408 5
29 411 9
29 413 6
29 417 7
29 419 6
29 421 4
29 424 4
29 426 8
29 427 3
29 431 8
29 434 1
29 435 9
29 437 5
29 438 6
29 439 3
29 440 9
29 441 8
29 442 9
29 446 2
29 447 8
29 448 4
30 33 8
30 40 4
30 41 9
30 45 2
30 47 10
30 48 7
30 49 4
30 50 6
30 51 3
30 54 9
30 55 3
30 58 1
30 63 4
30 64 3
30 65 2
30 66 4
30 67 8
30 68 1
30 69 7
30 70 1
30 71 9
30 74 6
30 75 5
30 79 5
30 80 2
30 82 9
30 83 10
30 84 6
30 85 4
30 86 5
30 90 4
30 96 10
30 97 7
30 99 7
30 102 8
30 103 1
30 105 6
30 107 8
30 108 3
30 109 6
30 110 10
30 111 2
30 112 1
30 113 10
30 114 3
30 121 5
30 122 6
30 125 9
30 129 8
30 137 4
30 138 1
30 139 8
30 142 3
30 146 3
30 148 4
30 150 1
30 153 9
30 157 2
30 159 8
30 160 7
30 161 8
30 164 6
30 168 4
30 171 6
30 172 1
30 180 6
30 187 10
30 193 4
30 194 3
30 196 10
30 200 1
30 201 4
30 202 4
30 204 5
30 206 4
30 209 2
30 210 7
30 213 5
30 214 6
30 215 8
30 217 6
30 218 8
30 221 2
30 223 7
30 224 2
30 225 6
30 226 7
30 228 1
30 229 3
30 231 8
30 232 10
30 233 8
30 235 10
30 236 10
30 237 1
30 238 1
30 240 6
30 242 4
30 243 6
30 244 1
30 245 1
30 246 9
30 249 6
30 251 2
30 254 4
30 256 1
30 257 4
30 258 1
30 259 4
30 261 7
30 263 6
30 267 6
30 269 1
30 271 5
30 272 7
30 275 4
30 276 6
30 277 9
30 278 3
30 282 9
30 284 4
30 286 5
30 289 9
30 292 5
30 294 8
30 295 10
30 296 9
30 297 9
30 298 8
30 299 10
30 301 3
30 302 2
30 303 1
30 308 7
30 309 5
30 310 7
30 313 6
30 314 4
30 317 7
30 318 5
30 322 8
30 323 9
30 325 10
30 329 9
30 330 2
30 331 5
30 333 6
30 334 6
30 335 2
30 337 7
30 338 4
30 342 2
30 343 5
30 346 4
30 348 1
30 349 10
30 350 3
30 352 1
30 353 5
30 355 1
30 356 7
30 357 8
30 359 3
30 360 5
30 362 2
30 365 9
30 367 3
30 371 3
30 372 2
30 373 8
30 374 7
30 375 6
30 379 1
30 380 7
30 383 4
30 387 8
30 390 10
30 391 4
30 392 10
30 393 7
30 394 10
30 397 1
30 400 4
30 404 3
30 410 9
30 412 2
30 414 2
30 415 7
30 416 8
30 417 7
30 419 1
30 421 4
30 422 3
30 423 6
30 426 1
30 428 2
30 429 9
30 432 5
30 440 10
30 441 4
30 442 9
30 443 4
30 446 9
30 447 6
30 448 4
30 449 5
31 33 2
31 37 9
31 38 6
31 41 3
31 42 3
31 43 1
31 47 5
31 49 8
31 51 3
31 53 1
31 56 2
31 60 8
31 63 10
31 65 4
31 66 7
31 67 2
31 68 6
31 71 10
31 73 2
31 77 6
31 78 10
31 81 10
31 84 4
31 86 5
31 87 5
31 88 3
31 91 1
31 92 2
31 93 9
31 94 7
31 95 2
31 97 8
31 99 5
31 101 2
31 105 6
31 108 4
31 109 1
31 111 8
31 112 7
31 113 8
31 116 10
31 119 2
31 121 3
31 122 8
31 125 4
31 128 6
31 131 6
31 132 7
31 133 10
31 135 4
31 136 5
31 137 10
31 138 10
31 139 4
31 140 2
31 141 5
31 142 3
31 145 4
31 146 9
31 147 7
31 148 9
31 150 6
31 152 9
31 154 2
31 156 3
31 158 3
31 161 6
31 162 4
31 166 4
31 170 9
31 172 9
31 173 8
31 174 2
31 175 4
31 176 2
31 177 3
31 179 9
31 180 5
31 182 5
31 184 2
31 186 8
31 187 4
31 188 5
31 189 8
31 192 5
31 193 9
31 194 9
31 195 6
31 197 9
31 198 1
31 205 1
31 207 6
31 209 9
31 211 6
31 212 1
31 214 1
31 215 2
31 217 2
31 219 4
31 220 6
31 222 7
31 223 7
31 224 1
31 229 5
31 233 5
31 235 4
31 237 4
31 238 1
31 240 8
31 241 3
31 242 7
31 245 4
31 247 4
31 248 1
31 252 8
31 254 7
31 255 8
31 256 1
31 257 1
31 258 8
31 262 3
31 263 6
31 264 10
31 265 1
31 266 3
31 269 8
31 270 8
31 271 9
31 272 3
31 275 5
31 277 1
31 281 3
31 287 3
31 289 2
31 291 10
31 293 3
31 294 6
31 296 4
31 297 1
31 298 7
31 299 6
31 300 5
31 301 7
31 302 4
31 304 10
31 309 3
31 310 5
31 311 10
31 312 1
31 313 1
31 314 1
31 315 10
31 316 3
31 318 5
31 319 7
31 320 6
31 324 1
31 325 10
31 326 10
31 327 6
31 329 2
31 331 7
31 333 6
31 336 8
31 337 1
31 338 4
31 340 10
31 342 4
31 344 8
31 345 2
31 346 2
31 348 2
31 349 2
31 351 8
31 353 2
31 354 1
31 356 3
31 357 5
31 358 4
31 360 7
31 364 1
31 367 4
31 369 6
31 371 1
31 372 9
31 374 8
31 375 7
31 376 5
31 377 3
31 378 7
31 380 7
31 382 7
31 384 8
31 386 9
31 388 5
31 389 10
31 391 4
31 392 10
31 393 2
31 394 7
31 397 8
31 398 6
31 399 3
31 405 10
31 409 4
31 418 8
31 420 7
31 421 7
31 423 8
31 426 5
31 429 1
31 433 4
31 435 1
31 436 1
31 437 10
31 439 2
31 441 5
31 442 2
31 443 2
31 444 4
31 445 5
31 447 7
31 448 3
32 33 7
32 35 4
32 36 4
32 37 10
32 39 1
32 40 3
32 42 2
32 45 1
32 47 3
32 49 3
32 50 3
32 51 2
32 52 4
32 53 7
32 54 2
32 56 9
32 58 3
32 59 9
32 64 8
32 65 5
32 66 3
32 68 7
32 71 5
32 73 3
32 75 7
32 76 10
32 81 5
32 82 1
32 83 6
32 85 6
32 90 3
32 91 4
32 93 9
32 96 4
32 99 10
32 104 5
32 106 9
32 108 6
32 110 4
32 112 9
32 113 3
32 114 7
32 115 10
32 116 2
32 117 5
32 119 7
32 120 6
32 121 7
32 122 4
32 123 9
32 128 10
32 129 7
32 135 2
32 136 2
32 137 4
32 138 1
32 139 10
32 140 4
32 141 3
32 143 9
32 144 7
32 145 9
32 147 10
32 149 9
32 150 6
32 151 2
32 153 10
32 154 6
32 158 10
32 161 6
32 162 9
32 164 3
32 166 5
32 171 5
32 176 9
32 177 5
32 178 4
32 181 5
32 182 8
32 191 3
32 194 2
32 199 3
32 200 8
32 201 4
32 204 7
32 209 7
32 210 1
32 212 6
32 213 5
32 215 9
32 216 7
32 218 5
32 219 10
32 221 7
32 223 9
32 224 3
32 225 5
32 228 8
32 231 4
32 236 6
32 238 7
32 240 10
32 242 7
32 243 3
32 244 9
32 247 6
32 249 9
32 251 6
32 254 6
32 255 4
32 257 8
32 260 4
32 262 7
32 263 6
32 264 8
32 266 10
32 269 9
32 273 7
32 274 7
32 279 8
32 280 5
32 281 2
32 284 5
32 285 9
32 287 9
32 288 6
32 290 7
32 291 6
32 292 6
32 300 7
32 301 1
32 304 6
32 307 4
32 308 10
32 309 10
32 311 5
32 314 8
32 315 9
32 319 3
32 321 10
32 324 2
32 326 10
32 328 4
32 329 6
32 330 4
32 331 7
32 332 7
32 336 3
32 340 10
32 344 7
32 345 8
32 346 4
32 349 8
32 351 9
32 353 3
32 354 2
32 356 7
32 358 3
32 359 10
32 361 4
32 362 2
32 363 3
32 364 8
32 365 4
32 366 10
32 367 10
32 369 8
32 370 2
32 371 3
32 372 10
32 374 6
32 380 3
32 381 8
32 382 10
32 383 10
32 385 8
32 386 7
32 388 9
32 389 9
32 398 3
32 400 8
32 403 5
32 405 4
32 407 9
32 408 3
32 409 10
32 412 6
32 413 10
32 414 9
32 415 2
32 417 5
32 421 2
32 422 1
32 427 4
32 428 7
32 430 6
32 435 10
32 437 8
32 440 4
32 442 4
32 443 9
32 445 5
32 447 6
32 448 9
33 35 7
33 36 7
33 38 9
33 39 6
33 41 7
33 43 3
33 44 5
33 45 2
33 46 5
33 47 6
33 49 4
33 51 5
33 52 2
33 57 8
33 58 5
33 64 5
33 65 2
33 66 7
33 67 6
33 71 9
33 72 6
33 75 5
33 76 1
33 78 4
33 79 10
33 83 3
33 85 5
33 86 7
33 87 7
33 88 8
33 93 9
33 94 5
33 95 1
33 96 5
33 97 9
33 99 8
33 101 5
33 102 4
33 103 6
33 104 5
33 105 1
33 109 7
33 110 8
33 111 3
33 112 4
33 115 10
33 119 7
33 120 2
33 121 8
33 122 9
33 123 4
33 126 4
33 127 1
33 128 10
33 130 2
33 132 7
33 133 5
33 142 4
33 144 8
33 148 8
33 149 2
33 150 2
33 151 9
33 153 5
33 160 8
33 161 5
33 164 9
33 166 3
33 169 2
33 170 4
33 173 3
33 175 1
33 177 7
33 178 3
33 180 2
33 183 8
33 184 8
33 186 3
33 187 6
33 188 8
33 190 8
33 195 5
33 198 2
33 199 2
33 203 3
33 204 3
33 205 5
33 206 9
33 210 8
33 214 10
33 216 8
33 218 10
33 223 3
33 228 8
33 230 2
33 231 9
33 232 5
33 234 8
33 235 7
33 236 9
33 237 8
33 239 5
33 242 10
33 246 8
33 249 6
33 250 8
33 251 2
33 252 3
33 253 2
33 255 2
33 256 10
33 257 5
33 258 3
33 259 5
33 260 3
33 262 2
33 271 6
33 272 1
33 276 5
33 277 6
33 278 1
33 280 5
33 281 3
33 286 2
33 287 9
33 289 1
33 290 2
33 293 5
33 294 3
33 299 7
33 303 4
33 304 1
33 307 9
33 308 4
33 311 10
33 313 9
33 315 6
33 316 3
33 319 4
33 320 4
33 322 1
33 325 6
33 326 5
33 327 1
33 328 8
33 330 3
33 332 6
33 335 7
33 336 1
33 337 8
33 338 10
33 340 10
33 342 10
33 343 9
33 347 3
33 348 8
33 350 6
33 353 7
33 359 9
33 363 1
33 364 5
33 365 9
33 367 9
33 370 9
33 373 2
33 375 3
33 377 3
33 378 1
33 379 5
33 380 1
33 381 5
33 383 2
33 384 8
33 385 7
33 386 9
33 387 3
33 388 7
33 391 6
33 393 4
33 394 10
33 395 6
33 396 6
33 397 2
33 399 10
33 402 3
33 403 3
33 406 3
33 407 7
33 408 6
33 413 5
33 418 7
33 419 8
33 420 6
33 421 1
33 422 8
33 423 10
33 425 5
33 428 4
33 430 8
33 432 3
33 434 9
33 437 5
33 440 4
33 441 10
33 442 9
33 443 6
33 446 7
33 447 5
34 36 5
34 37 4
34 38 2
34 39 4
34 41 5
34 44 2
34 45 2
34 47 9
34 50 7
34 52 8
34 53 1
34 57 3
34 58 8
34 59 1
34 61 8
34 63 2
34 66 3
34 67 6
34 68 5
34 69 7
34 70 5
34 71 5
34 78 5
34 81 1
34 83 7
34 85 6
34 87 10
34 89 4
34 91 7
34 93 3
34 95 2
34 97 10
34 99 8
34 100 6
34 102 7
34 103 5
34 104 5
34 105 8
34 106 1
34 113 4
34 116 5
34 117 6
34 118 5
34 119 1
34 120 4
34 129 10
34 130 7
34 131 3
34 133 8
34 137 6
34 138 8
34 141 2
34 142 5
34 144 5
34 145 7
34 148 8
34 149 6
34 150 5
34 152 7
34 153 2
34 155 4
34 157 3
34 158 1
34 160 2
34 161 3
34 163 1
34 164 3
34 165 7
34 166 1
34 167 5
34 170 6
34 172 2
34 173 5
34 174 10
34 178 3
34 179 3
34 184 7
34 185 8
34 186 10
34 187 7
34 188 8
34 192 6
34 194 4
34 199 5
34 200 10
34 201 5
34 202 6
34 204 6
34 206 9
34 207 9
34 209 10
34 210 3
34 211 1
34 214 3
34 215 3
34 217 9
34 219 4
34 220 10
34 221 10
34 222 4
34 224 6
34 225 4
34 226 3
34 228 4
34 231 6
34 233 4
34 235 6
34 241 2
34 243 4
34 244 6
34 249 10
34 250 7
34 255 9
34 256 9
34 259 5
34 260 7
34 261 6
34 263 10
34 268 9
34 269 2
34 273 4
34 274 7
34 276 6
34 280 5
34 292 9
34 294 9
34 299 1
34 301 1
34 309 9
34 312 10
34 315 8
34 318 2
34 320 1
34 322 9
34 324 10
34 325 8
34 328 7
34 329 3
34 332 4
34 334 1
34 342 8
34 344 8
34 345 4
34 346 1
34 347 10
34 352 10
34 353 10
34 356 9
34 359 4
34 361 2
34 364 2
34 367 6
34 370 5
34 375 7
34 376 2
34 378 2
34 381 5
34 382 10
34 386 4
34 390 9
34 392 6
34 397 9
34 399 3
34 401 3
34 402 6
34 403 6
34 404 7
34 408 2
34 410 6
34 411 10
34 413 9
34 415 8
34 417 5
34 418 10
34 419 8
34 421 1
34 423 2
34 424 1
34 425 7
34 427 4
34 428 8
34 429 8
34 430 4
34 431 4
34 432 6
34 433 10
34 435 8
34 436 8
34 437 1
34 441 1
34 443 8
35 38 1
35 40 2
35 43 5
35 45 5
35 46 5
35 47 3
35 48 2
35 50 4
35 52 7
35 54 9
35 55 2
35 57 1
35 58 10
35 62 5
35 63 9
35 64 3
35 65 4
35 66 8
35 69 5
35 70 2
35 73 6
35 74 5
35 75 1
35 78 4
35 81 9
35 83 5
35 85 10
35 86 3
35 88 5
35 89 2
35 90 10
35 91 8
35 94 3
35 99 1
35 102 8
35 109 2
35 110 1
35 113 1
35 116 7
35 119 7
35 120 1
35 126 5
35 128 10
35 129 4
35 130 2
35 133 1
35 137 9
35 140 8
35 142 9
35 144 7
35 145 2
35 147 1
35 149 7
35 150 2
35 152 1
35 154 9
35 156 3
35 157 4
35 161 1
35 162 9
35 166 3
35 167 2
35 168 10
35 171 3
35 173 1
35 174 4
35 175 1
35 177 7
35 180 5
35 181 3
35 183 9
35 185 5
35 186 9
35 188 1
35 189 9
35 190 9
35 199 8
35 200 6
35 202 6
35 207 10
35 208 2
35 210 3
35 214 5
35 215 4
35 216 3
35 218 8
35 219 7
35 220 3
35 223 4
35 225 10
35 228 4
35 231 3
35 233 4
35 234 5
35 239 5
35 241 10
35 243 7
35 248 4
35 252 6
35 258 2
35 260 6
35 261 6
35 262 1
35 264 2
35 266 2
35 269 9
35 270 1
35 272 7
35 273 4
35 274 6
35 277 10
35 278 1
35 285 8
35 290 3
35 291 9
35 292 9
35 295 5
35 299 10
35 301 2
35 303 7
35 305 9
35 307 9
35 310 7
35 313 8
35 315 7
35 316 3
35 322 1
35 323 2
35 324 2
35 327 4
35 328 10
35 330 1
35 335 2
35 336 1
35 337 10
35 338 4
35 342 5
35 343 8
35 345 6
35 346 3
35 347 10
35 348 3
35 349 1
35 350 2
35 351 6
35 353 5
35 356 4
35 359 3
35 360 8
35 362 5
35 364 5
35 368 1
35 371 3
35 372 4
35 373 2
35 376 4
35 378 7
35 379 10
35 381 7
35 382 2
35 383 8
35 384 7
35 388 10
35 389 10
35 390 7
35 391 7
35 394 1
35 395 9
35 396 7
35 400 6
35 401 2
35 402 10
35 403 7
35 404 2
35 405 5
35 406 9
35 410 6
35 414 1
35 417 1
35 418 8
35 423 2
35 424 2
35 425 4
35 428 2
35 430 9
35 431 5
35 433 2
35 435 3
35 441 8
35 442 2
35 443 4
35 444 5
35 445 3
35 448 2
35 449 7
36 37 3
36 40 4
36 43 5
36 44 8
36 47 3
36 48 10
36 50 5
36 53 6
36 54 8
36 55 2
36 58 2
36 59 2
36 60 9
36 64 10
36 68 4
36 69 9
36 70 3
36 71 2
36 73 10
36 74 8
36 75 2
36 76 10
36 77 5
36 78 2
36 79 3
36 80 6
36 81 4
36 83 2
36 84 8
36 85 6
36 86 6
36 88 4
36 89 4
36 92 2
36 93 10
36 95 3
36 97 4
36 98 2
36 101 8
36 106 5
36 110 8
36 112 7
36 113 9
36 114 2
36 115 10
36 116 8
36 118 6
36 126 3
36 127 8
36 139 9
36 141 3
36 142 9
36 145 6
36 148 1
36 150 4
36 151 5
36 152 4
36 156 4
36 158 6
36 161 3
36 162 7
36 167 4
36 168 4
36 171 3
36 172 8
36 173 3
36 174 8
36 175 3
36 176 1
36 178 1
36 180 3
36 181 10
36 182 4
36 184 4
36 188 4
36 189 9
36 192 1
36 194 4
36 198 7
36 200 3
36 208 3
36 209 9
36 212 8
36 214 9
36 216 1
36 217 3
36 222 3
36 223 7
36 224 6
36 230 5
36 231 6
36 233 10
36 234 1
36 238 1
36 239 8
36 244 7
36 245 1
36 246 6
36 247 10
36 250 7
36 252 3
36 253 9
36 254 1
36 255 2
36 256 4
36 258 7
36 260 4
36 261 9
36 262 10
36 263 4
36 264 5
36 265 2
36 268 4
36 269 1
36 271 2
36 274 5
36 275 10
36 276 1
36 277 10
36 278 4
36 279 4
36 281 7
36 287 7
36 290 1
36 292 7
36 293 6
36 296 9
36 300 8
36 302 6
36 303 9
36 304 4
36 308 4
36 309 4
36 310 5
36 313 3
36 314 8
36 315 4
36 319 6
36 323 8
36 327 1
36 330 5
36 332 5
36 333 6
36 334 4
36 336 2
36 337 9
36 338 9
36 339 6
36 340 3
36 341 2
36 342 9
36 344 9
36 345 5
36 349 1
36 352 2
36 353 7
36 354 3
36 355 10
36 356 1
36 357 4
36 359 1
36 362 6
36 364 2
36 365 8
36 366 10
36 367 8
36 370 9
36 371 4
36 376 2
36 378 3
36 379 1
36 380 7
36 383 4
36 384 1
36 387 7
36 389 7
36 390 9
36 391 2
36 394 4
36 395 10
36 396 8
36 397 5
36 398 5
36 399 3
36 401 7
36 402 6
36 403 3
36 408 8
36 409 4
36 413 2
36 414 6
36 416 1
36 417 2
36 423 10
36 424 8
36 425 1
36 429 4
36 430 5
36 431 2
36 432 6
36 433 4
36 434 5
36 435 7
36 436 7
36 437 10
36 439 10
36 441 2
36 442 7
36 444 9
36 446 6
36 448 10
37 39 7
37 40 4
37 41 8
37 42 2
37 43 3
37 44 3
37 45 5
37 46 10
37 49 3
37 50 7
37 53 6
37 54 3
37 55 4
37 56 6
37 58 4
37 63 6
37 64 7
37 66 4
37 67 9
37 68 3
37 69 4
37 73 1
37 76 9
37 77 10
37 78 10
37 83 6
37 88 1
37 89 2
37 90 2
37 92 4
37 94 3
37 98 9
37 102 9
37 107 3
37 111 4
37 113 6
37 114 8
37 115 9
37 116 8
37 117 5
37 118 5
37 119 4
37 120 10
37 121 5
37 122 7
37 123 4
37 124 2
37 125 2
37 133 5
37 134 8
37 137 9
37 138 7
37 141 10
37 142 5
37 146 2
37 147 3
37 148 3
37 149 5
37 151 7
37 154 4
37 159 3
37 166 3
37 167 3
37 168 10
37 182 4
37 183 9
37 185 1
37 187 4
37 191 6
37 193 1
37 194 2
37 195 1
37 197 7
37 198 6
37 199 5
37 200 5
37 201 4
37 204 3
37 205 6
37 207 7
37 209 8
37 210 4
37 216 8
37 218 7
37 220 8
37 225 10
37 226 2
37 227 10
37 229 2
37 232 8
37 233 6
37 234 1
37 237 3
37 238 7
37 242 2
37 243 7
37 244 3
37 250 9
37 255 7
37 257 1
37 258 1
37 259 10
37 261 1
37 262 2
37 263 7
37 264 9
37 265 8
37 267 3
37 268 5
37 270 1
37 273 6
37 275 3
37 279 3
37 285 4
37 286 6
37 287 9
37 290 1
37 292 2
37 294 8
37 295 9
37 296 1
37 301 10
37 308 7
37 309 7
37 312 8
37 314 5
37 315 1
37 317 6
37 318 3
37 320 10
37 321 6
37 323 9
37 324 10
37 325 3
37 326 7
37 327 9
37 328 6
37 329 3
37 330 8
37 331 9
37 332 7
37 334 7
37 335 9
37 337 4
37 341 4
37 342 8
37 350 9
37 352 1
37 353 4
37 354 5
37 367 3
37 369 3
37 371 3
37 373 3
37 374 8
37 376 4
37 377 3
37 378 10
37 379 2
37 381 5
37 385 6
37 387 1
37 388 9
37 390 5
37 392 2
37 393 2
37 394 5
37 396 5
37 401 3
37 402 1
37 403 10
37 405 6
37 407 10
37 408 4
37 409 1
37 410 4
37 411 5
37 414 7
37 415 8
37 418 5
37 419 3
37 420 5
37 421 9
37 426 1
37 427 7
37 428 10
37 430 5
37 431 1
37 433 5
37 434 10
37 435 8
37 437 4
37 441 1
37 442 7
37 443 6
37 446 5
37 447 7
37 449 4
38 43 7
38 44 9
38 46 1
38 47 9
38 48 5
38 50 1
38 51 4
38 54 7
38 55 5
38 56 5
38 57 9
38 60 9
38 63 9
38 64 2
38 67 1
38 68 4
38 69 1
38 71 5
38 72 1
38 78 8
38 79 5
38 82 4
38 83 7
38 85 5
38 88 6
38 90 5
38 93 3
38 95 1
38 97 7
38 99 3
38 100 6
38 101 7
38 103 3
38 106 10
38 108 10
38 110 7
38 111 9
38 112 2
38 114 3
38 116 4
38 120 5
38 121 1
38 123 5
38 124 10
38 129 10
38 132 2
38 134 2
38 135 9
38 136 6
38 138 1
38 139 5
38 140 10
38 142 4
38 144 5
38 146 6
38 154 10
38 155 2
38 158 5
38 159 10
38 162 5
38 163 3
38 166 1
38 167 1
38 168 5
38 169 7
38 172 1
38 175 5
38 176 1
38 177 2
38 178 2
38 180 1
38 183 5
38 186 7
38 188 3
38 191 3
38 198 1
38 199 4
38 200 7
38 203 4
38 204 9
38 205 1
38 208 1
38 209 5
38 211 6
38 213 3
38 214 4
38 216 6
38 219 2
38 224 1
38 226 7
38 227 5
38 234 2
38 237 6
38 240 1
38 242 4
38 244 10
38 245 4
38 246 1
38 247 6
38 248 3
38 249 8
38 250 9
38 251 1
38 255 5
38 256 3
38 257 6
38 262 3
38 263 6
38 265 5
38 269 3
38 270 9
38 277 6
38 280 8
38 281 2
38 283 2
38 284 2
38 286 1
38 288 10
38 289 8
38 290 6
38 297 9
38 298 8
38 299 4
38 300 2
38 301 8
38 302 7
38 304 6
38 306 9
38 311 1
38 313 5
38 314 5
38 315 10
38 319 7
38 320 6
38 325 7
38 326 8
38 328 5
38 330 6
38 331 5
38 332 6
38 337 6
38 338 4
38 339 9
38 341 2
38 344 10
38 345 2
38 346 3
38 349 3
38 350 3
38 351 6
38 354 4
38 355 8
38 358 2
38 363 4
38 365 8
38 368 5
38 370 10
38 371 8
38 375 2
38 383 7
38 388 5
38 389 8
38 391 3
38 392 2
38 396 8
38 398 3
38 400 4
38 403 1
38 408 1
38 409 2
38 412 1
38 415 7
38 416 3
38 417 2
38 418 1
38 419 8
38 420 5
38 422 5
38 423 3
38 426 10
38 427 1
38 430 6
38 434 3
38 438 2
38 439 8
38 440 3
38 442 8
38 444 4
38 448 4
39 40 5
39 41 6
39 43 1
39 44 8
39 45 5
39 47 8
39 49 8
39 51 9
39 53 9
39 56 3
39 58 5
39 59 4
39 62 5
39 64 8
39 65 6
39 66 7
39 68 1
39 69 3
39 70 5
39 72 3
39 75 2
39 76 8
39 80 6
39 83 10
39 84 7
39 85 5
39 86 5
39 90 3
39 91 7
39 92 2
39 93 4
39 97 1
39 103 2
39 105 8
39 106 9
39 107 10
39 110 4
39 113 10
39 115 3
39 116 2
39 117 10
39 118 7
39 119 5
39 120 3
39 122 5
39 125 5
39 129 5
39 130 10
39 132 2
39 134 3
39 138 4
39 139 4
39 140 1
39 143 9
39 148 6
39 149 7
39 152 3
39 155 2
39 156 6
39 157 8
39 158 2
39 161 8
39 162 1
39 163 5
39 164 8
39 168 4
39 171 8
39 173 6
39 175 5
39 176 1
39 178 9
39 179 8
39 180 3
39 189 3
39 190 4
39 195 3
39 196 7
39 197 6
39 198 7
39 199 8
39 200 2
39 201 6
39 202 3
39 203 1
39 205 8
39 206 7
39 207 10
39 208 5
39 209 5
39 213 2
39 215 4
39 216 7
39 222 8
39 223 5
39 224 7
39 227 9
39 229 8
39 230 2
39 231 9
39 234 7
39 236 9
39 237 6
39 239 9
39 240 9
39 244 10
39 245 6
39 246 6
39 247 7
39 248 10
39 249 1
39 250 2
39 254 6
39 255 9
39 256 10
39 259 3
39 260 10
39 261 6
39 263 5
39 268 2
39 271 4
39 272 10
39 274 7
39 278 2
39 283 1
39 284 7
39 285 6
39 287 8
39 288 7
39 289 3
39 294 8
39 297 8
39 298 2
39 301 6
39 305 1
39 311 8
39 315 4
39 317 10
39 318 9
39 320 4
39 321 7
39 322 6
39 323 9
39 328 3
39 329 8
39 332 1
39 335 1
39 336 7
39 338 2
39 339 6
39 340 3
39 346 7
39 349 5
39 350 3
39 351 1
39 352 6
39 353 5
39 355 1
39 356 8
39 357 4
39 360 10
39 361 1
39 362 1
39 363 1
39 365 7
39 366 7
39 368 10
39 369 7
39 370 8
39 373 7
39 375 7
39 377 3
39 379 5
39 380 4
39 382 1
39 384 8
39 385 1
39 390 5
39 391 5
39 393 5
39 394 9
39 395 1
39 396 8
39 398 1
39 402 2
39 407 7
39 410 5
39 413 8
39 414 1
39 415 2
39 417 10
39 422 9
39 423 1
39 425 7
39 426 8
39 427 9
39 428 6
39 430 6
39 431 7
39 432 3
39 433 4
39 434 10
39 437 7
39 438 4
39 440 8
39 443 4
39 444 10
40 43 5
40 46 1
40 47 8
40 49 2
40 51 9
40 54 10
40 56 3
40 58 9
40 59 6
40 61 10
40 62 1
40 66 4
40 68 5
40 74 3
40 76 6
40 77 8
40 78 2
40 80 6
40 82 10
40 83 6
40 89 9
40 91 6
40 92 5
40 93 4
40 94 6
40 95 9
40 96 4
40 97 5
40 100 8
40 101 8
40 103 2
40 105 9
40 106 2
40 107 2
40 109 10
40 110 10
40 111 4
40 112 5
40 115 9
40 116 10
40 118 9
40 120 2
40 122 6
40 124 3
40 126 6
40 127 7
40 128 4
40 129 8
40 130 7
40 131 9
40 134 8
40 136 2
40 138 5
40 139 1
40 141 6
40 143 10
40 144 1
40 145 2
40 146 5
40 148 7
40 152 7
40 153 5
40 156 9
40 159 4
40 161 6
40 165 3
40 166 2
40 167 3
40 170 9
40 171 4
40 172 6
40 174 6
40 176 3
40 180 7
40 183 4
40 186 1
40 188 8
40 189 9
40 190 8
40 191 8
40 193 10
40 195 3
40 196 9
40 200 8
40 201 6
40 202 2
40 203 7
40 205 1
40 206 6
40 207 5
40 208 9
40 209 8
40 211 6
40 212 3
40 213 10
40 214 2
40 215 2
40 216 2
40 218 1
40 221 10
40 222 10
40 228 9
40 234 6
40 235 6
40 236 3
40 238 6
40 241 7
40 242 3
40 243 10
40 244 8
40 245 2
40 250 2
40 251 3
40 252 2
40 254 8
40 255 9
40 256 4
40 259 9
40 260 3
40 264 8
40 265 5
40 267 5
40 268 8
40 272 6
40 273 8
40 274 4
40 278 2
40 283 7
40 284 8
40 285 6
40 286 8
40 288 2
40 293 8
40 294 9
40 295 6
40 296 9
40 297 3
40 298 5
40 305 1
40 306 4
40 307 9
40 310 3
40 313 3
40 315 5
40 317 10
40 318 1
40 320 10
40 321 3
40 324 2
40 325 8
40 327 2
40 332 3
40 336 4
40 337 8
40 338 2
40 340 7
40 342 7
40 344 6
40 347 9
40 350 6
40 354 9
40 355 1
40 356 9
40 358 4
40 360 9
40 361 6
40 362 2
40 364 2
40 366 10
40 369 6
40 373 8
40 374 8
40 376 4
40 379 3
40 384 9
40 385 2
40 386 7
40 388 4
40 389 5
40 390 10
40 391 7
40 392 3
40 395 10
40 401 4
40 403 2
40 406 4
40 407 2
40 408 8
40 410 9
40 411 10
40 412 4
40 413 1
40 416 10
40 417 8
40 418 7
40 421 1
40 426 5
40 429 2
40 430 10
40 432 6
40 433 3
40 435 6
40 438 2
40 442 6
40 445 1
40 448 10
40 449 4
41 42 8
41 45 9
41 47 9
41 50 10
41 51 4
41 52 4
41 57 9
41 58 5
41 59 8
41 62 5
41 63 4
41 64 2
41 66 3
41 67 8
41 70 5
41 72 4
41 74 3
41 75 9
41 76 3
41 77 6
41 78 4
41 82 10
41 86 1
41 87 4
41 91 9
41 93 1
41 96 8
41 97 8
41 99 7
41 100 8
41 102 8
41 104 4
41 110 6
41 112 2
41 120 9
41 122 8
41 123 1
41 127 3
41 130 10
41 133 1
41 135 10
41 138 7
41 140 9
41 141 10
41 142 5
41 143 6
41 144 4
41 149 4
41 150 1
41 152 4
41 153 9
41 154 8
41 155 4
41 158 5
41 160 3
41 161 5
41 162 2
41 165 1
41 166 9
41 171 1
41 172 6
41 174 4
41 177 1
41 178 10
41 179 9
41 181 1
41 184 8
41 185 8
41 187 10
41 188 8
41 189 3
41 190 6
41 191 7
41 192 2
41 193 2
41 194 3
41 195 5
41 198 4
41 200 6
41 201 1
41 205 4
41 207 10
41 210 2
41 213 5
41 214 5
41 215 7
41 216 2
41 217 4
41 220 1
41 223 5
41 228 9
41 230 7
41 237 4
41 238 2
41 239 8
41 241 7
41 242 10
41 247 5
41 248 5
41 249 1
41 250 2
41 251 8
41 254 7
41 255 5
41 258 1
41 260 2
41 262 3
41 263 4
41 265 8
41 266 4
41 268 8
41 269 6
41 274 2
41 276 7
41 277 7
41 279 4
41 281 6
41 282 3
41 283 9
41 285 1
41 286 6
41 292 7
41 293 1
41 296 6
41 298 2
41 299 1
41 303 9
41 304 1
41 305 10
41 306 10
41 307 7
41 308 8
41 309 4
41 317 6
41 318 8
41 320 8
41 321 4
41 322 1
41 323 3
41 324 5
41 328 1
41 329 10
41 330 5
41 333 7
41 337 1
41 340 1
41 341 2
41 342 3
41 345 9
41 350 2
41 351 10
41 352 5
41 353 8
41 355 8
41 363 8
41 364 10
41 365 2
41 366 8
41 369 6
41 371 10
41 372 6
41 373 3
41 374 8
41 377 1
41 380 4
41 381 5
41 384 6
41 385 6
41 386 4
41 387 10
41 388 2
41 389 8
41 391 7
41 395 10
41 397 10
41 398 6
41 399 6
41 401 6
41 406 6
41 412 2
41 417 5
41 418 5
41 419 7
41 420 9
41 421 9
41 422 6
41 423 8
41 424 3
41 426 8
41 428 7
41 429 6
41 431 7
41 433 4
41 435 3
41 436 1
41 437 2
41 438 2
41 440 8
41 441 10
41 442 1
41 447 8
42 43 4
42 50 4
42 53 4
42 55 5
42 57 10
42 59 7
42 60 5
42 62 5
42 64 1
42 65 1
42 69 9
42 72 1
42 73 1
42 74 10
42 79 5
42 80 1
42 83 5
42 84 6
42 85 10
42 86 4
42 88 2
42 90 2
42 91 5
42 92 9
42 93 3
42 94 6
42 97 2
42 98 2
42 100 4
42 102 6
42 103 1
42 106 1
42 108 6
42 109 3
42 110 5
42 111 4
42 113 3
42 114 8
42 118 10
42 119 8
42 120 9
42 123 6
42 125 7
42 131 5
42 132 7
42 133 2
42 134 4
42 136 1
42 138 6
42 142 9
42 144 2
42 146 5
42 150 1
42 151 8
42 152 6
42 157 3
42 158 9
42 162 9
42 165 6
42 167 9
42 168 10
42 173 10
42 175 7
42 176 3
42 180 7
42 182 4
42 184 3
42 185 10
42 186 6
42 187 3
42 188 7
42 191 5
42 197 8
42 200 1
42 203 5
42 208 10
42 211 8
42 212 9
42 216 9
42 217 6
42 218 6
42 222 10
42 224 5
42 225 4
42 227 4
42 228 8
42 229 3
42 232 3
42 234 7
42 238 4
42 240 2
42 242 6
42 243 7
42 245 4
42 250 7
42 251 3
42 252 10
42 253 3
42 256 10
42 258 1
42 261 7
42 263 3
42 266 5
42 268 5
42 271 3
42 272 10
42 273 10
42 275 10
42 277 1
42 278 1
42 279 3
42 280 1
42 282 7
42 283 2
42 285 4
42 289 7
42 290 7
42 291 9
42 295 7
42 296 2
42 297 8
42 300 7
42 301 5
42 302 2
42 304 3
42 305 8
42 310 10
42 311 10
42 312 10
42 313 5
42 317 4
42 318 10
42 319 6
42 322 6
42 323 4
42 327 7
42 329 2
42 331 8
42 334 3
42 335 8
42 344 5
42 345 8
42 347 5
42 348 2
42 350 3
42 351 2
42 352 6
42 353 1
42 355 10
42 357 3
42 360 4
42 362 6
42 368 2
42 372 1
42 373 8
42 374 10
42 375 6
42 376 5
42 379 6
42 380 8
42 381 9
42 382 5
42 383 4
42 384 7
42 385 5
42 389 7
42 396 5
42 398 2
42 400 4
42 403 8
42 405 2
42 406 3
42 408 9
42 410 5
42 412 3
42 413 10
42 415 7
42 416 1
42 417 10
42 421 5
42 422 4
42 424 8
42 426 2
42 427 2
42 428 8
42 430 8
42 434 6
42 435 1
42 437 2
42 440 4
42 441 5
42 443 1
42 448 6
43 50 10
43 52 6
43 61 10
43 62 7
43 63 1
43 66 3
43 68 3
43 71 6
43 72 5
43 74 10
43 78 3
43 79 5
43 82 8
43 83 6
43 87 1
43 89 3
43 90 6
43 92 9
43 94 4
43 96 10
43 99 3
43 101 8
43 104 4
43 105 3
43 106 8
43 107 7
43 109 5
43 111 2
43 115 2
43 117 5
43 121 6
43 122 9
43 123 10
43 125 2
43 126 9
43 127 4
43 130 10
43 131 4
43 132 8
43 136 4
43 137 7
43 141 9
43 142 1
43 143 2
43 144 5
43 146 6
43 147 2
43 148 5
43 150 4
43 153 3
43 154 4
43 156 7
43 160 5
43 162 6
43 163 1
43 166 7
43 167 1
43 172 9
43 173 5
43 174 6
43 175 7
43 177 4
43 178 2
43 181 6
43 182 10
43 185 10
43 186 7
43 188 1
43 192 9
43 193 2
43 196 10
43 197 7
43 198 1
43 199 7
43 200 9
43 202 4
43 204 2
43 206 5
43 209 10
43 212 9
43 214 2
43 215 5
43 218 7
43 220 10
43 223 10
43 224 1
43 226 1
43 227 1
43 231 6
43 232 7
43 236 4
43 241 2
43 243 6
43 244 2
43 247 5
43 248 5
43 252 6
43 255 8
43 257 5
43 258 6
43 259 1
43 260 3
43 262 1
43 263 3
43 265 8
43 267 5
43 268 5
43 270 8
43 272 4
43 274 9
43 275 7
43 281 9
43 282 9
43 283 7
43 284 9
43 286 5
43 289 7
43 290 10
43 291 10
43 292 10
43 293 1
43 295 5
43 297 4
43 298 8
43 301 2
43 302 9
43 303 6
43 304 10
43 305 3
43 308 2
43 311 8
43 312 2
43 314 2
43 315 3
43 316 10
43 319 5
43 321 3
43 322 6
43 325 8
43 327 6
43 331 2
43 333 6
43 337 1
43 338 10
43 342 7
43 343 6
43 344 2
43 347 7
43 349 8
43 351 4
43 353 2
43 354 9
43 356 6
43 357 6
43 358 8
43 359 9
43 360 9
43 361 1
43 363 2
43 364 2
43 365 5
43 366 9
43 367 3
43 368 8
43 371 2
43 372 9
43 373 9
43 377 3
43 379 8
43 380 3
43 381 7
43 384 5
43 385 4
43 387 1
43 388 5
43 389 1
43 391 10
43 392 4
43 393 9
43 394 1
43 397 8
43 401 4
43 402 6
43 403 6
43 405 3
43 407 3
43 409 5
43 410 7
43 411 1
43 413 1
43 414 3
43 415 6
43 416 4
43 417 7
43 418 6
43 419 10
43 423 9
43 426 2
43 428 3
43 429 10
43 430 8
43 431 8
43 433 2
43 435 1
43 436 2
43 437 1
43 440 10
43 441 8
43 442 6
43 443 8
43 448 5
44 45 10
44 50 9
44 53 9
44 56 7
44 59 3
44 62 2
44 65 6
44 66 10
44 67 2
44 70 10
44 76 10
44 81 9
44 83 9
44 88 8
44 89 3
44 90 8
44 98 4
44 102 1
44 103 3
44 104 10
44 105 2
44 107 7
44 113 1
44 114 9
44 117 2
44 119 6
44 122 7
44 126 2
44 127 7
44 128 8
44 130 9
44 132 5
44 136 1
44 144 6
44 146 4
44 147 1
44 151 7
44 153 2
44 155 7
44 159 1
44 163 1
44 165 9
44 167 3
44 168 1
44 170 3
44 175 9
44 177 2
44 178 5
44 180 6
44 181 5
44 187 9
44 188 4
44 190 9
44 192 1
44 193 2
44 194 8
44 197 8
44 198 8
44 199 2
44 201 7
44 206 1
44 207 10
44 215 5
44 216 10
44 218 8
44 219 5
44 223 1
44 224 9
44 225 4
44 226 4
44 228 7
44 229 9
44 230 2
44 232 1
44 233 2
44 235 6
44 236 6
44 237 9
44 240 1
44 242 8
44 243 9
44 245 6
44 247 6
44 248 5
44 249 8
44 251 5
44 252 9
44 253 2
44 255 1
44 258 6
44 262 8
44 263 8
44 266 9
44 269 10
44 271 6
44 272 1
44 273 9
44 274 3
44 277 1
44 280 3
44 288 6
44 289 2
44 290 4
44 296 6
44 297 7
44 300 5
44 302 4
44 303 5
44 304 3
44 306 3
44 312 10
44 313 4
44 314 4
44 316 7
44 327 4
44 328 9
44 329 7
44 332 3
44 333 1
44 335 7
44 338 7
44 339 1
44 340 5
44 342 6
44 344 8
44 348 1
44 350 10
44 354 6
44 355 6
44 356 8
44 357 7
44 358 1
44 359 3
44 360 4
44 362 1
44 367 6
44 368 6
44 369 2
44 371 6
44 372 6
44 376 7
44 378 3
44 379 1
44 383 1
44 384 3
44 386 7
44 388 10
44 391 2
44 394 4
44 399 6
44 400 9
44 401 3
44 402 4
44 403 8
44 404 6
44 405 3
44 406 9
44 409 7
44 410 8
44 411 2
44 413 9
44 414 7
44 415 4
44 416 5
44 418 2
44 419 5
44 420 3
44 421 10
44 423 8
44 425 4
44 426 3
44 429 4
44 431 3
44 432 6
44 434 10
44 437 3
44 438 2
44 440 2
44 441 4
44 442 5
44 443 9
44 446 2
44 447 7
44 449 8
45 47 3
45 48 2
45 49 4
45 50 10
45 52 9
45 53 4
45 57 10
45 58 2
45 59 4
45 61 5
45 67 3
45 68 3
45 71 4
45 72 8
45 73 9
45 74 3
45 75 4
45 79 8
45 82 6
45 83 3
45 85 9
45 86 9
45 87 1
45 90 7
45 95 1
45 98 8
45 99 7
45 101 5
45 102 2
45 104 4
45 105 2
45 107 2
45 108 6
45 109 10
45 112 2
45 114 4
45 117 8
45 119 6
45 120 4
45 121 10
45 123 3
45 127 4
45 130 8
45 132 8
45 135 9
45 136 7
45 137 6
45 141 9
45 142 7
45 146 6
45 147 6
45 148 10
45 150 4
45 154 5
45 155 9
45 156 2
45 158 8
45 159 3
45 160 7
45 161 10
45 167 6
45 170 8
45 171 2
45 172 7
45 173 1
45 176 9
45 178 3
45 179 7
45 180 7
45 182 3
45 183 10
45 184 2
45 186 4
45 187 5
45 188 8
45 190 3
45 192 5
45 193 8
45 195 4
45 196 2
45 197 8
45 198 1
45 199 9
45 201 3
45 202 7
45 204 7
45 205 8
45 206 10
45 207 6
45 212 5
45 213 3
45 215 10
45 218 1
45 222 8
45 223 1
45 232 8
45 235 9
45 241 9
45 242 4
45 243 4
45 244 8
45 250 4
45 251 7
45 252 8
45 255 3
45 256 1
45 258 6
45 261 2
45 262 8
45 266 9
45 268 10
45 269 10
45 271 3
45 272 6
45 273 7
45 274 7
45 275 1
45 276 7
45 277 8
45 280 4
45 284 2
45 285 4
45 286 5
45 287 4
45 288 2
45 294 3
45 302 4
45 304 9
45 307 9
45 308 1
45 309 5
45 310 9
45 311 6
45 314 1
45 315 7
45 317 8
45 319 4
45 320 9
45 321 3
45 322 8
45 326 4
45 333 9
45 334 6
45 337 3
45 338 3
45 339 10
45 340 6
45 341 8
45 342 7
45 343 7
45 344 3
45 347 3
45 348 9
45 351 6
45 353 6
45 356 7
45 357 9
45 358 6
45 360 4
45 362 7
45 363 8
45 364 4
45 366 10
45 371 7
45 374 2
45 375 6
45 376 9
45 377 5
45 380 9
45 382 2
45 384 9
45 385 5
45 386 6
45 389 10
45 391 4
45 392 8
45 393 8
45 395 5
45 396 5
45 397 2
45 398 7
45 402 1
45 403 3
45 405 5
45 410 7
45 411 2
45 413 6
45 414 7
45 415 3
45 419 10
45 422 6
45 424 1
45 426 4
45 431 7
45 432 6
45 434 8
45 437 8
45 438 5
45 439 7
45 440 9
45 443 6
45 444 8
45 445 10
45 447 9
45 448 6
45 449 6
46 47 4
46 49 1
46 50 1
46 52 8
46 53 9
46 55 8
46 58 8
46 59 1
46 62 8
46 64 4
46 65 7
46 68 9
46 69 10
46 71 5
46 72 5
46 80 4
46 84 7
46 86 5
46 90 3
46 91 5
46 93 4
46 95 5
46 97 2
46 99 10
46 100 10
46 101 5
46 104 6
46 106 8
46 107 10
46 110 3
46 112 8
46 113 1
46 115 1
46 116 10
46 120 4
46 121 9
46 122 5
46 124 8
46 126 2
46 127 1
46 128 2
46 132 4
46 134 2
46 136 9
46 138 3
46 145 6
46 147 2
46 152 1
46 153 4
46 154 3
46 155 9
46 156 5
46 157 9
46 158 10
46 161 6
46 167 2
46 168 6
46 169 3
46 172 8
46 174 9
46 175 5
46 177 6
46 180 9
46 186 4
46 187 1
46 188 5
46 189 9
46 190 9
46 191 8
46 192 3
46 193 2
46 196 7
46 201 10
46 202 6
46 205 7
46 208 4
46 210 1
46 213 9
46 215 1
46 216 1
46 222 2
46 224 4
46 227 9
46 228 6
46 230 10
46 233 1
46 236 8
46 237 4
46 242 4
46 243 6
46 245 5
46 246 2
46 252 7
46 259 6
46 262 1
46 263 1
46 269 9
46 270 9
46 271 6
46 272 6
46 273 7
46 274 4
46 275 4
46 278 3
46 279 9
46 281 7
46 285 4
46 287 5
46 288 5
46 291 1
46 292 7
46 293 9
46 295 7
46 298 8
46 300 2
46 301 1
46 302 10
46 305 8
46 307 9
46 308 3
46 309 9
46 311 3
46 314 7
46 315 1
46 316 3
46 317 3
46 322 8
46 323 7
46 324 6
46 325 3
46 327 1
46 331 2
46 332 2
46 333 3
46 334 3
46 335 10
46 336 9
46 337 5
46 339 2
46 340 5
46 343 7
46 346 6
46 348 9
46 349 3
46 350 5
46 351 5
46 352 8
46 353 3
46 354 6
46 358 9
46 359 1
46 360 1
46 361 10
46 363 1
46 365 1
46 369 7
46 371 4
46 372 9
46 373 4
46 374 5
46 375 9
46 377 6
46 378 9
46 379 1
46 380 4
46 382 1
46 383 5
46 386 3
46 387 9
46 388 1
46 390 9
46 395 1
46 397 4
46 398 7
46 401 1
46 403 8
46 407 8
46 408 3
46 409 6
46 413 5
46 417 7
46 419 6
46 420 10
46 421 10
46 422 6
46 424 9
46 425 8
46 429 9
46 430 5
46 431 3
46 432 10
46 433 10
46 435 5
46 438 2
46 439 3
46 440 9
46 441 4
46 443 4
46 444 7
46 445 5
46 446 10
46 448 9
46 449 3
47 52 8
47 55 7
47 56 8
47 58 10
47 60 8
47 61 7
47 63 1
47 65 5
47 66 1
47 67 7
47 68 10
47 70 8
47 72 9
47 73 4
47 74 3
47 75 2
47 79 2
47 81 9
47 83 5
47 85 5
47 88 5
47 93 8
47 95 2
47 100 2
47 101 5
47 102 7
47 104 2
47 106 9
47 107 9
47 108 2
47 110 3
47 111 1
47 112 7
47 115 4
47 116 7
47 120 8
47 121 4
47 126 5
47 128 10
47 130 5
47 133 8
47 135 8
47 137 2
47 138 4
47 139 10
47 140 9
47 143 7
47 144 1
47 145 6
47 146 5
47 147 1
47 148 9
47 149 4
47 152 5
47 155 5
47 158 9
47 162 2
47 163 1
47 168 4
47 169 8
47 170 3
47 172 6
47 176 8
47 182 4
47 183 9
47 184 8
47 186 2
47 187 9
47 189 6
47 190 6
47 191 2
47 192 6
47 193 6
47 194 1
47 195 4
47 199 10
47 201 6
47 203 1
47 204 10
47 205 7
47 208 8
47 209 5
47 214 7
47 215 8
47 217 6
47 218 4
47 220 4
47 221 2
47 222 2
47 223 2
47 225 3
47 229 5
47 233 5
47 235 7
47 238 2
47 243 3
47 244 9
47 245 8
47 246 8
47 247 2
47 248 10
47 249 1
47 250 10
47 252 10
47 258 9
47 260 8
47 261 9
47 262 3
47 263 4
47 264 9
47 265 7
47 266 9
47 267 8
47 270 9
47 271 3
47 275 10
47 276 4
47 280 3
47 281 8
47 283 5
47 285 5
47 288 2
47 290 4
47 291 1
47 293 4
47 296 6
47 297 2
47 298 5
47 300 7
47 302 5
47 303 3
47 306 4
47 308 6
47 309 4
47 310 1
47 312 5
47 315 1
47 316 4
47 319 8
47 321 3
47 327 9
47 329 6
47 330 9
47 333 10
47 334 1
47 335 9
47 336 7
47 339 5
47 340 5
47 342 2
47 343 4
47 347 8
47 349 1
47 357 7
47 358 3
47 360 6
47 362 6
47 364 5
47 365 4
47 367 9
47 368 7
47 369 3
47 373 5
47 375 8
47 376 9
47 377 8
47 378 1
47 381 9
47 384 3
47 387 2
47 389 4
47 393 2
47 396 4
47 397 10
47 398 10
47 404 7
47 406 5
47 407 5
47 408 1
47 409 4
47 411 5
47 414 10
47 415 9
47 416 10
47 419 7
47 420 2
47 421 9
47 423 4
47 424 5
47 425 8
47 426 8
47 428 8
47 429 6
47 430 5
47 431 6
47 433 7
47 434 6
47 435 10
47 438 5
47 439 9
47 440 6
47 441 7
47 442 3
47 446 7
47 449 9
48 49 10
48 52 9
48 54 1
48 55 8
48 56 4
48 57 5
48 62 5
48 64 6
48 65 3
48 66 5
48 69 10
48 70 2
48 71 10
48 72 2
48 73 9
48 74 6
48 75 1
48 77 7
48 79 4
48 80 5
48 81 1
48 84 9
48 85 5
48 87 3
48 89 3
48 90 5
48 91 9
48 93 3
48 94 6
48 95 6
48 96 2
48 97 10
48 98 1
48 100 10
48 103 8
48 105 8
48 106 5
48 107 7
48 109 1
48 110 7
48 111 2
48 113 1
48 114 5
48 115 10
48 116 10
48 120 8
48 121 5
48 124 9
48 127 6
48 128 8
48 130 2
48 132 2
48 134 6
48 137 3
48 140 1
48 141 10
48 143 2
48 145 8
48 147 2
48 148 3
48 149 2
48 150 1
48 152 8
48 155 3
48 157 6
48 158 1
48 159 9
48 163 10
48 164 2
48 167 6
48 168 4
48 169 10
48 170 1
48 172 9
48 176 8
48 177 9
48 178 10
48 180 2
48 181 6
48 185 9
48 188 6
48 189 9
48 192 9
48 193 6
48 194 4
48 196 6
48 198 1
48 200 4
48 204 4
48 205 3
48 206 4
48 207 4
48 209 6
48 211 7
48 212 4
48 213 1
48 214 4
48 216 5
48 217 8
48 220 8
48 221 6
48 224 2
48 226 3
48 227 10
48 228 6
48 235 6
48 237 7
48 238 3
48 242 5
48 243 10
48 244 8
48 245 5
48 246 8
48 252 6
48 253 7
48 255 10
48 257 8
48 258 7
48 260 3
48 261 9
48 264 8
48 270 6
48 272 9
48 273 7
48 274 5
48 275 4
48 276 7
48 281 9
48 282 6
48 291 6
48 292 1
48 293 1
48 298 10
48 299 6
48 304 5
48 305 2
48 306 1
48 307 1
48 308 6
48 314 5
48 317 4
48 320 2
48 321 8
48 324 8
48 325 9
48 326 4
48 327 8
48 330 7
48 331 7
48 332 4
48 334 5
48 336 4
48 339 2
48 346 9
48 348 6
48 349 2
48 351 4
48 354 1
48 355 4
48 356 3
48 362 4
48 364 6
48 370 7
48 371 1
48 374 1
48 375 3
48 377 4
48 379 4
48 381 4
48 387 1
48 388 4
48 389 4
48 390 1
48 397 9
48 400 3
48 401 7
48 404 9
48 407 10
48 408 3
48 409 10
48 411 2
48 413 7
48 417 7
48 418 7
48 419 8
48 420 2
48 421 7
48 422 1
48 423 10
48 425 2
48 429 10
48 432 1
48 433 8
48 435 4
48 438 1
48 441 4
48 442 3
48 443 10
48 445 1
48 448 6
49 50 5
49 51 6
49 52 5
49 53 2
49 56 5
49 57 9
49 58 4
49 61 3
49 64 8
49 65 9
49 67 4
49 69 9
49 70 5
49 71 4
49 74 10
49 75 4
49 77 9
49 79 4
49 81 2
49 82 1
49 88 2
49 91 4
49 92 5
49 94 3
49 95 5
49 97 7
49 99 3
49 102 2
49 103 2
49 104 8
49 105 5
49 108 1
49 110 8
49 113 7
49 117 3
49 118 5
49 119 2
49 121 5
49 122 8
49 123 3
49 125 8
49 126 7
49 127 3
49 128 1
49 131 8
49 133 7
49 138 7
49 143 5
49 147 9
49 150 2
49 151 4
49 153 5
49 154 1
49 155 5
49 157 1
49 162 2
49 163 1
49 165 4
49 167 1
49 169 9
49 170 6
49 172 4
49 173 9
49 177 8
49 180 5
49 188 4
49 189 6
49 190 10
49 192 7
49 193 3
49 196 1
49 201 10
49 202 1
49 205 3
49 207 10
49 210 7
49 211 8
49 212 9
49 213 7
49 215 10
49 216 5
49 220 3
49 222 9
49 229 8
49 231 3
49 234 5
49 236 4
49 238 10
49 239 7
49 240 9
49 244 8
49 250 4
49 251 7
49 253 4
49 254 3
49 255 6
49 256 8
49 257 7
49 258 9
49 260 4
49 261 5
49 262 5
49 263 10
49 264 4
49 266 10
49 268 7
49 269 3
49 270 4
49 274 3
49 275 5
49 279 9
49 280 1
49 281 9
49 282 5
49 283 3
49 284 10
49 285 10
49 286 10
49 288 9
49 289 3
49 291 7
49 292 8
49 293 3
49 294 6
49 296 3
49 297 1
49 298 10
49 303 9
49 304 2
49 313 10
49 316 1
49 318 1
49 319 8
49 320 9
49 322 8
49 325 1
49 326 4
49 327 6
49 331 6
49 333 4
49 337 2
49 340 1
49 341 2
49 342 4
49 343 9
49 344 6
49 345 10
49 347 7
49 348 4
49 350 2
49 351 4
49 352 1
49 357 5
49 359 4
49 360 2
49 361 1
49 365 4
49 369 9
49 373 3
49 374 4
49 376 2
49 377 2
49 379 8
49 381 8
49 384 7
49 385 2
49 386 4
49 388 6
49 389 6
49 390 9
49 392 5
49 396 4
49 398 6
49 399 6
49 402 4
49 405 5
49 407 1
49 409 9
49 415 9
49 416 9
49 418 10
49 419 5
49 420 1
49 421 8
49 422 7
49 423 5
49 424 5
49 425 10
49 426 5
49 427 2
49 428 2
49 430 4
49 431 4
49 432 6
49 435 7
49 436 6
49 438 1
49 439 3
49 440 4
49 441 10
49 443 7
49 446 10
50 53 4
50 55 9
50 61 8
50 65 8
50 66 1
50 67 8
50 71 1
50 73 8
50 74 7
50 76 4
50 77 3
50 78 2
50 80 8
50 81 6
50 82 6
50 83 2
50 84 7
50 86 6
50 87 8
50 88 4
50 89 8
50 90 4
50 91 10
50 94 3
50 96 8
50 97 6
50 99 4
50 104 10
50 107 1
50 108 3
50 110 6
50 113 9
50 114 10
50 115 10
50 117 10
50 118 5
50 120 3
50 121 2
50 122 4
50 124 8
50 125 3
50 127 2
50 129 1
50 130 3
50 131 8
50 135 1
50 136 2
50 139 10
50 140 9
50 141 4
50 143 8
50 144 7
50 148 7
50 149 4
50 150 2
50 154 8
50 155 5
50 159 5
50 160 3
50 161 3
50 162 9
50 163 10
50 164 6
50 166 9
50 169 1
50 170 9
50 171 7
50 172 9
50 174 1
50 175 1
50 177 8
50 178 4
50 180 10
50 182 8
50 183 6
50 184 4
50 185 4
50 186 9
50 189 10
50 190 2
50 191 4
50 192 6
50 193 1
50 194 5
50 195 4
50 196 3
50 197 4
50 198 9
50 199 5
50 200 1
50 201 8
50 202 6
50 206 9
50 207 6
50 211 7
50 212 2
50 214 4
50 216 4
50 220 2
50 224 8
50 225 5
50 226 4
50 229 8
50 230 10
50 232 10
50 234 3
50 236 9
50 238 5
50 239 3
50 240 8
50 242 9
50 243 6
50 246 4
50 247 2
50 250 1
50 252 5
50 253 10
50 254 7
50 258 8
50 260 2
50 263 1
50 264 10
50 267 1
50 272 4
50 275 2
50 276 5
50 277 7
50 278 7
50 280 5
50 284 1
50 285 6
50 286 9
50 288 4
50 290 1
50 292 8
50 295 1
50 296 5
50 297 8
50 302 5
50 304 3
50 305 10
50 306 8
50 309 3
50 310 3
50 312 5
50 313 8
50 316 3
50 318 4
50 319 2
50 323 3
50 324 4
50 326 10
50 330 2
50 331 6
50 332 3
50 334 3
50 337 9
50 338 1
50 341 4
50 343 5
50 345 7
50 346 9
50 347 3
50 349 9
50 351 10
50 353 7
50 357 9
50 358 1
50 360 4
50 363 3
50 366 6
50 367 3
50 368 3
50 371 9
50 372 7
50 374 6
50 375 3
50 378 2
50 381 4
50 383 10
50 384 1
50 385 4
50 387 6
50 390 10
50 392 4
50 401 1
50 404 6
50 407 5
50 408 8
50 412 2
50 415 1
50 416 1
50 417 3
50 418 2
50 421 2
50 422 3
50 430 8
50 431 4
50 433 9
50 434 7
50 436 4
50 437 4
50 441 7
50 442 2
50 447 10
51 52 6
51 53 5
51 54 10
51 56 3
51 61 3
51 62 5
51 65 3
51 68 8
51 69 5
51 70 7
51 73 3
51 76 10
51 77 2
51 82 4
51 83 4
51 90 6
51 92 9
51 93 9
51 96 9
51 97 2
51 98 4
51 100 6
51 102 7
51 103 2
51 104 8
51 105 4
51 106 2
51 110 9
51 111 4
51 112 6
51 115 2
51 117 6
51 118 1
51 119 2
51 121 9
51 122 8
51 123 3
51 124 1
51 126 4
51 128 3
51 130 3
51 132 4
51 133 5
51 134 4
51 135 9
51 136 5
51 139 9
51 142 9
51 143 10
51 144 10
51 146 1
51 150 7
51 156 4
51 158 8
51 159 8
51 162 8
51 165 4
51 166 10
51 168 8
51 169 5
51 172 8
51 176 9
51 178 3
51 182 4
51 183 2
51 187 5
51 189 8
51 190 6
51 191 8
51 192 9
51 193 9
51 194 5
51 195 6
51 196 10
51 197 10
51 198 8
51 200 4
51 202 1
51 206 6
51 208 3
51 209 3
51 210 2
51 211 9
51 214 9
51 216 7
51 217 6
51 219 5
51 222 8
51 223 4
51 224 1
51 228 3
51 229 3
51 231 5
51 232 7
51 233 5
51 234 9
51 235 4
51 238 6
51 240 1
51 243 7
51 244 3
51 246 4
51 247 1
51 250 10
51 251 8
51 255 2
51 260 6
51 262 6
51 264 8
51 266 10
51 268 1
51 272 8
51 273 1
51 274 1
51 276 3
51 278 9
51 280 9
51 281 3
51 286 4
51 291 9
51 293 8
51 294 10
51 295 8
51 296 6
51 297 10
51 298 1
51 301 5
51 302 10
51 303 4
51 304 6
51 306 8
51 307 10
51 308 3
51 313 7
51 316 1
51 319 6
51 324 1
51 331 8
51 333 10
51 334 10
51 335 5
51 341 2
51 342 8
51 343 7
51 345 4
51 346 9
51 347 6
51 348 2
51 350 9
51 354 10
51 356 5
51 357 5
51 359 10
51 364 6
51 365 6
51 368 10
51 373 5
51 374 3
51 377 7
51 381 6
51 385 8
51 388 1
51 390 10
51 393 7
51 394 7
51 395 7
51 396 10
51 397 2
51 398 9
51 400 9
51 402 10
51 403 6
51 409 7
51 410 5
51 412 5
51 413 5
51 414 5
51 420 4
51 421 10
51 422 1
51 424 5
51 430 6
51 431 9
51 435 1
51 437 4
51 445 2
51 446 7
51 447 2
51 449 10
52 54 7
52 55 9
52 56 1
52 57 2
52 59 10
52 60 10
52 61 4
52 63 3
52 64 7
52 65 3
52 67 4
52 69 8
52 72 9
52 73 1
52 76 8
52 77 7
52 78 7
52 80 9
52 84 3
52 86 10
52 89 8
52 93 1
52 97 4
52 98 9
52 99 8
52 100 9
52 101 5
52 102 2
52 105 9
52 107 4
52 109 3
52 113 3
52 117 7
52 118 7
52 120 3
52 126 1
52 127 10
52 128 4
52 131 3
52 132 3
52 137 10
52 138 6
52 139 10
52 140 8
52 141 10
52 142 8
52 143 2
52 144 6
52 145 10
52 151 5
52 155 9
52 156 6
52 157 2
52 160 10
52 162 9
52 167 4
52 169 4
52 170 3
52 171 8
52 173 3
52 176 10
52 177 1
52 178 7
52 179 8
52 183 7
52 184 4
52 189 5
52 190 9
52 197 8
52 199 4
52 201 1
52 202 8
52 203 10
52 206 10
52 208 5
52 212 9
52 215 9
52 217 6
52 220 8
52 222 2
52 224 8
52 225 9
52 226 1
52 227 2
52 228 9
52 229 9
52 231 10
52 234 4
52 236 6
52 237 8
52 238 2
52 239 10
52 240 2
52 241 10
52 243 1
52 244 9
52 245 7
52 246 5
52 248 1
52 251 5
52 252 6
52 253 7
52 254 4
52 255 10
52 258 4
52 260 6
52 262 5
52 264 8
52 265 9
52 267 10
52 270 7
52 271 10
52 272 4
52 276 9
52 279 4
52 280 3
52 282 7
52 287 1
52 289 10
52 290 4
52 292 6
52 293 5
52 294 2
52 295 9
52 296 6
52 297 2
52 298 6
52 299 3
52 301 7
52 303 7
52 305 8
52 306 7
52 307 7
52 309 10
52 312 8
52 313 6
52 315 4
52 316 1
52 317 1
52 318 4
52 319 3
52 320 9
52 321 9
52 322 6
52 326 3
52 330 7
52 331 10
52 332 1
52 333 2
52 334 7
52 335 9
52 336 1
52 337 9
52 340 9
52 342 10
52 343 7
52 344 9
52 347 1
52 348 5
52 349 4
52 350 8
52 351 9
52 354 6
52 358 8
52 360 4
52 362 5
52 364 10
52 365 3
52 366 3
52 367 8
52 369 5
52 370 2
52 374 5
52 375 4
52 377 5
52 379 3
52 381 5
52 382 5
52 383 7
52 384 3
52 385 7
52 388 9
52 390 7
52 392 4
52 394 6
52 395 3
52 396 8
52 397 2
52 399 3
52 401 10
52 403 8
52 404 4
52 406 2
52 409 9
52 410 2
52 412 4
52 413 5
52 414 7
52 415 8
52 416 8
52 417 10
52 418 2
52 419 4
52 422 3
52 424 6
52 426 9
52 427 9
52 428 4
52 429 9
52 431 3
52 434 9
52 435 1
52 436 4
52 438 1
52 439 3
52 443 9
52 444 6
52 445 4
52 449 6
53 57 4
53 58 6
53 59 6
53 60 2
53 62 6
53 63 9
53 64 10
53 66 8
53 67 10
53 69 8
53 71 10
53 72 4
53 77 8
53 78 8
53 79 4
53 81 6
53 82 6
53 85 1
53 90 3
53 93 7
53 97 7
53 103 5
53 104 4
53 107 3
53 109 5
53 110 1
53 111 1
53 112 7
53 113 10
53 119 10
53 120 3
53 122 9
53 125 1
53 127 10
53 129 3
53 131 1
53 132 8
53 138 10
53 139 6
53 143 3
53 146 4
53 147 6
53 148 9
53 149 1
53 151 5
53 152 4
53 153 9
53 154 3
53 156 2
53 157 1
53 159 2
53 160 6
53 164 1
53 167 10
53 170 8
53 171 1
53 174 9
53 175 10
53 181 5
53 183 6
53 184 1
53 186 6
53 187 9
53 188 9
53 193 2
53 194 4
53 199 8
53 202 8
53 203 8
53 204 10
53 206 6
53 208 3
53 210 1
53 211 2
53 213 7
53 215 2
53 216 2
53 218 1
53 219 1
53 222 7
53 225 5
53 226 5
53 227 10
53 228 8
53 229 4
53 233 1
53 236 2
53 237 10
53 240 9
53 244 9
53 245 8
53 246 7
53 247 2
53 249 9
53 250 9
53 251 10
53 256 1
53 257 4
53 259 1
53 261 10
53 266 10
53 268 9
53 272 8
53 273 4
53 276 9
53 279 7
53 280 6
53 281 7
53 282 9
53 283 9
53 284 3
53 285 1
53 286 7
53 288 7
53 291 10
53 293 2
53 294 5
53 296 1
53 298 6
53 299 3
53 300 10
53 301 8
53 304 9
53 306 1
53 307 6
53 310 6
53 314 5
53 315 5
53 316 4
53 319 10
53 320 1
53 321 8
53 326 8
53 328 2
53 329 4
53 330 5
53 332 7
53 334 6
53 336 10
53 338 5
53 340 5
53 342 1
53 343 3
53 344 8
53 345 1
53 347 4
53 348 9
53 350 6
53 351 2
53 353 7
53 355 9
53 356 6
53 357 4
53 358 5
53 359 2
53 360 6
53 362 3
53 363 3
53 364 6
53 365 3
53 366 5
53 367 2
53 370 4
53 373 6
53 376 9
53 382 8
53 383 10
53 386 6
53 387 6
53 390 4
53 391 10
53 395 10
53 397 2
53 398 3
53 399 7
53 401 6
53 402 4
53 403 1
53 405 7
53 407 6
53 410 10
53 412 10
53 416 5
53 417 4
53 418 1
53 420 1
53 423 2
53 426 8
53 431 9
53 432 5
53 433 5
53 434 2
53 435 4
53 437 2
53 438 7
53 440 1
53 441 6
53 443 9
53 445 8
53 447 10
54 55 4
54 58 4
54 59 2
54 60 10
54 62 4
54 64 4
54 65 1
54 69 4
54 70 6
54 73 5
54 77 7
54 81 4
54 83 4
54 86 3
54 87 6
54 90 6
54 91 6
54 92 2
54 95 5
54 96 7
54 100 3
54 101 6
54 104 8
54 107 2
54 109 9
54 112 10
54 114 9
54 115 8
54 116 5
54 120 7
54 121 6
54 122 4
54 126 1
54 128 4
54 130 5
54 131 7
54 132 4
54 136 9
54 138 7
54 141 9
54 148 3
54 151 8
54 156 10
54 159 9
54 160 1
54 163 5
54 164 10
54 165 5
54 166 6
54 167 8
54 168 4
54 170 4
54 172 8
54 173 9
54 174 9
54 175 1
54 176 7
54 178 10
54 181 4
54 182 9
54 183 10
54 184 4
54 185 7
54 186 3
54 190 1
54 191 3
54 193 8
54 195 9
54 197 9
54 198 7
54 199 10
54 202 1
54 203 2
54 204 1
54 205 6
54 206 7
54 208 4
54 210 3
54 212 6
54 213 3
54 215 10
54 216 8
54 219 2
54 222 6
54 223 6
54 224 6
54 225 6
54 226 5
54 228 1
54 229 1
54 232 5
54 233 9
54 234 8
54 235 3
54 238 10
54 239 2
54 240 7
54 241 1
54 244 4
54 248 10
54 249 9
54 250 4
54 251 2
54 252 10
54 253 2
54 254 5
54 255 4
54 259 8
54 260 2
54 261 9
54 262 6
54 264 1
54 266 8
54 267 6
54 268 5
54 269 5
54 270 8
54 271 5
54 275 5
54 278 8
54 279 5
54 280 4
54 282 8
54 285 6
54 287 7
54 288 9
54 290 8
54 292 5
54 294 2
54 295 8
54 296 2
54 298 9
54 300 1
54 301 3
54 303 7
54 305 1
54 310 4
54 311 7
54 315 6
54 316 9
54 319 7
54 322 7
54 323 3
54 324 6
54 327 6
54 329 4
54 330 10
54 332 6
54 338 6
54 339 4
54 340 3
54 341 3
54 342 7
54 343 5
54 345 7
54 346 10
54 348 3
54 349 8
54 351 4
54 353 4
54 354 5
54 356 4
54 357 5
54 358 3
54 359 4
54 360 7
54 363 10
54 365 9
54 366 2
54 367 10
54 368 10
54 369 4
54 370 9
54 373 4
54 374 10
54 377 5
54 379 2
54 381 6
54 382 9
54 383 8
54 384 2
54 385 2
54 386 8
54 388 7
54 389 7
54 394 5
54 395 3
54 397 4
54 398 5
54 399 10
54 402 5
54 404 9
54 405 5
54 408 9
54 410 2
54 412 2
54 415 10
54 416 1
54 418 7
54 419 4
54 420 10
54 424 5
54 425 8
54 426 9
54 427 7
54 431 10
54 433 7
54 435 4
54 436 9
54 439 3
54 442 1
54 446 5
54 447 2
54 448 5
54 449 3
55 56 10
55 61 4
55 62 1
55 63 7
55 64 3
55 65 2
55 66 3
55 68 10
55 70 8
55 71 2
55 73 4
55 74 3
55 75 8
55 76 1
55 77 10
55 78 1
55 80 8
55 81 3
55 82 5
55 83 4
55 85 10
55 88 9
55 90 8
55 94 4
55 96 5
55 97 3
55 103 6
55 107 7
55 109 10
55 111 1
55 113 6
55 114 3
55 117 2
55 118 7
55 122 7
55 123 1
55 124 1
55 126 4
55 127 10
55 130 8
55 132 8
55 133 1
55 135 10
55 136 8
55 142 5
55 143 3
55 144 9
55 145 6
55 147 3
55 154 6
55 155 4
55 156 2
55 159 6
55 161 6
55 162 1
55 164 7
55 166 10
55 169 10
55 173 4
55 176 4
55 181 4
55 184 4
55 186 6
55 188 7
55 191 4
55 193 9
55 194 9
55 197 10
55 198 4
55 199 9
55 200 2
55 201 5
55 206 7
55 208 9
55 213 3
55 214 8
55 215 8
55 216 6
55 217 9
55 218 9
55 219 1
55 221 10
55 224 7
55 226 1
55 228 10
55 229 9
55 230 5
55 232 1
55 234 7
55 237 7
55 238 2
55 239 9
55 241 4
55 242 7
55 243 3
55 245 2
55 249 9
55 253 1
55 255 4
55 256 9
55 258 2
55 261 8
55 262 6
55 265 9
55 266 5
55 270 9
55 271 8
55 275 8
55 277 1
55 278 10
55 279 1
55 282 2
55 283 6
55 284 9
55 285 4
55 286 8
55 287 6
55 288 1
55 292 6
55 293 2
55 295 6
55 298 7
55 299 10
55 302 10
55 303 1
55 306 4
55 309 9
55 311 6
55 312 8
55 314 5
55 316 1
55 319 5
55 320 7
55 321 2
55 323 9
55 324 7
55 326 4
55 327 6
55 328 9
55 329 8
55 331 5
55 332 8
55 336 9
55 341 7
55 346 6
55 349 5
55 352 4
55 353 4
55 357 8
55 359 4
55 360 6
55 361 1
55 362 3
55 365 6
55 366 9
55 368 2
55 371 3
55 375 9
55 376 1
55 384 6
55 385 7
55 387 10
55 389 8
55 390 3
55 391 4
55 394 1
55 396 3
55 398 4
55 400 10
55 401 9
55 403 9
55 404 6
55 407 5
55 411 2
55 415 3
55 417 10
55 418 7
55 420 2
55 421 5
55 422 3
55 423 3
55 424 5
55 426 7
55 428 10
55 430 1
55 431 9
55 434 5
55 435 3
55 436 6
55 437 6
55 446 7
55 447 6
56 57 10
56 60 1
56 62 1
56 63 2
56 64 5
56 65 2
56 68 5
56 72 6
56 73 1
56 75 10
56 77 4
56 78 3
56 80 4
56 81 4
56 83 5
56 85 10
56 89 10
56 90 6
56 91 4
56 96 1
56 97 10
56 98 7
56 99 5
56 102 10
56 105 3
56 106 6
56 107 10
56 109 2
56 114 8
56 115 7
56 119 7
56 122 2
56 123 2
56 125 6
56 126 3
56 127 10
56 130 2
56 131 2
56 132 3
56 133 9
56 137 2
56 140 1
56 142 5
56 143 5
56 146 3
56 149 10
56 153 10
56 154 8
56 156 7
56 161 8
56 162 7
56 165 6
56 168 7
56 169 10
56 171 2
56 172 9
56 173 2
56 174 10
56 176 9
56 179 5
56 180 5
56 182 7
56 184 3
56 186 9
56 190 8
56 191 3
56 195 1
56 196 1
56 197 1
56 200 9
56 201 9
56 203 6
56 204 10
56 205 4
56 208 5
56 210 1
56 213 3
56 215 9
56 218 10
56 219 3
56 223 4
56 225 1
56 226 3
56 227 3
56 228 5
56 231 9
56 233 10
56 235 2
56 236 10
56 238 3
56 244 2
56 245 3
56 249 4
56 250 4
56 252 1
56 253 9
56 254 3
56 256 6
56 257 5
56 259 8
56 263 7
56 267 4
56 269 3
56 271 7
56 272 10
56 276 10
56 280 2
56 281 6
56 283 8
56 284 6
56 287 2
56 289 4
56 290 10
56 292 4
56 293 8
56 295 2
56 299 3
56 300 8
56 301 9
56 302 1
56 303 1
56 304 2
56 305 4
56 306 10
56 308 5
56 310 2
56 313 1
56 314 9
56 317 4
56 319 10
56 321 2
56 323 9
56 324 5
56 325 10
56 327 1
56 329 7
56 332 6
56 333 5
56 334 7
56 335 1
56 336 8
56 338 4
56 341 8
56 342 9
56 347 10
56 352 9
56 355 9
56 356 10
56 358 10
56 359 8
56 360 10
56 363 1
56 364 7
56 366 5
56 367 2
56 368 9
56 369 3
56 370 6
56 374 9
56 376 10
56 378 4
56 379 7
56 380 6
56 382 2
56 384 10
56 386 7
56 387 1
56 388 9
56 389 1
56 390 7
56 391 3
56 392 3
56 393 9
56 394 7
56 397 8
56 399 9
56 402 6
56 407 6
56 409 4
56 410 9
56 412 10
56 414 3
56 416 5
56 419 2
56 420 8
56 422 8
56 423 10
56 424 2
56 425 6
56 427 10
56 428 1
56 429 3
56 435 4
56 437 6
56 438 7
56 440 5
56 445 4
56 447 4
56 448 6
56 449 1
57 59 8
57 60 9
57 61 10
57 63 2
57 65 9
57 66 2
57 68 3
57 69 4
57 71 3
57 72 2
57 73 8
57 76 4
57 77 9
57 78 3
57 81 10
57 84 4
57 85 5
57 88 1
57 90 1
57 91 5
57 92 6
57 93 4
57 96 7
57 97 10
57 99 9
57 100 3
57 101 4
57 102 3
57 103 10
57 105 3
57 106 1
57 108 10
57 115 1
57 116 2
57 119 5
57 120 6
57 122 5
57 123 3
57 124 7
57 126 2
57 127 5
57 129 7
57 130 6
57 131 7
57 132 2
57 134 10
57 135 4
57 136 8
57 137 6
57 143 3
57 144 1
57 146 1
57 147 7
57 148 10
57 151 9
57 152 8
57 154 3
57 156 2
57 158 8
57 160 5
57 162 9
57 163 1
57 166 8
57 167 6
57 168 6
57 171 10
57 175 7
57 176 9
57 180 10
57 186 4
57 187 1
57 191 7
57 192 6
57 194 4
57 195 5
57 197 10
57 198 7
57 200 8
57 201 4
57 202 3
57 204 9
57 205 2
57 207 5
57 209 2
57 210 5
57 211 3
57 212 10
57 217 5
57 219 8
57 221 5
57 222 1
57 224 6
57 226 2
57 227 8
57 229 1
57 230 3
57 232 10
57 234 7
57 235 3
57 240 10
57 241 4
57 242 8
57 243 2
57 245 2
57 246 6
57 248 8
57 250 2
57 252 5
57 254 3
57 255 1
57 256 7
57 257 10
57 259 9
57 260 3
57 261 2
57 263 6
57 264 6
57 266 5
57 270 5
57 271 7
57 272 7
57 273 2
57 274 9
57 276 6
57 278 7
57 280 7
57 281 1
57 285 9
57 286 10
57 287 4
57 290 10
57 291 10
57 292 6
57 294 5
57 297 7
57 298 7
57 301 2
57 302 3
57 304 9
57 307 4
57 308 6
57 309 2
57 311 9
57 312 9
57 313 7
57 315 10
57 316 10
57 317 6
57 318 3
57 319 5
57 320 1
57 321 4
57 324 9
57 325 7
57 326 8
57 328 10
57 335 5
57 337 1
57 340 8
57 342 7
57 343 10
57 344 3
57 345 4
57 348 1
57 349 2
57 350 5
57 351 10
57 352 9
57 353 8
57 354 5
57 359 6
57 360 9
57 361 3
57 362 10
57 367 2
57 368 7
57 369 5
57 371 3
57 372 5
57 377 7
57 378 6
57 379 2
57 381 1
57 382 7
57 383 2
57 386 2
57 387 7
57 388 9
57 389 8
57 391 4
57 394 1
57 395 7
57 396 4
57 398 6
57 399 4
57 400 9
57 403 2
57 404 2
57 405 5
57 406 4
57 407 3
57 408 5
57 411 8
57 412 6
57 414 4
57 415 2
57 419 7
57 420 7
57 421 3
57 422 10
57 423 3
57 424 9
57 425 2
57 426 5
57 427 7
57 428 3
57 430 3
57 431 5
57 434 5
57 436 8
57 437 4
57 438 1
57 442 1
57 444 6
57 445 9
57 446 2
57 447 6
58 62 1
58 65 4
58 66 6
58 68 6
58 71 7
58 72 9
58 76 6
58 81 5
58 83 9
58 84 6
58 85 5
58 86 4
58 87 7
58 89 8
58 93 5
58 94 3
58 95 6
58 96 7
58 97 3
58 99 8
58 101 3
58 104 1
58 105 7
58 107 6
58 108 6
58 114 1
58 115 8
58 118 2
58 119 7
58 121 5
58 122 9
58 123 2
58 127 5
58 131 3
58 134 6
58 135 2
58 140 2
58 141 10
58 143 6
58 144 1
58 147 7
58 148 8
58 152 10
58 155 5
58 158 8
58 160 10
58 165 10
58 169 1
58 170 7
58 172 8
58 173 5
58 174 4
58 175 4
58 177 8
58 178 1
58 181 7
58 182 7
58 184 6
58 187 6
58 188 5
58 190 9
58 192 5
58 193 4
58 194 2
58 195 3
58 196 7
58 198 6
58 199 7
58 203 5
58 207 10
58 208 8
58 209 5
58 212 9
58 216 8
58 218 9
58 221 3
58 223 5
58 227 2
58 228 9
58 229 9
58 230 8
58 235 6
58 236 5
58 238 1
58 240 5
58 241 9
58 245 7
58 246 5
58 247 4
58 250 1
58 252 1
58 253 10
58 255 10
58 257 9
58 260 2
58 263 8
58 266 5
58 271 7
58 274 10
58 277 2
58 279 3
58 280 10
58 282 6
58 284 5
58 285 1
58 286 5
58 287 3
58 288 10
58 289 9
58 290 9
58 292 6
58 297 8
58 301 3
58 303 2
58 305 3
58 306 4
58 307 4
58 309 9
58 312 7
58 313 6
58 314 6
58 317 2
58 320 3
58 321 5
58 324 8
58 326 2
58 327 3
58 329 8
58 334 8
58 335 9
58 338 5
58 339 2
58 340 9
58 344 2
58 345 7
58 347 7
58 354 5
58 355 3
58 358 7
58 359 10
58 360 2
58 362 10
58 365 6
58 367 9
58 368 5
58 369 1
58 372 2
58 373 6
58 374 2
58 375 3
58 376 10
58 377 6
58 379 6
58 380 4
58 383 6
58 388 5
58 389 6
58 391 2
58 392 1
58 393 6
58 394 1
58 396 2
58 397 8
58 401 9
58 402 8
58 403 4
58 404 5
58 407 4
58 409 8
58 410 8
58 411 1
58 414 10
58 415 9
58 417 5
58 419 9
58 420 3
58 421 1
58 422 5
58 423 9
58 426 1
58 438 7
58 439 6
58 442 9
58 443 8
58 444 3
58 445 7
58 447 8
58 448 1
58 449 6
59 62 6
59 65 8
59 66 9
59 68 10
59 73 1
59 74 7
59 76 8
59 79 10
59 80 6
59 82 3
59 87 4
59 88 1
59 92 1
59 94 9
59 99 2
59 100 10
59 101 9
59 102 4
59 103 8
59 104 8
59 106 3
59 108 8
59 109 7
59 110 4
59 111 10
59 112 9
59 115 1
59 116 4
59 117 3
59 121 8
59 123 8
59 126 1
59 130 3
59 133 5
59 134 5
59 135 8
59 138 1
59 139 10
59 141 4
59 144 1
59 145 2
59 146 1
59 147 6
59 148 9
59 149 5
59 150 7
59 156 2
59 157 3
59 158 1
59 164 5
59 168 5
59 170 1
59 171 6
59 172 3
59 173 5
59 174 10
59 176 2
59 177 3
59 179 2
59 182 6
59 185 3
59 186 3
59 189 9
59 192 8
59 195 6
59 196 4
59 197 7
59 198 10
59 201 5
59 202 9
59 203 7
59 205 10
59 210 10
59 213 10
59 214 2
59 215 2
59 216 8
59 217 6
59 220 5
59 221 10
59 222 5
59 223 4
59 224 8
59 225 4
59 226 8
59 227 5
59 230 1
59 232 4
59 233 3
59 234 6
59 240 4
59 241 7
59 243 5
59 244 4
59 245 2
59 246 6
59 247 7
59 249 8
59 252 5
59 253 7
59 254 4
59 256 3
59 258 10
59 259 9
59 260 10
59 261 1
59 262 4
59 264 10
59 266 10
59 267 6
59 268 2
59 269 9
59 270 2
59 271 4
59 272 8
59 273 9
59 274 7
59 276 8
59 280 2
59 284 7
59 285 5
59 287 1
59 288 4
59 289 1
59 290 8
59 294 7
59 295 5
59 299 1
59 300 10
59 305 9
59 307 10
59 308 9
59 311 5
59 316 1
59 317 6
59 318 6
59 325 5
59 326 9
59 330 1
59 332 5
59 333 8
59 335 4
59 336 2
59 337 8
59 342 3
59 343 8
59 345 9
59 348 1
59 351 5
59 352 2
59 353 8
59 354 5
59 357 4
59 359 9
59 363 2
59 364 3
59 366 2
59 369 4
59 373 8
59 375 9
59 376 4
59 377 3
59 380 3
59 381 6
59 382 5
59 384 6
59 386 10
59 387 9
59 389 6
59 390 10
59 391 8
59 392 1
59 393 3
59 394 2
59 396 6
59 397 3
59 400 2
59 403 1
59 404 1
59 405 9
59 406 1
59 410 3
59 411 5
59 413 7
59 414 10
59 415 9
59 418 3
59 420 10
59 421 10
59 422 9
59 423 8
59 425 2
59 426 4
59 428 3
59 432 9
59 433 8
59 434 5
59 436 9
59 439 9
59 441 1
59 444 5
59 445 4
59 448 9
60 63 2
60 64 5
60 66 2
60 69 6
60 70 2
60 73 3
60 79 10
60 80 8
60 81 2
60 82 1
60 85 7
60 87 10
60 89 8
60 90 4
60 96 3
60 97 5
60 98 5
60 99 5
60 100 9
60 101 3
60 102 7
60 104 5
60 105 7
60 106 1
60 108 4
60 111 6
60 112 2
60 113 6
60 114 3
60 115 6
60 116 2
60 117 5
60 122 8
60 124 7
60 126 9
60 127 4
60 129 10
60 131 8
60 133 1
60 136 8
60 138 4
60 142 4
60 143 7
60 144 4
60 145 6
60 148 5
60 149 5
60 150 4
60 152 6
60 155 5
60 156 9
60 161 8
60 163 8
60 165 1
60 166 9
60 169 4
60 170 6
60 172 2
60 174 10
60 178 9
60 179 10
60 182 3
60 186 1
60 188 5
60 193 9
60 196 6
60 198 7
60 199 3
60 203 7
60 204 2
60 205 7
60 206 10
60 210 10
60 211 3
60 212 1
60 213 5
60 215 10
60 221 10
60 224 6
60 225 10
60 226 10
60 227 3
60 230 5
60 231 1
60 232 3
60 233 6
60 234 8
60 235 6
60 239 7
60 241 5
60 246 6
60 247 10
60 249 10
60 250 8
60 251 3
60 253 6
60 255 9
60 259 2
60 261 1
60 266 4
60 267 1
60 269 4
60 270 3
60 273 2
60 274 8
60 275 3
60 277 5
60 278 2
60 280 4
60 283 8
60 287 5
60 288 4
60 289 5
60 300 4
60 303 2
60 307 5
60 308 4
60 313 2
60 314 9
60 315 5
60 318 3
60 320 4
60 322 7
60 329 9
60 331 9
60 333 10
60 338 4
60 343 2
60 344 7
60 345 3
60 346 4
60 347 1
60 349 5
60 351 5
60 353 10
60 358 7
60 359 9
60 361 3
60 362 9
60 363 9
60 364 10
60 366 3
60 367 7
60 368 4
60 369 7
60 371 2
60 372 5
60 374 10
60 378 7
60 380 9
60 381 7
60 383 7
60 386 3
60 389 10
60 390 9
60 391 7
60 393 2
60 395 6
60 396 1
60 397 10
60 399 10
60 400 6
60 403 4
60 406 4
60 408 10
60 411 7
60 413 5
60 415 7
60 417 2
60 418 8
60 419 9
60 421 10
60 422 6
60 424 5
60 425 6
60 426 1
60 427 6
60 430 9
60 432 5
60 433 9
60 437 9
60 439 6
60 440 3
60 443 10
60 444 1
60 445 1
60 448 6
61 63 1
61 64 2
61 67 9
61 69 9
61 70 1
61 71 7
61 72 8
61 73 1
61 74 4
61 75 3
61 76 4
61 78 6
61 82 1
61 84 9
61 85 4
61 86 2
61 87 2
61 90 3
61 92 10
61 96 5
61 97 2
61 101 3
61 102 4
61 114 6
61 117 8
61 118 1
61 119 6
61 120 1
61 122 2
61 123 4
61 125 7
61 126 10
61 127 3
61 132 4
61 136 4
61 138 8
61 139 9
61 140 9
61 143 3
61 146 6
61 147 2
61 148 2
61 151 4
61 157 4
61 158 6
61 159 2
61 160 4
61 161 8
61 163 8
61 164 4
61 165 3
61 170 3
61 172 8
61 173 2
61 174 6
61 175 9
61 176 8
61 181 10
61 184 10
61 187 9
61 188 7
61 189 5
61 191 5
61 194 6
61 197 8
61 201 7
61 206 9
61 207 3
61 209 3
61 211 8
61 212 5
61 213 1
61 216 4
61 217 8
61 220 4
61 221 2
61 223 1
61 227 1
61 228 2
61 233 6
61 236 3
61 239 2
61 240 5
61 245 5
61 246 4
61 247 6
61 248 9
61 252 2
61 253 3
61 254 10
61 255 8
61 258 2
61 260 9
61 263 6
61 266 2
61 267 5
61 273 9
61 275 4
61 277 10
61 278 10
61 279 8
61 281 6
61 282 9
61 283 3
61 286 3
61 287 9
61 290 9
61 292 4
61 293 4
61 296 10
61 298 4
61 299 8
61 301 1
61 303 4
61 305 1
61 309 8
61 311 10
61 312 3
61 313 7
61 315 6
61 317 9
61 319 8
61 320 4
61 321 6
61 322 5
61 324 3
61 325 2
61 326 3
61 331 8
61 332 3
61 335 1
61 336 9
61 337 3
61 339 10
61 342 10
61 345 1
61 349 10
61 351 6
61 358 5
61 359 7
61 363 1
61 367 4
61 370 10
61 376 6
61 379 5
61 381 1
61 386 4
61 387 6
61 389 10
61 390 9
61 391 8
61 397 10
61 398 5
61 400 6
61 403 10
61 404 1
61 406 7
61 407 5
61 408 2
61 409 4
61 411 8
61 413 5
61 414 1
61 419 3
61 420 8
61 422 7
61 425 2
61 426 8
61 429 1
61 431 9
61 433 8
61 434 5
61 435 2
61 437 8
61 438 1
61 439 6
61 440 8
61 441 7
61 442 3
61 443 1
61 445 4
61 446 9
61 447 5
61 448 4
61 449 1
62 63 2
62 64 5
62 65 1
62 66 6
62 67 1
62 70 8
62 71 7
62 73 6
62 77 2
62 78 8
62 81 3
62 83 5
62 84 6
62 87 6
62 88 9
62 90 4
62 91 10
62 94 4
62 95 7
62 96 7
62 99 3
62 100 5
62 102 1
62 106 3
62 107 6
62 108 4
62 110 9
62 111 7
62 114 1
62 116 1
62 124 1
62 125 9
62 131 9
62 132 10
62 135 3
62 136 10
62 139 9
62 140 9
62 141 8
62 142 9
62 143 5
62 144 4
62 147 3
62 148 2
62 151 5
62 152 7
62 153 1
62 154 10
62 159 9
62 160 8
62 161 7
62 164 6
62 166 3
62 167 7
62 169 6
62 172 3
62 173 6
62 174 8
62 176 9
62 177 1
62 178 6
62 180 1
62 181 4
62 183 1
62 184 6
62 185 6
62 186 8
62 187 7
62 189 6
62 191 4
62 192 3
62 193 10
62 198 4
62 199 5
62 202 2
62 203 10
62 204 8
62 207 6
62 208 1
62 212 6
62 213 10
62 216 10
62 217 1
62 218 8
62 220 4
62 223 5
62 224 2
62 225 7
62 226 8
62 228 8
62 230 7
62 232 10
62 233 5
62 234 6
62 235 2
62 236 1
62 241 7
62 246 2
62 247 10
62 248 7
62 249 2
62 251 10
62 254 7
62 256 5
62 259 2
62 261 10
62 262 6
62 264 3
62 265 10
62 267 10
62 272 8
62 275 10
62 276 4
62 280 8
62 284 7
62 285 6
62 286 3
62 287 1
62 289 9
62 290 8
62 291 3
62 292 10
62 294 2
62 295 6
62 298 2
62 299 9
62 301 10
62 302 6
62 308 8
62 311 2
62 312 6
62 314 9
62 320 10
62 321 1
62 322 2
62 323 5
62 325 5
62 327 3
62 328 2
62 329 4
62 331 9
62 333 9
62 336 4
62 337 7
62 338 9
62 339 2
62 342 8
62 344 4
62 348 1
62 350 8
62 351 6
62 353 3
62 356 6
62 357 10
62 358 10
62 361 2
62 362 7
62 365 3
62 366 7
62 372 2
62 374 5
62 375 6
62 377 3
62 378 4
62 379 4
62 380 8
62 382 4
62 385 4
62 387 1
62 389 3
62 392 4
62 395 4
62 398 7
62 399 10
62 404 6
62 405 9
62 406 1
62 407 10
62 408 6
62 410 2
62 412 10
62 415 2
62 417 3
62 422 9
62 423 2
62 425 1
62 428 1
62 429 2
62 430 7
62 431 4
62 433 8
62 443 7
62 445 1
62 448 10
63 64 10
63 69 2
63 71 2
63 73 6
63 74 9
63 75 2
63 76 5
63 80 8
63 81 4
63 82 10
63 83 5
63 85 10
63 87 5
63 88 5
63 92 10
63 94 1
63 95 2
63 97 10
63 98 2
63 99 10
63 100 10
63 102 6
63 104 10
63 105 6
63 107 7
63 110 10
63 111 8
63 113 4
63 114 1
63 116 9
63 118 3
63 121 9
63 124 5
63 125 10
63 128 7
63 131 2
63 134 7
63 137 5
63 139 1
63 140 7
63 141 4
63 142 4
63 144 2
63 147 3
63 148 9
63 149 6
63 150 8
63 151 5
63 154 6
63 155 1
63 157 2
63 159 9
63 161 3
63 163 7
63 164 6
63 167 4
63 168 4
63 169 8
63 171 7
63 172 4
63 173 1
63 174 9
63 176 9
63 179 5
63 180 7
63 181 4
63 182 7
63 183 4
63 185 9
63 186 10
63 187 5
63 188 2
63 190 3
63 192 7
63 197 5
63 201 2
63 202 8
63 207 3
63 213 5
63 215 10
63 217 10
63 219 3
63 220 10
63 221 8
63 223 4
63 224 7
63 227 9
63 229 2
63 230 4
63 231 9
63 232 3
63 234 9
63 242 3
63 246 2
63 247 9
63 253 8
63 254 6
63 256 8
63 257 7
63 258 10
63 260 10
63 264 7
63 265 5
63 266 7
63 267 6
63 268 2
63 270 7
63 273 7
63 278 7
63 279 7
63 281 9
63 282 8
63 284 9
63 286 8
63 288 4
63 294 8
63 296 7
63 300 4
63 302 5
63 308 9
63 309 9
63 310 4
63 314 9
63 315 10
63 317 3
63 318 9
63 319 8
63 322 4
63 324 8
63 325 6
63 327 4
63 332 4
63 334 8
63 337 4
63 338 4
63 339 1
63 342 8
63 344 1
63 346 2
63 347 4
63 348 3
63 349 2
63 350 6
63 352 8
63 353 2
63 356 10
63 359 4
63 360 7
63 363 2
63 370 9
63 371 10
63 373 10
63 374 4
63 377 6
63 378 3
63 379 8
63 380 6
63 381 9
63 382 6
63 385 4
63 387 3
63 388 6
63 389 3
63 390 8
63 391 4
63 392 5
63 395 9
63 397 8
63 398 9
63 399 9
63 400 4
63 401 2
63 402 6
63 403 4
63 404 6
63 405 2
63 406 7
63 408 8
63 409 9
63 411 6
63 414 7
63 416 4
63 417 6
63 422 1
63 423 10
63 425 7
63 428 1
63 429 9
63 431 8
63 432 5
63 440 8
63 443 5
63 449 7
64 67 10
64 68 8
64 69 6
64 71 2
64 72 7
64 75 4
64 76 5
64 77 8
64 79 2
64 81 8
64 88 2
64 89 7
64 91 3
64 92 3
64 93 10
64 94 5
64 95 3
64 96 6
64 98 6
64 101 4
64 102 3
64 104 1
64 107 5
64 112 7
64 113 7
64 114 10
64 120 7
64 123 7
64 125 3
64 129 8
64 130 10
64 132 7
64 136 5
64 138 9
64 139 10
64 144 3
64 148 9
64 149 6
64 151 7
64 154 9
64 155 7
64 160 4
64 161 4
64 162 5
64 163 2
64 164 6
64 165 4
64 169 3
64 171 5
64 172 7
64 173 10
64 178 8
64 180 7
64 181 4
64 183 3
64 185 6
64 186 6
64 189 4
64 191 7
64 192 1
64 194 5
64 195 10
64 196 2
64 197 8
64 198 8
64 199 6
64 203 8
64 204 1
64 206 8
64 207 4
64 209 3
64 211 9
64 213 9
64 216 7
64 218 9
64 221 4
64 222 2
64 224 7
64 225 8
64 227 10
64 230 6
64 231 3
64 232 9
64 233 9
64 235 6
64 237 9
64 238 6
64 240 5
64 241 5
64 242 9
64 243 10
64 245 1
64 251 10
64 253 6
64 254 4
64 256 5
64 257 1
64 258 1
64 259 7
64 260 7
64 262 5
64 265 4
64 266 7
64 267 5
64 268 7
64 269 2
64 270 10
64 273 3
64 275 8
64 276 7
64 279 4
64 281 5
64 282 6
64 284 6
64 285 6
64 286 10
64 288 7
64 289 6
64 290 1
64 293 4
64 294 5
64 295 3
64 296 7
64 298 10
64 299 6
64 301 4
64 304 10
64 305 2
64 306 3
64 308 3
64 309 10
64 312 5
64 315 10
64 316 8
64 317 7
64 318 2
64 320 7
64 321 1
64 323 3
64 326 8
64 329 6
64 330 8
64 331 7
64 332 5
64 333 10
64 334 9
64 338 7
64 339 8
64 340 8
64 342 3
64 344 10
64 346 2
64 348 8
64 349 3
64 350 5
64 351 5
64 352 4
64 357 2
64 358 1
64 365 9
64 367 5
64 368 3
64 369 9
64 381 4
64 386 7
64 389 7
64 391 5
64 392 5
64 393 2
64 396 5
64 400 5
64 402 8
64 403 3
64 405 3
64 407 10
64 409 2
64 410 2
64 411 8
64 412 7
64 413 8
64 418 5
64 419 9
64 421 1
64 422 7
64 423 7
64 424 6
64 426 6
64 428 9
64 429 5
64 431 8
64 432 9
64 436 5
64 437 6
64 438 2
64 441 3
64 446 9
64 448 8
64 449 5
65 66 9
65 69 8
65 70 8
65 73 8
65 75 5
65 76 6
65 78 2
65 79 3
65 80 3
65 82 3
65 83 2
65 85 9
65 87 1
65 88 1
65 90 10
65 91 10
65 92 8
65 93 1
65 94 8
65 95 4
65 96 10
65 97 8
65 98 10
65 99 1
65 101 3
65 104 2
65 108 5
65 109 3
65 110 7
65 111 6
65 113 4
65 114 1
65 117 7
65 118 4
65 120 3
65 123 4
65 124 8
65 126 9
65 127 4
65 128 9
65 130 9
65 132 9
65 134 1
65 139 5
65 140 3
65 142 6
65 143 3
65 146 9
65 148 7
65 149 8
65 150 1
65 152 8
65 154 3
65 156 4
65 158 10
65 160 3
65 164 3
65 168 2
65 171 7
65 174 4
65 175 5
65 176 3
65 178 9
65 180 2
65 182 6
65 184 1
65 185 6
65 187 1
65 188 8
65 191 8
65 194 1
65 198 10
65 202 5
65 203 2
65 204 4
65 208 3
65 209 8
65 210 1
65 213 1
65 215 10
65 216 1
65 218 8
65 221 10
65 222 7
65 224 8
65 225 6
65 226 8
65 231 6
65 232 9
65 233 6
65 234 2
65 237 2
65 238 6
65 239 8
65 242 7
65 243 2
65 246 4
65 248 3
65 250 6
65 252 7
65 255 6
65 256 2
65 259 8
65 260 5
65 262 7
65 263 5
65 264 9
65 265 3
65 270 4
65 271 4
65 272 7
65 273 5
65 275 8
65 276 10
65 277 7
65 281 10
65 282 10
65 283 4
65 284 2
65 288 5
65 291 7
65 293 8
65 299 1
65 300 9
65 302 3
65 303 7
65 304 8
65 305 9
65 308 7
65 311 7
65 313 2
65 314 4
65 315 5
65 317 6
65 318 3
65 322 1
65 323 4
65 324 5
65 326 3
65 327 8
65 328 6
65 329 6
65 332 8
65 333 3
65 334 10
65 335 9
65 336 6
65 339 7
65 340 3
65 343 9
65 345 9
65 346 8
65 347 5
65 348 3
65 350 8
65 352 10
65 353 8
65 354 9
65 359 2
65 360 9
65 361 2
65 362 1
65 364 5
65 365 7
65 369 8
65 370 4
65 371 7
65 374 8
65 376 5
65 380 6
65 386 2
65 388 1
65 389 3
65 390 5
65 393 8
65 394 3
65 395 4
65 396 3
65 404 3
65 405 3
65 406 2
65 408 1
65 409 1
65 410 1
65 411 10
65 413 6
65 414 6
65 415 4
65 416 3
65 417 9
65 420 6
65 421 1
65 422 6
65 423 7
65 424 6
65 426 5
65 428 3
65 431 7
65 436 3
65 440 8
65 441 8
65 444 9
65 446 10
65 447 3
65 448 5
66 69 4
66 70 10
66 72 10
66 73 4
66 75 9
66 76 1
66 77 7
66 78 10
66 81 4
66 82 10
66 85 4
66 87 1
66 91 9
66 92 2
66 94 1
66 95 4
66 98 1
66 99 8
66 103 9
66 104 6
66 105 3
66 109 4
66 110 10
66 111 10
66 112 8
66 113 5
66 117 5
66 118 9
66 120 7
66 122 5
66 124 6
66 127 6
66 128 8
66 130 9
66 131 2
66 133 5
66 136 5
66 137 10
66 138 3
66 140 2
66 141 8
66 142 5
66 143 10
66 145 1
66 146 5
66 148 8
66 149 7
66 150 2
66 153 1
66 159 8
66 160 1
66 165 4
66 167 6
66 171 8
66 172 5
66 174 5
66 175 9
66 178 2
66 179 8
66 181 8
66 182 5
66 183 9
66 185 5
66 186 5
66 187 9
66 188 9
66 189 8
66 191 2
66 194 5
66 196 8
66 197 6
66 198 3
66 201 5
66 202 1
66 203 3
66 204 9
66 205 1
66 206 8
66 207 2
66 212 8
66 215 8
66 218 5
66 221 7
66 224 9
66 230 8
66 235 1
66 237 10
66 238 1
66 240 1
66 241 4
66 243 2
66 247 5
66 250 4
66 253 10
66 254 6
66 255 10
66 256 1
66 258 5
66 259 2
66 260 7
66 265 3
66 267 4
66 269 3
66 272 7
66 274 5
66 276 3
66 278 5
66 280 4
66 283 1
66 284 3
66 287 8
66 288 5
66 291 9
66 296 3
66 299 2
66 301 4
66 302 5
66 305 3
66 306 6
66 313 5
66 318 8
66 320 3
66 323 1
66 324 1
66 326 9
66 327 8
66 329 5
66 334 3
66 337 3
66 344 7
66 347 2
66 348 7
66 350 5
66 351 7
66 352 5
66 355 6
66 361 8
66 362 9
66 368 8
66 370 10
66 371 5
66 373 7
66 374 10
66 377 4
66 378 2
66 379 7
66 386 1
66 387 1
66 388 8
66 392 2
66 393 10
66 395 4
66 399 4
66 402 6
66 403 2
66 407 7
66 408 6
66 411 4
66 414 3
66 416 7
66 420 10
66 424 6
66 426 1
66 428 5
66 430 3
66 433 8
66 434 8
66 435 3
66 439 7
66 441 1
66 444 7
66 446 7
66 448 8
67 69 9
67 72 10
67 74 5
67 76 6
67 77 9
67 79 1
67 80 2
67 82 10
67 84 7
67 86 3
67 89 2
67 94 3
67 95 2
67 96 8
67 97 3
67 99 1
67 100 9
67 102 8
67 104 3
67 105 3
67 106 5
67 107 4
67 108 8
67 109 9
67 111 5
67 112 3
67 113 10
67 114 5
67 115 4
67 118 2
67 120 6
67 121 9
67 122 9
67 123 2
67 124 10
67 125 10
67 131 2
67 132 5
67 134 5
67 136 7
67 138 2
67 142 2
67 143 7
67 144 9
67 146 4
67 147 4
67 152 7
67 153 2
67 154 1
67 156 2
67 157 2
67 158 6
67 159 5
67 161 6
67 162 8
67 163 3
67 164 1
67 166 7
67 167 2
67 168 9
67 171 7
67 173 4
67 174 7
67 175 7
67 179 6
67 181 5
67 185 6
67 186 10
67 189 5
67 193 3
67 195 7
67 197 4
67 198 6
67 199 2
67 200 4
67 202 9
67 205 4
67 209 8
67 210 2
67 212 9
67 213 6
67 214 3
67 215 10
67 216 6
67 217 10
67 218 6
67 219 7
67 220 1
67 229 3
67 233 2
67 235 9
67 236 8
67 237 4
67 239 5
67 240 5
67 245 5
67 246 3
67 247 3
67 248 1
67 249 7
67 251 8
67 257 3
67 258 3
67 259 5
67 263 6
67 264 3
67 266 5
67 268 1
67 269 10
67 270 3
67 271 1
67 273 4
67 275 3
67 276 8
67 278 7
67 280 5
67 281 10
67 283 6
67 284 3
67 288 6
67 289 6
67 290 5
67 291 7
67 292 3
67 293 2
67 295 5
67 296 4
67 299 10
67 300 1
67 301 9
67 303 3
67 304 9
67 305 1
67 308 1
67 311 4
67 314 4
67 316 8
67 317 7
67 321 2
67 322 6
67 323 10
67 324 9
67 325 10
67 328 5
67 329 9
67 332 10
67 333 10
67 336 9
67 337 3
67 338 1
67 342 5
67 344 4
67 345 5
67 346 1
67 348 8
67 350 4
67 353 4
67 356 6
67 360 10
67 361 2
67 362 5
67 364 1
67 365 6
67 368 6
67 370 6
67 371 3
67 372 3
67 375 6
67 377 2
67 378 9
67 379 3
67 381 2
67 382 6
67 383 8
67 386 1
67 387 6
67 388 10
67 390 5
67 393 5
67 395 8
67 396 6
67 398 6
67 400 9
67 401 6
67 402 1
67 403 5
67 404 7
67 407 10
67 409 2
67 410 3
67 412 8
67 414 3
67 417 4
67 422 2
67 423 10
67 425 7
67 429 3
67 431 5
67 432 2
67 437 6
67 438 10
67 439 2
67 440 6
67 442 5
67 443 9
67 447 2
67 449 6
68 69 3
68 72 7
68 73 5
68 74 9
68 79 5
68 84 6
68 86 5
68 89 9
68 91 4
68 92 2
68 93 5
68 96 9
68 97 9
68 100 10
68 102 9
68 103 2
68 104 9
68 105 10
68 106 10
68 107 7
68 108 4
68 111 5
68 112 4
68 113 9
68 114 8
68 115 5
68 116 1
68 118 3
68 119 2
68 121 6
68 123 3
68 125 6
68 127 9
68 128 5
68 132 8
68 133 10
68 134 9
68 135 10
68 137 1
68 139 6
68 141 1
68 146 2
68 149 4
68 151 3
68 152 7
68 154 10
68 156 2
68 158 2
68 163 7
68 167 4
68 168 6
68 170 8
68 172 7
68 174 3
68 175 3
68 176 5
68 177 3
68 178 7
68 179 8
68 180 1
68 186 5
68 187 2
68 188 9
68 189 3
68 192 1
68 193 4
68 195 4
68 196 8
68 198 4
68 204 10
68 205 5
68 206 2
68 207 6
68 208 7
68 209 10
68 210 10
68 211 9
68 212 3
68 213 5
68 219 10
68 224 4
68 226 5
68 230 8
68 233 2
68 234 7
68 235 9
68 237 9
68 238 10
68 240 8
68 242 10
68 243 5
68 246 6
68 248 1
68 249 3
68 252 5
68 254 5
68 256 6
68 257 5
68 258 1
68 259 3
68 260 1
68 261 6
68 262 4
68 263 6
68 265 10
68 266 8
68 267 4
68 268 10
68 274 4
68 275 2
68 277 9
68 278 1
68 280 3
68 283 6
68 285 1
68 287 7
68 290 6
68 292 9
68 293 1
68 294 8
68 296 10
68 300 1
68 301 5
68 302 8
68 304 2
68 306 5
68 309 3
68 310 3
68 315 4
68 316 3
68 320 10
68 324 9
68 326 7
68 329 8
68 331 3
68 332 4
68 333 1
68 334 5
68 339 3
68 342 1
68 345 3
68 346 3
68 347 3
68 348 4
68 349 1
68 354 2
68 358 7
68 359 8
68 360 7
68 361 9
68 362 10
68 363 1
68 364 9
68 366 2
68 369 3
68 370 6
68 372 3
68 374 2
68 375 2
68 377 7
68 382 3
68 383 8
68 384 1
68 385 5
68 389 5
68 392 4
68 393 4
68 394 8
68 395 5
68 397 3
68 400 10
68 403 3
68 404 1
68 406 6
68 408 6
68 409 8
68 410 7
68 413 10
68 414 9
68 419 4
68 421 1
68 423 3
68 424 7
68 425 7
68 426 4
68 430 2
68 434 10
68 436 1
68 437 5
68 440 4
68 441 8
68 443 4
68 447 2
68 449 10
69 72 7
69 74 1
69 76 2
69 77 2
69 79 7
69 81 9
69 82 6
69 84 6
69 85 9
69 88 2
69 89 3
69 90 6
69 91 3
69 92 2
69 94 7
69 95 8
69 96 4
69 98 4
69 101 6
69 102 2
69 105 7
69 107 3
69 108 3
69 109 3
69 111 9
69 115 4
69 118 1
69 119 3
69 120 1
69 122 9
69 123 3
69 124 2
69 126 9
69 127 3
69 129 6
69 130 9
69 131 1
69 134 2
69 138 1
69 139 10
69 142 8
69 143 2
69 145 2
69 148 2
69 151 9
69 152 1
69 153 1
69 161 1
69 164 10
69 172 4
69 174 1
69 175 7
69 177 3
69 178 6
69 180 4
69 182 8
69 183 7
69 184 8
69 187 4
69 188 7
69 190 2
69 191 8
69 194 7
69 196 9
69 199 3
69 201 9
69 202 5
69 205 6
69 207 4
69 208 1
69 210 5
69 213 6
69 214 9
69 215 6
69 219 7
69 221 1
69 222 6
69 223 10
69 226 6
69 229 7
69 230 1
69 232 1
69 233 7
69 234 3
69 235 4
69 240 5
69 241 5
69 244 4
69 246 5
69 247 4
69 248 7
69 253 8
69 254 3
69 255 8
69 256 9
69 258 8
69 259 2
69 260 10
69 261 2
69 262 1
69 264 4
69 265 3
69 266 4
69 267 10
69 269 2
69 270 2
69 273 7
69 276 9
69 277 8
69 278 8
69 280 10
69 281 6
69 285 10
69 286 9
69 288 9
69 289 4
69 292 6
69 293 3
69 294 2
69 298 4
69 303 6
69 304 1
69 305 1
69 309 10
69 310 6
69 313 3
69 314 6
69 316 6
69 319 9
69 321 10
69 323 7
69 324 9
69 325 3
69 326 5
69 327 4
69 330 1
69 332 8
69 333 2
69 335 4
69 337 1
69 338 5
69 341 5
69 342 6
69 347 8
69 352 7
69 360 1
69 362 3
69 363 7
69 364 10
69 365 10
69 367 3
69 371 8
69 374 6
69 376 4
69 377 7
69 378 9
69 379 3
69 382 2
69 383 5
69 384 7
69 386 5
69 387 10
69 388 7
69 389 1
69 390 6
69 391 4
69 392 2
69 394 9
69 396 8
69 397 3
69 403 9
69 404 8
69 407 1
69 408 6
69 410 3
69 415 9
69 416 5
69 417 5
69 419 2
69 427 6
69 429 9
69 433 7
69 434 7
69 437 1
69 438 7
69 439 3
69 440 6
69 441 3
69 442 3
69 443 3
69 444 1
69 445 5
70 71 10
70 72 9
70 73 6
70 74 3
70 75 3
70 76 3
70 77 6
70 78 4
70 79 9
70 80 9
70 81 5
70 82 1
70 83 5
70 84 5
70 86 7
70 88 7
70 89 6
70 90 6
70 96 3
70 98 4
70 99 6
70 103 10
70 105 9
70 107 5
70 108 4
70 109 10
70 111 5
70 112 3
70 113 10
70 116 2
70 118 1
70 122 4
70 123 10
70 126 9
70 130 3
70 133 8
70 134 8
70 135 3
70 136 7
70 139 8
70 142 5
70 143 7
70 144 10
70 145 5
70 148 10
70 149 6
70 150 9
70 151 10
70 154 8
70 156 5
70 158 3
70 159 3
70 161 4
70 165 9
70 167 9
70 168 4
70 171 2
70 173 1
70 175 6
70 176 1
70 178 7
70 181 8
70 182 2
70 184 3
70 185 2
70 189 6
70 191 2
70 192 7
70 197 1
70 200 2
70 201 6
70 203 2
70 204 5
70 205 1
70 206 8
70 211 5
70 212 9
70 213 6
70 214 1
70 215 9
70 216 3
70 217 9
70 222 1
70 224 7
70 225 5
70 229 7
70 230 7
70 231 1
70 232 3
70 233 10
70 234 6
70 235 10
70 236 1
70 237 4
70 243 5
70 244 6
70 245 2
70 248 5
70 250 1
70 252 6
70 255 9
70 260 9
70 261 2
70 264 5
70 268 5
70 274 7
70 275 3
70 276 9
70 278 7
70 279 4
70 280 5
70 281 2
70 283 2
70 284 1
70 286 7
70 287 3
70 288 6
70 289 9
70 291 7
70 292 1
70 294 2
70 304 10
70 306 10
70 308 3
70 310 2
70 311 10
70 312 5
70 313 9
70 315 2
70 316 9
70 319 6
70 321 1
70 322 5
70 324 3
70 326 1
70 332 2
70 334 1
70 341 8
70 342 10
70 346 10
70 347 1
70 349 6
70 353 3
70 356 9
70 361 10
70 362 1
70 364 10
70 366 6
70 370 3
70 371 1
70 372 7
70 375 6
70 376 10
70 379 2
70 381 4
70 385 3
70 386 8
70 387 5
70 389 8
70 392 8
70 397 7
70 398 1
70 405 4
70 406 6
70 407 10
70 409 6
70 414 6
70 415 1
70 416 4
70 417 5
70 418 3
70 421 6
70 422 8
70 423 4
70 424 4
70 426 5
70 428 2
70 429 4
70 431 3
70 432 9
70 433 7
70 436 4
70 437 6
70 438 10
70 439 7
70 440 7
70 442 7
70 444 2
70 445 9
70 447 9
70 449 1
71 72 5
71 75 3
71 76 7
71 80 3
71 82 4
71 85 3
71 86 7
71 88 2
71 89 10
71 90 4
71 92 9
71 93 9
71 95 6
71 99 1
71 103 7
71 105 8
71 107 4
71 108 7
71 109 5
71 111 2
71 113 8
71 114 8
71 117 9
71 118 7
71 121 10
71 123 10
71 125 7
71 126 7
71 132 10
71 135 1
71 136 3
71 138 5
71 140 10
71 141 9
71 142 3
71 148 5
71 149 4
71 150 3
71 152 10
71 153 4
71 154 2
71 157 7
71 158 10
71 159 2
71 165 2
71 168 6
71 169 9
71 172 2
71 174 4
71 175 3
71 177 1
71 178 10
71 181 9
71 183 7
71 184 7
71 185 10
71 188 7
71 193 3
71 194 6
71 196 9
71 198 3
71 200 8
71 207 7
71 208 7
71 210 2
71 211 3
71 213 7
71 221 7
71 222 10
71 223 5
71 229 7
71 230 7
71 232 8
71 233 6
71 238 3
71 240 9
71 243 5
71 245 2
71 246 2
71 247 3
71 248 6
71 249 10
71 250 3
71 252 6
71 254 7
71 257 6
71 261 2
71 262 7
71 264 9
71 266 4
71 267 3
71 269 2
71 270 10
71 271 3
71 272 7
71 273 1
71 274 4
71 276 10
71 277 10
71 279 9
71 280 5
71 282 9
71 284 7
71 287 5
71 290 10
71 292 10
71 294 1
71 295 1
71 297 9
71 298 9
71 301 6
71 302 4
71 304 5
71 308 8
71 310 9
71 311 7
71 313 6
71 317 3
71 318 10
71 319 5
71 320 9
71 322 1
71 327 4
71 328 6
71 329 8
71 330 3
71 334 9
71 336 8
71 337 1
71 341 1
71 344 10
71 345 6
71 346 8
71 348 7
71 349 4
71 351 8
71 355 10
71 357 6
71 358 4
71 359 4
71 361 2
71 362 7
71 366 4
71 370 4
71 371 5
71 372 2
71 373 1
71 374 8
71 379 3
71 381 6
71 382 2
71 387 7
71 390 7
71 392 1
71 394 1
71 397 10
71 398 8
71 401 1
71 404 5
71 406 2
71 407 8
71 408 10
71 410 8
71 411 7
71 412 2
71 414 7
71 415 6
71 416 5
71 417 9
71 422 5
71 423 3
71 424 8
71 425 5
71 427 8
71 433 3
71 436 3
71 439 4
71 441 3
71 443 6
71 444 1
71 445 5
71 449 5
72 75 7
72 76 4
72 78 10
72 79 7
72 81 7
72 83 10
72 85 4
72 86 4
72 87 1
72 88 4
72 89 6
72 91 9
72 92 3
72 93 8
72 96 10
72 97 3
72 100 4
72 101 8
72 103 7
72 105 9
72 113 10
72 114 7
72 116 6
72 117 10
72 118 6
72 119 10
72 122 8
72 123 3
72 130 1
72 131 9
72 133 6
72 134 10
72 135 2
72 137 9
72 138 10
72 140 6
72 141 1
72 143 3
72 147 1
72 148 1
72 150 6
72 152 7
72 154 6
72 156 5
72 157 2
72 158 1
72 160 10
72 161 10
72 175 5
72 176 9
72 177 1
72 178 8
72 180 8
72 185 8
72 188 5
72 192 2
72 193 6
72 194 4
72 197 6
72 199 2
72 200 8
72 201 1
72 202 5
72 203 2
72 216 3
72 219 6
72 220 3
72 221 6
72 222 3
72 223 7
72 224 7
72 225 2
72 227 6
72 228 4
72 229 5
72 232 4
72 233 5
72 235 9
72 236 8
72 238 9
72 241 2
72 244 6
72 245 4
72 246 8
72 247 3
72 249 3
72 250 5
72 256 2
72 259 9
72 260 7
72 261 7
72 266 3
72 268 1
72 269 9
72 271 1
72 272 9
72 274 3
72 276 2
72 280 5
72 284 9
72 285 1
72 286 6
72 287 7
72 289 5
72 290 4
72 291 7
72 293 10
72 294 4
72 296 1
72 297 3
72 298 9
72 301 4
72 303 9
72 306 4
72 309 10
72 311 6
72 314 9
72 316 2
72 318 5
72 324 9
72 326 7
72 327 10
72 328 10
72 329 4
72 330 5
72 332 6
72 333 2
72 334 5
72 337 10
72 339 10
72 340 2
72 341 1
72 342 3
72 343 4
72 345 2
72 346 4
72 353 1
72 354 8
72 356 2
72 358 4
72 359 2
72 361 8
72 362 2
72 363 5
72 366 4
72 367 9
72 368 8
72 371 3
72 372 7
72 373 4
72 376 9
72 377 2
72 378 4
72 380 1
72 381 3
72 385 6
72 388 2
72 389 9
72 392 1
72 393 1
72 396 6
72 398 6
72 403 4
72 405 10
72 406 7
72 408 4
72 409 9
72 410 1
72 420 1
72 421 10
72 423 10
72 424 8
72 427 10
72 428 3
72 429 4
72 431 10
72 432 5
72 434 3
72 435 9
72 436 10
72 440 4
72 444 5
72 445 2
72 447 6
72 448 9
72 449 6
73 74 5
73 75 9
73 78 3
73 79 1
73 80 10
73 81 4
73 82 2
73 83 7
73 85 1
73 87 6
73 89 10
73 90 2
73 91 8
73 92 7
73 93 10
73 94 5
73 96 7
73 97 6
73 100 6
73 102 9
73 103 10
73 104 2
73 108 10
73 109 2
73 110 6
73 111 1
73 113 4
73 114 9
73 116 4
73 120 5
73 122 8
73 124 4
73 126 10
73 128 10
73 131 7
73 132 10
73 134 9
73 136 1
73 139 9
73 142 2
73 143 7
73 144 8
73 145 2
73 147 8
73 150 10
73 151 7
73 155 2
73 156 2
73 158 1
73 161 2
73 163 4
73 164 7
73 168 2
73 169 10
73 173 2
73 174 6
73 176 7
73 177 4
73 178 9
73 180 4
73 181 10
73 184 4
73 186 3
73 187 8
73 188 1
73 190 8
73 193 8
73 194 3
73 195 7
73 196 10
73 197 1
73 201 7
73 202 8
73 203 5
73 204 4
73 206 5
73 207 10
73 208 1
73 209 8
73 210 6
73 213 6
73 214 3
73 216 9
73 218 10
73 221 6
73 225 8
73 232 4
73 235 9
73 236 3
73 239 2
73 240 2
73 241 8
73 245 10
73 246 7
73 249 1
73 251 4
73 252 9
73 253 6
73 254 1
73 255 9
73 256 7
73 258 6
73 259 9
73 261 5
73 264 7
73 266 4
73 268 7
73 269 8
73 271 1
73 272 4
73 273 10
73 274 8
73 276 9
73 278 2
73 281 10
73 282 6
73 285 3
73 286 2
73 287 3
73 288 2
73 289 2
73 293 3
73 295 6
73 297 5
73 300 10
73 302 4
73 304 9
73 305 5
73 306 5
73 307 2
73 309 7
73 310 8
73 311 3
73 313 2
73 314 3
73 316 10
73 317 2
73 320 4
73 326 4
73 329 1
73 331 8
73 334 9
73 336 10
73 337 6
73 338 6
73 339 10
73 340 8
73 342 4
73 343 9
73 344 1
73 346 5
73 347 4
73 348 5
73 351 8
73 354 3
73 356 3
73 361 2
73 366 2
73 368 5
73 371 9
73 374 1
73 375 1
73 376 6
73 379 5
73 380 9
73 381 10
73 382 8
73 383 1
73 384 2
73 386 5
73 388 3
73 394 4
73 397 4
73 399 7
73 400 9
73 402 6
73 403 8
73 404 4
73 405 9
73 407 4
73 410 9
73 414 5
73 416 7
73 417 3
73 422 10
73 423 8
73 427 3
73 431 10
73 439 1
73 440 5
73 441 1
73 442 7
73 443 4
73 444 6
73 449 1
74 75 7
74 77 5
74 78 4
74 79 3
74 81 7
74 82 9
74 84 4
74 85 10
74 86 7
74 87 4
74 90 6
74 91 8
74 92 1
74 93 6
74 94 9
74 96 8
74 98 8
74 99 5
74 101 5
74 106 8
74 107 7
74 109 7
74 110 7
74 111 6
74 113 4
74 115 5
74 118 4
74 120 2
74 124 8
74 126 3
74 128 10
74 130 9
74 133 3
74 134 5
74 135 3
74 138 10
74 139 3
74 141 2
74 145 5
74 146 4
74 148 9
74 149 3
74 150 10
74 153 10
74 154 3
74 155 7
74 156 7
74 157 5
74 158 8
74 162 5
74 163 2
74 164 2
74 165 6
74 167 6
74 168 5
74 171 3
74 172 5
74 177 9
74 179 9
74 180 9
74 181 4
74 182 2
74 183 1
74 185 5
74 187 2
74 188 10
74 190 2
74 192 9
74 194 2
74 195 9
74 196 7
74 198 9
74 199 2
74 200 2
74 201 8
74 203 1
74 205 4
74 208 5
74 210 8
74 213 10
74 214 3
74 216 4
74 217 3
74 219 6
74 221 9
74 222 1
74 226 4
74 227 3
74 228 10
74 230 6
74 231 3
74 232 8
74 233 5
74 234 1
74 235 3
74 236 6
74 239 2
74 244 10
74 245 2
74 247 2
74 251 3
74 252 6
74 253 9
74 255 3
74 257 7
74 258 5
74 259 5
74 260 5
74 261 7
74 262 4
74 263 10
74 266 10
74 269 2
74 270 4
74 271 4
74 273 2
74 274 1
74 276 10
74 277 4
74 282 8
74 285 4
74 289 2
74 291 1
74 293 8
74 295 6
74 297 6
74 308 8
74 311 6
74 313 1
74 314 1
74 316 5
74 317 6
74 319 7
74 321 10
74 328 7
74 329 2
74 332 3
74 333 7
74 335 3
74 336 10
74 337 9
74 338 2
74 339 6
74 341 4
74 342 6
74 347 2
74 348 7
74 349 10
74 352 7
74 353 8
74 355 3
74 356 1
74 357 9
74 358 10
74 360 8
74 361 1
74 365 1
74 367 2
74 370 10
74 371 2
74 374 4
74 377 2
74 379 4
74 386 6
74 389 6
74 391 3
74 394 10
74 396 8
74 398 5
74 403 1
74 404 6
74 406 2
74 407 1
74 408 7
74 412 5
74 413 10
74 414 9
74 415 10
74 422 7
74 424 5
74 426 6
74 430 4
74 436 8
74 437 4
74 438 4
74 439 8
74 440 7
74 441 8
74 442 3
74 445 2
75 76 1
75 77 4
75 83 2
75 85 2
75 87 1
75 88 5
75 89 1
75 90 6
75 92 9
75 94 3
75 95 3
75 96 10
75 100 3
75 103 4
75 104 7
75 105 4
75 106 6
75 107 5
75 110 2
75 112 10
75 116 6
75 117 6
75 118 8
75 122 2
75 123 7
75 124 4
75 125 8
75 129 1
75 130 8
75 132 6
75 133 5
75 137 9
75 139 8
75 140 3
75 141 8
75 142 1
75 143 10
75 144 8
75 146 7
75 147 5
75 150 4
75 151 5
75 152 4
75 155 9
75 157 8
75 162 2
75 165 10
75 166 4
75 171 3
75 175 10
75 176 9
75 179 7
75 182 5
75 183 1
75 184 3
75 185 8
75 186 2
75 187 3
75 188 6
75 189 10
75 193 3
75 201 10
75 208 8
75 209 10
75 210 4
75 214 1
75 215 10
75 216 10
75 217 4
75 218 4
75 219 7
75 221 4
75 223 9
75 224 1
75 226 8
75 228 6
75 229 9
75 231 4
75 233 6
75 234 4
75 240 9
75 244 7
75 245 8
75 246 4
75 248 6
75 250 1
75 251 8
75 252 2
75 254 2
75 255 6
75 257 4
75 258 3
75 259 9
75 261 3
75 262 2
75 263 6
75 264 3
75 270 4
75 271 7
75 277 3
75 279 7
75 281 9
75 284 9
75 286 7
75 291 3
75 293 8
75 294 4
75 295 10
75 296 6
75 298 2
75 299 7
75 300 6
75 306 9
75 308 5
75 309 4
75 313 3
75 315 10
75 316 4
75 318 1
75 323 8
75 325 7
75 327 1
75 328 7
75 329 7
75 331 1
75 334 2
75 336 5
75 337 1
75 340 6
75 342 1
75 343 3
75 344 8
75 348 8
75 354 6
75 358 7
75 360 7
75 362 4
75 363 10
75 366 8
75 367 8
75 369 4
75 370 4
75 371 2
75 372 9
75 373 2
75 374 10
75 376 4
75 379 3
75 380 3
75 381 3
75 384 3
75 385 5
75 386 3
75 387 10
75 388 2
75 389 4
75 391 7
75 393 7
75 395 6
75 396 9
75 397 7
75 398 8
75 399 6
75 402 2
75 403 9
75 404 10
75 405 8
75 406 2
75 407 10
75 410 10
75 411 9
75 413 9
75 417 6
75 418 10
75 419 5
75 421 3
75 422 1
75 426 8
75 428 6
75 429 5
75 430 7
75 431 4
75 432 2
75 433 2
75 439 6
75 441 3
75 442 2
75 443 7
75 444 9
75 446 5
75 449 6
76 79 2
76 80 1
76 83 3
76 86 5
76 87 1
76 88 6
76 90 5
76 92 3
76 93 2
76 95 7
76 97 8
76 98 6
76 99 10
76 100 1
76 102 4
76 103 3
76 104 3
76 105 10
76 106 5
76 108 1
76 109 5
76 110 1
76 112 6
76 113 5
76 114 4
76 115 1
76 116 9
76 118 8
76 119 1
76 120 3
76 121 10
76 122 6
76 123 9
76 124 9
76 125 2
76 126 4
76 128 9
76 129 8
76 130 3
76 131 6
76 132 7
76 134 5
76 138 1
76 139 5
76 140 7
76 141 6
76 142 10
76 143 8
76 144 3
76 145 7
76 147 1
76 148 3
76 153 9
76 156 7
76 158 7
76 160 4
76 166 1
76 167 9
76 168 10
76 169 7
76 170 7
76 171 10
76 172 2
76 174 8
76 175 10
76 176 7
76 177 1
76 184 1
76 185 3
76 186 5
76 189 1
76 190 2
76 193 4
76 195 10
76 196 6
76 197 1
76 198 5
76 200 7
76 201 6
76 202 7
76 204 3
76 205 1
76 206 8
76 208 10
76 211 9
76 213 2
76 214 4
76 215 9
76 217 9
76 219 7
76 221 6
76 222 5
76 224 2
76 234 1
76 235 3
76 238 6
76 239 3
76 240 5
76 241 9
76 242 9
76 244 9
76 248 7
76 250 9
76 251 3
76 252 6
76 253 4
76 255 2
76 256 10
76 258 4
76 260 2
76 263 4
76 265 1
76 269 2
76 270 3
76 277 8
76 278 5
76 280 7
76 285 9
76 286 4
76 287 2
76 288 2
76 291 8
76 294 5
76 297 8
76 304 8
76 309 6
76 312 1
76 315 4
76 316 9
76 319 10
76 320 4
76 321 6
76 322 6
76 323 9
76 327 1
76 331 1
76 335 10
76 337 5
76 341 3
76 343 10
76 347 7
76 348 8
76 349 1
76 350 8
76 351 9
76 353 5
76 358 3
76 359 1
76 363 7
76 364 5
76 373 9
76 374 5
76 375 10
76 376 9
76 380 10
76 381 6
76 382 7
76 383 4
76 384 9
76 385 2
76 387 2
76 388 4
76 390 10
76 392 7
76 398 1
76 400 4
76 404 2
76 405 10
76 406 3
76 407 10
76 408 9
76 411 9
76 413 5
76 415 2
76 416 3
76 417 3
76 419 5
76 420 3
76 422 10
76 423 4
76 425 10
76 426 8
76 427 8
76 428 7
76 429 2
76 432 2
76 433 4
76 434 10
76 435 5
76 436 8
76 437 6
76 438 4
76 442 2
76 444 5
76 446 5
76 449 8
77 78 7
77 79 8
77 81 2
77 82 10
77 84 1
77 87 5
77 91 7
77 94 3
77 97 10
77 100 3
77 101 4
77 103 1
77 104 2
77 105 1
77 106 7
77 107 9
77 108 3
77 109 2
77 110 5
77 113 6
77 114 6
77 115 10
77 117 10
77 119 8
77 123 6
77 126 8
77 127 10
77 128 1
77 130 10
77 131 10
77 132 9
77 139 10
77 140 2
77 142 4
77 145 2
77 147 3
77 149 4
77 150 5
77 151 9
77 153 5
77 155 4
77 157 3
77 159 1
77 168 5
77 169 6
77 172 5
77 173 4
77 175 6
77 176 4
77 179 3
77 180 4
77 181 7
77 183 3
77 184 1
77 185 6
77 186 2
77 188 6
77 191 4
77 192 8
77 194 7
77 195 7
77 196 6
77 197 5
77 201 8
77 202 1
77 203 9
77 205 3
77 208 1
77 210 8
77 211 7
77 213 5
77 214 7
77 220 4
77 223 4
77 224 5
77 229 3
77 232 1
77 233 5
77 234 6
77 235 8
77 237 1
77 238 3
77 240 1
77 242 5
77 243 7
77 244 8
77 245 8
77 247 6
77 249 5
77 252 6
77 253 8
77 255 5
77 256 9
77 258 8
77 259 1
77 262 3
77 267 9
77 274 8
77 277 5
77 281 8
77 282 9
77 285 3
77 286 5
77 287 8
77 288 5
77 289 1
77 293 2
77 295 5
77 296 9
77 298 4
77 299 10
77 303 4
77 304 3
77 306 6
77 309 1
77 310 1
77 314 1
77 315 8
77 316 4
77 317 8
77 319 9
77 322 6
77 323 9
77 325 9
77 327 4
77 328 9
77 334 1
77 335 7
77 336 5
77 339 9
77 340 5
77 341 7
77 342 5
77 343 2
77 344 6
77 348 10
77 349 8
77 350 3
77 352 9
77 353 2
77 357 6
77 359 8
77 360 9
77 361 4
77 363 4
77 364 2
77 365 6
77 368 6
77 369 6
77 370 1
77 373 4
77 374 3
77 385 10
77 386 1
77 387 10
77 388 4
77 392 3
77 393 8
77 394 7
77 396 7
77 397 10
77 399 7
77 403 2
77 404 7
77 409 7
77 411 5
77 412 1
77 414 7
77 415 4
77 416 10
77 418 6
77 422 4
77 423 4
77 425 9
77 430 8
77 431 10
77 433 7
77 437 10
77 438 8
77 439 7
77 441 6
77 444 9
77 445 3
77 448 6
77 449 8
78 80 8
78 83 6
78 87 1
78 88 3
78 89 8
78 91 5
78 92 10
78 93 4
78 94 2
78 97 9
78 101 10
78 102 7
78 103 6
78 111 2
78 113 3
78 116 5
78 118 4
78 122 1
78 127 4
78 128 6
78 131 8
78 132 8
78 134 1
78 135 4
78 136 8
78 137 4
78 138 10
78 140 2
78 142 9
78 145 4
78 147 3
78 148 10
78 152 2
78 153 5
78 154 3
78 157 1
78 158 7
78 159 8
78 160 1
78 163 10
78 164 1
78 165 8
78 169 2
78 171 4
78 175 10
78 178 4
78 179 6
78 180 1
78 186 8
78 191 9
78 192 1
78 194 9
78 195 2
78 198 1
78 200 1
78 202 6
78 203 9
78 205 8
78 207 4
78 208 2
78 210 8
78 212 8
78 213 5
78 217 8
78 219 1
78 223 1
78 225 8
78 230 7
78 232 10
78 234 6
78 235 4
78 236 3
78 239 9
78 241 10
78 242 4
78 244 3
78 246 5
78 248 2
78 250 9
78 253 8
78 256 10
78 258 2
78 259 6
78 260 1
78 261 7
78 264 3
78 265 9
78 266 3
78 268 9
78 269 10
78 270 8
78 271 2
78 274 1
78 279 10
78 280 3
78 282 1
78 285 3
78 286 4
78 287 10
78 298 4
78 299 8
78 300 5
78 301 3
78 302 9
78 304 4
78 305 6
78 308 7
78 310 7
78 311 6
78 313 1
78 314 8
78 315 7
78 316 9
78 317 5
78 319 4
78 321 4
78 327 7
78 328 2
78 331 6
78 336 3
78 339 2
78 340 7
78 341 6
78 342 2
78 343 2
78 347 1
78 350 10
78 356 7
78 358 7
78 359 3
78 360 2
78 364 1
78 368 4
78 369 3
78 370 4
78 372 10
78 374 7
78 376 4
78 377 3
78 378 7
78 379 1
78 380 3
78 382 6
78 387 6
78 396 4
78 398 1
78 401 4
78 402 1
78 405 6
78 407 8
78 409 1
78 410 9
78 411 6
78 412 9
78 414 5
78 415 3
78 418 1
78 420 5
78 422 9
78 423 6
78 424 6
78 426 10
78 427 7
78 429 3
78 430 2
78 433 1
78 434 7
78 436 8
78 437 7
78 438 8
78 439 5
78 440 4
78 442 2
78 443 8
78 444 7
78 445 2
78 446 8
78 447 8
78 449 2
79 80 9
79 81 8
79 82 4
79 83 3
79 88 5
79 93 2
79 95 6
79 98 10
79 103 5
79 105 4
79 106 3
79 107 5
79 109 1
79 111 2
79 112 8
79 113 2
79 115 8
79 116 7
79 121 10
79 123 3
79 124 9
79 125 3
79 127 1
79 128 8
79 129 6
79 131 6
79 133 7
79 136 2
79 137 7
79 141 2
79 142 10
79 143 5
79 145 6
79 146 7
79 148 9
79 150 7
79 154 4
79 155 7
79 156 4
79 159 3
79 161 8
79 162 5
79 163 6
79 165 3
79 167 7
79 172 6
79 173 7
79 174 4
79 175 1
79 177 2
79 179 10
79 184 3
79 186 4
79 190 3
79 191 10
79 194 7
79 196 2
79 197 1
79 199 10
79 201 9
79 206 8
79 207 4
79 208 7
79 218 7
79 220 7
79 222 2
79 223 8
79 224 8
79 226 2
79 231 2
79 235 5
79 236 1
79 238 2
79 239 6
79 240 4
79 243 7
79 245 3
79 246 2
79 248 2
79 249 6
79 253 8
79 255 7
79 257 7
79 260 5
79 268 8
79 270 7
79 271 6
79 273 10
79 274 9
79 275 10
79 277 5
79 278 8
79 279 8
79 280 7
79 281 10
79 286 10
79 288 4
79 289 9
79 291 4
79 292 6
79 295 3
79 296 1
79 297 1
79 300 2
79 301 10
79 303 1
79 307 6
79 313 7
79 315 7
79 317 7
79 319 7
79 323 6
79 327 6
79 332 4
79 335 4
79 340 10
79 341 3
79 342 2
79 345 4
79 346 9
79 347 9
79 349 4
79 351 8
79 352 2
79 353 3
79 355 2
79 356 9
79 359 4
79 361 9
79 362 5
79 363 10
79 365 10
79 366 9
79 367 2
79 368 5
79 369 8
79 370 3
79 372 1
79 374 3
79 375 6
79 378 6
79 379 4
79 384 1
79 386 2
79 387 6
79 388 5
79 389 8
79 390 3
79 392 2
79 396 2
79 398 7
79 399 7
79 404 2
79 406 7
79 407 6
79 408 1
79 409 9
79 411 3
79 412 3
79 414 5
79 422 5
79 424 6
79 426 2
79 427 3
79 428 5
79 429 10
79 432 4
79 433 9
79 434 7
79 437 7
79 440 3
79 443 8
79 444 2
79 445 2
79 446 4
80 82 2
80 84 5
80 92 4
80 94 7
80 95 8
80 96 7
80 97 8
80 99 1
80 102 5
80 105 4
80 106 4
80 109 9
80 110 5
80 111 7
80 112 6
80 113 7
80 114 1
80 120 4
80 121 2
80 123 6
80 124 1
80 125 5
80 128 3
80 129 6
80 130 9
80 133 9
80 134 9
80 137 1
80 138 5
80 139 9
80 140 1
80 142 1
80 146 6
80 148 3
80 152 1
80 153 4
80 154 6
80 156 4
80 158 10
80 161 7
80 162 9
80 163 3
80 164 10
80 166 9
80 168 10
80 169 3
80 171 6
80 174 7
80 175 6
80 177 8
80 178 5
80 179 2
80 181 5
80 182 4
80 183 2
80 187 3
80 192 10
80 194 9
80 198 6
80 205 3
80 208 1
80 209 3
80 211 10
80 214 6
80 215 7
80 216 9
80 217 4
80 221 1
80 222 6
80 223 5
80 224 9
80 227 8
80 229 10
80 232 4
80 236 5
80 237 10
80 238 10
80 239 9
80 240 10
80 242 4
80 243 4
80 245 7
80 246 1
80 251 6
80 252 4
80 258 5
80 262 5
80 263 10
80 267 4
80 268 6
80 269 5
80 271 3
80 275 10
80 276 1
80 278 9
80 280 2
80 281 10
80 284 6
80 288 5
80 290 8
80 292 4
80 294 2
80 298 3
80 300 10
80 302 2
80 304 4
80 311 9
80 312 9
80 313 7
80 314 2
80 315 7
80 317 6
80 318 6
80 319 4
80 321 7
80 322 1
80 323 10
80 329 2
80 330 1
80 331 6
80 335 6
80 338 8
80 346 2
80 347 4
80 349 10
80 351 1
80 353 5
80 354 1
80 355 4
80 359 1
80 363 3
80 364 9
80 365 3
80 367 3
80 368 3
80 369 4
80 370 3
80 376 5
80 378 10
80 379 1
80 381 5
80 384 5
80 387 4
80 389 10
80 391 3
80 392 6
80 394 3
80 396 7
80 398 2
80 399 4
80 400 7
80 402 3
80 403 8
80 404 10
80 407 1
80 409 8
80 412 6
80 417 10
80 419 8
80 420 1
80 422 3
80 425 4
80 428 3
80 431 3
80 432 8
80 433 3
80 440 9
80 441 8
80 442 9
80 443 8
80 444 2
80 448 10
81 85 1
81 88 2
81 89 2
81 91 4
81 92 9
81 94 9
81 95 8
81 96 3
81 98 9
81 99 8
81 100 7
81 104 9
81 107 6
81 108 2
81 110 6
81 111 2
81 112 9
81 114 7
81 116 5
81 117 1
81 118 5
81 119 6
81 120 7
81 121 3
81 122 5
81 123 3
81 124 5
81 125 3
81 126 1
81 128 3
81 129 8
81 130 2
81 134 10
81 137 10
81 141 10
81 144 10
81 150 8
81 151 9
81 152 7
81 154 4
81 156 2
81 157 4
81 158 4
81 161 1
81 164 4
81 167 3
81 168 5
81 170 10
81 171 10
81 175 7
81 177 4
81 178 4
81 180 7
81 181 5
81 185 1
81 187 8
81 193 10
81 200 2
81 202 10
81 203 3
81 204 6
81 212 6
81 216 8
81 217 6
81 218 5
81 219 10
81 220 4
81 221 5
81 225 8
81 227 3
81 229 5
81 230 4
81 232 7
81 233 2
81 234 1
81 236 7
81 240 9
81 243 8
81 246 5
81 248 10
81 249 9
81 250 7
81 254 2
81 255 9
81 256 5
81 261 4
81 262 5
81 263 10
81 265 9
81 266 9
81 268 1
81 269 4
81 271 3
81 272 2
81 275 7
81 277 4
81 279 5
81 280 1
81 281 2
81 282 8
81 283 10
81 284 9
81 285 10
81 286 8
81 287 8
81 289 9
81 290 8
81 291 4
81 293 9
81 294 9
81 296 1
81 297 2
81 300 4
81 301 6
81 302 2
81 303 3
81 304 6
81 305 9
81 306 3
81 308 7
81 309 5
81 313 9
81 314 1
81 322 1
81 323 9
81 329 7
81 330 9
81 331 4
81 333 1
81 334 5
81 338 10
81 340 3
81 341 4
81 342 3
81 344 9
81 346 2
81 347 1
81 352 9
81 353 5
81 354 4
81 355 6
81 356 9
81 357 3
81 359 1
81 360 5
81 361 6
81 362 4
81 365 3
81 366 6
81 367 8
81 372 7
81 373 6
81 376 5
81 378 7
81 379 8
81 380 5
81 385 5
81 386 10
81 387 4
81 389 9
81 391 2
81 392 7
81 396 6
81 398 2
81 400 7
81 404 6
81 405 2
81 406 7
81 407 8
81 409 5
81 410 6
81 411 5
81 412 10
81 415 1
81 418 6
81 421 6
81 423 5
81 425 8
81 426 7
81 427 4
81 428 5
81 429 8
81 430 3
81 431 8
81 436 8
81 439 6
81 441 7
81 443 5
81 445 7
81 446 3
81 447 6
82 84 7
82 85 4
82 87 2
82 89 7
82 90 3
82 91 1
82 92 4
82 93 7
82 94 5
82 96 4
82 97 8
82 98 8
82 99 2
82 103 8
82 105 9
82 106 7
82 107 4
82 108 5
82 109 5
82 110 4
82 111 1
82 112 1
82 114 3
82 115 3
82 117 5
82 119 9
82 120 5
82 122 2
82 124 1
82 126 7
82 127 7
82 129 7
82 130 3
82 137 5
82 142 6
82 143 7
82 146 9
82 148 9
82 149 1
82 150 8
82 152 7
82 155 5
82 156 7
82 158 4
82 159 2
82 161 9
82 163 9
82 166 5
82 167 2
82 168 5
82 170 7
82 173 8
82 174 4
82 176 6
82 179 3
82 182 10
82 184 3
82 185 4
82 187 3
82 189 4
82 191 6
82 195 1
82 196 10
82 198 3
82 199 10
82 201 1
82 205 7
82 206 7
82 207 2
82 209 7
82 211 6
82 215 2
82 224 2
82 234 5
82 236 5
82 238 8
82 239 9
82 241 5
82 244 6
82 249 9
82 251 9
82 252 8
82 257 7
82 264 7
82 266 1
82 268 9
82 269 5
82 270 8
82 272 8
82 273 10
82 274 5
82 276 3
82 277 5
82 279 9
82 284 8
82 285 3
82 287 9
82 288 7
82 289 5
82 290 10
82 292 8
82 293 5
82 295 3
82 296 1
82 297 9
82 299 6
82 301 2
82 303 5
82 306 2
82 307 6
82 308 7
82 313 4
82 314 2
82 316 8
82 321 8
82 322 2
82 325 10
82 326 8
82 327 6
82 328 2
82 329 3
82 330 4
82 331 2
82 332 7
82 336 2
82 337 4
82 338 3
82 342 10
82 350 5
82 353 4
82 354 3
82 355 6
82 357 8
82 358 6
82 361 7
82 364 1
82 366 9
82 368 1
82 369 4
82 371 4
82 372 5
82 373 8
82 374 7
82 375 1
82 376 1
82 377 2
82 380 10
82 382 2
82 383 3
82 385 4
82 386 7
82 387 7
82 390 7
82 395 1
82 396 9
82 397 2
82 401 9
82 402 5
82 403 4
82 404 3
82 406 1
82 407 3
82 410 7
82 412 6
82 414 7
82 415 6
82 417 1
82 418 10
82 420 10
82 421 1
82 422 8
82 425 3
82 426 7
82 428 5
82 429 8
82 430 6
82 431 6
82 432 8
82 433 1
82 439 9
82 442 8
82 444 1
82 446 2
82 447 10
82 448 2
82 449 5
83 86 9
83 90 1
83 93 3
83 94 3
83 95 9
83 96 10
83 98 9
83 99 8
83 100 1
83 101 8
83 102 5
83 105 4
83 106 4
83 107 6
83 108 5
83 109 9
83 110 10
83 112 4
83 116 9
83 118 4
83 119 8
83 121 8
83 122 3
83 124 6
83 125 5
83 127 7
83 131 2
83 133 6
83 136 3
83 137 9
83 142 1
83 146 6
83 147 6
83 149 6
83 150 9
83 153 2
83 154 9
83 155 2
83 156 9
83 157 10
83 160 3
83 161 8
83 162 2
83 165 1
83 167 3
83 168 9
83 169 6
83 170 4
83 172 10
83 173 4
83 174 1
83 176 10
83 178 4
83 179 10
83 180 9
83 182 6
83 189 1
83 191 4
83 192 2
83 193 9
83 196 7
83 201 7
83 203 7
83 205 1
83 208 5
83 212 2
83 213 8
83 214 6
83 215 1
83 217 3
83 219 9
83 221 3
83 222 1
83 223 8
83 225 9
83 226 6
83 227 4
83 229 7
83 230 8
83 232 8
83 233 2
83 234 3
83 235 9
83 236 9
83 237 8
83 239 9
83 240 8
83 241 5
83 242 10
83 243 10
83 245 7
83 246 4
83 247 8
83 250 10
83 252 4
83 253 10
83 256 6
83 257 6
83 258 10
83 259 2
83 260 7
83 261 10
83 263 10
83 266 6
83 267 10
83 268 7
83 269 5
83 270 7
83 271 3
83 272 7
83 274 10
83 276 9
83 277 8
83 279 8
83 282 6
83 284 10
83 285 9
83 286 4
83 287 8
83 288 5
83 289 8
83 291 2
83 294 2
83 295 6
83 296 1
83 297 1
83 300 2
83 301 5
83 303 7
83 307 4
83 310 1
83 311 5
83 312 6
83 313 5
83 315 4
83 319 7
83 320 1
83 322 9
83 324 8
83 325 10
83 326 10
83 328 6
83 329 10
83 330 6
83 331 2
83 333 6
83 334 5
83 337 3
83 338 10
83 341 5
83 342 8
83 343 8
83 344 8
83 346 10
83 347 1
83 348 10
83 349 8
83 352 2
83 353 7
83 356 8
83 361 6
83 363 5
83 367 9
83 368 9
83 369 4
83 371 2
83 372 4
83 374 3
83 376 6
83 377 7
83 379 4
83 380 2
83 383 2
83 385 7
83 388 3
83 393 8
83 394 9
83 397 6
83 400 7
83 401 9
83 402 5
83 403 8
83 404 6
83 409 3
83 410 6
83 411 3
83 412 2
83 413 2
83 415 1
83 416 3
83 418 8
83 419 1
83 420 1
83 423 4
83 426 7
83 432 4
83 433 10
83 434 4
83 435 9
83 440 3
83 441 2
83 442 9
83 443 9
83 449 10
84 85 5
84 86 10
84 88 7
84 89 6
84 90 5
84 91 5
84 93 10
84 94 10
84 95 7
84 99 9
84 108 8
84 109 6
84 111 1
84 112 3
84 113 10
84 115 4
84 116 3
84 119 9
84 120 5
84 121 3
84 122 6
84 124 7
84 126 9
84 127 9
84 128 9
84 131 1
84 132 9
84 136 4
84 137 6
84 138 9
84 139 2
84 140 5
84 141 1
84 145 4
84 148 7
84 150 6
84 152 8
84 153 4
84 155 4
84 158 5
84 160 1
84 161 6
84 162 3
84 163 7
84 166 3
84 167 2
84 170 4
84 171 4
84 172 8
84 173 5
84 174 2
84 175 1
84 182 6
84 183 6
84 185 10
84 186 5
84 190 4
84 191 3
84 192 9
84 194 3
84 195 5
84 196 10
84 197 10
84 198 7
84 200 8
84 201 6
84 202 8
84 204 7
84 206 8
84 208 1
84 210 2
84 213 10
84 214 6
84 215 2
84 216 5
84 217 1
84 218 5
84 219 9
84 220 10
84 221 7
84 223 1
84 224 7
84 225 9
84 226 9
84 227 1
84 228 10
84 231 9
84 232 2
84 233 7
84 234 5
84 235 1
84 240 3
84 241 4
84 243 5
84 244 3
84 246 9
84 248 3
84 251 3
84 253 7
84 254 1
84 256 2
84 257 1
84 259 2
84 264 9
84 265 8
84 267 5
84 268 4
84 270 4
84 271 7
84 272 4
84 275 3
84 278 10
84 280 7
84 282 9
84 283 2
84 284 9
84 286 4
84 287 2
84 289 4
84 290 2
84 292 9
84 293 8
84 295 7
84 297 3
84 300 1
84 301 5
84 302 4
84 305 1
84 306 2
84 309 4
84 312 5
84 314 3
84 316 6
84 317 7
84 318 3
84 319 10
84 320 4
84 322 3
84 323 8
84 325 9
84 328 5
84 330 8
84 331 6
84 334 3
84 335 2
84 338 8
84 339 2
84 343 3
84 344 4
84 345 8
84 346 5
84 347 5
84 348 1
84 349 10
84 350 1
84 351 2
84 352 6
84 356 4
84 357 8
84 358 3
84 359 8
84 360 9
84 361 7
84 369 9
84 372 3
84 375 4
84 378 2
84 381 6
84 382 2
84 383 3
84 384 6
84 385 9
84 387 8
84 388 5
84 389 1
84 390 7
84 391 2
84 395 10
84 396 5
84 397 7
84 401 1
84 402 10
84 405 3
84 407 7
84 412 6
84 413 5
84 415 2
84 416 8
84 417 5
84 419 3
84 421 8
84 422 9
84 423 4
84 426 7
84 427 1
84 429 10
84 430 10
84 431 8
84 432 6
84 433 3
84 436 2
84 438 8
84 440 5
84 441 7
84 442 2
84 443 5
84 448 5
84 449 3
85 87 1
85 93 7
85 97 4
85 99 8
85 100 4
85 103 4
85 104 7
85 107 3
85 108 5
85 109 10
85 111 4
85 112 8
85 114 3
85 116 5
85 118 1
85 120 3
85 122 10
85 123 5
85 124 4
85 128 2
85 130 8
85 131 10
85 134 5
85 149 8
85 150 4
85 151 7
85 152 6
85 153 8
85 154 1
85 156 5
85 159 9
85 160 9
85 162 4
85 163 10
85 164 4
85 166 3
85 167 1
85 170 7
85 171 3
85 172 10
85 173 2
85 177 4
85 178 7
85 180 5
85 183 4
85 184 8
85 185 4
85 186 3
85 187 5
85 188 9
85 189 5
85 190 3
85 192 5
85 193 7
85 194 2
85 196 2
85 198 4
85 199 5
85 204 8
85 206 5
85 207 6
85 209 5
85 212 2
85 214 1
85 216 2
85 218 10
85 219 7
85 220 5
85 221 8
85 224 1
85 225 1
85 227 4
85 232 2
85 234 8
85 235 3
85 236 1
85 237 4
85 242 2
85 245 3
85 246 1
85 249 4
85 250 3
85 251 9
85 252 8
85 255 1
85 256 10
85 257 8
85 258 5
85 259 7
85 262 2
85 263 9
85 264 3
85 271 5
85 272 9
85 273 2
85 274 4
85 277 10
85 278 3
85 281 8
85 284 2
85 285 5
85 286 9
85 288 6
85 291 8
85 292 9
85 295 5
85 296 10
85 299 7
85 300 2
85 302 6
85 304 7
85 305 9
85 313 8
85 314 6
85 316 5
85 317 3
85 319 2
85 321 5
85 322 9
85 323 3
85 324 2
85 330 7
85 341 10
85 343 1
85 347 8
85 348 3
85 350 8
85 351 10
85 353 4
85 356 3
85 357 8
85 363 8
85 364 1
85 365 1
85 366 5
85 367 5
85 368 2
85 377 4
85 378 4
85 379 5
85 381 8
85 383 8
85 384 10
85 386 4
85 387 8
85 388 8
85 392 9
85 393 10
85 394 6
85 402 10
85 405 8
85 407 2
85 408 2
85 409 3
85 410 6
85 412 6
85 416 6
85 417 10
85 418 6
85 422 8
85 424 3
85 429 1
85 430 3
85 431 4
85 433 5
85 434 6
85 435 4
85 437 4
85 440 7
85 441 10
85 445 4
86 88 7
86 89 2
86 90 7
86 91 4
86 94 1
86 96 6
86 97 1
86 98 6
86 100 9
86 101 7
86 102 7
86 103 5
86 104 8
86 105 1
86 106 8
86 107 4
86 108 10
86 111 8
86 112 2
86 117 3
86 120 5
86 121 1
86 123 6
86 124 1
86 125 5
86 126 10
86 127 1
86 131 1
86 133 10
86 134 8
86 137 2
86 138 10
86 139 1
86 140 5
86 142 10
86 143 5
86 148 6
86 149 5
86 150 7
86 153 6
86 154 2
86 155 1
86 158 10
86 160 5
86 161 3
86 167 4
86 169 6
86 171 6
86 172 8
86 173 7
86 175 6
86 186 1
86 187 6
86 192 4
86 195 3
86 196 3
86 197 4
86 198 5
86 201 9
86 204 3
86 205 3
86 206 8
86 207 3
86 210 2
86 211 9
86 212 3
86 213 3
86 214 8
86 215 5
86 217 7
86 220 1
86 221 5
86 222 1
86 224 1
86 233 10
86 234 8
86 237 5
86 238 1
86 239 9
86 242 3
86 244 7
86 245 10
86 246 5
86 247 5
86 248 1
86 251 1
86 254 6
86 255 6
86 257 4
86 258 9
86 259 6
86 261 2
86 264 10
86 266 2
86 267 1
86 269 9
86 272 9
86 277 3
86 282 2
86 283 5
86 287 9
86 288 6
86 290 5
86 291 1
86 292 4
86 294 4
86 295 7
86 296 3
86 297 7
86 300 1
86 301 6
86 304 2
86 306 5
86 310 3
86 311 8
86 313 3
86 314 10
86 316 8
86 317 9
86 321 7
86 326 5
86 329 2
86 331 7
86 332 5
86 333 5
86 335 6
86 336 5
86 339 10
86 340 5
86 343 1
86 344 2
86 345 6
86 348 8
86 349 6
86 350 10
86 357 7
86 360 9
86 361 6
86 366 9
86 368 1
86 370 7
86 374 2
86 375 7
86 377 5
86 378 2
86 380 4
86 382 4
86 385 5
86 387 1
86 393 10
86 394 3
86 397 5
86 399 2
86 400 8
86 401 5
86 403 5
86 407 8
86 408 7
86 409 9
86 411 1
86 412 9
86 413 6
86 416 2
86 417 8
86 420 2
86 425 7
86 426 10
86 431 10
86 432 8
86 434 7
86 436 3
86 439 8
86 440 7
86 442 5
86 443 6
86 448 6
87 90 10
87 93 8
87 94 7
87 96 1
87 97 1
87 98 3
87 99 4
87 101 10
87 102 10
87 103 10
87 106 6
87 108 1
87 109 7
87 111 2
87 112 7
87 114 7
87 116 2
87 119 4
87 121 3
87 123 4
87 125 5
87 127 7
87 129 4
87 130 5
87 132 8
87 136 1
87 137 9
87 138 2
87 141 4
87 145 10
87 147 10
87 149 4
87 150 9
87 151 5
87 152 6
87 153 5
87 159 1
87 160 6
87 161 7
87 162 7
87 163 3
87 164 7
87 165 2
87 167 5
87 173 2
87 174 10
87 175 2
87 176 3
87 177 6
87 178 2
87 180 4
87 181 1
87 184 3
87 185 9
87 186 9
87 189 1
87 193 1
87 196 3
87 197 9
87 198 9
87 203 2
87 204 10
87 206 5
87 207 9
87 209 1
87 210 5
87 211 6
87 212 10
87 213 1
87 217 7
87 218 9
87 219 3
87 221 2
87 223 6
87 227 1
87 230 8
87 232 1
87 235 8
87 237 8
87 241 8
87 245 8
87 247 4
87 248 1
87 249 7
87 250 5
87 251 6
87 252 7
87 255 8
87 258 1
87 260 7
87 261 6
87 264 5
87 266 7
87 267 2
87 268 5
87 269 6
87 273 2
87 274 8
87 279 9
87 280 8
87 281 5
87 284 6
87 288 10
87 289 1
87 290 8
87 291 6
87 292 7
87 293 9
87 298 9
87 299 2
87 300 10
87 303 9
87 307 5
87 308 10
87 309 5
87 312 1
87 313 8
87 314 2
87 315 2
87 316 6
87 317 8
87 319 4
87 320 3
87 321 5
87 322 1
87 325 3
87 326 5
87 327 8
87 328 5
87 331 2
87 333 9
87 335 6
87 336 10
87 337 9
87 338 5
87 339 7
87 340 1
87 341 3
87 342 7
87 343 1
87 348 3
87 349 3
87 352 8
87 354 3
87 356 6
87 361 2
87 362 7
87 365 9
87 366 8
87 367 3
87 369 2
87 371 3
87 373 1
87 377 7
87 379 6
87 380 9
87 382 10
87 383 10
87 386 9
87 387 7
87 388 2
87 389 1
87 394 10
87 395 9
87 398 9
87 399 5
87 402 1
87 405 8
87 406 4
87 410 5
87 412 5
87 413 3
87 415 1
87 417 8
87 418 1
87 420 7
87 422 7
87 423 8
87 424 9
87 428 4
87 431 1
87 434 6
87 435 3
87 436 5
87 438 9
87 442 5
87 443 10
87 444 9
88 91 6
88 92 10
88 95 3
88 97 1
88 98 9
88 99 6
88 101 8
88 102 9
88 109 9
88 112 9
88 114 9
88 115 5
88 116 3
88 117 6
88 118 2
88 120 5
88 123 8
88 125 9
88 126 6
88 127 4
88 128 3
88 129 7
88 132 7
88 135 4
88 136 7
88 140 1
88 142 1
88 146 10
88 148 6
88 150 10
88 154 3
88 156 6
88 158 9
88 160 4
88 162 4
88 163 2
88 164 3
88 165 1
88 166 3
88 169 2
88 172 3
88 173 4
88 174 8
88 176 1
88 178 9
88 179 4
88 180 6
88 182 5
88 184 5
88 186 3
88 188 1
88 191 7
88 196 5
88 197 2
88 198 10
88 199 4
88 204 9
88 206 1
88 209 6
88 210 7
88 211 9
88 215 8
88 223 8
88 228 3
88 231 8
88 236 4
88 237 6
88 238 4
88 240 1
88 242 6
88 245 5
88 247 1
88 248 4
88 250 6
88 251 1
88 253 2
88 254 2
88 255 8
88 256 1
88 257 6
88 259 6
88 265 9
88 266 5
88 268 9
88 269 7
88 271 10
88 273 6
88 276 8
88 277 5
88 280 10
88 282 4
88 283 7
88 286 2
88 287 7
88 288 8
88 289 6
88 290 5
88 294 6
88 295 5
88 296 5
88 298 10
88 299 3
88 301 2
88 302 3
88 304 9
88 307 3
88 308 7
88 310 10
88 313 10
88 315 7
88 316 8
88 317 7
88 320 5
88 321 9
88 322 2
88 327 4
88 328 5
88 330 10
88 331 4
88 332 4
88 334 4
88 338 3
88 340 2
88 341 8
88 342 7
88 346 10
88 348 9
88 350 10
88 352 1
88 353 8
88 354 10
88 355 3
88 356 4
88 362 3
88 363 8
88 364 1
88 365 7
88 366 2
88 367 10
88 368 1
88 372 9
88 374 7
88 376 5
88 377 8
88 378 1
88 380 7
88 381 2
88 382 6
88 388 3
88 389 8
88 394 7
88 395 3
88 396 3
88 398 4
88 399 8
88 400 5
88 401 4
88 406 2
88 408 3
88 410 3
88 411 1
88 412 1
88 414 7
88 415 7
88 417 6
88 420 10
88 421 3
88 423 9
88 424 1
88 425 2
88 426 8
88 428 10
88 430 1
88 431 1
88 435 6
88 437 2
88 439 8
88 441 7
88 445 7
88 446 4
88 448 5
89 90 1
89 92 3
89 97 1
89 105 1
89 106 6
89 107 4
89 108 5
89 111 2
89 112 7
89 114 3
89 118 4
89 121 5
89 122 2
89 123 9
89 124 6
89 126 9
89 132 8
89 135 3
89 141 8
89 142 8
89 143 5
89 144 2
89 145 4
89 146 5
89 147 9
89 148 7
89 149 8
89 150 7
89 152 10
89 154 10
89 155 3
89 156 3
89 157 6
89 158 2
89 160 1
89 165 2
89 166 8
89 167 4
89 172 3
89 177 1
89 179 6
89 180 4
89 181 9
89 184 10
89 186 7
89 190 7
89 191 4
89 194 5
89 195 10
89 199 8
89 203 4
89 204 3
89 205 7
89 206 3
89 207 2
89 211 8
89 213 8
89 214 3
89 215 10
89 216 5
89 217 9
89 218 1
89 222 8
89 223 3
89 224 8
89 225 3
89 226 9
89 228 4
89 231 7
89 232 4
89 233 5
89 235 7
89 236 4
89 239 6
89 242 9
89 247 2
89 251 6
89 252 8
89 253 6
89 254 10
89 255 8
89 256 5
89 257 7
89 259 9
89 260 6
89 261 1
89 263 3
89 264 8
89 265 10
89 267 1
89 268 1
89 269 6
89 274 3
89 275 3
89 280 1
89 286 8
89 288 2
89 290 6
89 291 3
89 292 5
89 294 6
89 298 9
89 299 8
89 300 5
89 301 10
89 302 3
89 307 8
89 308 5
89 311 10
89 319 5
89 320 4
89 322 4
89 324 6
89 325 8
89 327 10
89 329 10
89 332 6
89 333 4
89 335 5
89 338 9
89 343 10
89 346 8
89 347 2
89 350 2
89 351 8
89 352 6
89 354 8
89 356 2
89 357 3
89 358 9
89 359 7
89 360 6
89 361 10
89 364 7
89 365 9
89 367 9
89 368 6
89 370 2
89 371 7
89 374 5
89 376 4
89 379 9
89 383 5
89 384 1
89 389 9
89 392 9
89 393 2
89 399 6
89 400 3
89 401 4
89 403 5
89 405 3
89 406 5
89 410 6
89 412 5
89 420 3
89 423 8
89 424 6
89 427 4
89 432 9
89 434 8
89 435 1
89 436 7
89 439 6
89 441 2
89 442 4
89 444 9
89 448 1
90 91 10
90 102 2
90 105 4
90 106 8
90 108 5
90 112 9
90 113 5
90 114 6
90 115 10
90 116 2
90 117 1
90 120 9
90 122 9
90 126 7
90 128 1
90 129 2
90 132 5
90 133 10
90 134 2
90 135 10
90 138 8
90 142 6
90 144 3
90 145 9
90 149 9
90 150 3
90 152 4
90 153 7
90 154 5
90 155 3
90 157 4
90 159 10
90 161 10
90 164 8
90 165 8
90 168 1
90 172 7
90 173 2
90 175 8
90 179 10
90 180 9
90 181 5
90 184 4
90 187 2
90 191 5
90 192 7
90 193 6
90 197 3
90 199 8
90 203 6
90 205 1
90 207 4
90 208 1
90 210 8
90 212 9
90 213 8
90 215 6
90 218 9
90 219 2
90 220 9
90 224 3
90 225 7
90 226 9
90 231 7
90 234 10
90 235 9
90 236 9
90 238 9
90 241 1
90 242 10
90 243 4
90 246 9
90 247 4
90 249 2
90 251 1
90 253 6
90 254 9
90 255 9
90 256 4
90 258 3
90 259 8
90 262 10
90 264 5
90 265 2
90 267 7
90 268 1
90 271 7
90 273 4
90 274 10
90 280 7
90 281 5
90 283 7
90 284 2
90 288 4
90 295 4
90 296 3
90 303 5
90 304 6
90 305 5
90 306 5
90 310 3
90 314 2
90 317 10
90 319 8
90 321 7
90 322 4
90 323 3
90 324 7
90 327 8
90 328 6
90 330 1
90 332 4
90 333 8
90 334 9
90 337 2
90 338 2
90 339 4
90 344 5
90 346 4
90 348 4
90 349 1
90 350 4
90 351 10
90 353 10
90 355 1
90 356 5
90 357 5
90 360 2
90 361 4
90 362 10
90 364 10
90 365 2
90 370 3
90 373 6
90 374 1
90 377 8
90 378 7
90 380 9
90 383 4
90 385 4
90 388 5
90 389 5
90 391 4
90 392 7
90 393 9
90 395 3
90 396 7
90 401 3
90 404 3
90 405 4
90 406 10
90 408 6
90 409 9
90 413 9
90 414 6
90 415 6
90 419 6
90 422 8
90 423 2
90 424 4
90 425 2
90 429 10
90 430 8
90 431 10
90 433 5
90 434 10
90 436 6
90 438 4
90 440 1
90 441 9
90 445 1
90 449 10
91 92 5
91 94 7
91 95 8
91 96 7
91 97 8
91 99 4
91 100 8
91 101 3
91 102 1
91 103 7
91 105 4
91 107 8
91 108 4
91 110 5
91 111 2
91 114 2
91 115 10
91 116 8
91 118 6
91 120 2
91 121 5
91 124 5
91 125 6
91 127 8
91 128 8
91 130 2
91 131 7
91 132 3
91 133 8
91 135 5
91 136 4
91 137 10
91 140 4
91 142 10
91 143 1
91 144 8
91 148 5
91 151 4
91 153 8
91 155 6
91 156 6
91 157 9
91 158 2
91 159 8
91 161 10
91 162 7
91 163 8
91 164 2
91 165 6
91 167 4
91 173 8
91 174 1
91 178 1
91 181 4
91 184 1
91 185 6
91 186 2
91 188 2
91 189 10
91 191 9
91 192 7
91 195 9
91 197 8
91 198 1
91 201 1
91 202 9
91 204 6
91 206 3
91 208 9
91 209 3
91 210 7
91 213 4
91 215 9
91 221 1
91 222 9
91 229 1
91 230 9
91 236 8
91 238 5
91 240 9
91 241 1
91 244 5
91 245 2
91 246 9
91 247 5
91 248 9
91 250 8
91 257 2
91 260 2
91 261 9
91 262 8
91 269 9
91 270 9
91 271 6
91 272 2
91 274 8
91 275 5
91 277 10
91 278 8
91 279 1
91 283 9
91 284 3
91 285 7
91 286 6
91 291 5
91 292 7
91 302 7
91 303 6
91 308 2
91 310 4
91 312 6
91 316 9
91 317 1
91 319 5
91 320 6
91 321 1
91 322 5
91 324 1
91 325 2
91 326 5
91 327 8
91 328 10
91 329 5
91 330 4
91 331 7
91 333 1
91 336 4
91 340 1
91 343 2
91 344 9
91 345 10
91 346 3
91 347 10
91 354 6
91 359 8
91 362 4
91 363 6
91 364 5
91 365 8
91 366 10
91 367 8
91 369 3
91 370 3
91 373 7
91 374 2
91 377 10
91 379 7
91 383 1
91 385 6
91 386 8
91 387 6
91 388 6
91 394 2
91 396 8
91 397 2
91 398 4
91 399 9
91 400 4
91 401 4
91 402 5
91 403 4
91 404 1
91 406 4
91 408 7
91 409 1
91 410 4
91 414 1
91 415 10
91 416 8
91 417 7
91 419 4
91 421 4
91 422 3
91 423 2
91 424 5
91 425 7
91 426 8
91 427 3
91 429 5
91 431 4
91 432 7
91 434 5
91 435 1
91 438 6
91 440 6
91 445 9
91 447 4
91 448 1
91 449 1
92 93 2
92 99 3
92 101 5
92 102 10
92 103 5
92 104 2
92 105 5
92 106 6
92 109 8
92 110 8
92 112 9
92 113 3
92 115 3
92 117 7
92 118 2
92 123 8
92 124 9
92 128 4
92 129 7
92 132 2
92 139 3
92 140 5
92 141 3
92 142 9
92 144 2
92 146 5
92 149 2
92 150 5
92 151 1
92 158 10
92 160 8
92 162 6
92 166 6
92 167 1
92 168 3
92 169 4
92 170 6
92 172 1
92 173 3
92 174 7
92 175 5
92 176 8
92 177 9
92 178 9
92 180 8
92 182 4
92 185 7
92 186 5
92 189 6
92 190 8
92 191 9
92 192 3
92 196 2
92 199 7
92 200 3
92 201 7
92 203 3
92 204 5
92 205 3
92 207 2
92 210 1
92 212 5
92 214 7
92 215 1
92 216 8
92 217 4
92 225 1
92 227 5
92 231 9
92 232 6
92 234 3
92 235 2
92 237 3
92 238 4
92 239 6
92 240 9
92 242 3
92 243 3
92 244 8
92 245 2
92 246 8
92 250 4
92 252 8
92 254 9
92 255 1
92 257 7
92 259 4
92 260 10
92 261 7
92 262 10
92 263 8
92 264 5
92 265 2
92 266 2
92 268 2
92 269 9
92 270 4
92 274 6
92 275 4
92 276 6
92 278 1
92 279 1
92 281 8
92 282 3
92 283 4
92 284 9
92 285 9
92 289 9
92 293 10
92 294 1
92 295 6
92 296 2
92 297 8
92 299 10
92 301 9
92 304 1
92 305 5
92 306 3
92 307 8
92 308 6
92 309 8
92 310 1
92 312 2
92 313 5
92 315 7
92 318 8
92 320 3
92 321 6
92 324 4
92 325 3
92 328 3
92 330 6
92 331 4
92 332 2
92 333 7
92 335 2
92 339 6
92 340 9
92 343 4
92 345 2
92 349 2
92 350 1
92 351 10
92 352 5
92 355 7
92 356 6
92 357 3
92 358 1
92 359 10
92 360 6
92 361 10
92 363 4
92 364 9
92 369 5
92 370 4
92 371 8
92 372 4
92 374 8
92 375 9
92 379 5
92 384 7
92 385 9
92 386 2
92 387 8
92 392 2
92 393 1
92 394 7
92 395 7
92 396 3
92 398 10
92 399 6
92 400 10
92 403 2
92 404 8
92 405 2
92 406 7
92 408 1
92 410 7
92 411 5
92 413 8
92 415 10
92 418 10
92 421 1
92 423 4
92 427 10
92 429 3
92 430 4
92 431 6
92 432 5
92 436 5
92 438 3
92 441 1
92 445 7
92 448 1
92 449 4
93 95 4
93 101 10
93 102 8
93 104 8
93 105 4
93 108 1
93 109 2
93 110 1
93 111 7
93 115 1
93 116 8
93 119 1
93 120 5
93 121 8
93 122 9
93 123 8
93 125 3
93 126 2
93 129 6
93 133 5
93 134 1
93 135 9
93 139 6
93 141 3
93 142 2
93 143 7
93 146 2
93 147 7
93 148 3
93 154 4
93 156 2
93 159 4
93 160 8
93 162 2
93 163 6
93 164 9
93 167 6
93 170 8
93 171 10
93 174 2
93 175 3
93 179 7
93 183 7
93 184 7
93 189 10
93 190 3
93 191 6
93 192 5
93 194 7
93 195 8
93 196 8
93 199 5
93 200 2
93 201 9
93 205 7
93 206 1
93 207 1
93 208 7
93 209 9
93 211 6
93 213 3
93 214 4
93 216 7
93 219 5
93 221 2
93 224 9
93 225 9
93 227 5
93 228 2
93 229 8
93 230 6
93 232 7
93 233 2
93 234 2
93 235 1
93 236 3
93 239 6
93 241 5
93 242 4
93 243 10
93 246 2
93 247 10
93 249 10
93 252 8
93 255 2
93 256 4
93 259 4
93 260 9
93 261 4
93 262 2
93 263 7
93 264 6
93 265 3
93 267 1
93 268 5
93 272 6
93 273 5
93 274 2
93 275 1
93 276 7
93 277 9
93 280 8
93 281 2
93 282 5
93 283 6
93 284 9
93 285 2
93 286 3
93 287 2
93 288 4
93 289 5
93 290 3
93 294 5
93 297 4
93 299 3
93 300 8
93 307 6
93 310 6
93 312 6
93 314 3
93 315 8
93 317 10
93 318 4
93 320 6
93 321 4
93 322 3
93 323 2
93 324 5
93 327 6
93 329 9
93 332 3
93 334 2
93 335 10
93 337 5
93 341 6
93 343 6
93 344 6
93 345 5
93 347 3
93 348 2
93 350 4
93 351 6
93 352 9
93 354 10
93 355 4
93 356 6
93 357 7
93 358 9
93 359 10
93 363 1
93 364 1
93 365 3
93 366 8
93 368 3
93 370 9
93 371 7
93 377 8
93 378 1
93 379 9
93 380 9
93 382 9
93 384 10
93 385 4
93 386 9
93 388 5
93 390 3
93 395 8
93 397 4
93 398 5
93 399 7
93 400 5
93 401 4
93 403 8
93 404 9
93 409 9
93 410 8
93 411 9
93 413 3
93 414 6
93 418 5
93 420 1
93 421 5
93 422 5
93 424 9
93 425 1
93 427 5
93 428 5
93 429 6
93 431 4
93 434 5
93 436 3
93 437 5
93 438 5
93 440 7
93 442 9
93 445 2
93 446 9
94 98 1
94 99 9
94 106 1
94 108 5
94 111 3
94 112 3
94 113 5
94 118 6
94 120 7
94 121 5
94 122 2
94 126 1
94 127 4
94 129 4
94 132 10
94 134 3
94 135 1
94 138 9
94 140 3
94 143 2
94 144 5
94 146 4
94 147 2
94 148 7
94 150 8
94 153 1
94 155 9
94 158 10
94 159 8
94 161 4
94 162 9
94 163 4
94 165 2
94 167 6
94 168 9
94 172 3
94 173 7
94 175 9
94 176 7
94 177 8
94 183 5
94 192 6
94 194 6
94 195 7
94 198 7
94 202 10
94 204 9
94 205 9
94 206 1
94 207 10
94 208 3
94 209 4
94 210 5
94 214 6
94 216 7
94 217 7
94 221 8
94 222 8
94 224 8
94 226 3
94 227 5
94 229 6
94 230 2
94 231 8
94 233 6
94 236 7
94 237 7
94 238 8
94 241 7
94 242 5
94 244 9
94 246 4
94 247 5
94 251 8
94 254 2
94 260 7
94 263 10
94 267 3
94 269 4
94 270 10
94 272 9
94 273 1
94 275 2
94 278 1
94 280 2
94 281 5
94 282 7
94 284 9
94 286 6
94 287 5
94 288 10
94 289 9
94 291 5
94 293 8
94 300 8
94 301 10
94 303 9
94 309 6
94 312 10
94 316 3
94 318 2
94 319 8
94 323 3
94 325 7
94 326 4
94 327 1
94 329 5
94 332 6
94 337 2
94 338 2
94 339 1
94 340 5
94 343 8
94 349 5
94 352 1
94 354 1
94 355 10
94 356 6
94 357 5
94 358 6
94 359 3
94 360 3
94 361 2
94 363 7
94 364 7
94 367 7
94 368 4
94 369 5
94 370 8
94 373 9
94 374 6
94 375 5
94 379 5
94 381 6
94 383 7
94 385 7
94 389 8
94 392 1
94 393 8
94 394 7
94 395 7
94 396 5
94 398 10
94 399 5
94 400 3
94 403 6
94 404 5
94 406 7
94 407 6
94 409 8
94 412 7
94 414 1
94 422 4
94 423 10
94 425 10
94 428 5
94 429 10
94 430 6
94 433 4
94 435 7
94 437 3
94 438 2
94 443 8
94 446 2
94 447 10
94 448 1
94 449 10
95 96 8
95 98 4
95 99 8
95 102 10
95 103 5
95 105 9
95 111 1
95 113 1
95 115 9
95 117 2
95 122 5
95 123 6
95 128 6
95 130 6
95 140 8
95 141 2
95 142 2
95 149 2
95 150 10
95 151 3
95 153 9
95 161 8
95 163 6
95 165 10
95 166 6
95 167 2
95 168 7
95 169 2
95 172 7
95 174 5
95 177 4
95 179 2
95 181 6
95 183 9
95 184 2
95 185 8
95 188 7
95 190 7
95 191 5
95 192 10
95 193 3
95 194 6
95 196 8
95 197 2
95 199 2
95 201 10
95 204 9
95 205 5
95 206 8
95 211 10
95 212 8
95 213 5
95 214 1
95 220 4
95 222 10
95 225 2
95 226 6
95 228 5
95 230 3
95 231 7
95 232 7
95 233 2
95 234 4
95 235 4
95 238 5
95 239 9
95 240 1
95 241 7
95 242 4
95 244 5
95 247 2
95 248 7
95 255 10
95 256 7
95 258 9
95 259 2
95 260 10
95 262 4
95 265 4
95 267 5
95 272 2
95 273 5
95 276 7
95 278 3
95 279 9
95 281 6
95 282 4
95 283 7
95 286 7
95 287 7
95 290 7
95 293 5
95 296 2
95 301 10
95 304 2
95 305 6
95 309 3
95 313 1
95 316 5
95 317 10
95 320 6
95 323 7
95 326 2
95 327 4
95 329 3
95 330 7
95 331 3
95 332 4
95 333 7
95 335 10
95 336 10
95 338 8
95 339 8
95 341 9
95 343 7
95 344 1
95 349 3
95 351 10
95 354 9
95 355 3
95 357 9
95 359 3
95 361 3
95 363 8
95 364 10
95 367 9
95 373 7
95 374 5
95 375 6
95 376 1
95 377 2
95 381 3
95 382 8
95 383 2
95 386 6
95 391 6
95 393 6
95 394 10
95 399 9
95 401 6
95 402 4
95 404 1
95 406 3
95 408 1
95 409 5
95 410 7
95 412 5
95 416 3
95 420 3
95 422 5
95 428 8
95 430 5
95 434 2
95 438 7
95 446 2
95 447 5
95 448 9
96 100 10
96 101 1
96 103 9
96 109 4
96 111 9
96 114 10
96 115 8
96 116 3
96 117 8
96 119 7
96 121 3
96 122 6
96 123 1
96 124 3
96 127 2
96 129 4
96 130 4
96 134 2
96 135 6
96 136 4
96 137 8
96 138 1
96 139 2
96 140 7
96 141 2
96 143 2
96 144 2
96 146 4
96 147 4
96 148 1
96 150 9
96 152 4
96 153 8
96 155 4
96 156 9
96 161 10
96 162 2
96 164 3
96 165 5
96 167 1
96 169 9
96 171 7
96 173 10
96 174 10
96 175 2
96 181 5
96 184 7
96 185 9
96 186 8
96 194 6
96 195 4
96 196 6
96 198 10
96 203 7
96 204 9
96 208 1
96 209 2
96 211 8
96 212 1
96 213 9
96 214 1
96 217 10
96 218 2
96 222 10
96 223 2
96 228 9
96 229 7
96 231 8
96 232 3
96 233 3
96 235 2
96 238 2
96 242 5
96 246 10
96 253 9
96 254 1
96 256 5
96 257 10
96 258 6
96 259 9
96 261 10
96 263 6
96 264 7
96 265 8
96 271 6
96 272 8
96 274 5
96 275 1
96 276 7
96 278 6
96 279 6
96 280 8
96 281 1
96 283 1
96 284 5
96 285 5
96 288 6
96 290 3
96 292 3
96 293 7
96 295 1
96 297 4
96 298 1
96 299 4
96 301 3
96 304 2
96 305 4
96 306 5
96 307 1
96 308 10
96 311 2
96 312 10
96 313 10
96 314 10
96 316 6
96 318 3
96 320 8
96 322 1
96 326 2
96 332 5
96 333 5
96 335 8
96 337 9
96 340 3
96 342 3
96 343 4
96 344 3
96 348 8
96 352 8
96 354 4
96 355 7
96 356 7
96 357 10
96 359 7
96 360 2
96 361 4
96 365 8
96 366 4
96 370 4
96 373 2
96 376 3
96 377 10
96 378 10
96 379 6
96 380 5
96 381 5
96 387 1
96 389 7
96 390 7
96 394 1
96 399 4
96 401 8
96 404 1
96 405 10
96 406 6
96 408 6
96 409 9
96 412 3
96 416 7
96 417 5
96 419 8
96 423 2
96 425 3
96 426 9
96 429 5
96 430 5
96 432 1
96 433 3
96 434 4
96 436 10
96 438 4
96 439 7
96 440 8
96 443 3
96 444 3
96 445 1
96 446 1
96 449 7
97 98 1
97 100 10
97 101 8
97 102 4
97 104 1
97 108 4
97 110 3
97 115 10
97 116 4
97 119 4
97 120 9
97 121 10
97 124 9
97 125 7
97 127 1
97 130 10
97 132 2
97 135 5
97 136 9
97 137 9
97 139 1
97 142 3
97 145 8
97 146 4
97 147 4
97 148 8
97 149 3
97 151 8
97 152 6
97 154 6
97 156 3
97 159 8
97 160 8
97 161 9
97 162 8
97 165 2
97 166 7
97 168 7
97 169 8
97 171 2
97 172 10
97 175 1
97 178 1
97 180 9
97 181 3
97 184 10
97 185 7
97 186 8
97 187 5
97 188 6
97 189 7
97 190 7
97 191 4
97 194 10
97 198 1
97 200 3
97 211 2
97 213 5
97 216 4
97 217 7
97 218 10
97 219 2
97 221 3
97 222 4
97 224 5
97 225 3
97 226 8
97 230 8
97 231 7
97 232 4
97 238 5
97 239 10
97 242 4
97 243 8
97 245 3
97 247 7
97 251 8
97 253 5
97 254 3
97 256 6
97 257 7
97 261 3
97 263 10
97 267 8
97 268 3
97 276 1
97 277 3
97 281 4
97 282 2
97 283 6
97 284 3
97 285 5
97 286 8
97 291 9
97 297 1
97 298 10
97 300 7
97 302 2
97 308 3
97 311 5
97 312 2
97 314 5
97 315 7
97 317 6
97 319 8
97 321 2
97 322 4
97 323 4
97 324 1
97 326 3
97 328 7
97 329 6
97 331 1
97 333 7
97 337 7
97 340 8
97 341 6
97 342 9
97 343 2
97 347 3
97 348 8
97 349 2
97 353 7
97 354 3
97 355 10
97 356 10
97 359 7
97 360 2
97 361 10
97 362 7
97 363 10
97 364 4
97 365 2
97 366 6
97 367 10
97 371 4
97 373 2
97 379 4
97 380 10
97 383 7
97 384 4
97 387 4
97 389 4
97 390 9
97 392 5
97 393 1
97 396 5
97 398 8
97 400 7
97 405 9
97 408 7
97 410 5
97 411 5
97 414 5
97 415 10
97 416 10
97 417 5
97 418 10
97 419 5
97 420 2
97 422 2
97 423 7
97 425 2
97 426 10
97 432 2
97 433 10
97 434 4
97 435 2
97 437 9
97 439 6
97 440 2
97 442 1
97 445 9
97 448 8
97 449 6
98 100 8
98 101 4
98 102 9
98 106 2
98 107 2
98 109 1
98 110 4
98 111 2
98 114 8
98 115 4
98 116 7
98 118 2
98 119 4
98 122 3
98 124 6
98 126 2
98 129 5
98 130 5
98 131 9
98 133 10
98 137 1
98 138 6
98 139 2
98 140 6
98 141 2
98 142 7
98 143 10
98 144 9
98 148 9
98 150 6
98 152 2
98 157 8
98 158 8
98 161 8
98 165 7
98 166 5
98 168 8
98 169 7
98 171 9
98 172 3
98 179 10
98 182 4
98 184 8
98 185 7
98 187 4
98 188 4
98 194 6
98 196 7
98 197 1
98 199 4
98 200 2
98 202 2
98 204 2
98 206 3
98 207 7
98 208 5
98 210 4
98 214 10
98 215 1
98 216 5
98 217 4
98 218 5
98 220 3
98 224 1
98 228 10
98 233 8
98 234 5
98 238 5
98 240 8
98 241 6
98 242 4
98 243 7
98 246 6
98 247 1
98 249 10
98 250 4
98 253 7
98 255 3
98 256 7
98 257 9
98 260 7
98 264 8
98 266 1
98 267 1
98 268 3
98 271 4
98 272 8
98 274 7
98 276 9
98 278 3
98 280 5
98 282 4
98 283 2
98 287 1
98 288 8
98 289 8
98 292 2
98 293 2
98 294 4
98 296 6
98 297 2
98 299 6
98 301 2
98 302 3
98 303 6
98 304 5
98 305 6
98 309 7
98 312 9
98 313 5
98 314 5
98 315 4
98 316 10
98 318 7
98 321 5
98 322 5
98 325 4
98 326 7
98 328 3
98 329 10
98 332 1
98 333 5
98 334 2
98 336 1
98 337 1
98 338 9
98 339 5
98 340 1
98 342 6
98 344 3
98 346 10
98 347 2
98 349 7
98 350 10
98 351 3
98 352 8
98 356 9
98 357 3
98 359 9
98 361 2
98 365 5
98 366 8
98 367 1
98 368 2
98 371 7
98 372 1
98 377 7
98 378 10
98 380 9
98 381 1
98 382 9
98 383 9
98 385 3
98 386 9
98 387 1
98 390 8
98 391 2
98 395 1
98 397 9
98 398 3
98 401 3
98 404 1
98 405 2
98 406 9
98 408 7
98 409 8
98 415 10
98 418 5
98 420 10
98 427 10
98 429 5
98 430 5
98 432 9
98 434 1
98 436 7
98 437 7
98 440 6
98 444 3
98 446 2
98 448 2
99 100 9
99 101 1
99 105 9
99 106 5
99 108 7
99 110 3
99 114 7
99 115 3
99 116 1
99 117 7
99 118 1
99 120 1
99 122 10
99 126 2
99 131 5
99 134 9
99 135 10
99 137 2
99 138 7
99 139 1
99 140 4
99 141 7
99 146 5
99 147 4
99 149 10
99 151 5
99 152 10
99 154 5
99 156 9
99 158 1
99 159 5
99 161 3
99 162 2
99 164 3
99 166 6
99 167 6
99 168 8
99 170 1
99 172 2
99 174 6
99 176 1
99 177 9
99 178 5
99 180 4
99 181 6
99 183 7
99 188 1
99 190 1
99 191 2
99 194 9
99 195 4
99 198 3
99 199 1
99 202 1
99 203 1
99 204 10
99 205 5
99 207 10
99 210 6
99 214 1
99 216 10
99 217 5
99 218 8
99 221 3
99 224 4
99 225 8
99 228 5
99 229 10
99 230 1
99 232 3
99 234 9
99 236 10
99 237 2
99 239 5
99 241 10
99 245 8
99 246 6
99 247 2
99 250 7
99 251 1
99 252 5
99 253 2
99 256 3
99 258 4
99 259 8
99 260 8
99 261 9
99 263 7
99 265 9
99 266 10
99 270 9
99 271 1
99 273 4
99 274 5
99 276 4
99 282 5
99 283 4
99 284 2
99 285 8
99 286 5
99 290 6
99 291 5
99 292 6
99 294 8
99 296 4
99 297 7
99 298 2
99 302 10
99 305 4
99 306 9
99 312 1
99 314 10
99 316 1
99 317 3
99 321 2
99 323 4
99 326 7
99 327 8
99 330 5
99 331 9
99 333 7
99 336 9
99 338 4
99 343 5
99 344 7
99 345 9
99 347 9
99 351 2
99 355 3
99 356 9
99 357 5
99 361 4
99 363 5
99 367 1
99 369 1
99 377 2
99 378 7
99 379 3
99 380 6
99 381 3
99 386 8
99 388 7
99 392 10
99 394 9
99 401 1
99 405 3
99 408 8
99 409 10
99 410 8
99 412 6
99 413 3
99 416 4
99 418 7
99 419 9
99 420 9
99 421 2
99 423 5
99 425 3
99 427 10
99 429 9
99 430 1
99 435 9
99 439 3
99 444 2
99 447 10
100 101 4
100 102 9
100 104 1
100 107 7
100 108 9
100 112 2
100 114 4
100 116 6
100 118 2
100 120 7
100 121 2
100 130 9
100 131 4
100 132 2
100 133 9
100 134 6
100 136 9
100 137 4
100 138 4
100 140 3
100 141 1
100 145 2
100 146 10
100 147 2
100 148 9
100 150 2
100 151 2
100 153 8
100 154 2
100 155 2
100 156 1
100 159 5
100 160 4
100 163 3
100 165 2
100 172 1
100 175 8
100 177 1
100 178 9
100 180 10
100 182 6
100 183 1
100 187 6
100 188 6
100 191 9
100 192 6
100 193 10
100 194 3
100 196 9
100 197 4
100 199 6
100 201 5
100 202 4
100 203 10
100 204 1
100 205 5
100 209 3
100 210 6
100 211 9
100 214 4
100 215 3
100 217 3
100 218 4
100 219 6
100 223 1
100 226 10
100 228 5
100 231 5
100 235 9
100 236 3
100 237 1
100 238 7
100 240 8
100 243 5
100 244 5
100 247 3
100 251 10
100 253 8
100 256 8
100 257 2
100 261 7
100 262 8
100 263 8
100 265 2
100 266 6
100 267 4
100 270 1
100 273 1
100 274 7
100 276 7
100 282 9
100 283 10
100 284 4
100 287 1
100 289 1
100 290 6
100 292 10
100 293 4
100 295 1
100 296 5
100 299 1
100 300 10
100 303 5
100 305 1
100 306 6
100 307 10
100 308 6
100 309 10
100 310 4
100 312 5
100 313 5
100 315 10
100 316 3
100 320 7
100 322 9
100 325 4
100 327 2
100 330 2
100 333 3
100 340 3
100 341 4
100 343 9
100 345 10
100 346 7
100 347 5
100 348 4
100 350 3
100 351 7
100 353 5
100 355 5
100 358 6
100 359 3
100 361 9
100 363 1
100 368 1
100 370 9
100 371 8
100 372 6
100 373 8
100 376 10
100 377 10
100 379 2
100 384 4
100 385 2
100 392 4
100 393 10
100 395 9
100 396 5
100 399 7
100 400 6
100 402 2
100 403 4
100 405 5
100 407 3
100 408 3
100 409 3
100 411 9
100 412 7
100 416 4
100 418 8
100 420 1
100 422 4
100 423 8
100 425 2
100 426 3
100 427 5
100 428 1
100 431 7
100 434 10
100 435 9
100 437 9
100 439 10
100 440 6
100 443 6
100 444 10
100 447 5
100 449 8
101 102 9
101 103 3
101 104 1
101 108 5
101 110 6
101 112 10
101 113 4
101 114 3
101 115 1
101 116 6
101 117 8
101 118 10
101 122 8
101 125 10
101 127 1
101 131 8
101 138 3
101 139 8
101 142 4
101 144 6
101 145 6
101 146 4
101 147 8
101 148 7
101 149 8
101 151 1
101 157 4
101 158 4
101 159 7
101 160 6
101 161 3
101 165 2
101 166 5
101 167 9
101 169 4
101 171 6
101 172 8
101 173 8
101 177 10
101 178 1
101 179 4
101 180 10
101 183 10
101 184 8
101 187 1
101 192 4
101 193 4
101 194 9
101 196 1
101 200 3
101 202 6
101 203 5
101 206 4
101 208 10
101 209 9
101 210 5
101 211 6
101 213 10
101 216 7
101 217 9
101 218 7
101 219 8
101 220 1
101 224 8
101 225 5
101 226 1
101 227 2
101 230 4
101 234 1
101 236 2
101 237 2
101 238 1
101 240 7
101 243 4
101 244 6
101 247 9
101 248 2
101 249 4
101 253 6
101 254 5
101 255 7
101 256 7
101 257 3
101 258 4
101 259 5
101 263 4
101 264 4
101 267 2
101 268 5
101 269 10
101 279 10
101 280 10
101 281 7
101 283 4
101 284 7
101 286 5
101 289 3
101 291 5
101 292 10
101 296 5
101 298 1
101 300 4
101 303 9
101 306 7
101 307 2
101 308 7
101 311 10
101 314 8
101 316 7
101 317 7
101 319 6
101 320 1
101 324 8
101 326 3
101 328 2
101 329 7
101 330 9
101 332 10
101 335 9
101 336 4
101 340 4
101 341 3
101 343 3
101 345 4
101 346 1
101 347 2
101 349 8
101 350 10
101 352 8
101 354 6
101 357 9
101 358 4
101 360 4
101 361 3
101 362 1
101 364 9
101 365 8
101 367 2
101 368 9
101 370 2
101 371 1
101 374 3
101 375 6
101 376 3
101 377 9
101 380 2
101 382 3
101 383 9
101 384 2
101 386 9
101 387 8
101 389 8
101 392 5
101 398 2
101 399 7
101 401 1
101 403 9
101 406 7
101 407 5
101 408 5
101 409 7
101 410 2
101 412 7
101 416 4
101 418 5
101 421 3
101 423 6
101 424 1
101 425 8
101 426 2
101 427 6
101 429 7
101 432 4
101 433 7
101 434 3
101 436 10
101 437 5
101 439 4
101 440 3
101 442 10
101 443 10
101 444 5
101 449 2
102 104 6
102 105 1
102 107 6
102 109 8
102 110 6
102 111 7
102 112 9
102 114 4
102 117 2
102 118 3
102 119 5
102 120 2
102 121 1
102 124 3
102 126 3
102 127 5
102 128 3
102 129 9
102 130 5
102 131 9
102 134 3
102 135 3
102 138 5
102 139 5
102 143 9
102 147 6
102 150 2
102 154 9
102 155 3
102 156 3
102 157 8
102 158 9
102 162 8
102 163 6
102 167 1
102 169 4
102 172 1
102 174 10
102 177 8
102 178 3
102 179 1
102 180 5
102 181 2
102 188 5
102 195 3
102 196 8
102 197 7
102 201 10
102 202 5
102 203 8
102 205 4
102 206 9
102 207 2
102 208 9
102 209 8
102 214 10
102 218 10
102 219 10
102 220 3
102 222 9
102 225 10
102 230 3
102 231 6
102 233 6
102 235 3
102 236 5
102 237 6
102 238 8
102 239 6
102 240 3
102 245 10
102 246 9
102 248 7
102 249 5
102 250 3
102 251 3
102 253 8
102 254 3
102 255 6
102 256 10
102 257 4
102 258 1
102 259 2
102 260 4
102 262 9
102 264 3
102 266 5
102 267 5
102 268 2
102 269 4
102 271 7
102 272 8
102 273 1
102 275 5
102 276 3
102 279 3
102 283 2
102 285 6
102 290 2
102 294 9
102 298 10
102 299 6
102 303 4
102 304 5
102 305 7
102 307 5
102 308 9
102 310 8
102 311 2
102 315 4
102 320 10
102 324 7
102 325 9
102 326 7
102 330 3
102 331 8
102 332 3
102 333 5
102 335 10
102 338 4
102 339 9
102 340 8
102 341 7
102 345 5
102 347 10
102 349 9
102 354 8
102 360 6
102 361 6
102 362 3
102 363 10
102 364 1
102 366 3
102 367 10
102 370 5
102 373 1
102 374 6
102 375 1
102 377 5
102 379 7
102 380 4
102 381 1
102 382 2
102 383 6
102 384 7
102 387 4
102 389 2
102 391 4
102 395 7
102 396 3
102 399 7
102 401 5
102 402 1
102 406 5
102 407 7
102 410 8
102 411 1
102 412 4
102 414 6
102 416 1
102 419 9
102 420 8
102 423 10
102 425 2
102 426 10
102 431 9
102 433 9
102 434 10
102 435 5
102 438 7
102 441 4
102 443 2
102 445 8
103 104 4
103 105 1
103 107 3
103 108 10
103 110 9
103 112 8
103 113 1
103 114 10
103 115 9
103 116 3
103 118 1
103 119 9
103 120 2
103 125 5
103 126 7
103 127 1
103 129 4
103 131 2
103 132 8
103 133 10
103 138 4
103 139 8
103 143 9
103 144 6
103 147 4
103 148 9
103 149 4
103 152 6
103 153 1
103 155 5
103 159 2
103 161 8
103 162 9
103 164 8
103 167 3
103 169 4
103 171 8
103 179 2
103 182 5
103 184 6
103 185 10
103 186 3
103 188 6
103 191 8
103 194 4
103 198 9
103 202 1
103 204 5
103 205 1
103 207 9
103 211 7
103 212 9
103 213 8
103 214 1
103 215 8
103 218 9
103 220 1
103 222 5
103 223 8
103 227 8
103 228 9
103 232 2
103 235 8
103 238 9
103 239 3
103 240 4
103 241 1
103 242 1
103 244 10
103 245 9
103 247 6
103 249 6
103 250 7
103 251 4
103 253 5
103 254 6
103 258 8
103 259 3
103 260 9
103 262 2
103 264 1
103 266 4
103 268 9
103 270 4
103 272 7
103 274 3
103 276 9
103 278 1
103 279 1
103 281 3
103 282 3
103 283 5
103 285 10
103 289 10
103 291 6
103 292 6
103 295 3
103 297 2
103 298 4
103 302 1
103 305 2
103 307 7
103 309 7
103 310 8
103 311 5
103 313 6
103 314 5
103 316 8
103 317 9
103 318 5
103 321 6
103 324 3
103 326 10
103 327 10
103 328 2
103 332 1
103 333 4
103 336 4
103 337 4
103 339 2
103 340 2
103 344 3
103 345 3
103 346 10
103 349 1
103 350 7
103 351 2
103 352 6
103 353 7
103 357 4
103 359 9
103 360 3
103 363 10
103 364 2
103 366 10
103 367 2
103 368 3
103 369 4
103 370 1
103 374 8
103 375 10
103 376 3
103 377 5
103 382 4
103 383 10
103 386 3
103 389 8
103 390 6
103 391 4
103 392 2
103 393 9
103 395 3
103 396 3
103 397 8
103 398 9
103 404 4
103 405 10
103 406 4
103 407 10
103 408 5
103 410 6
103 411 7
103 412 6
103 413 4
103 417 3
103 418 4
103 419 6
103 421 7
103 424 8
103 426 9
103 428 8
103 429 6
103 434 1
103 435 3
103 439 10
103 440 8
103 441 9
103 442 6
103 443 9
103 444 3
103 445 8
103 446 9
103 447 6
103 448 6
104 105 1
104 106 1
104 107 8
104 108 3
104 110 3
104 111 3
104 112 3
104 113 3
104 115 9
104 117 1
104 118 5
104 119 8
104 122 3
104 126 5
104 127 9
104 128 7
104 133 10
104 136 4
104 137 6
104 139 1
104 140 4
104 142 8
104 143 9
104 144 10
104 147 9
104 148 5
104 149 2
104 155 5
104 156 10
104 158 6
104 160 7
104 161 5
104 163 10
104 164 5
104 165 9
104 169 6
104 173 1
104 174 2
104 182 10
104 183 8
104 185 8
104 189 2
104 190 3
104 192 8
104 198 9
104 204 8
104 206 5
104 207 4
104 209 1
104 211 3
104 216 3
104 217 4
104 218 10
104 221 6
104 223 1
104 226 5
104 229 2
104 230 2
104 232 8
104 234 1
104 235 6
104 236 9
104 237 3
104 238 4
104 239 4
104 240 7
104 243 9
104 244 8
104 246 3
104 248 9
104 249 5
104 251 6
104 252 9
104 253 9
104 256 5
104 258 7
104 265 4
104 268 9
104 270 4
104 271 9
104 272 4
104 274 10
104 275 8
104 277 6
104 280 1
104 283 3
104 284 4
104 286 8
104 288 7
104 290 9
104 291 4
104 297 2
104 298 8
104 299 10
104 300 3
104 301 10
104 302 1
104 304 7
104 305 5
104 306 6
104 307 1
104 308 3
104 311 3
104 312 5
104 313 7
104 314 5
104 318 5
104 319 4
104 320 7
104 321 1
104 324 2
104 325 6
104 328 4
104 333 2
104 334 9
104 336 2
104 337 3
104 340 6
104 344 5
104 349 1
104 354 6
104 357 8
104 358 7
104 359 1
104 363 7
104 364 3
104 365 5
104 366 8
104 368 3
104 370 4
104 372 3
104 374 2
104 377 2
104 378 5
104 379 9
104 380 7
104 382 9
104 383 1
104 384 7
104 385 7
104 386 10
104 387 10
104 389 4
104 390 7
104 392 6
104 393 3
104 394 9
104 395 5
104 396 2
104 405 7
104 406 5
104 407 3
104 409 8
104 410 3
104 411 3
104 412 3
104 413 4
104 415 4
104 416 2
104 417 4
104 418 6
104 422 9
104 424 1
104 426 4
104 427 9
104 431 3
104 434 9
104 435 2
104 436 2
104 439 5
104 440 1
104 446 4
104 448 5
105 106 3
105 107 9
105 108 3
105 109 3
105 111 4
105 113 2
105 121 5
105 122 7
105 123 4
105 124 7
105 126 10
105 129 6
105 130 2
105 131 3
105 132 8
105 134 3
105 136 7
105 139 10
105 141 2
105 143 1
105 147 9
105 149 3
105 150 4
105 151 5
105 163 3
105 165 4
105 166 6
105 169 10
105 175 6
105 177 5
105 181 6
105 185 6
105 188 10
105 189 2
105 190 6
105 192 1
105 193 4
105 196 10
105 197 4
105 200 1
105 201 6
105 203 6
105 204 8
105 208 7
105 211 2
105 213 6
105 214 5
105 215 8
105 217 8
105 218 7
105 219 7
105 220 5
105 223 4
105 228 10
105 229 8
105 231 4
105 234 6
105 235 4
105 239 3
105 241 7
105 242 7
105 243 2
105 244 3
105 248 2
105 249 9
105 252 2
105 256 8
105 257 6
105 262 2
105 263 8
105 264 1
105 265 10
105 268 5
105 270 5
105 271 4
105 273 9
105 274 1
105 276 1
105 279 5
105 280 9
105 281 10
105 288 9
105 291 4
105 292 5
105 293 3
105 295 1
105 297 7
105 298 10
105 302 5
105 308 2
105 309 1
105 312 7
105 313 1
105 316 1
105 320 7
105 321 4
105 322 2
105 325 3
105 326 9
105 327 6
105 330 1
105 331 3
105 334 9
105 335 2
105 336 10
105 341 1
105 343 9
105 344 4
105 345 2
105 347 7
105 349 6
105 351 4
105 352 4
105 353 6
105 357 9
105 358 10
105 359 1
105 360 2
105 361 8
105 365 1
105 366 3
105 368 6
105 369 5
105 370 10
105 373 10
105 375 7
105 376 3
105 377 10
105 379 5
105 380 9
105 381 8
105 382 10
105 386 7
105 390 1
105 391 5
105 393 9
105 395 4
105 396 5
105 397 2
105 399 4
105 401 5
105 402 2
105 406 6
105 409 8
105 410 3
105 413 10
105 414 1
105 415 6
105 417 9
105 419 7
105 420 3
105 421 1
105 422 8
105 424 1
105 425 8
105 427 9
105 428 5
105 431 3
105 432 8
105 433 2
105 434 7
105 435 5
105 438 2
105 442 2
105 443 3
105 444 4
105 445 4
105 446 9
105 447 5
105 448 10
106 107 1
106 108 4
106 110 10
106 111 6
106 115 10
106 118 10
106 121 7
106 122 2
106 124 3
106 136 9
106 137 2
106 138 3
106 139 6
106 140 10
106 141 7
106 142 1
106 143 2
106 144 5
106 146 9
106 149 3
106 150 4
106 152 7
106 153 2
106 154 2
106 155 1
106 160 3
106 161 5
106 163 8
106 164 10
106 166 6
106 168 7
106 169 7
106 172 5
106 174 6
106 175 2
106 176 1
106 177 1
106 178 10
106 180 5
106 187 7
106 190 7
106 192 10
106 195 4
106 197 9
106 198 2
106 199 5
106 201 8
106 202 2
106 203 9
106 204 4
106 205 6
106 206 1
106 207 4
106 217 9
106 218 9
106 220 2
106 222 10
106 223 8
106 224 9
106 225 9
106 226 5
106 227 8
106 229 7
106 232 9
106 233 9
106 234 7
106 237 4
106 239 9
106 240 10
106 242 10
106 243 2
106 244 8
106 245 6
106 251 10
106 253 9
106 254 6
106 256 1
106 262 4
106 263 8
106 266 6
106 268 6
106 269 8
106 271 1
106 278 2
106 279 6
106 281 3
106 282 6
106 283 6
106 285 6
106 286 2
106 290 10
106 293 9
106 296 3
106 297 8
106 303 10
106 304 3
106 307 9
106 309 7
106 310 8
106 313 8
106 316 9
106 317 8
106 319 1
106 320 7
106 322 7
106 323 7
106 324 2
106 325 3
106 328 8
106 332 6
106 333 9
106 335 6
106 337 8
106 338 3
106 340 2
106 341 1
106 342 3
106 343 8
106 344 9
106 345 10
106 347 10
106 351 3
106 355 3
106 356 5
106 357 6
106 359 7
106 360 8
106 361 8
106 363 9
106 364 10
106 366 10
106 368 4
106 370 9
106 374 7
106 375 1
106 376 8
106 377 1
106 378 6
106 379 7
106 381 8
106 383 5
106 384 6
106 385 7
106 387 3
106 389 2
106 392 3
106 394 4
106 395 8
106 396 9
106 397 4
106 399 7
106 401 2
106 403 1
106 405 2
106 407 7
106 409 8
106 410 3
106 412 10
106 413 10
106 414 4
106 415 9
106 416 3
106 417 6
106 419 9
106 420 7
106 421 5
106 423 3
106 424 2
106 425 1
106 426 10
106 430 6
106 431 5
106 435 4
106 436 9
106 437 4
106 438 2
106 439 2
106 440 1
106 441 3
106 443 9
106 444 7
106 445 5
106 446 6
106 449 9
107 108 7
107 110 5
107 111 3
107 114 4
107 115 2
107 118 3
107 121 1
107 125 4
107 126 5
107 127 4
107 128 8
107 129 2
107 130 9
107 131 5
107 134 7
107 136 9
107 139 10
107 140 3
107 142 10
107 144 4
107 145 8
107 150 1
107 152 3
107 153 10
107 157 5
107 159 10
107 161 10
107 162 2
107 163 9
107 170 10
107 172 8
107 173 4
107 174 8
107 177 4
107 180 10
107 183 4
107 185 3
107 186 7
107 187 2
107 190 6
107 192 4
107 193 7
107 196 3
107 199 8
107 200 8
107 204 8
107 207 6
107 209 8
107 211 1
107 212 2
107 213 3
107 214 5
107 216 6
107 219 7
107 222 1
107 225 8
107 231 6
107 232 10
107 234 4
107 237 3
107 243 3
107 244 1
107 246 7
107 247 1
107 249 10
107 250 1
107 251 3
107 253 7
107 255 8
107 257 1
107 258 9
107 259 4
107 263 1
107 265 5
107 268 3
107 269 4
107 272 9
107 280 9
107 281 3
107 284 4
107 285 8
107 286 10
107 291 5
107 294 1
107 295 5
107 298 6
107 299 6
107 300 8
107 302 4
107 304 1
107 305 9
107 308 10
107 309 4
107 312 2
107 316 1
107 317 3
107 318 3
107 319 10
107 321 6
107 322 1
107 323 7
107 325 8
107 330 7
107 334 2
107 339 7
107 340 6
107 342 4
107 345 4
107 346 6
107 348 6
107 350 10
107 351 4
107 353 1
107 358 9
107 360 4
107 362 7
107 364 8
107 365 5
107 368 7
107 371 6
107 372 6
107 373 6
107 374 6
107 375 6
107 376 4
107 377 4
107 382 4
107 383 10
107 385 2
107 389 8
107 391 8
107 392 8
107 393 3
107 399 7
107 401 8
107 402 10
107 406 8
107 407 10
107 409 2
107 412 6
107 414 2
107 415 7
107 416 2
107 418 6
107 419 8
107 420 5
107 421 6
107 422 2
107 424 8
107 427 7
107 429 1
107 430 2
107 431 1
107 434 10
107 435 4
107 436 6
107 437 7
107 438 5
107 440 5
107 441 3
107 442 5
107 444 9
107 448 2
107 449 6
108 109 4
108 110 3
108 112 2
108 113 9
108 115 7
108 116 10
108 117 7
108 119 1
108 120 8
108 121 1
108 122 4
108 123 5
108 124 5
108 126 8
108 129 2
108 131 8
108 135 8
108 137 2
108 138 8
108 140 1
108 142 6
108 143 4
108 147 3
108 149 9
108 151 1
108 152 2
108 153 6
108 155 1
108 157 8
108 158 4
108 159 1
108 160 6
108 163 6
108 164 10
108 167 9
108 168 1
108 173 10
108 174 1
108 178 5
108 179 1
108 180 3
108 183 5
108 184 2
108 185 1
108 188 10
108 189 10
108 194 8
108 195 2
108 197 1
108 198 2
108 199 2
108 201 2
108 202 9
108 211 9
108 213 3
108 215 2
108 216 1
108 218 10
108 219 3
108 220 1
108 222 7
108 225 5
108 227 4
108 231 3
108 233 7
108 236 8
108 238 3
108 239 7
108 240 7
108 245 6
108 247 4
108 249 4
108 250 5
108 252 10
108 253 8
108 254 1
108 255 4
108 256 3
108 259 3
108 261 5
108 262 5
108 265 3
108 267 6
108 268 3
108 270 7
108 275 6
108 277 4
108 278 3
108 279 7
108 280 4
108 283 8
108 285 3
108 286 8
108 289 5
108 294 3
108 295 7
108 296 3
108 297 9
108 299 8
108 302 7
108 303 6
108 304 7
108 309 7
108 311 2
108 312 10
108 313 9
108 314 9
108 316 4
108 318 4
108 324 7
108 325 1
108 328 5
108 330 7
108 331 6
108 333 6
108 334 5
108 338 9
108 339 8
108 341 1
108 344 5
108 350 10
108 353 10
108 356 2
108 361 4
108 364 8
108 366 8
108 368 10
108 369 2
108 371 1
108 372 4
108 374 5
108 375 9
108 377 10
108 378 1
108 382 5
108 383 7
108 385 3
108 390 7
108 391 10
108 392 1
108 393 4
108 394 7
108 395 3
108 401 4
108 404 10
108 406 4
108 407 10
108 412 4
108 413 5
108 416 2
108 418 4
108 423 8
108 425 4
108 426 8
108 427 2
108 428 10
108 429 8
108 431 6
108 432 7
108 433 2
108 436 6
108 437 5
108 438 8
108 439 10
108 441 1
108 443 4
108 445 10
109 110 7
109 111 10
109 112 2
109 113 9
109 114 10
109 116 8
109 117 6
109 121 10
109 124 3
109 130 1
109 132 2
109 133 2
109 134 9
109 136 5
109 137 6
109 139 1
109 141 8
109 142 4
109 143 8
109 144 10
109 145 8
109 147 2
109 149 7
109 150 9
109 153 3
109 154 3
109 155 4
109 156 10
109 159 5
109 160 8
109 161 9
109 165 1
109 167 7
109 168 6
109 170 2
109 174 7
109 176 3
109 179 4
109 180 10
109 181 8
109 183 9
109 184 3
109 185 7
109 190 6
109 192 7
109 193 3
109 194 9
109 195 6
109 197 2
109 199 5
109 200 5
109 201 4
109 202 4
109 205 5
109 209 3
109 210 6
109 214 8
109 216 5
109 217 4
109 224 3
109 228 3
109 233 8
109 237 4
109 238 4
109 240 6
109 242 3
109 244 7
109 245 9
109 248 3
109 249 2
109 252 3
109 253 9
109 256 2
109 258 3
109 261 7
109 263 5
109 264 2
109 265 1
109 268 9
109 270 6
109 271 5
109 273 5
109 276 7
109 277 3
109 280 6
109 283 3
109 287 9
109 289 5
109 291 4
109 292 6
109 293 3
109 294 7
109 295 3
109 296 6
109 298 5
109 301 6
109 302 6
109 303 4
109 304 4
109 305 6
109 306 2
109 307 2
109 308 10
109 311 5
109 312 7
109 314 7
109 315 7
109 318 3
109 319 4
109 320 10
109 322 10
109 323 2
109 328 7
109 329 2
109 332 6
109 333 8
109 335 2
109 337 10
109 338 3
109 342 6
109 346 5
109 348 2
109 350 8
109 352 7
109 354 9
109 355 5
109 357 9
109 358 3
109 362 6
109 365 3
109 366 4
109 367 8
109 368 8
109 369 4
109 370 10
109 374 3
109 375 5
109 378 2
109 380 6
109 383 5
109 384 6
109 385 1
109 386 7
109 389 5
109 395 10
109 396 9
109 398 3
109 400 3
109 401 5
109 402 3
109 403 5
109 404 8
109 405 1
109 408 8
109 409 10
109 410 1
109 412 2
109 413 10
109 415 3
109 416 10
109 417 4
109 418 10
109 419 4
109 421 6
109 422 9
109 423 6
109 425 9
109 426 7
109 427 7
109 429 4
109 432 8
109 434 2
109 437 5
109 439 3
109 440 10
109 442 6
109 445 6
109 448 3
109 449 5
110 111 4
110 114 6
110 115 7
110 117 9
110 119 8
110 120 8
110 122 2
110 123 10
110 124 2
110 125 8
110 126 9
110 127 6
110 128 5
110 130 3
110 133 9
110 134 2
110 137 3
110 140 3
110 142 3
110 143 10
110 144 8
110 153 5
110 157 1
110 160 5
110 163 3
110 171 2
110 174 3
110 179 5
110 180 1
110 183 8
110 184 6
110 186 3
110 195 6
110 196 2
110 201 6
110 203 7
110 205 10
110 206 8
110 209 6
110 211 10
110 212 5
110 214 8
110 219 1
110 222 1
110 225 5
110 226 6
110 230 8
110 232 9
110 233 7
110 234 2
110 241 5
110 243 7
110 248 3
110 249 8
110 250 10
110 253 10
110 254 10
110 255 8
110 260 1
110 261 6
110 263 3
110 265 2
110 267 3
110 270 10
110 271 7
110 274 4
110 275 7
110 277 6
110 279 10
110 280 10
110 282 3
110 285 10
110 287 1
110 288 2
110 292 6
110 294 7
110 295 3
110 296 3
110 302 6
110 303 9
110 304 2
110 305 1
110 311 7
110 312 7
110 313 3
110 315 10
110 317 7
110 319 8
110 320 4
110 321 8
110 322 7
110 323 3
110 325 10
110 326 4
110 331 5
110 332 5
110 333 8
110 336 6
110 337 5
110 338 1
110 340 8
110 342 8
110 343 4
110 346 6
110 347 6
110 348 9
110 350 10
110 352 7
110 353 3
110 355 6
110 356 4
110 358 3
110 359 6
110 360 8
110 364 5
110 365 2
110 366 6
110 367 9
110 370 7
110 372 4
110 373 8
110 374 6
110 375 10
110 379 2
110 382 8
110 383 7
110 384 4
110 388 3
110 389 1
110 391 10
110 393 5
110 394 5
110 395 4
110 398 6
110 400 8
110 402 1
110 403 6
110 404 1
110 406 10
110 407 10
110 413 4
110 415 7
110 416 5
110 417 1
110 419 2
110 420 2
110 421 4
110 422 5
110 425 7
110 427 2
110 430 1
110 432 9
110 433 2
110 434 9
110 435 3
110 437 6
110 446 1
110 447 3
110 448 9
111 112 8
111 113 1
111 114 4
111 115 6
111 116 9
111 117 2
111 119 5
111 120 1
111 122 2
111 124 2
111 125 5
111 131 6
111 132 6
111 135 5
111 137 8
111 140 6
111 142 3
111 143 8
111 148 4
111 149 5
111 150 7
111 152 8
111 153 1
111 156 2
111 158 6
111 162 5
111 163 8
111 164 4
111 170 9
111 171 7
111 174 10
111 175 2
111 178 1
111 182 10
111 183 3
111 184 9
111 188 7
111 190 5
111 191 4
111 195 10
111 196 7
111 197 2
111 199 3
111 200 4
111 202 7
111 203 9
111 204 2
111 207 7
111 208 4
111 210 6
111 211 2
111 212 6
111 221 9
111 222 4
111 225 7
111 228 7
111 229 3
111 230 4
111 234 4
111 235 9
111 236 6
111 237 7
111 240 5
111 244 10
111 245 3
111 246 5
111 248 4
111 250 2
111 251 10
111 252 3
111 256 5
111 257 1
111 258 5
111 259 10
111 260 10
111 262 2
111 264 10
111 268 7
111 269 5
111 270 2
111 272 2
111 274 1
111 275 9
111 276 4
111 277 9
111 280 6
111 281 4
111 282 1
111 284 2
111 290 2
111 293 1
111 295 9
111 300 5
111 301 6
111 302 6
111 303 4
111 305 6
111 306 9
111 307 2
111 308 1
111 309 2
111 310 2
111 312 2
111 314 3
111 315 2
111 317 3
111 319 3
111 323 9
111 324 5
111 327 3
111 328 5
111 329 1
111 330 3
111 331 4
111 334 10
111 335 3
111 336 10
111 337 6
111 342 3
111 343 6
111 347 4
111 348 1
111 350 5
111 351 6
111 352 7
111 354 9
111 356 7
111 362 10
111 363 3
111 365 6
111 366 9
111 367 3
111 369 3
111 370 5
111 372 4
111 373 3
111 375 6
111 376 10
111 379 6
111 383 4
111 386 1
111 389 3
111 390 6
111 391 5
111 392 5
111 395 6
111 397 3
111 399 10
111 401 1
111 404 5
111 405 6
111 410 6
111 411 4
111 412 7
111 415 7
111 418 2
111 421 10
111 422 1
111 429 2
111 431 2
111 435 3
111 436 2
111 437 5
111 438 10
111 439 3
111 440 3
111 441 10
111 442 3
111 444 3
111 446 3
111 448 6
112 113 10
112 116 7
112 118 10
112 119 8
112 120 9
112 122 4
112 123 8
112 125 9
112 126 4
112 129 7
112 130 5
112 132 3
112 137 1
112 139 2
112 142 6
112 143 9
112 146 5
112 147 4
112 151 7
112 153 8
112 154 1
112 155 3
112 159 4
112 160 8
112 161 9
112 162 10
112 163 7
112 167 10
112 170 6
112 172 4
112 173 1
112 174 2
112 175 8
112 177 5
112 181 4
112 182 1
112 188 4
112 189 8
112 192 8
112 193 3
112 194 5
112 199 8
112 200 7
112 203 1
112 204 6
112 205 3
112 206 2
112 207 6
112 208 10
112 212 7
112 216 3
112 218 10
112 219 10
112 222 10
112 225 7
112 231 8
112 232 7
112 234 3
112 235 8
112 238 8
112 239 5
112 240 2
112 243 9
112 244 2
112 245 3
112 247 8
112 248 9
112 249 1
112 253 3
112 255 3
112 259 6
112 260 1
112 263 2
112 264 10
112 272 2
112 274 9
112 275 7
112 277 6
112 281 10
112 283 2
112 284 8
112 285 3
112 288 10
112 290 8
112 292 5
112 294 6
112 295 3
112 297 9
112 299 6
112 300 1
112 307 5
112 308 7
112 309 2
112 315 5
112 316 1
112 317 5
112 319 2
112 321 6
112 322 5
112 323 4
112 324 5
112 326 9
112 328 5
112 330 6
112 331 7
112 332 8
112 335 2
112 337 5
112 339 4
112 341 9
112 342 9
112 343 5
112 345 5
112 347 4
112 348 9
112 354 9
112 356 2
112 357 10
112 361 4
112 363 6
112 364 1
112 365 10
112 366 9
112 369 3
112 371 7
112 374 4
112 375 5
112 380 7
112 382 10
112 383 10
112 386 8
112 388 3
112 389 7
112 390 5
112 391 5
112 396 6
112 397 6
112 398 6
112 400 10
112 401 9
112 402 7
112 403 8
112 406 3
112 407 10
112 409 1
112 410 1
112 411 4
112 412 9
112 421 9
112 423 10
112 424 7
112 427 1
112 429 3
112 430 8
112 432 9
112 433 10
112 437 5
112 440 4
112 441 9
112 443 4
112 444 6
112 445 2
112 446 9
112 449 9
113 114 6
113 116 2
113 120 9
113 121 1
113 126 7
113 128 3
113 130 2
113 131 7
113 133 9
113 138 8
113 142 3
113 147 1
113 148 6
113 149 1
113 150 8
113 151 1
113 152 1
113 155 2
113 157 10
113 158 7
113 160 9
113 163 9
113 164 6
113 167 10
113 170 10
113 171 7
113 172 8
113 173 3
113 176 2
113 178 5
113 181 5
113 183 9
113 186 7
113 187 6
113 188 8
113 190 4
113 192 3
113 193 7
113 194 10
113 197 10
113 198 9
113 199 10
113 200 10
113 201 10
113 208 9
113 209 5
113 213 7
113 214 8
113 215 1
113 216 3
113 217 2
113 218 10
113 220 4
113 222 5
113 224 7
113 225 1
113 226 2
113 229 10
113 230 5
113 231 3
113 233 1
113 235 2
113 236 6
113 239 1
113 240 10
113 242 4
113 244 8
113 245 3
113 247 4
113 248 9
113 252 3
113 256 6
113 258 9
113 259 7
113 260 5
113 262 5
113 265 4
113 267 8
113 273 4
113 275 5
113 279 5
113 281 3
113 283 1
113 284 5
113 285 3
113 286 9
113 287 8
113 289 5
113 290 1
113 294 6
113 295 1
113 297 10
113 298 10
113 303 10
113 304 5
113 309 3
113 310 6
113 311 3
113 312 6
113 313 8
113 314 6
113 315 3
113 316 5
113 317 7
113 322 7
113 323 5
113 327 2
113 328 5
113 329 9
113 330 2
113 333 7
113 334 3
113 335 1
113 336 1
113 339 1
113 340 9
113 343 4
113 344 6
113 345 7
113 346 2
113 347 10
113 349 2
113 350 9
113 351 8
113 352 9
113 353 4
113 355 10
113 356 5
113 357 10
113 358 2
113 362 6
113 368 9
113 370 10
113 373 9
113 375 1
113 380 6
113 382 2
113 384 3
113 385 4
113 386 5
113 387 6
113 388 10
113 389 6
113 391 2
113 394 7
113 398 10
113 401 7
113 402 2
113 406 4
113 407 10
113 408 1
113 414 10
113 416 8
113 418 7
113 421 4
113 424 10
113 425 1
113 428 2
113 429 2
113 432 6
113 435 1
113 436 10
113 437 4
113 438 1
113 444 8
113 445 10
113 447 3
114 115 2
114 116 3
114 117 9
114 119 6
114 120 8
114 121 2
114 122 6
114 125 7
114 132 8
114 134 2
114 136 4
114 137 3
114 139 8
114 142 10
114 147 7
114 148 9
114 153 6
114 154 1
114 155 5
114 157 7
114 158 4
114 160 5
114 162 4
114 164 10
114 165 4
114 167 2
114 172 10
114 173 10
114 174 8
114 175 7
114 178 8
114 179 3
114 182 4
114 184 6
114 188 3
114 189 5
114 191 6
114 192 7
114 193 2
114 196 3
114 200 2
114 201 9
114 203 4
114 208 2
114 210 8
114 211 10
114 212 4
114 213 2
114 215 6
114 216 8
114 219 10
114 220 8
114 222 3
114 223 4
114 224 10
114 225 8
114 226 2
114 229 2
114 231 1
114 232 6
114 234 3
114 235 6
114 237 5
114 241 2
114 242 7
114 244 2
114 245 3
114 246 9
114 247 4
114 248 3
114 249 5
114 251 1
114 252 9
114 253 10
114 254 8
114 255 4
114 260 5
114 262 1
114 263 5
114 264 4
114 265 6
114 270 4
114 273 3
114 274 1
114 275 7
114 276 9
114 278 5
114 280 3
114 284 5
114 286 5
114 288 7
114 289 10
114 291 7
114 292 4
114 297 9
114 299 7
114 301 7
114 303 10
114 304 10
114 305 9
114 307 1
114 309 6
114 310 1
114 311 5
114 313 4
114 315 7
114 317 4
114 318 2
114 319 10
114 321 3
114 322 7
114 323 6
114 326 1
114 328 1
114 329 7
114 330 8
114 331 10
114 332 3
114 339 10
114 340 10
114 342 4
114 343 10
114 347 4
114 349 9
114 350 5
114 353 4
114 354 6
114 356 7
114 357 8
114 362 1
114 364 6
114 365 4
114 366 7
114 367 1
114 370 2
114 371 2
114 372 4
114 373 3
114 375 8
114 376 10
114 377 10
114 381 2
114 382 8
114 384 8
114 385 8
114 386 8
114 387 2
114 390 9
114 391 3
114 394 4
114 395 3
114 398 5
114 400 5
114 401 3
114 403 7
114 406 10
114 407 4
114 409 2
114 411 7
114 412 5
114 413 8
114 415 7
114 417 1
114 418 7
114 419 7
114 422 4
114 423 7
114 424 4
114 426 6
114 427 1
114 428 8
114 430 2
114 431 10
114 435 2
114 438 5
114 439 9
114 440 7
114 443 3
114 444 10
114 445 10
114 448 8
114 449 5
115 118 10
115 120 4
115 124 5
115 126 8
115 127 7
115 129 1
115 130 4
115 132 8
115 134 2
115 135 1
115 137 8
115 145 7
115 146 8
115 147 8
115 149 1
115 151 2
115 152 2
115 154 2
115 156 8
115 158 3
115 160 8
115 161 2
115 163 10
115 166 5
115 168 9
115 169 8
115 170 5
115 171 5
115 172 8
115 174 5
115 175 1
115 176 10
115 178 4
115 182 8
115 183 1
115 185 7
115 187 2
115 188 10
115 189 6
115 190 2
115 192 3
115 193 7
115 194 1
115 195 5
115 198 8
115 200 10
115 201 6
115 202 10
115 211 1
115 212 2
115 214 3
115 216 2
115 220 4
115 222 6
115 223 9
115 230 5
115 231 4
115 232 7
115 233 3
115 234 3
115 235 9
115 236 1
115 237 8
115 239 5
115 240 8
115 241 10
115 242 5
115 243 5
115 244 3
115 247 1
115 249 4
115 250 2
115 251 10
115 252 6
115 253 4
115 254 4
115 258 8
115 260 4
115 261 6
115 262 8
115 264 8
115 267 5
115 268 8
115 269 2
115 271 3
115 273 5
115 274 7
115 275 7
115 276 4
115 278 1
115 280 2
115 281 2
115 284 5
115 287 5
115 289 10
115 290 6
115 292 1
115 293 7
115 294 9
115 296 6
115 300 5
115 301 3
115 302 1
115 303 5
115 304 9
115 311 3
115 313 9
115 315 1
115 318 4
115 320 2
115 323 4
115 325 8
115 326 5
115 333 4
115 336 5
115 339 8
115 340 7
115 341 2
115 342 1
115 343 10
115 344 8
115 347 4
115 348 9
115 349 10
115 350 9
115 351 5
115 353 9
115 356 9
115 358 9
115 363 2
115 364 1
115 365 2
115 366 3
115 369 2
115 370 1
115 372 4
115 374 7
115 375 9
115 376 3
115 377 4
115 379 9
115 381 5
115 382 2
115 383 6
115 385 7
115 386 3
115 393 6
115 395 1
115 396 6
115 397 1
115 398 6
115 399 2
115 400 7
115 402 4
115 406 4
115 407 9
115 412 1
115 413 8
115 418 5
115 421 9
115 423 10
115 424 7
115 426 3
115 432 8
115 434 9
115 435 5
115 437 5
115 438 1
115 439 3
115 440 4
115 441 6
115 442 6
115 444 5
115 446 9
115 449 2
116 117 4
116 119 5
116 120 4
116 121 7
116 122 1
116 126 1
116 127 5
116 128 6
116 129 3
116 130 2
116 133 9
116 134 7
116 135 8
116 136 7
116 142 7
116 144 10
116 146 4
116 147 2
116 148 3
116 149 7
116 150 1
116 152 1
116 154 7
116 155 3
116 156 8
116 159 8
116 163 8
116 164 6
116 168 4
116 169 6
116 170 4
116 171 7
116 173 10
116 174 8
116 175 1
116 176 10
116 177 4
116 182 2
116 184 10
116 186 10
116 187 5
116 188 3
116 192 5
116 193 10
116 197 10
116 198 4
116 200 7
116 201 10
116 202 9
116 205 1
116 207 4
116 209 9
116 213 10
116 214 5
116 218 2
116 221 3
116 222 7
116 223 5
116 227 6
116 228 4
116 231 1
116 233 10
116 234 5
116 236 5
116 237 10
116 238 5
116 240 1
116 241 1
116 244 10
116 249 5
116 256 3
116 262 7
116 264 8
116 268 5
116 269 4
116 270 5
116 272 8
116 273 5
116 274 2
116 275 4
116 278 8
116 279 8
116 281 10
116 285 7
116 286 10
116 287 2
116 289 7
116 291 4
116 295 8
116 296 8
116 297 3
116 298 8
116 301 10
116 302 9
116 307 10
116 309 1
116 310 5
116 312 4
116 316 8
116 317 4
116 320 6
116 322 1
116 324 8
116 326 9
116 327 5
116 328 9
116 329 4
116 330 3
116 331 3
116 332 1
116 334 1
116 335 8
116 336 2
116 338 10
116 340 2
116 341 10
116 344 7
116 346 7
116 347 2
116 348 10
116 349 9
116 350 8
116 351 6
116 353 3
116 355 1
116 356 10
116 358 1
116 360 1
116 361 9
116 362 8
116 363 7
116 365 3
116 369 10
116 371 5
116 372 7
116 374 1
116 375 5
116 376 2
116 377 2
116 378 9
116 379 6
116 380 5
116 381 10
116 382 10
116 388 2
116 389 5
116 391 2
116 394 9
116 395 9
116 396 7
116 399 8
116 404 3
116 408 1
116 410 7
116 414 2
116 415 2
116 416 3
116 417 7
116 418 9
116 419 8
116 420 1
116 422 10
116 425 7
116 426 7
116 428 6
116 431 1
116 440 5
116 443 2
116 445 10
116 446 7
116 447 3
117 120 1
117 122 8
117 123 10
117 124 8
117 127 5
117 128 3
117 129 4
117 130 3
117 132 2
117 134 1
117 135 4
117 138 7
117 139 2
117 140 10
117 144 10
117 145 1
117 147 3
117 148 1
117 149 4
117 154 10
117 156 10
117 157 9
117 159 7
117 160 3
117 164 2
117 169 7
117 172 8
117 177 6
117 178 2
117 186 3
117 187 6
117 189 5
117 190 1
117 191 10
117 192 9
117 193 9
117 197 6
117 200 2
117 202 6
117 203 6
117 205 3
117 212 6
117 214 10
117 216 6
117 217 3
117 219 6
117 221 4
117 222 6
117 225 4
117 226 6
117 228 2
117 229 8
117 231 8
117 232 7
117 233 8
117 234 5
117 236 1
117 239 4
117 242 3
117 243 10
117 244 5
117 245 7
117 248 7
117 249 3
117 250 6
117 251 9
117 253 6
117 254 3
117 256 4
117 257 10
117 259 6
117 260 1
117 261 9
117 262 3
117 264 10
117 266 1
117 270 8
117 271 1
117 273 10
117 276 2
117 277 1
117 278 2
117 282 7
117 283 5
117 284 2
117 289 2
117 292 10
117 293 8
117 295 7
117 299 8
117 300 4
117 305 6
117 306 4
117 308 3
117 309 8
117 311 4
117 313 9
117 315 1
117 316 2
117 319 8
117 321 2
117 324 1
117 325 1
117 327 7
117 332 3
117 333 5
117 334 1
117 336 1
117 339 8
117 341 8
117 342 10
117 343 1
117 347 9
117 350 8
117 354 9
117 355 9
117 356 3
117 358 9
117 361 7
117 364 6
117 365 10
117 368 4
117 371 9
117 373 9
117 376 8
117 384 9
117 385 2
117 390 2
117 391 5
117 394 5
117 395 9
117 396 7
117 398 9
117 399 2
117 402 5
117 404 10
117 405 1
117 407 1
117 408 5
117 409 2
117 413 5
117 415 2
117 417 8
117 420 8
117 424 5
117 426 1
117 427 5
117 429 8
117 432 5
117 434 8
117 435 7
117 436 8
117 437 6
117 439 9
117 440 3
117 444 8
117 445 8
117 446 2
117 447 10
117 448 1
117 449 6
118 119 10
118 120 8
118 121 1
118 123 9
118 124 9
118 125 5
118 126 7
118 127 2
118 128 4
118 129 7
118 131 5
118 135 10
118 137 9
118 139 10
118 140 4
118 141 6
118 142 7
118 143 4
118 145 7
118 147 4
118 149 1
118 151 1
118 154 8
118 155 6
118 156 8
118 157 9
118 159 7
118 160 10
118 164 9
118 168 9
118 169 4
118 171 4
118 172 2
118 173 1
118 174 1
118 175 7
118 178 4
118 181 7
118 185 8
118 187 1
118 188 9
118 189 6
118 190 8
118 191 5
118 193 4
118 194 8
118 195 2
118 198 5
118 200 7
118 202 8
118 204 1
118 205 8
118 207 9
118 211 4
118 213 9
118 214 7
118 215 7
118 217 3
118 218 7
118 219 9
118 220 6
118 221 4
118 223 8
118 224 5
118 226 3
118 227 4
118 228 2
118 230 6
118 232 6
118 237 9
118 239 2
118 240 7
118 242 4
118 244 9
118 249 3
118 250 5
118 253 6
118 256 8
118 258 9
118 259 10
118 260 3
118 264 2
118 268 2
118 269 6
118 270 3
118 271 2
118 272 8
118 276 1
118 278 10
118 279 5
118 281 5
118 282 1
118 287 8
118 288 5
118 291 1
118 292 6
118 295 9
118 298 7
118 300 9
118 301 3
118 307 5
118 308 8
118 309 6
118 310 3
118 312 5
118 313 10
118 314 1
118 315 10
118 316 7
118 317 4
118 320 8
118 324 10
118 325 5
118 327 10
118 330 2
118 332 9
118 333 8
118 334 4
118 340 1
118 343 8
118 345 9
118 348 1
118 349 10
118 353 6
118 354 3
118 355 2
118 356 8
118 358 10
118 359 9
118 361 7
118 362 5
118 363 7
118 365 10
118 370 5
118 372 8
118 373 8
118 375 5
118 376 8
118 377 4
118 378 1
118 379 6
118 380 2
118 385 5
118 386 2
118 391 3
118 393 7
118 395 3
118 396 3
118 398 10
118 399 1
118 402 3
118 405 5
118 406 5
118 412 3
118 413 5
118 414 5
118 415 1
118 416 6
118 422 10
118 423 7
118 424 9
118 425 1
118 426 10
118 428 5
118 429 7
118 430 5
118 433 4
118 435 2
118 438 1
118 439 4
118 444 10
118 445 9
118 446 8
118 447 2
118 448 7
118 449 8
119 120 1
119 123 8
119 124 2
119 130 3
119 131 7
119 135 6
119 136 4
119 137 7
119 144 8
119 145 8
119 146 8
119 149 4
119 150 10
119 153 9
119 154 8
119 156 1
119 157 4
119 162 1
119 164 7
119 165 8
119 169 2
119 171 9
119 175 2
119 176 6
119 177 6
119 178 4
119 184 4
119 187 8
119 188 4
119 189 6
119 190 6
119 191 10
119 196 10
119 197 4
119 202 5
119 203 9
119 205 10
119 206 3
119 209 1
119 211 7
119 212 1
119 217 1
119 220 7
119 222 3
119 223 5
119 224 7
119 227 10
119 230 8
119 233 1
119 235 9
119 236 5
119 238 1
119 239 10
119 241 1
119 242 2
119 245 2
119 246 1
119 247 6
119 249 7
119 250 9
119 251 1
119 252 8
119 253 3
119 255 9
119 256 2
119 257 4
119 259 5
119 260 8
119 263 6
119 267 10
119 273 5
119 274 3
119 275 8
119 278 10
119 280 5
119 281 6
119 282 8
119 284 4
119 285 10
119 287 9
119 290 1
119 294 1
119 295 10
119 296 9
119 297 5
119 298 6
119 304 6
119 307 3
119 310 1
119 313 3
119 314 8
119 316 5
119 317 1
119 318 2
119 321 5
119 322 1
119 323 10
119 327 2
119 329 6
119 331 5
119 332 8
119 335 7
119 336 3
119 338 5
119 339 2
119 342 4
119 343 6
119 347 5
119 350 2
119 352 5
119 354 1
119 357 2
119 358 7
119 359 3
119 363 1
119 365 8
119 368 10
119 370 9
119 371 4
119 372 4
119 373 6
119 374 1
119 377 2
119 379 1
119 383 4
119 384 7
119 385 8
119 386 10
119 388 3
119 390 8
119 392 7
119 395 6
119 397 8
119 404 3
119 405 4
119 407 6
119 409 4
119 412 5
119 413 5
119 418 3
119 420 3
119 421 3
119 422 10
119 423 8
119 424 8
119 425 7
119 429 9
119 434 3
119 438 7
119 440 9
119 443 5
119 444 10
119 448 9
119 449 3
120 123 4
120 125 7
120 126 10
120 127 4
120 131 9
120 132 6
120 133 3
120 135 4
120 136 1
120 137 8
120 140 7
120 142 1
120 143 5
120 146 5
120 147 1
120 148 7
120 150 6
120 152 6
120 153 3
120 155 7
120 156 5
120 157 10
120 159 7
120 161 2
120 164 10
120 166 10
120 167 10
120 169 4
120 172 8
120 177 9
120 179 1
120 184 3
120 186 6
120 187 9
120 191 3
120 193 8
120 195 5
120 196 10
120 198 2
120 199 5
120 200 3
120 201 6
120 203 2
120 204 2
120 205 5
120 208 7
120 209 3
120 210 2
120 212 9
120 214 4
120 217 3
120 219 10
120 220 8
120 221 6
120 223 3
120 224 2
120 225 9
120 226 5
120 227 6
120 228 2
120 229 2
120 230 9
120 231 4
120 233 6
120 234 1
120 238 4
120 239 1
120 241 5
120 243 7
120 246 9
120 247 2
120 248 3
120 249 4
120 251 4
120 252 7
120 253 5
120 257 2
120 259 4
120 260 2
120 261 4
120 264 1
120 268 2
120 270 3
120 271 7
120 274 6
120 276 4
120 277 3
120 278 10
120 280 4
120 282 4
120 283 1
120 287 8
120 288 4
120 289 6
120 290 1
120 293 10
120 296 7
120 297 5
120 300 9
120 305 4
120 307 9
120 310 5
120 311 9
120 313 2
120 314 10
120 315 5
120 316 7
120 318 7
120 319 10
120 321 7
120 322 7
120 323 4
120 324 2
120 325 8
120 327 3
120 328 6
120 330 2
120 331 1
120 334 10
120 336 6
120 338 8
120 339 5
120 342 6
120 344 4
120 345 8
120 346 7
120 348 8
120 349 4
120 350 2
120 352 5
120 353 9
120 359 5
120 361 9
120 363 1
120 365 10
120 367 3
120 369 8
120 370 5
120 372 2
120 374 7
120 375 5
120 376 5
120 377 7
120 379 5
120 382 5
120 383 2
120 384 6
120 385 1
120 387 10
120 392 4
120 394 6
120 395 4
120 396 3
120 398 8
120 401 4
120 405 6
120 406 3
120 407 5
120 410 6
120 413 5
120 414 9
120 415 1
120 416 3
120 417 6
120 420 4
120 422 6
120 424 6
120 426 4
120 427 10
120 429 8
120 430 8
120 431 9
120 432 8
120 442 3
120 444 3
120 445 8
120 447 6
121 122 10
121 123 4
121 126 6
121 130 5
121 131 8
121 134 7
121 135 6
121 140 7
121 141 2
121 143 4
121 144 1
121 145 9
121 146 8
121 148 1
121 149 8
121 151 6
121 153 9
121 155 2
121 160 10
121 162 5
121 163 3
121 166 9
121 167 7
121 169 2
121 170 3
121 171 2
121 172 5
121 173 5
121 176 3
121 178 4
121 184 2
121 185 8
121 186 6
121 187 3
121 188 10
121 191 6
121 192 7
121 193 5
121 194 8
121 195 8
121 201 7
121 202 7
121 204 7
121 206 6
121 208 10
121 209 10
121 211 3
121 212 6
121 213 4
121 216 5
121 220 1
121 221 10
121 228 1
121 229 8
121 230 5
121 231 6
121 233 10
121 235 10
121 239 7
121 240 8
121 242 9
121 246 8
121 248 1
121 250 2
121 252 2
121 253 7
121 254 2
121 255 5
121 257 2
121 258 5
121 260 7
121 263 1
121 266 4
121 267 10
121 270 3
121 271 2
121 275 7
121 280 2
121 283 3
121 284 4
121 285 3
121 286 5
121 287 3
121 290 2
121 292 7
121 295 3
121 296 2
121 297 9
121 298 5
121 302 7
121 305 7
121 306 5
121 307 8
121 308 2
121 309 7
121 311 9
121 315 8
121 316 10
121 317 5
121 318 7
121 319 4
121 320 9
121 322 8
121 324 1
121 327 2
121 331 1
121 332 1
121 333 3
121 338 2
121 339 7
121 341 9
121 342 5
121 343 4
121 345 4
121 346 1
121 347 6
121 348 8
121 352 4
121 355 5
121 356 7
121 358 7
121 359 10
121 360 9
121 361 9
121 362 2
121 363 10
121 365 4
121 368 8
121 369 1
121 371 3
121 373 5
121 375 4
121 377 7
121 378 7
121 380 6
121 381 6
121 383 3
121 384 6
121 386 10
121 387 2
121 390 1
121 391 8
121 392 9
121 394 6
121 395 2
121 398 3
121 399 9
121 401 10
121 402 1
121 403 5
121 404 8
121 405 9
121 406 3
121 408 10
121 410 1
121 411 3
121 415 3
121 418 4
121 423 5
121 425 1
121 426 9
121 427 5
121 428 3
121 431 10
121 432 1
121 434 8
121 442 10
121 443 8
121 446 7
122 123 4
122 124 2
122 126 4
122 128 1
122 130 8
122 131 10
122 134 4
122 136 6
122 137 6
122 141 2
122 144 8
122 146 3
122 148 5
122 151 8
122 153 4
122 154 10
122 155 1
122 157 8
122 159 6
122 161 5
122 165 2
122 168 8
122 169 2
122 170 4
122 172 4
122 174 4
122 175 10
122 176 10
122 178 10
122 179 9
122 182 8
122 183 1
122 184 9
122 192 10
122 193 9
122 194 9
122 197 5
122 198 1
122 199 1
122 200 6
122 203 4
122 204 9
122 207 10
122 208 10
122 210 7
122 211 4
122 213 7
122 217 6
122 218 1
122 220 10
122 222 3
122 223 3
122 226 10
122 227 7
122 228 10
122 229 6
122 230 5
122 234 5
122 235 4
122 237 6
122 238 2
122 239 6
122 241 2
122 244 8
122 246 5
122 248 8
122 249 10
122 250 5
122 251 4
122 252 1
122 253 10
122 255 4
122 256 2
122 257 8
122 260 8
122 261 3
122 262 10
122 263 6
122 264 10
122 265 7
122 266 2
122 268 4
122 271 3
122 272 8
122 274 6
122 275 10
122 278 9
122 281 8
122 284 2
122 291 5
122 292 2
122 294 5
122 296 3
122 297 5
122 299 10
122 300 8
122 302 8
122 307 6
122 308 1
122 309 6
122 310 5
122 311 9
122 312 8
122 313 1
122 314 9
122 315 7
122 320 4
122 322 8
122 323 5
122 326 3
122 330 9
122 332 9
122 341 9
122 343 6
122 345 7
122 346 4
122 347 2
122 351 3
122 358 2
122 359 5
122 362 7
122 364 7
122 366 2
122 368 3
122 370 7
122 372 4
122 374 2
122 375 10
122 376 8
122 377 6
122 378 6
122 379 9
122 380 4
122 383 7
122 388 7
122 391 1
122 394 10
122 396 6
122 398 7
122 399 9
122 401 4
122 404 5
122 405 5
122 407 10
122 408 5
122 414 5
122 415 6
122 420 2
122 421 1
122 422 1
122 424 7
122 426 6
122 430 7
122 431 7
122 432 3
122 435 3
122 440 9
122 441 2
122 443 6
122 444 9
122 445 4
122 448 3
122 449 6
123 125 10
123 126 5
123 127 1
123 128 6
123 131 2
123 138 10
123 140 4
123 141 4
123 142 1
123 144 3
123 145 6
123 146 3
123 149 10
123 150 10
123 151 2
123 154 5
123 156 4
123 157 4
123 158 6
123 159 7
123 161 2
123 162 10
123 165 4
123 172 10
123 174 10
123 176 5
123 178 5
123 180 2
123 182 1
123 183 4
123 184 10
123 186 9
123 187 7
123 188 4
123 192 7
123 193 5
123 195 7
123 196 5
123 198 2
123 201 10
123 203 2
123 204 5
123 205 4
123 211 5
123 212 1
123 215 7
123 217 10
123 218 5
123 219 5
123 221 6
123 222 7
123 223 9
123 224 2
123 225 5
123 226 5
123 229 7
123 230 9
123 231 4
123 235 9
123 236 1
123 237 3
123 241 7
123 243 1
123 244 8
123 245 8
123 246 2
123 248 6
123 251 10
123 253 9
123 256 7
123 257 9
123 259 2
123 262 3
123 263 6
123 269 7
123 270 2
123 272 5
123 276 5
123 277 2
123 278 9
123 282 3
123 283 8
123 287 9
123 289 9
123 293 10
123 295 4
123 297 5
123 300 1
123 310 10
123 311 1
123 312 5
123 314 9
123 318 3
123 320 7
123 321 8
123 326 2
123 327 8
123 329 1
123 330 9
123 331 6
123 332 2
123 334 10
123 335 5
123 337 3
123 338 9
123 339 9
123 341 8
123 342 9
123 343 4
123 344 3
123 345 6
123 346 2
123 349 1
123 350 1
123 352 2
123 355 2
123 356 9
123 359 8
123 360 5
123 362 10
123 363 10
123 364 7
123 366 6
123 369 5
123 370 6
123 371 9
123 372 6
123 377 2
123 380 9
123 382 7
123 383 3
123 384 6
123 390 3
123 396 10
123 398 8
123 401 9
123 402 1
123 403 9
123 407 2
123 409 4
123 411 9
123 412 6
123 417 3
123 419 5
123 421 2
123 422 8
123 424 9
123 426 10
123 428 9
123 432 10
123 436 8
123 437 6
123 438 6
123 440 1
123 442 6
123 443 10
123 444 10
123 445 8
123 446 8
124 125 6
124 126 3
124 129 5
124 131 9
124 133 2
124 135 8
124 136 1
124 140 8
124 141 3
124 143 9
124 145 6
124 146 7
124 147 8
124 148 8
124 149 7
124 150 10
124 153 8
124 154 9
124 155 10
124 158 6
124 160 4
124 161 7
124 162 6
124 164 10
124 165 3
124 166 8
124 167 6
124 168 3
124 169 2
124 170 10
124 172 8
124 173 10
124 174 5
124 176 5
124 177 10
124 178 6
124 184 10
124 187 7
124 191 2
124 194 3
124 196 5
124 201 4
124 202 9
124 203 9
124 205 8
124 206 1
124 208 3
124 209 7
124 212 2
124 216 6
124 218 8
124 222 4
124 223 9
124 224 8
124 225 5
124 227 4
124 230 3
124 231 5
124 233 9
124 234 2
124 235 6
124 239 2
124 240 7
124 243 5
124 245 8
124 250 2
124 251 7
124 253 8
124 255 3
124 259 9
124 261 9
124 262 6
124 263 1
124 264 5
124 268 10
124 269 6
124 273 6
124 278 2
124 279 6
124 280 5
124 281 3
124 282 3
124 283 3
124 287 10
124 288 5
124 294 1
124 296 2
124 297 1
124 299 10
124 302 4
124 303 3
124 306 2
124 307 5
124 308 10
124 311 7
124 314 4
124 315 8
124 317 3
124 320 8
124 321 10
124 322 5
124 323 6
124 324 4
124 326 9
124 328 1
124 329 9
124 336 4
124 339 9
124 341 3
124 342 4
124 343 5
124 344 7
124 345 3
124 346 7
124 349 7
124 350 1
124 351 10
124 353 7
124 358 10
124 359 6
124 361 7
124 363 3
124 364 7
124 368 8
124 370 7
124 372 6
124 373 3
124 375 6
124 377 9
124 378 3
124 380 8
124 381 1
124 382 3
124 383 9
124 387 3
124 388 4
124 390 1
124 393 1
124 395 10
124 399 7
124 400 3
124 401 2
124 404 7
124 405 7
124 407 9
124 414 3
124 415 1
124 417 7
124 423 1
124 424 5
124 425 3
124 428 3
124 429 1
124 431 3
124 437 8
124 438 3
124 439 6
124 440 7
124 442 1
124 445 5
124 446 6
124 448 3
124 449 4
125 128 1
125 131 7
125 132 6
125 133 3
125 139 4
125 142 3
125 143 2
125 145 2
125 148 9
125 149 1
125 150 8
125 151 10
125 154 6
125 155 6
125 156 3
125 157 6
125 160 2
125 162 2
125 164 2
125 166 8
125 170 10
125 174 7
125 177 7
125 178 2
125 179 6
125 180 8
125 184 3
125 187 8
125 188 10
125 194 5
125 195 2
125 199 2
125 203 10
125 204 1
125 205 1
125 206 9
125 209 4
125 210 9
125 211 10
125 213 1
125 214 7
125 217 2
125 219 5
125 221 8
125 222 7
125 225 5
125 226 7
125 228 1
125 229 9
125 231 3
125 233 3
125 234 2
125 235 7
125 237 1
125 241 10
125 242 8
125 245 7
125 248 1
125 249 7
125 252 6
125 253 6
125 254 1
125 258 4
125 260 3
125 261 8
125 263 2
125 264 4
125 268 2
125 270 10
125 271 6
125 272 1
125 275 10
125 277 5
125 280 10
125 282 10
125 287 2
125 294 1
125 299 4
125 301 6
125 302 3
125 304 6
125 305 2
125 307 4
125 309 8
125 310 4
125 311 2
125 314 7
125 316 2
125 317 5
125 318 10
125 319 7
125 322 2
125 323 8
125 326 4
125 327 7
125 330 9
125 331 2
125 332 10
125 333 5
125 334 8
125 337 2
125 340 10
125 342 2
125 343 4
125 345 4
125 348 1
125 350 8
125 351 1
125 352 8
125 354 4
125 357 5
125 358 7
125 359 8
125 360 1
125 362 2
125 364 4
125 365 8
125 368 3
125 369 3
125 370 6
125 371 8
125 374 7
125 375 3
125 376 9
125 377 7
125 378 3
125 381 3
125 385 8
125 386 10
125 388 10
125 389 6
125 394 3
125 397 4
125 404 7
125 406 4
125 410 1
125 411 6
125 412 9
125 413 5
125 414 4
125 416 1
125 418 8
125 420 1
125 421 8
125 423 9
125 424 5
125 425 4
125 427 2
125 429 2
125 431 7
125 432 8
125 433 6
125 436 7
125 437 5
125 438 6
125 440 10
125 441 9
125 443 6
125 444 2
125 445 9
125 447 8
126 127 7
126 129 6
126 138 8
126 140 7
126 142 8
126 143 4
126 144 6
126 145 2
126 146 6
126 147 2
126 150 5
126 151 4
126 152 9
126 153 1
126 154 5
126 156 2
126 158 1
126 163 4
126 164 10
126 168 2
126 169 10
126 170 1
126 172 9
126 173 2
126 174 8
126 177 2
126 178 2
126 179 1
126 180 1
126 181 7
126 183 7
126 185 5
126 187 7
126 190 4
126 191 9
126 192 4
126 194 8
126 197 6
126 198 6
126 199 3
126 200 5
126 205 1
126 206 3
126 208 4
126 209 1
126 210 2
126 211 7
126 212 7
126 214 10
126 215 2
126 216 10
126 217 1
126 221 1
126 222 10
126 225 5
126 226 1
126 228 9
126 230 2
126 232 4
126 234 1
126 237 8
126 238 3
126 240 5
126 242 5
126 243 10
126 244 2
126 245 2
126 250 9
126 252 1
126 253 1
126 255 7
126 256 1
126 258 2
126 265 2
126 267 8
126 269 8
126 270 9
126 272 3
126 273 8
126 275 3
126 276 9
126 277 1
126 278 7
126 279 8
126 280 3
126 283 2
126 284 5
126 287 10
126 288 7
126 291 1
126 294 3
126 295 10
126 296 1
126 299 10
126 300 8
126 301 7
126 302 9
126 303 3
126 304 1
126 305 1
126 307 3
126 309 8
126 317 5
126 318 5
126 320 5
126 323 1
126 324 2
126 326 2
126 328 7
126 332 3
126 333 9
126 335 10
126 336 4
126 337 7
126 338 8
126 340 5
126 341 6
126 342 1
126 343 7
126 346 3
126 348 9
126 349 9
126 352 1
126 353 6
126 356 1
126 359 6
126 361 1
126 363 4
126 365 3
126 370 2
126 372 1
126 377 4
126 380 6
126 381 9
126 382 6
126 384 10
126 386 7
126 387 7
126 388 5
126 389 3
126 390 3
126 393 7
126 394 8
126 396 9
126 397 1
126 398 6
126 400 9
126 404 5
126 405 5
126 406 6
126 411 10
126 412 2
126 413 1
126 415 7
126 417 3
126 420 9
126 423 1
126 425 10
126 426 3
126 429 6
126 430 7
126 431 4
126 432 3
126 433 7
126 434 5
126 435 10
126 437 10
126 438 5
126 439 4
126 449 7
127 128 7
127 129 3
127 130 4
127 133 7
127 134 1
127 135 10
127 138 8
127 139 8
127 144 1
127 145 8
127 146 3
127 152 8
127 153 2
127 156 5
127 157 6
127 158 10
127 159 5
127 163 5
127 164 8
127 165 9
127 167 8
127 168 1
127 169 6
127 170 5
127 171 7
127 173 8
127 174 1
127 179 9
127 180 8
127 183 5
127 184 10
127 185 1
127 187 5
127 188 1
127 190 4
127 196 1
127 199 9
127 202 7
127 204 5
127 205 10
127 207 5
127 208 5
127 211 6
127 217 9
127 218 10
127 222 5
127 223 5
127 224 10
127 226 7
127 228 6
127 229 7
127 230 8
127 232 9
127 233 3
127 234 5
127 237 8
127 239 2
127 240 6
127 241 5
127 243 6
127 244 4
127 245 5
127 246 3
127 248 5
127 249 5
127 250 9
127 252 10
127 253 3
127 254 6
127 255 4
127 257 4
127 258 9
127 260 4
127 261 8
127 262 9
127 264 4
127 266 2
127 267 8
127 268 2
127 269 5
127 270 4
127 271 3
127 274 6
127 275 4
127 277 1
127 278 10
127 280 1
127 286 6
127 288 8
127 289 5
127 290 1
127 291 3
127 294 4
127 295 9
127 296 3
127 297 8
127 299 3
127 300 9
127 302 2
127 303 2
127 305 9
127 306 9
127 307 1
127 308 9
127 309 1
127 318 4
127 320 10
127 323 3
127 324 8
127 326 1
127 328 8
127 329 8
127 330 2
127 331 1
127 332 8
127 336 6
127 337 10
127 338 6
127 341 7
127 344 9
127 345 6
127 346 1
127 351 10
127 354 5
127 357 9
127 360 2
127 363 5
127 366 7
127 367 3
127 368 2
127 369 4
127 370 8
127 374 9
127 376 3
127 379 10
127 382 4
127 385 6
127 386 9
127 394 6
127 396 10
127 398 10
127 400 4
127 402 10
127 403 7
127 405 1
127 407 1
127 414 6
127 416 3
127 419 4
127 420 8
127 424 3
127 428 5
127 429 3
127 433 7
127 436 2
127 441 5
127 443 8
127 446 1
128 132 2
128 133 3
128 134 3
128 135 10
128 137 3
128 138 4
128 141 4
128 143 5
128 145 7
128 148 9
128 150 7
128 151 2
128 152 1
128 153 2
128 154 9
128 156 10
128 159 5
128 160 1
128 161 5
128 162 2
128 165 3
128 168 9
128 170 4
128 171 6
128 173 10
128 177 7
128 178 6
128 180 3
128 181 1
128 186 3
128 187 4
128 190 5
128 191 8
128 192 7
128 194 7
128 195 7
128 197 10
128 203 7
128 205 4
128 206 2
128 209 1
128 210 9
128 211 6
128 212 7
128 214 4
128 215 4
128 216 3
128 217 5
128 219 3
128 224 10
128 225 1
128 230 5
128 232 9
128 233 8
128 234 10
128 236 1
128 242 3
128 247 6
128 249 3
128 250 1
128 251 5
128 253 4
128 254 10
128 258 5
128 262 5
128 263 10
128 265 3
128 266 2
128 268 6
128 270 2
128 271 6
128 272 1
128 274 1
128 276 9
128 277 1
128 279 3
128 282 7
128 283 8
128 285 4
128 286 1
128 287 4
128 289 4
128 291 10
128 292 10
128 294 5
128 295 2
128 297 6
128 299 1
128 316 6
128 317 5
128 318 3
128 319 6
128 321 2
128 322 5
128 327 8
128 333 7
128 334 8
128 335 10
128 336 6
128 337 3
128 338 1
128 339 4
128 340 7
128 342 2
128 345 3
128 346 10
128 352 4
128 354 8
128 355 7
128 358 9
128 359 1
128 363 5
128 367 4
128 370 4
128 374 5
128 378 10
128 379 1
128 380 4
128 381 6
128 382 4
128 383 2
128 385 7
128 388 5
128 391 2
128 392 8
128 393 1
128 394 7
128 397 8
128 398 2
128 399 6
128 400 6
128 402 2
128 403 7
128 405 8
128 406 6
128 407 6
128 408 10
128 409 7
128 410 5
128 412 10
128 415 7
128 416 1
128 424 5
128 425 2
128 428 2
128 429 9
128 430 4
128 431 6
128 432 10
128 434 2
128 435 10
128 436 4
128 437 6
128 439 9
128 441 7
128 444 5
128 445 5
128 447 10
129 130 2
129 136 9
129 139 4
129 141 10
129 142 4
129 144 4
129 147 6
129 148 3
129 149 8
129 151 1
129 153 2
129 154 9
129 160 1
129 161 4
129 163 4
129 164 2
129 168 6
129 170 9
129 172 10
129 174 6
129 175 9
129 176 4
129 177 7
129 182 4
129 184 6
129 190 4
129 191 5
129 192 1
129 197 3
129 199 3
129 200 4
129 201 6
129 202 8
129 206 7
129 207 6
129 211 7
129 212 7
129 214 5
129 215 5
129 222 4
129 224 6
129 227 10
129 228 5
129 229 10
129 232 10
129 234 3
129 237 3
129 239 4
129 240 8
129 241 5
129 243 5
129 249 4
129 251 9
129 252 5
129 253 3
129 254 9
129 256 8
129 257 5
129 263 5
129 267 5
129 268 5
129 270 5
129 273 1
129 276 5
129 277 3
129 279 2
129 280 9
129 283 10
129 285 10
129 286 8
129 289 1
129 291 9
129 300 4
129 301 1
129 306 4
129 308 8
129 309 6
129 310 5
129 311 4
129 312 9
129 314 7
129 315 5
129 318 5
129 319 10
129 320 2
129 321 10
129 322 1
129 324 3
129 332 3
129 336 9
129 338 2
129 341 5
129 344 3
129 346 6
129 347 6
129 352 4
129 357 6
129 359 10
129 360 8
129 361 2
129 364 10
129 365 4
129 366 7
129 368 1
129 370 5
129 371 10
129 372 5
129 374 5
129 375 7
129 377 4
129 379 6
129 382 10
129 383 7
129 388 2
129 391 2
129 392 10
129 394 1
129 396 8
129 399 3
129 409 7
129 410 10
129 411 5
129 412 9
129 414 7
129 416 10
129 418 2
129 420 5
129 422 8
129 423 10
129 426 3
129 428 10
129 432 7
129 433 1
129 436 7
129 437 2
129 438 8
129 442 7
129 446 8
129 447 5
130 131 1
130 132 6
130 133 7
130 135 2
130 137 7
130 139 5
130 140 8
130 141 2
130 142 7
130 143 10
130 144 4
130 148 6
130 150 7
130 152 5
130 154 9
130 156 10
130 157 8
130 160 7
130 161 6
130 164 5
130 166 4
130 167 5
130 168 1
130 171 1
130 176 8
130 177 9
130 178 10
130 181 1
130 182 9
130 183 8
130 186 7
130 187 1
130 188 7
130 190 1
130 191 4
130 193 10
130 195 7
130 199 6
130 200 3
130 201 9
130 204 2
130 205 3
130 207 3
130 208 6
130 209 2
130 211 5
130 213 10
130 214 9
130 215 9
130 220 6
130 222 7
130 223 7
130 228 7
130 229 6
130 231 8
130 232 8
130 233 6
130 237 8
130 239 3
130 242 5
130 246 7
130 248 7
130 249 4
130 250 7
130 251 6
130 253 8
130 255 5
130 256 3
130 257 3
130 258 4
130 259 5
130 260 1
130 261 1
130 264 8
130 267 9
130 268 5
130 272 10
130 275 9
130 279 6
130 280 2
130 282 5
130 283 1
130 284 8
130 285 6
130 288 6
130 290 1
130 291 8
130 292 1
130 293 5
130 296 2
130 297 4
130 300 2
130 301 10
130 302 2
130 306 9
130 308 5
130 310 2
130 312 10
130 313 8
130 314 1
130 315 7
130 316 3
130 317 5
130 320 6
130 323 6
130 325 8
130 327 8
130 329 10
130 331 2
130 333 3
130 335 9
130 338 1
130 341 1
130 344 9
130 346 3
130 348 6
130 349 10
130 352 5
130 353 5
130 355 10
130 356 10
130 357 6
130 358 8
130 359 4
130 360 8
130 362 8
130 364 2
130 365 7
130 368 1
130 371 1
130 372 4
130 373 9
130 376 2
130 377 10
130 378 5
130 379 3
130 381 6
130 382 2
130 388 2
130 389 6
130 391 7
130 393 5
130 394 2
130 396 3
130 397 8
130 400 4
130 401 1
130 402 9
130 404 8
130 407 2
130 408 4
130 410 6
130 415 7
130 416 7
130 417 8
130 418 2
130 422 4
130 423 7
130 424 7
130 427 10
130 428 9
130 429 3
130 430 9
130 431 1
130 432 8
130 434 7
130 435 4
130 436 1
130 439 8
130 440 2
130 441 6
130 442 9
130 444 4
130 446 1
131 132 4
131 136 4
131 137 8
131 138 4
131 139 6
131 141 1
131 145 1
131 146 9
131 152 2
131 153 4
131 157 5
131 159 7
131 162 10
131 165 5
131 167 9
131 168 9
131 170 3
131 171 4
131 172 5
131 174 3
131 180 8
131 182 9
131 184 8
131 187 3
131 189 3
131 190 1
131 192 5
131 197 1
131 199 5
131 200 8
131 202 5
131 204 9
131 205 2
131 209 7
131 210 10
131 211 3
131 212 3
131 214 5
131 215 9
131 218 1
131 219 4
131 222 2
131 223 8
131 224 4
131 227 1
131 228 6
131 230 1
131 232 3
131 233 6
131 237 3
131 238 7
131 239 1
131 244 2
131 245 3
131 247 4
131 249 7
131 253 9
131 255 6
131 258 10
131 259 6
131 260 2
131 261 5
131 262 3
131 263 6
131 264 7
131 265 9
131 268 10
131 269 5
131 270 1
131 272 9
131 273 2
131 274 6
131 275 2
131 277 8
131 280 5
131 282 6
131 284 10
131 285 2
131 286 1
131 287 8
131 289 7
131 290 7
131 291 5
131 293 6
131 294 3
131 295 3
131 300 1
131 301 3
131 302 7
131 303 7
131 308 7
131 309 7
131 310 7
131 311 1
131 313 9
131 314 2
131 316 9
131 317 7
131 318 8
131 320 10
131 323 6
131 324 7
131 326 8
131 329 9
131 335 6
131 338 4
131 339 5
131 341 3
131 342 8
131 346 4
131 348 1
131 349 8
131 351 7
131 352 3
131 354 8
131 356 8
131 358 6
131 359 3
131 361 1
131 362 3
131 364 1
131 366 8
131 367 3
131 368 10
131 372 1
131 373 2
131 377 5
131 380 10
131 381 6
131 382 2
131 383 7
131 384 2
131 385 5
131 387 6
131 389 8
131 391 8
131 392 1
131 393 2
131 394 1
131 397 9
131 399 2
131 401 10
131 402 3
131 407 3
131 408 8
131 411 9
131 413 7
131 416 7
131 417 2
131 421 2
131 423 5
131 424 4
131 426 1
131 428 9
131 430 7
131 431 6
131 432 5
131 434 8
131 435 5
131 438 2
131 441 10
131 445 5
131 446 1
131 448 3
131 449 4
132 136 10
132 137 4
132 141 5
132 143 2
132 144 5
132 145 7
132 146 2
132 147 8
132 148 1
132 151 1
132 152 10
132 154 4
132 155 4
132 156 6
132 157 1
132 159 2
132 160 3
132 166 7
132 167 10
132 168 5
132 169 5
132 171 6
132 173 8
132 175 10
132 178 6
132 183 3
132 184 5
132 185 10
132 187 5
132 189 1
132 192 9
132 196 4
132 198 6
132 201 4
132 203 9
132 204 4
132 205 5
132 206 7
132 207 4
132 208 4
132 210 9
132 211 3
132 213 3
132 214 2
132 219 7
132 220 8
132 222 8
132 223 5
132 229 9
132 232 8
132 233 2
132 234 5
132 236 8
132 239 9
132 246 1
132 251 8
132 253 9
132 254 3
132 257 7
132 261 7
132 263 8
132 265 8
132 266 2
132 267 6
132 268 5
132 269 7
132 271 5
132 272 9
132 273 9
132 274 1
132 275 2
132 277 6
132 279 10
132 280 10
132 282 3
132 283 6
132 286 2
132 287 5
132 290 9
132 291 8
132 294 7
132 295 6
132 296 6
132 298 5
132 301 10
132 302 1
132 307 3
132 308 7
132 309 3
132 310 3
132 314 3
132 315 2
132 319 6
132 321 7
132 325 6
132 329 1
132 330 3
132 331 3
132 334 3
132 341 4
132 343 1
132 347 10
132 348 4
132 354 3
132 355 9
132 356 7
132 358 7
132 362 7
132 364 7
132 365 8
132 366 1
132 369 2
132 371 6
132 376 4
132 378 7
132 382 9
132 383 5
132 387 3
132 389 5
132 391 5
132 392 10
132 394 1
132 395 6
132 397 2
132 398 7
132 399 2
132 400 10
132 401 4
132 403 9
132 404 5
132 407 3
132 408 8
132 412 3
132 413 1
132 416 8
132 420 5
132 421 7
132 422 10
132 423 10
132 436 5
132 439 3
132 441 9
132 443 8
132 445 6
132 448 10
133 136 9
133 137 5
133 139 10
133 141 7
133 142 2
133 145 7
133 147 9
133 150 10
133 152 8
133 153 7
133 154 8
133 156 5
133 158 5
133 160 8
133 161 6
133 162 3
133 165 3
133 167 1
133 173 8
133 174 8
133 176 4
133 178 3
133 180 3
133 182 3
133 184 6
133 185 7
133 189 3
133 190 8
133 191 1
133 192 9
133 195 8
133 197 2
133 198 1
133 203 2
133 204 8
133 205 6
133 208 1
133 209 9
133 211 8
133 214 2
133 215 8
133 217 7
133 220 8
133 222 2
133 223 3
133 224 2
133 229 4
133 231 8
133 233 3
133 235 7
133 236 8
133 237 4
133 239 7
133 240 6
133 241 10
133 242 7
133 243 1
133 244 5
133 245 8
133 246 10
133 247 7
133 248 2
133 251 5
133 253 1
133 254 3
133 255 1
133 256 10
133 263 9
133 266 9
133 267 3
133 269 6
133 271 1
133 273 5
133 276 5
133 277 8
133 278 4
133 279 7
133 280 8
133 283 5
133 285 1
133 290 1
133 292 6
133 294 7
133 296 7
133 297 8
133 301 6
133 304 7
133 307 5
133 308 10
133 309 3
133 311 6
133 314 9
133 316 2
133 317 10
133 318 9
133 321 2
133 322 6
133 324 1
133 325 3
133 327 9
133 329 5
133 331 7
133 338 10
133 341 4
133 343 4
133 346 2
133 347 10
133 350 7
133 351 2
133 352 2
133 354 4
133 355 7
133 358 7
133 360 2
133 361 3
133 364 10
133 365 6
133 367 6
133 368 6
133 370 8
133 371 4
133 372 10
133 373 4
133 374 4
133 387 10
133 390 7
133 395 2
133 397 5
133 398 6
133 401 3
133 402 8
133 403 3
133 404 10
133 405 6
133 406 1
133 414 9
133 416 7
133 417 7
133 418 2
133 419 7
133 420 4
133 421 8
133 424 4
133 426 2
133 427 8
133 428 3
133 434 8
133 436 2
133 437 4
133 439 5
133 440 5
133 441 4
133 442 1
133 443 3
133 446 10
133 448 5
133 449 3
134 135 7
134 136 8
134 137 9
134 138 6
134 139 6
134 141 8
134 143 2
134 145 3
134 150 7
134 152 8
134 153 3
134 155 9
134 156 5
134 157 6
134 159 2
134 160 7
134 162 3
134 163 1
134 164 4
134 165 2
134 166 5
134 168 2
134 169 8
134 171 1
134 173 7
134 176 4
134 177 6
134 178 7
134 182 7
134 183 9
134 184 4
134 185 7
134 186 10
134 190 7
134 191 4
134 193 8
134 196 8
134 197 10
134 199 1
134 201 3
134 205 8
134 206 2
134 207 1
134 209 4
134 211 4
134 213 8
134 216 7
134 217 10
134 218 2
134 220 3
134 221 3
134 230 6
134 234 7
134 235 3
134 236 8
134 237 4
134 238 10
134 239 8
134 240 8
134 241 9
134 243 2
134 244 7
134 245 3
134 247 8
134 248 1
134 249 6
134 252 6
134 253 2
134 259 4
134 262 8
134 263 9
134 265 1
134 267 2
134 268 2
134 269 1
134 274 6
134 275 9
134 276 10
134 278 6
134 281 8
134 282 3
134 285 3
134 286 1
134 287 6
134 290 5
134 291 10
134 292 1
134 296 5
134 305 1
134 306 5
134 309 1
134 319 10
134 321 10
134 323 9
134 324 2
134 327 8
134 330 4
134 331 8
134 332 8
134 336 7
134 338 6
134 339 4
134 342 1
134 343 7
134 347 9
134 348 9
134 354 10
134 355 10
134 356 2
134 357 3
134 359 7
134 364 5
134 365 8
134 367 6
134 368 6
134 370 1
134 372 2
134 373 7
134 374 10
134 375 10
134 376 2
134 377 8
134 378 7
134 379 7
134 380 1
134 381 1
134 386 7
134 387 7
134 388 8
134 390 10
134 391 5
134 392 8
134 393 2
134 394 1
134 395 2
134 396 2
134 399 3
134 403 4
134 408 2
134 409 8
134 410 3
134 411 10
134 412 1
134 415 1
134 417 1
134 418 4
134 422 5
134 425 7
134 426 1
134 428 3
134 429 5
134 431 9
134 435 4
134 438 2
134 439 8
134 441 8
134 443 5
134 446 10
134 447 3
134 448 10
134 449 4
135 139 7
135 140 10
135 141 7
135 142 5
135 143 10
135 145 3
135 146 4
135 147 7
135 152 7
135 153 8
135 154 5
135 155 3
135 157 3
135 158 8
135 161 1
135 162 2
135 164 2
135 166 9
135 169 4
135 170 4
135 174 3
135 177 7
135 185 6
135 186 6
135 187 5
135 189 9
135 190 10
135 192 7
135 194 8
135 196 10
135 197 6
135 199 8
135 203 6
135 205 10
135 206 9
135 207 6
135 208 7
135 209 1
135 212 5
135 213 10
135 214 1
135 217 4
135 218 8
135 220 7
135 224 10
135 225 1
135 226 3
135 227 8
135 228 4
135 229 3
135 233 8
135 235 8
135 238 8
135 242 2
135 245 6
135 246 9
135 248 3
135 250 8
135 252 8
135 254 2
135 255 7
135 265 3
135 266 3
135 268 9
135 272 7
135 274 2
135 277 6
135 279 8
135 281 6
135 283 8
135 284 3
135 285 9
135 286 5
135 287 9
135 289 2
135 290 4
135 294 7
135 295 10
135 296 6
135 297 4
135 298 8
135 300 1
135 301 3
135 304 2
135 306 9
135 307 3
135 309 4
135 311 6
135 314 7
135 316 7
135 317 10
135 319 9
135 320 9
135 321 2
135 323 1
135 327 9
135 328 5
135 330 6
135 332 2
135 333 1
135 336 8
135 339 9
135 341 10
135 342 9
135 346 8
135 347 6
135 349 9
135 350 10
135 352 8
135 353 9
135 357 5
135 358 8
135 359 5
135 363 2
135 364 3
135 366 1
135 367 3
135 370 1
135 371 7
135 374 2
135 375 9
135 378 8
135 379 8
135 380 4
135 384 1
135 385 9
135 388 7
135 392 9
135 393 2
135 399 9
135 400 1
135 404 5
135 406 10
135 408 7
135 410 2
135 412 7
135 413 5
135 414 7
135 415 4
135 416 5
135 419 1
135 420 5
135 421 6
135 422 4
135 423 9
135 425 4
135 426 6
135 427 9
135 430 1
135 432 7
135 433 10
135 437 10
135 439 5
135 440 10
135 441 6
135 442 5
135 443 9
135 445 5
135 447 7
136 137 2
136 140 6
136 141 2
136 145 8
136 146 1
136 147 5
136 148 3
136 150 3
136 152 1
136 156 4
136 157 4
136 159 1
136 160 6
136 161 1
136 164 5
136 166 1
136 170 9
136 171 8
136 173 5
136 176 6
136 177 8
136 178 7
136 180 4
136 185 8
136 186 5
136 187 4
136 190 2
136 192 2
136 193 4
136 199 10
136 200 5
136 201 1
136 202 2
136 206 7
136 210 5
136 211 9
136 213 3
136 214 4
136 215 9
136 217 2
136 219 2
136 220 10
136 221 9
136 224 8
136 225 8
136 226 4
136 230 10
136 231 1
136 232 2
136 235 10
136 237 3
136 238 7
136 239 2
136 241 1
136 242 3
136 244 6
136 245 5
136 251 5
136 254 5
136 256 9
136 257 4
136 258 9
136 259 7
136 260 7
136 262 5
136 263 9
136 265 10
136 266 4
136 268 3
136 269 5
136 271 6
136 274 5
136 276 10
136 278 7
136 279 3
136 282 7
136 283 7
136 285 1
136 286 8
136 287 2
136 291 4
136 293 4
136 296 3
136 297 3
136 300 10
136 301 1
136 302 8
136 303 9
136 304 5
136 309 9
136 314 10
136 317 2
136 319 6
136 321 3
136 322 4
136 324 4
136 326 3
136 327 5
136 328 4
136 330 2
136 332 9
136 333 6
136 335 7
136 338 2
136 339 9
136 345 3
136 346 5
136 348 10
136 350 3
136 351 2
136 354 5
136 356 4
136 358 10
136 360 2
136 361 9
136 363 8
136 364 3
136 365 2
136 366 8
136 367 10
136 368 2
136 369 1
136 370 4
136 375 5
136 376 9
136 377 3
136 381 7
136 385 2
136 387 7
136 389 7
136 390 8
136 395 7
136 398 6
136 401 7
136 404 1
136 405 3
136 407 10
136 408 9
136 413 4
136 414 10
136 416 3
136 418 5
136 423 1
136 424 6
136 425 6
136 426 6
136 427 9
136 428 1
136 429 2
136 431 8
136 432 9
136 433 2
136 434 7
136 435 7
136 436 10
136 437 10
136 438 3
136 439 2
136 440 8
136 441 7
136 443 3
136 444 2
136 447 5
137 138 3
137 140 5
137 141 10
137 142 10
137 143 8
137 150 7
137 152 6
137 153 3
137 157 10
137 161 6
137 162 5
137 174 7
137 175 2
137 177 2
137 178 8
137 180 5
137 183 1
137 184 4
137 187 8
137 188 2
137 189 10
137 191 5
137 192 8
137 194 2
137 197 9
137 198 2
137 199 9
137 200 3
137 204 5
137 208 9
137 209 2
137 212 1
137 217 9
137 220 4
137 226 2
137 227 8
137 228 8
137 230 7
137 234 8
137 236 7
137 237 1
137 238 3
137 242 9
137 246 3
137 248 1
137 250 8
137 253 7
137 257 7
137 260 2
137 261 5
137 262 2
137 263 2
137 264 9
137 268 4
137 270 4
137 271 6
137 272 2
137 277 9
137 278 1
137 280 6
137 282 9
137 283 6
137 284 1
137 286 7
137 287 3
137 288 3
137 292 3
137 293 3
137 294 2
137 295 6
137 296 9
137 298 1
137 301 5
137 304 8
137 305 4
137 306 8
137 307 4
137 308 8
137 309 10
137 310 2
137 311 6
137 312 9
137 314 2
137 315 6
137 316 6
137 318 8
137 322 9
137 323 1
137 324 9
137 326 7
137 327 8
137 328 7
137 330 10
137 331 10
137 332 3
137 333 7
137 334 4
137 339 10
137 343 8
137 345 3
137 346 7
137 347 9
137 350 7
137 354 1
137 355 1
137 357 1
137 359 8
137 360 5
137 361 9
137 363 6
137 364 8
137 367 10
137 368 5
137 370 6
137 371 1
137 373 10
137 374 8
137 376 3
137 378 7
137 381 7
137 387 1
137 388 8
137 391 8
137 393 6
137 395 5
137 399 10
137 400 5
137 402 7
137 403 1
137 406 5
137 411 2
137 413 6
137 415 1
137 416 5
137 417 7
137 420 2
137 422 6
137 426 2
137 427 8
137 428 8
137 429 3
137 430 8
137 433 9
137 435 7
137 437 1
137 440 6
137 442 2
137 444 10
137 446 9
137 447 9
137 448 4
138 142 7
138 144 7
138 146 10
138 148 1
138 150 6
138 152 7
138 159 8
138 160 2
138 161 5
138 162 8
138 163 9
138 164 2
138 166 4
138 167 7
138 168 6
138 171 3
138 178 8
138 180 1
138 181 4
138 183 6
138 186 6
138 188 4
138 189 4
138 192 7
138 193 9
138 195 4
138 197 5
138 199 4
138 202 6
138 203 2
138 206 3
138 207 10
138 208 6
138 218 3
138 219 6
138 220 10
138 222 8
138 223 7
138 224 4
138 230 10
138 231 8
138 232 4
138 237 1
138 238 1
138 241 3
138 243 3
138 246 4
138 249 9
138 255 3
138 257 1
138 258 4
138 259 3
138 260 6
138 263 5
138 264 5
138 270 2
138 271 5
138 274 8
138 277 8
138 280 8
138 283 2
138 285 8
138 289 5
138 290 5
138 293 5
138 294 3
138 295 2
138 296 1
138 298 8
138 299 7
138 303 6
138 304 6
138 306 10
138 307 7
138 308 4
138 309 2
138 310 10
138 311 7
138 313 7
138 314 6
138 315 8
138 320 1
138 324 1
138 325 2
138 329 3
138 334 1
138 338 6
138 339 10
138 340 2
138 342 9
138 347 10
138 350 10
138 352 9
138 355 7
138 356 5
138 357 5
138 359 9
138 361 5
138 365 5
138 377 1
138 378 7
138 379 3
138 382 5
138 383 9
138 386 1
138 390 3
138 392 7
138 393 5
138 394 3
138 395 3
138 396 4
138 397 9
138 398 4
138 399 4
138 400 8
138 401 6
138 402 9
138 403 1
138 404 5
138 406 9
138 407 10
138 408 8
138 415 7
138 416 5
138 417 4
138 419 9
138 420 3
138 421 10
138 422 6
138 424 1
138 425 10
138 426 4
138 427 3
138 428 3
138 430 5
138 431 4
138 432 10
138 433 5
138 435 5
138 436 9
138 440 6
138 443 9
138 446 3
139 141 3
139 144 5
139 145 4
139 146 4
139 148 2
139 149 1
139 150 2
139 153 9
139 154 4
139 155 3
139 158 4
139 159 6
139 160 4
139 164 5
139 166 9
139 168 6
139 169 3
139 171 4
139 176 8
139 177 3
139 178 4
139 184 8
139 185 1
139 187 5
139 193 2
139 194 2
139 195 1
139 197 8
139 198 8
139 204 2
139 206 6
139 209 3
139 211 9
139 212 6
139 215 10
139 217 4
139 219 4
139 220 2
139 221 2
139 223 3
139 228 5
139 232 6
139 236 7
139 238 5
139 239 8
139 242 6
139 245 8
139 246 9
139 248 2
139 249 2
139 252 5
139 253 2
139 254 2
139 256 3
139 260 2
139 261 8
139 262 6
139 264 4
139 265 9
139 266 10
139 268 9
139 272 6
139 276 6
139 277 8
139 278 9
139 279 7
139 281 3
139 286 6
139 287 2
139 291 2
139 292 7
139 293 8
139 297 8
139 300 10
139 302 7
139 303 4
139 304 9
139 306 3
139 307 1
139 309 1
139 310 2
139 312 7
139 313 2
139 317 2
139 319 2
139 321 10
139 323 4
139 325 8
139 326 5
139 327 1
139 332 10
139 336 5
139 339 10
139 340 2
139 341 2
139 343 5
139 345 4
139 347 8
139 348 2
139 350 10
139 352 10
139 356 8
139 359 9
139 360 8
139 362 1
139 364 8
139 365 4
139 366 10
139 369 4
139 370 1
139 372 8
139 375 3
139 376 3
139 377 5
139 383 4
139 384 8
139 385 10
139 389 10
139 390 9
139 391 6
139 393 3
139 394 1
139 395 1
139 396 3
139 397 8
139 399 7
139 401 9
139 402 5
139 403 5
139 404 2
139 405 10
139 407 9
139 409 10
139 410 4
139 413 4
139 417 7
139 418 2
139 420 6
139 422 6
139 423 5
139 425 8
139 426 1
139 429 9
139 430 6
139 435 9
139 436 6
139 439 8
139 440 5
139 442 8
139 443 5
139 444 3
139 445 1
139 446 2
139 447 7
139 449 6
140 144 8
140 145 10
140 146 6
140 149 8
140 150 2
140 151 6
140 153 6
140 155 5
140 156 2
140 157 6
140 160 6
140 162 7
140 163 2
140 164 2
140 165 7
140 166 7
140 169 5
140 171 4
140 172 3
140 174 3
140 176 8
140 178 6
140 180 3
140 181 2
140 184 8
140 187 8
140 194 9
140 195 1
140 198 10
140 199 1
140 203 7
140 206 7
140 207 8
140 208 10
140 209 5
140 211 10
140 212 5
140 213 10
140 214 8
140 216 8
140 217 7
140 223 2
140 225 9
140 226 3
140 232 2
140 234 7
140 236 9
140 237 8
140 238 5
140 241 6
140 243 2
140 244 10
140 250 8
140 253 4
140 255 1
140 256 9
140 257 2
140 262 5
140 264 8
140 265 1
140 268 3
140 269 9
140 273 9
140 275 7
140 276 2
140 279 9
140 280 1
140 281 4
140 283 8
140 286 7
140 287 5
140 289 1
140 290 5
140 291 3
140 292 1
140 293 8
140 295 2
140 297 6
140 300 1
140 301 3
140 304 6
140 306 1
140 307 1
140 311 10
140 315 7
140 320 2
140 321 4
140 325 7
140 326 1
140 327 10
140 328 8
140 330 4
140 332 7
140 333 7
140 336 8
140 337 5
140 339 9
140 340 5
140 341 2
140 342 1
140 343 5
140 344 6
140 346 1
140 348 3
140 351 8
140 353 1
140 354 2
140 356 7
140 357 10
140 359 5
140 361 9
140 363 5
140 364 6
140 365 1
140 368 3
140 369 10
140 370 4
140 371 9
140 372 9
140 374 8
140 375 1
140 376 5
140 378 1
140 382 9
140 383 7
140 384 6
140 385 5
140 391 2
140 394 9
140 396 7
140 398 10
140 399 10
140 400 2
140 405 3
140 407 7
140 408 3
140 410 10
140 411 9
140 415 5
140 419 2
140 420 3
140 423 1
140 424 1
140 426 6
140 427 10
140 429 10
140 432 2
140 433 1
140 436 10
140 437 6
140 439 8
140 440 7
140 442 2
140 444 3
140 446 5
140 449 4
141 142 9
141 143 4
141 144 5
141 147 2
141 148 8
141 151 1
141 152 1
141 156 5
141 157 9
141 159 4
141 160 10
141 162 1
141 163 4
141 164 1
141 165 2
141 167 9
141 168 10
141 170 8
141 171 8
141 173 7
141 174 4
141 179 9
141 181 1
141 184 8
141 186 4
141 188 5
141 198 7
141 201 3
141 202 7
141 203 4
141 204 1
141 205 2
141 206 8
141 208 7
141 209 4
141 210 4
141 211 8
141 212 1
141 214 9
141 216 2
141 217 7
141 219 1
141 222 3
141 223 3
141 225 1
141 226 9
141 227 5
141 231 7
141 232 9
141 233 3
141 235 7
141 236 3
141 239 1
141 240 1
141 242 8
141 243 3
141 247 6
141 249 10
141 250 1
141 253 4
141 255 3
141 256 4
141 259 9
141 262 3
141 263 4
141 267 1
141 269 10
141 273 10
141 274 3
141 276 4
141 277 4
141 279 2
141 281 10
141 282 9
141 283 7
141 285 7
141 288 3
141 289 7
141 290 5
141 291 9
141 293 2
141 294 6
141 295 10
141 297 9
141 298 5
141 300 1
141 301 10
141 304 8
141 306 6
141 307 9
141 309 5
141 310 1
141 315 4
141 316 5
141 318 9
141 319 10
141 320 1
141 321 4
141 322 5
141 324 8
141 328 10
141 329 1
141 330 7
141 331 9
141 336 2
141 339 9
141 341 7
141 342 6
141 344 5
141 345 4
141 348 6
141 352 1
141 355 6
141 367 5
141 372 7
141 373 10
141 374 5
141 375 2
141 376 3
141 377 1
141 378 5
141 380 2
141 382 9
141 383 10
141 384 8
141 385 4
141 389 5
141 393 9
141 396 4
141 397 3
141 407 8
141 408 10
141 410 3
141 411 8
141 412 9
141 416 2
141 418 8
141 420 9
141 421 4
141 431 9
141 435 5
141 437 10
141 439 10
141 440 1
141 441 4
141 442 8
141 444 9
141 446 10
141 447 2
142 146 3
142 147 9
142 148 5
142 152 6
142 154 4
142 155 5
142 158 3
142 160 6
142 161 2
142 168 1
142 170 2
142 171 4
142 172 1
142 174 6
142 175 5
142 177 8
142 178 4
142 179 1
142 181 9
142 184 1
142 186 9
142 190 8
142 191 6
142 193 4
142 195 3
142 198 9
142 199 10
142 201 2
142 203 10
142 204 3
142 209 8
142 215 6
142 217 8
142 221 9
142 222 7
142 223 5
142 224 4
142 228 2
142 230 8
142 233 5
142 234 1
142 238 7
142 240 3
142 244 5
142 245 3
142 247 6
142 251 5
142 252 4
142 254 2
142 256 2
142 257 3
142 259 3
142 260 8
142 264 7
142 265 1
142 267 1
142 270 9
142 273 5
142 279 7
142 280 3
142 281 6
142 284 6
142 285 5
142 287 6
142 288 3
142 291 9
142 292 2
142 293 6
142 295 3
142 296 5
142 297 2
142 299 8
142 301 7
142 302 3
142 303 4
142 310 7
142 311 8
142 313 5
142 315 8
142 317 9
142 318 5
142 320 3
142 321 2
142 322 6
142 325 6
142 326 3
142 327 10
142 328 5
142 330 4
142 332 7
142 333 5
142 334 10
142 336 5
142 337 5
142 338 1
142 340 9
142 341 7
142 346 8
142 347 5
142 349 7
142 352 9
142 353 4
142 354 3
142 355 3
142 356 10
142 357 10
142 358 5
142 361 8
142 364 5
142 365 8
142 366 10
142 367 3
142 369 6
142 371 2
142 372 6
142 373 4
142 375 4
142 376 7
142 378 3
142 379 5
142 380 10
142 383 7
142 386 2
142 387 8
142 389 3
142 390 9
142 391 6
142 392 1
142 395 7
142 401 3
142 403 9
142 404 10
142 405 4
142 407 4
142 409 6
142 410 10
142 412 3
142 413 3
142 414 8
142 416 1
142 418 6
142 419 10
142 421 5
142 422 3
142 423 8
142 424 9
142 425 6
142 427 10
142 429 5
142 430 1
142 433 4
142 435 6
142 436 3
142 437 9
142 439 7
142 443 4
142 446 4
142 447 6
143 150 7
143 152 4
143 153 1
143 155 3
143 158 6
143 161 9
143 163 4
143 164 10
143 165 4
143 168 4
143 169 2
143 173 10
143 181 4
143 184 10
143 186 4
143 188 6
143 189 8
143 196 5
143 200 7
143 201 6
143 202 7
143 203 6
143 204 2
143 205 7
143 206 7
143 210 7
143 215 8
143 216 8
143 218 9
143 219 9
143 220 3
143 221 1
143 225 10
143 226 10
143 229 6
143 230 3
143 235 5
143 240 4
143 241 3
143 243 6
143 245 7
143 246 8
143 248 10
143 250 9
143 252 3
143 255 4
143 256 6
143 257 9
143 258 8
143 259 5
143 261 2
143 264 10
143 265 1
143 267 3
143 270 3
143 272 9
143 274 2
143 278 9
143 280 5
143 281 2
143 283 7
143 287 8
143 288 7
143 289 3
143 290 1
143 291 7
143 292 8
143 294 3
143 295 6
143 296 8
143 300 2
143 302 5
143 304 6
143 307 8
143 308 2
143 309 3
143 310 3
143 311 3
143 314 3
143 315 7
143 316 1
143 323 8
143 324 7
143 325 4
143 326 3
143 327 9
143 329 1
143 331 1
143 333 8
143 334 7
143 339 5
143 344 4
143 345 3
143 346 10
143 350 5
143 351 10
143 352 6
143 353 10
143 362 2
143 365 8
143 366 1
143 368 4
143 370 4
143 371 4
143 372 9
143 373 9
143 374 4
143 375 1
143 376 3
143 377 2
143 378 8
143 379 3
143 380 5
143 381 9
143 383 10
143 387 2
143 392 9
143 393 7
143 394 10
143 396 7
143 397 1
143 403 2
143 407 8
143 410 3
143 411 2
143 412 3
143 413 8
143 420 7
143 421 1
143 422 1
143 423 5
143 428 10
143 429 10
143 430 3
143 431 7
143 437 8
143 439 7
143 440 10
143 443 4
143 444 9
143 445 7
143 446 4
143 448 9
143 449 1
144 145 5
144 146 4
144 150 6
144 154 7
144 155 10
144 156 2
144 157 5
144 158 9
144 159 6
144 163 7
144 164 6
144 166 6
144 168 8
144 169 2
144 170 2
144 172 2
144 174 2
144 175 5
144 176 1
144 177 10
144 178 6
144 182 5
144 185 5
144 187 4
144 192 6
144 195 7
144 197 9
144 199 9
144 203 10
144 204 6
144 205 7
144 206 4
144 212 2
144 216 9
144 218 3
144 219 6
144 222 4
144 224 10
144 225 4
144 226 9
144 227 9
144 229 4
144 233 10
144 234 7
144 235 10
144 239 2
144 241 8
144 244 2
144 245 5
144 246 4
144 250 7
144 254 4
144 256 1
144 258 9
144 259 7
144 261 10
144 262 1
144 265 5
144 267 10
144 268 7
144 271 8
144 272 6
144 275 4
144 279 2
144 280 8
144 282 9
144 284 9
144 286 5
144 289 3
144 293 9
144 297 3
144 299 2
144 300 5
144 301 5
144 302 1
144 303 9
144 304 10
144 307 7
144 308 6
144 311 3
144 312 1
144 314 5
144 315 6
144 316 3
144 317 4
144 318 9
144 323 6
144 325 8
144 328 10
144 329 4
144 330 8
144 331 9
144 332 2
144 334 2
144 336 3
144 338 8
144 339 7
144 342 4
144 343 6
144 344 5
144 345 10
144 347 3
144 348 7
144 350 5
144 351 2
144 352 8
144 353 5
144 354 2
144 355 1
144 357 3
144 360 7
144 361 9
144 365 4
144 371 3
144 374 9
144 375 2
144 376 2
144 377 6
144 378 9
144 380 2
144 385 9
144 386 1
144 387 8
144 388 6
144 393 8
144 394 2
144 395 1
144 396 10
144 398 6
144 401 10
144 404 4
144 406 3
144 407 2
144 409 4
144 411 9
144 422 4
144 423 2
144 424 4
144 425 9
144 428 4
144 432 5
144 434 5
144 438 9
144 440 7
144 442 7
144 443 3
144 447 9
144 449 4
145 149 1
145 150 7
145 151 8
145 152 8
145 154 8
145 155 5
145 157 7
145 159 6
145 160 8
145 163 7
145 164 3
145 170 10
145 171 4
145 176 4
145 177 4
145 180 9
145 181 6
145 182 10
145 183 2
145 188 1
145 189 6
145 191 6
145 194 9
145 197 3
145 201 4
145 202 6
145 204 8
145 207 9
145 208 4
145 209 8
145 210 4
145 211 1
145 212 7
145 214 5
145 217 3
145 221 6
145 222 4
145 223 4
145 224 5
145 228 10
145 229 7
145 230 3
145 235 10
145 236 9
145 237 9
145 239 2
145 240 10
145 241 9
145 243 6
145 245 5
145 251 8
145 252 6
145 257 6
145 261 8
145 263 3
145 264 5
145 267 6
145 273 2
145 274 9
145 277 5
145 280 2
145 282 6
145 283 7
145 287 1
145 288 2
145 289 9
145 290 5
145 291 6
145 292 1
145 295 4
145 296 7
145 297 7
145 298 8
145 302 8
145 303 6
145 304 7
145 308 10
145 309 9
145 310 10
145 312 10
145 313 6
145 314 7
145 318 1
145 322 8
145 325 3
145 326 2
145 328 7
145 329 9
145 330 1
145 331 9
145 332 5
145 333 2
145 334 9
145 337 3
145 342 5
145 343 4
145 345 6
145 346 7
145 347 4
145 348 3
145 349 5
145 351 10
145 353 7
145 355 10
145 356 2
145 357 10
145 358 1
145 359 7
145 360 5
145 362 7
145 364 6
145 365 6
145 366 7
145 367 8
145 368 4
145 370 4
145 371 8
145 373 3
145 374 9
145 377 5
145 378 2
145 380 3
145 383 6
145 384 5
145 393 9
145 395 5
145 399 2
145 400 2
145 401 2
145 402 8
145 404 5
145 405 5
145 407 10
145 410 3
145 411 1
145 414 7
145 416 1
145 420 8
145 421 1
145 422 1
145 423 8
145 427 7
145 429 7
145 430 7
145 434 9
145 435 7
145 439 1
145 440 5
145 441 5
145 442 1
145 443 8
145 448 1
145 449 2
146 147 2
146 148 4
146 151 6
146 153 10
146 155 8
146 156 4
146 157 2
146 158 9
146 159 5
146 160 6
146 163 2
146 164 1
146 165 9
146 166 1
146 170 3
146 171 9
146 172 6
146 173 9
146 176 8
146 177 9
146 180 10
146 181 6
146 182 7
146 183 10
146 184 3
146 186 6
146 187 1
146 195 5
146 199 8
146 200 8
146 203 4
146 206 6
146 207 9
146 210 8
146 212 2
146 214 3
146 215 10
146 219 1
146 220 5
146 221 4
146 222 9
146 223 3
146 225 9
146 226 8
146 227 6
146 228 3
146 236 10
146 237 8
146 239 5
146 240 4
146 241 2
146 242 1
146 245 8
146 247 4
146 248 10
146 249 1
146 250 2
146 251 5
146 253 7
146 254 4
146 257 10
146 258 5
146 259 3
146 262 10
146 263 7
146 267 5
146 271 1
146 272 1
146 274 10
146 276 2
146 278 2
146 279 9
146 280 2
146 283 3
146 284 8
146 286 7
146 287 5
146 291 10
146 292 10
146 294 3
146 295 3
146 297 1
146 298 10
146 300 1
146 306 10
146 309 5
146 315 10
146 316 4
146 318 10
146 319 6
146 321 7
146 325 3
146 327 10
146 328 8
146 329 3
146 330 7
146 331 6
146 332 9
146 333 3
146 335 7
146 336 10
146 337 1
146 339 3
146 340 1
146 344 5
146 345 7
146 349 8
146 354 2
146 360 7
146 362 8
146 364 2
146 365 1
146 368 5
146 371 10
146 373 8
146 374 6
146 376 5
146 378 8
146 379 1
146 381 9
146 382 2
146 383 4
146 384 4
146 385 10
146 388 7
146 389 7
146 391 5
146 393 3
146 397 9
146 399 6
146 402 5
146 403 10
146 404 4
146 406 9
146 408 2
146 409 9
146 417 10
146 419 10
146 420 7
146 421 5
146 423 10
146 425 1
146 426 5
146 427 6
146 429 2
146 431 7
146 432 2
146 435 5
146 436 10
146 438 7
146 440 9
146 442 8
146 443 2
146 444 6
146 445 10
146 446 4
146 448 4
146 449 8
147 148 3
147 150 3
147 152 6
147 153 5
147 155 10
147 156 10
147 157 4
147 158 9
147 159 6
147 160 4
147 161 7
147 162 8
147 164 6
147 166 8
147 168 10
147 169 8
147 172 7
147 173 3
147 174 9
147 175 10
147 177 4
147 178 3
147 179 10
147 180 6
147 181 4
147 182 6
147 183 9
147 185 10
147 186 6
147 188 8
147 191 5
147 192 10
147 195 6
147 197 3
147 200 8
147 202 10
147 203 6
147 204 2
147 205 1
147 206 6
147 207 4
147 209 6
147 212 1
147 216 2
147 219 6
147 221 2
147 223 8
147 224 9
147 226 1
147 228 10
147 229 7
147 230 1
147 232 8
147 236 8
147 237 9
147 239 5
147 240 4
147 242 4
147 245 4
147 246 7
147 249 8
147 253 9
147 255 3
147 256 6
147 258 8
147 260 8
147 262 2
147 264 5
147 265 7
147 268 7
147 269 10
147 272 3
147 275 2
147 280 3
147 281 4
147 282 9
147 283 10
147 284 9
147 285 8
147 286 5
147 291 1
147 292 4
147 296 6
147 297 8
147 298 3
147 299 8
147 302 3
147 303 2
147 305 10
147 306 10
147 308 3
147 310 1
147 312 3
147 314 8
147 317 9
147 318 5
147 319 3
147 322 1
147 327 10
147 328 7
147 329 8
147 332 3
147 333 9
147 334 7
147 336 6
147 337 5
147 338 2
147 339 6
147 340 2
147 342 7
147 343 7
147 344 6
147 346 10
147 347 9
147 359 9
147 361 9
147 362 9
147 363 3
147 364 8
147 366 1
147 369 5
147 373 6
147 375 9
147 376 4
147 378 6
147 379 9
147 380 10
147 387 10
147 389 10
147 391 5
147 393 9
147 395 9
147 396 6
147 400 3
147 401 9
147 406 7
147 414 4
147 415 9
147 416 6
147 419 4
147 420 8
147 421 7
147 422 2
147 423 1
147 428 5
147 429 8
147 436 9
147 437 1
147 438 5
147 440 2
147 441 9
147 442 4
147 443 7
147 445 5
147 447 7
147 449 6
148 157 8
148 158 5
148 159 2
148 161 7
148 165 6
148 171 10
148 172 10
148 173 1
148 175 5
148 178 1
148 180 6
148 184 9
148 185 10
148 187 5
148 188 5
148 192 1
148 193 7
148 195 7
148 196 9
148 197 10
148 199 10
148 200 5
148 203 7
148 205 6
148 210 4
148 211 5
148 212 8
148 214 6
148 215 8
148 218 8
148 221 8
148 223 7
148 224 1
148 225 3
148 226 10
148 228 8
148 232 5
148 233 4
148 236 2
148 237 9
148 238 6
148 239 10
148 240 3
148 242 6
148 244 6
148 245 2
148 246 5
148 248 10
148 251 6
148 254 1
148 255 9
148 256 5
148 258 5
148 259 3
148 261 8
148 262 10
148 263 8
148 264 8
148 266 2
148 267 10
148 269 6
148 270 5
148 276 9
148 278 9
148 279 1
148 280 4
148 281 3
148 282 1
148 283 2
148 284 3
148 285 6
148 288 5
148 290 5
148 291 4
148 292 7
148 293 7
148 298 1
148 299 3
148 301 9
148 302 1
148 304 8
148 306 6
148 310 7
148 314 2
148 315 1
148 316 8
148 319 1
148 321 10
148 323 9
148 325 5
148 326 3
148 328 3
148 329 8
148 331 9
148 332 4
148 336 6
148 337 4
148 338 5
148 339 6
148 340 8
148 347 10
148 349 4
148 350 6
148 356 2
148 357 8
148 360 8
148 361 6
148 363 8
148 364 3
148 365 1
148 367 10
148 368 4
148 370 3
148 371 1
148 375 2
148 376 9
148 378 1
148 380 9
148 385 2
148 386 8
148 388 5
148 390 5
148 392 2
148 393 7
148 394 4
148 395 8
148 396 5
148 397 2
148 398 7
148 400 3
148 401 1
148 402 1
148 404 1
148 405 2
148 406 8
148 408 3
148 409 6
148 410 7
148 411 1
148 412 7
148 415 3
148 417 8
148 418 8
148 421 6
148 422 5
148 423 7
148 426 2
148 427 5
148 428 3
148 430 8
148 433 6
148 436 3
148 442 7
148 445 10
148 446 10
148 447 7
149 151 9
149 154 10
149 157 4
149 158 5
149 160 2
149 162 6
149 163 5
149 164 6
149 165 7
149 166 3
149 169 6
149 171 8
149 175 9
149 176 3
149 177 9
149 178 8
149 179 6
149 181 10
149 188 3
149 189 6
149 191 7
149 192 3
149 193 5
149 194 8
149 195 4
149 196 6
149 197 2
149 199 9
149 200 3
149 201 10
149 203 5
149 204 4
149 205 5
149 208 2
149 209 3
149 211 1
149 214 4
149 217 4
149 218 8
149 219 1
149 220 4
149 221 6
149 222 4
149 224 6
149 226 4
149 227 6
149 230 10
149 234 10
149 236 9
149 238 2
149 246 10
149 248 1
149 249 5
149 250 5
149 251 5
149 255 5
149 258 10
149 261 7
149 262 7
149 263 7
149 265 5
149 267 4
149 271 1
149 273 3
149 282 6
149 283 4
149 286 3
149 287 9
149 293 3
149 294 9
149 295 7
149 297 10
149 300 8
149 301 2
149 302 1
149 303 6
149 304 7
149 305 4
149 306 9
149 308 4
149 310 9
149 311 6
149 312 5
149 315 4
149 316 3
149 317 2
149 319 8
149 320 4
149 321 1
149 323 9
149 324 1
149 325 9
149 326 4
149 327 4
149 328 7
149 331 9
149 337 5
149 339 9
149 340 10
149 343 3
149 349 3
149 350 10
149 355 1
149 359 6
149 360 10
149 361 9
149 362 2
149 366 4
149 368 7
149 369 8
149 370 4
149 371 10
149 375 1
149 377 5
149 379 9
149 380 2
149 384 9
149 386 8
149 391 4
149 392 6
149 393 8
149 395 8
149 397 10
149 399 9
149 400 3
149 401 2
149 403 9
149 405 5
149 409 5
149 412 10
149 415 9
149 417 9
149 419 9
149 423 5
149 425 5
149 427 7
149 433 7
149 435 7
149 438 4
149 439 10
149 440 8
149 441 4
149 442 2
149 443 9
149 444 7
149 446 10
149 449 1
150 151 5
150 153 8
150 157 10
150 158 3
150 160 2
150 161 3
150 162 3
150 163 9
150 164 6
150 166 8
150 167 9
150 169 10
150 170 8
150 171 6
150 172 6
150 175 9
150 176 6
150 182 4
150 184 4
150 187 10
150 192 2
150 194 9
150 195 9
150 196 9
150 197 5
150 198 7
150 199 2
150 201 2
150 205 10
150 206 1
150 207 2
150 210 2
150 212 8
150 213 7
150 214 1
150 215 1
150 217 9
150 220 7
150 224 2
150 225 6
150 226 8
150 228 7
150 230 1
150 233 3
150 234 8
150 238 7
150 240 2
150 242 8
150 244 5
150 252 7
150 253 7
150 254 1
150 255 5
150 256 7
150 257 4
150 261 7
150 262 3
150 264 10
150 267 4
150 269 10
150 271 9
150 272 10
150 275 10
150 279 8
150 280 9
150 281 2
150 282 6
150 283 5
150 286 4
150 291 2
150 295 5
150 296 7
150 297 3
150 300 2
150 302 4
150 304 9
150 306 5
150 307 2
150 308 4
150 311 9
150 312 10
150 313 3
150 314 7
150 317 10
150 318 7
150 320 8
150 323 1
150 328 3
150 330 8
150 331 9
150 332 5
150 336 5
150 337 6
150 338 5
150 339 5
150 347 3
150 348 5
150 349 7
150 351 5
150 355 1
150 357 6
150 358 6
150 360 7
150 364 1
150 365 1
150 366 3
150 369 8
150 370 3
150 372 1
150 373 3
150 380 3
150 381 8
150 383 8
150 387 5
150 388 5
150 391 2
150 393 1
150 395 9
150 400 4
150 401 3
150 402 8
150 406 2
150 408 6
150 409 9
150 411 9
150 413 6
150 415 10
150 416 6
150 417 6
150 418 2
150 419 8
150 420 7
150 421 8
150 422 9
150 423 7
150 425 8
150 428 3
150 431 4
150 432 5
150 433 9
150 434 10
150 437 8
150 438 5
150 440 1
150 441 5
150 444 5
150 446 1
150 448 4
150 449 9
151 152 3
151 153 4
151 154 10
151 158 10
151 159 2
151 160 4
151 161 6
151 169 9
151 170 9
151 173 1
151 174 2
151 177 3
151 178 7
151 180 10
151 182 10
151 183 2
151 184 4
151 185 5
151 186 2
151 187 8
151 188 2
151 189 5
151 192 1
151 195 10
151 199 10
151 205 1
151 206 8
151 207 7
151 210 2
151 211 8
151 212 7
151 213 5
151 214 8
151 220 4
151 223 9
151 224 7
151 225 1
151 226 7
151 227 3
151 230 8
151 232 10
151 234 5
151 235 4
151 236 6
151 237 8
151 238 10
151 239 7
151 242 10
151 243 7
151 247 6
151 249 10
151 250 4
151 251 4
151 252 10
151 255 5
151 259 8
151 261 1
151 264 6
151 265 1
151 266 2
151 272 8
151 274 4
151 276 8
151 280 7
151 281 5
151 282 6
151 287 10
151 289 7
151 290 10
151 294 5
151 295 8
151 296 2
151 297 6
151 298 2
151 301 8
151 302 7
151 303 4
151 304 1
151 305 7
151 306 3
151 310 10
151 314 3
151 318 5
151 320 7
151 323 3
151 325 10
151 330 8
151 331 6
151 332 2
151 334 10
151 337 10
151 339 3
151 342 6
151 343 1
151 345 5
151 348 7
151 349 10
151 350 1
151 354 9
151 355 7
151 356 4
151 357 8
151 359 1
151 361 2
151 366 6
151 367 3
151 370 6
151 371 3
151 374 4
151 377 6
151 381 7
151 384 3
151 385 2
151 389 2
151 390 6
151 391 5
151 392 7
151 393 3
151 394 4
151 395 5
151 396 8
151 397 5
151 399 4
151 402 9
151 405 10
151 411 7
151 412 2
151 413 7
151 414 3
151 416 2
151 417 1
151 418 6
151 422 9
151 423 5
151 426 7
151 428 10
151 432 6
151 433 4
151 437 9
151 438 3
151 440 7
151 441 1
151 444 6
151 445 5
151 448 1
152 157 1
152 158 7
152 159 5
152 160 3
152 162 6
152 167 6
152 168 2
152 170 10
152 173 6
152 184 2
152 187 2
152 189 3
152 192 2
152 193 10
152 199 4
152 200 10
152 201 3
152 203 6
152 207 3
152 208 2
152 213 6
152 214 3
152 217 2
152 219 4
152 221 4
152 225 5
152 227 6
152 228 9
152 229 6
152 231 3
152 233 5
152 234 6
152 239 10
152 240 2
152 242 1
152 243 6
152 247 10
152 249 4
152 250 9
152 251 7
152 255 5
152 256 1
152 257 7
152 258 6
152 259 10
152 261 3
152 262 2
152 264 9
152 266 6
152 267 4
152 270 6
152 271 2
152 273 2
152 282 10
152 283 10
152 284 6
152 286 2
152 287 5
152 289 10
152 290 1
152 292 7
152 293 3
152 294 10
152 295 5
152 296 1
152 297 6
152 298 3
152 299 9
152 302 6
152 304 3
152 305 8
152 306 3
152 307 4
152 308 9
152 309 5
152 311 2
152 312 5
152 313 2
152 316 8
152 318 5
152 319 4
152 320 8
152 326 4
152 327 4
152 328 1
152 329 6
152 331 6
152 332 10
152 337 7
152 338 1
152 341 8
152 342 3
152 344 5
152 345 3
152 348 7
152 349 2
152 352 5
152 353 6
152 354 7
152 357 3
152 358 7
152 359 5
152 360 10
152 362 10
152 365 3
152 366 3
152 367 9
152 368 4
152 371 5
152 372 7
152 374 4
152 376 1
152 377 5
152 378 2
152 379 5
152 381 2
152 386 8
152 387 6
152 389 9
152 390 2
152 393 9
152 394 8
152 396 8
152 397 2
152 399 9
152 400 1
152 401 7
152 402 1
152 403 8
152 406 10
152 410 7
152 414 10
152 417 2
152 418 2
152 420 1
152 422 3
152 424 4
152 425 1
152 426 6
152 428 3
152 431 6
152 432 1
152 433 5
152 435 2
152 436 7
152 439 9
152 441 6
152 442 10
152 444 2
152 445 4
152 447 4
153 155 6
153 156 6
153 159 6
153 160 8
153 164 1
153 166 7
153 167 2
153 168 6
153 170 8
153 171 9
153 173 2
153 176 10
153 177 10
153 178 2
153 179 7
153 181 1
153 182 4
153 183 6
153 184 2
153 185 10
153 188 8
153 189 9
153 192 10
153 194 4
153 195 8
153 197 1
153 198 1
153 199 10
153 200 2
153 201 2
153 207 7
153 208 2
153 209 6
153 212 2
153 214 8
153 215 4
153 217 5
153 218 8
153 219 6
153 220 2
153 222 10
153 226 3
153 227 8
153 228 3
153 229 9
153 230 2
153 231 5
153 232 2
153 235 5
153 240 4
153 242 9
153 244 7
153 248 1
153 249 10
153 250 3
153 251 7
153 255 3
153 257 10
153 259 1
153 260 5
153 269 10
153 270 7
153 272 1
153 275 8
153 278 1
153 280 6
153 281 4
153 282 2
153 284 5
153 288 4
153 289 1
153 291 3
153 292 5
153 293 10
153 294 2
153 297 3
153 299 4
153 300 3
153 304 6
153 305 9
153 306 4
153 308 2
153 309 1
153 312 2
153 315 1
153 317 10
153 319 3
153 320 6
153 321 3
153 322 7
153 324 10
153 330 8
153 331 10
153 333 1
153 334 9
153 335 8
153 336 3
153 341 7
153 343 1
153 346 1
153 347 4
153 348 10
153 351 5
153 356 3
153 357 10
153 358 10
153 360 8
153 361 10
153 363 8
153 364 9
153 365 7
153 366 3
153 367 10
153 368 1
153 369 6
153 370 5
153 371 10
153 372 8
153 377 7
153 381 3
153 382 5
153 384 7
153 385 9
153 386 5
153 388 3
153 389 7
153 391 2
153 394 10
153 395 9
153 396 1
153 397 3
153 399 7
153 400 6
153 401 9
153 403 6
153 405 3
153 408 7
153 410 4
153 414 8
153 418 9
153 419 4
153 420 6
153 423 4
153 429 10
153 430 4
153 434 1
153 436 10
153 437 5
153 440 8
153 441 10
153 443 8
153 447 2
154 160 3
154 161 4
154 162 10
154 164 5
154 167 1
154 168 6
154 170 3
154 171 8
154 175 9
154 176 5
154 177 7
154 179 10
154 180 2
154 181 9
154 184 3
154 186 8
154 188 6
154 189 7
154 193 5
154 196 6
154 197 8
154 199 7
154 200 2
154 203 1
154 207 3
154 208 8
154 209 9
154 210 7
154 212 6
154 214 7
154 216 3
154 217 7
154 218 8
154 220 7
154 222 5
154 223 9
154 225 3
154 226 5
154 227 3
154 228 10
154 229 9
154 231 1
154 234 4
154 237 5
154 238 9
154 239 7
154 242 3
154 243 1
154 246 6
154 248 5
154 252 7
154 254 2
154 255 3
154 257 10
154 258 10
154 260 2
154 262 9
154 263 8
154 266 7
154 269 10
154 273 10
154 277 7
154 278 2
154 281 9
154 284 2
154 285 5
154 290 4
154 292 3
154 293 6
154 297 3
154 298 8
154 300 3
154 302 8
154 305 8
154 307 7
154 308 6
154 310 5
154 315 6
154 316 1
154 317 9
154 320 6
154 321 9
154 322 4
154 323 5
154 324 8
154 327 1
154 328 1
154 331 8
154 332 9
154 333 1
154 334 5
154 337 8
154 339 5
154 342 3
154 345 3
154 349 10
154 352 7
154 355 8
154 358 6
154 360 3
154 361 10
154 364 10
154 367 9
154 368 2
154 369 4
154 372 9
154 373 10
154 374 2
154 375 7
154 379 8
154 380 7
154 381 1
154 382 3
154 386 9
154 387 9
154 388 10
154 392 10
154 393 7
154 394 4
154 396 7
154 398 3
154 399 5
154 401 8
154 402 1
154 407 2
154 408 7
154 409 5
154 410 1
154 411 5
154 413 7
154 414 1
154 415 8
154 417 2
154 419 3
154 421 6
154 422 4
154 426 2
154 427 7
154 428 9
154 429 9
154 432 1
154 434 9
154 437 4
154 438 6
154 439 4
154 440 8
154 442 7
154 444 9
154 446 10
154 447 2
154 448 10
155 156 9
155 159 5
155 162 5
155 165 2
155 166 2
155 167 6
155 168 4
155 170 2
155 172 10
155 173 10
155 174 6
155 175 5
155 177 9
155 179 2
155 182 2
155 186 2
155 188 3
155 189 8
155 198 3
155 201 7
155 202 5
155 203 5
155 206 9
155 207 2
155 208 7
155 209 6
155 210 10
155 213 1
155 214 10
155 215 5
155 216 2
155 217 6
155 219 7
155 220 7
155 223 3
155 226 3
155 227 5
155 229 1
155 232 5
155 234 6
155 235 4
155 236 1
155 237 9
155 238 5
155 241 6
155 242 9
155 243 10
155 245 1
155 248 10
155 249 7
155 250 6
155 256 10
155 258 8
155 261 6
155 263 3
155 265 3
155 266 5
155 269 1
155 271 5
155 272 7
155 274 9
155 278 2
155 279 7
155 280 6
155 286 4
155 289 4
155 290 2
155 291 8
155 294 10
155 299 6
155 301 2
155 302 3
155 304 10
155 306 4
155 309 1
155 310 4
155 311 10
155 312 5
155 313 10
155 314 1
155 315 2
155 316 3
155 318 8
155 319 5
155 321 9
155 322 9
155 326 2
155 327 6
155 328 4
155 330 5
155 331 7
155 333 3
155 334 5
155 336 7
155 337 4
155 339 6
155 343 6
155 346 8
155 348 1
155 349 8
155 350 8
155 351 9
155 354 1
155 356 8
155 357 10
155 358 9
155 359 8
155 360 9
155 362 4
155 364 4
155 365 9
155 374 8
155 375 4
155 377 1
155 379 5
155 380 2
155 383 1
155 384 7
155 385 8
155 389 1
155 390 6
155 394 6
155 396 3
155 397 3
155 401 9
155 402 4
155 403 2
155 404 8
155 405 8
155 409 5
155 410 1
155 411 6
155 413 1
155 416 3
155 418 3
155 419 4
155 421 5
155 424 2
155 425 7
155 426 5
155 428 6
155 429 10
155 430 6
155 431 8
155 432 4
155 437 3
155 439 5
155 445 8
155 446 4
155 447 1
155 448 2
156 157 1
156 158 1
156 161 1
156 164 6
156 165 5
156 166 5
156 167 8
156 169 10
156 171 2
156 172 1
156 174 3
156 177 2
156 178 10
156 179 1
156 181 9
156 184 9
156 185 1
156 186 4
156 187 5
156 189 8
156 190 6
156 193 10
156 195 10
156 196 4
156 198 3
156 202 3
156 204 8
156 207 1
156 210 2
156 212 4
156 217 5
156 218 3
156 220 3
156 223 9
156 225 9
156 228 1
156 231 5
156 233 8
156 234 1
156 235 8
156 237 1
156 238 7
156 240 2
156 241 7
156 242 6
156 243 9
156 244 8
156 245 3
156 247 1
156 248 10
156 249 4
156 250 4
156 254 10
156 255 3
156 256 4
156 257 2
156 258 4
156 261 10
156 262 3
156 266 4
156 267 6
156 268 9
156 269 6
156 270 9
156 271 4
156 272 4
156 273 2
156 276 4
156 277 3
156 278 5
156 279 9
156 281 8
156 282 2
156 283 7
156 285 4
156 286 3
156 291 3
156 292 9
156 294 5
156 296 4
156 302 4
156 303 8
156 304 10
156 306 3
156 307 9
156 308 8
156 310 5
156 311 8
156 312 2
156 313 6
156 315 10
156 317 6
156 318 9
156 319 1
156 320 5
156 322 3
156 323 10
156 324 1
156 325 5
156 327 3
156 328 3
156 332 4
156 334 4
156 337 1
156 338 1
156 339 8
156 340 1
156 342 9
156 349 2
156 350 8
156 352 2
156 356 4
156 358 8
156 360 4
156 365 10
156 367 2
156 368 6
156 369 3
156 370 2
156 376 3
156 377 7
156 379 9
156 380 1
156 381 7
156 382 2
156 383 5
156 384 5
156 388 7
156 391 7
156 392 1
156 393 8
156 401 8
156 404 7
156 405 4
156 407 2
156 408 7
156 409 4
156 410 4
156 411 2
156 412 5
156 413 6
156 414 4
156 416 3
156 419 3
156 422 1
156 423 5
156 424 8
156 426 10
156 428 10
156 433 6
156 434 1
156 435 3
156 436 9
156 438 4
156 442 5
156 446 8
156 449 3
157 167 7
157 168 4
157 171 6
157 174 3
157 176 1
157 178 4
157 181 3
157 182 10
157 184 10
157 185 2
157 189 1
157 191 4
157 192 1
157 193 10
157 194 5
157 195 6
157 199 2
157 202 7
157 206 10
157 208 4
157 209 10
157 210 9
157 217 7
157 218 8
157 219 4
157 222 9
157 223 8
157 229 1
157 230 4
157 233 8
157 234 10
157 242 3
157 243 10
157 246 4
157 247 10
157 248 1
157 249 5
157 253 1
157 254 9
157 256 3
157 258 3
157 260 10
157 262 9
157 263 4
157 264 3
157 270 6
157 277 8
157 278 5
157 279 2
157 281 1
157 282 9
157 290 9
157 292 3
157 293 10
157 294 3
157 295 4
157 297 4
157 300 6
157 302 7
157 303 7
157 304 8
157 305 10
157 306 7
157 307 3
157 310 4
157 311 7
157 314 10
157 319 2
157 320 2
157 321 10
157 323 1
157 324 3
157 327 4
157 328 5
157 330 10
157 333 8
157 336 1
157 337 10
157 338 1
157 341 10
157 343 5
157 348 2
157 350 2
157 351 6
157 353 9
157 355 7
157 356 10
157 360 2
157 361 1
157 365 1
157 368 2
157 369 4
157 373 1
157 374 7
157 375 1
157 377 9
157 379 5
157 380 6
157 382 7
157 383 4
157 384 9
157 385 7
157 386 6
157 389 5
157 391 6
157 392 9
157 393 7
157 394 6
157 398 4
157 399 1
157 403 10
157 404 1
157 406 9
157 410 6
157 411 9
157 412 5
157 415 4
157 416 10
157 419 4
157 426 3
157 427 5
157 429 8
157 435 5
157 436 7
157 437 1
157 441 2
157 443 3
157 446 8
157 448 9
158 160 10
158 162 2
158 163 8
158 165 1
158 168 2
158 169 10
158 172 1
158 174 2
158 177 4
158 178 10
158 179 7
158 180 10
158 182 3
158 184 4
158 186 9
158 187 8
158 188 10
158 189 6
158 190 2
158 191 10
158 195 8
158 196 7
158 197 9
158 200 2
158 201 7
158 203 4
158 204 3
158 206 3
158 208 4
158 211 6
158 212 10
158 214 9
158 216 6
158 218 10
158 220 8
158 225 8
158 227 1
158 228 3
158 232 3
158 236 5
158 241 2
158 243 8
158 245 3
158 248 3
158 249 10
158 253 1
158 254 5
158 255 10
158 257 8
158 258 7
158 260 3
158 264 7
158 266 6
158 268 5
158 274 7
158 278 1
158 279 10
158 280 5
158 281 5
158 282 7
158 284 10
158 292 6
158 293 8
158 294 8
158 295 8
158 296 5
158 298 6
158 300 8
158 301 1
158 305 6
158 306 9
158 307 5
158 310 1
158 312 7
158 314 9
158 316 2
158 319 9
158 323 1
158 324 7
158 325 3
158 327 7
158 329 9
158 330 10
158 337 9
158 339 8
158 340 4
158 341 4
158 342 1
158 344 9
158 349 5
158 352 10
158 354 2
158 355 8
158 357 6
158 358 4
158 365 5
158 367 10
158 368 5
158 369 4
158 370 6
158 373 7
158 374 5
158 378 4
158 380 1
158 382 10
158 383 5
158 384 6
158 385 6
158 387 10
158 389 9
158 391 4
158 398 5
158 400 1
158 403 8
158 404 7
158 407 4
158 410 7
158 411 7
158 414 3
158 416 3
158 417 7
158 420 10
158 422 10
158 424 5
158 425 10
158 426 4
158 427 7
158 428 7
158 430 8
158 431 8
158 433 7
158 437 2
158 438 2
158 439 7
158 441 4
158 446 1
158 447 8
159 161 1
159 162 2
159 163 3
159 165 5
159 167 1
159 170 3
159 171 8
159 172 2
159 178 3
159 182 7
159 183 7
159 187 6
159 190 3
159 191 4
159 194 5
159 197 1
159 200 2
159 201 4
159 202 4
159 204 10
159 207 8
159 209 3
159 210 5
159 211 2
159 214 10
159 217 7
159 218 10
159 219 7
159 220 5
159 221 9
159 224 9
159 225 9
159 226 7
159 228 4
159 230 3
159 231 4
159 236 9
159 238 10
159 239 6
159 243 9
159 246 2
159 247 7
159 248 1
159 249 1
159 250 10
159 251 4
159 254 2
159 255 1
159 256 5
159 258 9
159 260 5
159 261 8
159 262 9
159 263 10
159 268 3
159 269 7
159 270 10
159 273 4
159 274 1
159 275 10
159 276 1
159 277 10
159 278 3
159 283 8
159 284 1
159 287 6
159 288 7
159 289 2
159 290 2
159 291 5
159 297 9
159 298 2
159 299 3
159 300 2
159 304 7
159 305 9
159 306 7
159 307 8
159 308 1
159 310 5
159 311 1
159 313 5
159 315 6
159 317 3
159 318 9
159 319 7
159 320 1
159 324 4
159 328 6
159 329 5
159 331 3
159 334 4
159 335 9
159 336 2
159 337 9
159 338 4
159 340 9
159 348 3
159 353 1
159 357 6
159 358 9
159 359 1
159 360 7
159 361 8
159 362 1
159 363 2
159 364 10
159 365 2
159 367 7
159 369 1
159 370 1
159 371 6
159 374 9
159 375 2
159 379 5
159 380 10
159 381 1
159 383 6
159 384 10
159 387 10
159 390 2
159 391 9
159 392 3
159 400 6
159 401 7
159 402 7
159 404 9
159 410 5
159 412 9
159 413 1
159 414 2
159 416 7
159 419 1
159 420 3
159 423 8
159 424 3
159 425 3
159 430 3
159 432 8
159 433 5
159 434 1
159 438 7
159 439 3
159 441 9
159 442 2
159 443 5
159 444 6
159 445 9
159 446 9
159 447 10
160 161 3
160 164 7
160 165 7
160 166 1
160 169 7
160 170 10
160 172 7
160 173 7
160 174 4
160 177 7
160 179 2
160 180 7
160 184 1
160 187 7
160 189 7
160 191 2
160 193 8
160 197 1
160 198 6
160 199 3
160 201 4
160 204 6
160 208 1
160 210 8
160 215 2
160 220 2
160 221 6
160 222 10
160 226 5
160 228 7
160 232 9
160 235 7
160 238 4
160 239 7
160 240 5
160 241 4
160 242 2
160 243 7
160 244 3
160 245 2
160 252 4
160 253 9
160 258 2
160 263 4
160 264 9
160 266 2
160 268 3
160 270 3
160 271 8
160 272 1
160 277 3
160 280 4
160 282 8
160 284 9
160 287 1
160 291 4
160 292 4
160 293 5
160 294 6
160 295 7
160 299 7
160 300 6
160 301 5
160 302 5
160 303 4
160 305 3
160 307 3
160 310 3
160 311 2
160 313 8
160 314 10
160 315 7
160 318 5
160 322 3
160 323 4
160 324 2
160 325 7
160 326 3
160 327 7
160 328 3
160 331 4
160 334 5
160 338 7
160 342 9
160 344 10
160 345 3
160 346 2
160 350 8
160 353 9
160 356 1
160 357 6
160 359 8
160 361 4
160 369 8
160 371 6
160 373 4
160 374 3
160 377 2
160 378 3
160 379 1
160 381 6
160 382 4
160 386 7
160 387 2
160 389 3
160 392 6
160 395 1
160 397 4
160 398 2
160 402 4
160 403 5
160 406 4
160 408 9
160 410 9
160 411 1
160 414 1
160 415 1
160 417 3
160 419 10
160 421 1
160 422 8
160 423 9
160 428 10
160 431 3
160 433 5
160 434 10
160 435 1
160 437 9
160 438 2
160 440 7
160 441 3
160 442 5
160 443 4
160 444 4
160 446 3
160 449 7
161 162 5
161 164 9
161 167 9
161 178 6
161 179 8
161 180 5
161 181 10
161 183 2
161 184 5
161 191 4
161 192 7
161 195 3
161 196 5
161 197 5
161 200 1
161 201 1
161 203 4
161 205 1
161 209 10
161 210 1
161 211 5
161 212 7
161 213 1
161 214 3
161 215 5
161 216 7
161 220 3
161 223 8
161 225 5
161 227 8
161 232 1
161 233 9
161 234 5
161 235 9
161 239 6
161 240 2
161 242 8
161 247 10
161 248 2
161 249 8
161 254 10
161 257 2
161 259 3
161 268 1
161 271 4
161 273 5
161 276 6
161 278 2
161 280 10
161 284 9
161 285 4
161 289 9
161 291 2
161 292 7
161 293 5
161 295 3
161 297 3
161 299 4
161 302 2
161 304 8
161 306 1
161 309 6
161 313 10
161 316 8
161 317 3
161 318 5
161 322 4
161 329 3
161 330 2
161 331 6
161 332 2
161 335 10
161 337 4
161 338 5
161 343 7
161 346 8
161 347 5
161 349 10
161 358 2
161 360 3
161 361 10
161 363 5
161 365 8
161 367 5
161 368 1
161 369 5
161 370 5
161 375 5
161 376 10
161 377 8
161 378 2
161 379 8
161 381 10
161 384 9
161 387 4
161 390 8
161 392 4
161 394 1
161 397 9
161 399 4
161 400 10
161 401 9
161 403 4
161 406 6
161 411 10
161 414 7
161 415 8
161 416 8
161 417 3
161 419 7
161 421 6
161 422 4
161 423 4
161 424 7
161 427 2
161 428 10
161 431 7
161 432 7
161 433 9
161 434 7
161 439 2
161 440 7
161 441 7
161 442 6
161 446 2
161 449 10
162 164 10
162 167 1
162 169 5
162 170 1
162 171 10
162 172 2
162 173 10
162 176 3
162 177 10
162 179 3
162 182 1
162 183 3
162 184 6
162 185 9
162 186 10
162 193 5
162 194 10
162 196 10
162 197 6
162 198 2
162 202 4
162 204 2
162 207 6
162 208 8
162 209 4
162 210 5
162 214 6
162 215 7
162 217 10
162 218 2
162 219 6
162 220 4
162 221 5
162 223 4
162 230 7
162 231 3
162 232 8
162 233 1
162 236 6
162 237 5
162 241 7
162 243 3
162 246 6
162 247 3
162 248 8
162 251 2
162 253 2
162 254 6
162 256 9
162 259 10
162 261 1
162 263 6
162 266 10
162 267 2
162 268 1
162 269 9
162 270 9
162 272 10
162 274 3
162 276 1
162 278 10
162 279 5
162 281 1
162 293 7
162 296 5
162 297 8
162 298 3
162 299 9
162 300 5
162 304 5
162 306 8
162 309 3
162 310 9
162 314 6
162 315 1
162 316 7
162 319 5
162 320 4
162 321 3
162 324 1
162 326 7
162 330 7
162 331 1
162 332 5
162 334 5
162 335 9
162 336 5
162 338 3
162 341 8
162 343 5
162 344 9
162 346 6
162 347 8
162 349 1
162 351 5
162 352 9
162 353 7
162 355 4
162 356 5
162 359 1
162 360 4
162 362 4
162 363 3
162 365 3
162 367 6
162 368 2
162 369 8
162 371 10
162 372 1
162 374 7
162 384 3
162 385 5
162 386 8
162 387 8
162 389 7
162 391 7
162 392 3
162 393 10
162 400 5
162 402 4
162 404 5
162 406 5
162 408 7
162 413 6
162 414 9
162 417 5
162 419 7
162 426 8
162 427 6
162 432 7
162 434 7
162 437 3
162 438 2
162 439 9
162 443 1
162 444 10
162 445 5
162 446 2
162 448 6
163 165 4
163 167 3
163 168 9
163 169 1
163 173 8
163 176 5
163 177 7
163 178 5
163 179 4
163 181 10
163 183 6
163 184 3
163 185 3
163 186 6
163 191 2
163 193 10
163 197 3
163 198 3
163 201 10
163 202 3
163 203 3
163 207 7
163 211 8
163 212 9
163 213 5
163 214 3
163 215 4
163 216 1
163 217 8
163 218 10
163 219 4
163 221 2
163 222 7
163 223 10
163 225 5
163 229 1
163 230 9
163 231 10
163 234 10
163 235 9
163 236 4
163 240 9
163 241 5
163 242 10
163 243 8
163 244 4
163 246 8
163 248 7
163 252 9
163 254 8
163 255 7
163 257 4
163 258 10
163 262 2
163 272 2
163 274 5
163 275 10
163 277 7
163 278 7
163 283 5
163 285 2
163 288 2
163 289 1
163 290 7
163 292 5
163 293 4
163 294 1
163 297 5
163 298 2
163 299 9
163 301 10
163 302 3
163 303 10
163 305 7
163 308 2
163 309 10
163 310 1
163 315 5
163 317 8
163 319 10
163 320 6
163 321 10
163 324 2
163 325 9
163 326 8
163 328 10
163 329 4
163 332 6
163 333 7
163 336 6
163 339 9
163 342 2
163 343 10
163 346 5
163 347 5
163 349 9
163 352 1
163 355 9
163 357 8
163 359 7
163 361 9
163 362 6
163 363 4
163 364 4
163 365 5
163 366 10
163 367 2
163 371 4
163 373 5
163 376 8
163 377 4
163 378 9
163 379 6
163 383 2
163 385 6
163 387 1
163 390 4
163 391 2
163 392 4
163 395 8
163 396 5
163 399 7
163 400 9
163 401 5
163 404 7
163 406 9
163 407 10
163 409 2
163 411 3
163 415 10
163 417 2
163 419 7
163 421 10
163 422 2
163 426 6
163 431 4
163 433 5
163 434 8
163 438 2
163 440 6
163 445 10
164 165 3
164 168 5
164 169 8
164 170 6
164 172 5
164 173 10
164 177 10
164 180 6
164 182 7
164 183 4
164 184 2
164 185 7
164 187 1
164 188 5
164 189 3
164 191 5
164 192 6
164 193 8
164 194 1
164 198 2
164 200 7
164 203 1
164 206 1
164 207 8
164 210 5
164 211 4
164 213 6
164 215 2
164 216 3
164 217 9
164 219 1
164 220 1
164 221 9
164 222 7
164 224 5
164 226 10
164 227 1
164 228 7
164 229 9
164 231 7
164 232 10
164 233 3
164 238 9
164 239 4
164 240 10
164 241 1
164 243 2
164 247 4
164 248 6
164 250 3
164 251 3
164 254 5
164 256 7
164 257 7
164 258 4
164 262 6
164 263 3
164 265 2
164 266 7
164 268 2
164 272 10
164 273 4
164 274 1
164 276 8
164 281 5
164 282 9
164 283 2
164 285 10
164 286 5
164 287 9
164 288 5
164 291 7
164 293 3
164 294 5
164 296 6
164 297 3
164 298 10
164 303 5
164 304 2
164 306 10
164 308 7
164 309 7
164 310 8
164 314 6
164 315 7
164 316 9
164 317 8
164 318 9
164 321 7
164 325 3
164 328 2
164 332 4
164 333 2
164 334 8
164 335 1
164 336 6
164 338 10
164 339 9
164 342 9
164 344 6
164 347 7
164 348 3
164 349 5
164 353 9
164 355 2
164 359 7
164 360 9
164 361 2
164 363 5
164 366 3
164 369 1
164 372 6
164 373 2
164 375 1
164 376 6
164 379 3
164 383 5
164 388 10
164 390 4
164 391 4
164 392 2
164 394 9
164 395 4
164 397 3
164 400 8
164 408 6
164 411 4
164 413 9
164 415 10
164 416 9
164 418 10
164 420 9
164 422 5
164 425 9
164 428 9
164 431 7
164 432 3
164 433 9
164 434 4
164 438 6
164 439 5
164 440 10
164 441 5
164 442 1
164 445 3
164 447 2
164 449 6
165 170 2
165 173 3
165 175 1
165 176 4
165 177 3
165 179 1
165 180 4
165 183 7
165 184 7
165 185 4
165 187 2
165 188 6
165 189 2
165 190 9
165 192 2
165 197 2
165 199 4
165 200 1
165 201 4
165 202 10
165 203 8
165 205 7
165 207 3
165 208 3
165 209 4
165 212 4
165 214 5
165 216 3
165 222 9
165 224 9
165 228 2
165 229 6
165 230 8
165 237 4
165 238 2
165 240 7
165 241 9
165 242 8
165 244 8
165 245 2
165 247 5
165 248 4
165 250 4
165 251 6
165 253 2
165 254 9
165 257 6
165 258 4
165 259 4
165 260 5
165 264 7
165 265 9
165 266 9
165 267 3
165 270 6
165 272 5
165 273 8
165 274 9
165 278 9
165 282 3
165 284 1
165 286 3
165 287 4
165 288 4
165 293 10
165 294 6
165 299 2
165 304 6
165 306 4
165 307 10
165 311 10
165 313 5
165 315 10
165 319 8
165 320 3
165 323 9
165 324 5
165 326 2
165 328 9
165 331 3
165 333 8
165 334 2
165 335 10
165 339 1
165 340 3
165 347 10
165 348 3
165 350 9
165 352 5
165 353 7
165 355 8
165 357 5
165 359 4
165 360 10
165 362 10
165 367 7
165 369 9
165 370 5
165 372 8
165 375 3
165 376 5
165 377 6
165 378 6
165 379 3
165 381 5
165 383 4
165 385 8
165 386 5
165 387 6
165 388 5
165 389 3
165 390 6
165 391 4
165 393 10
165 395 10
165 396 3
165 397 2
165 398 9
165 399 1
165 403 9
165 404 4
165 406 7
165 407 10
165 408 1
165 414 4
165 416 3
165 422 1
165 423 9
165 424 5
165 425 9
165 426 6
165 428 6
165 434 2
165 435 10
165 436 1
165 441 5
165 442 5
165 445 8
165 447 6
165 449 4
166 167 2
166 168 4
166 170 2
166 172 5
166 173 8
166 174 6
166 179 1
166 180 10
166 181 8
166 184 8
166 186 4
166 187 4
166 188 4
166 189 4
166 190 8
166 193 1
166 194 5
166 195 1
166 197 10
166 199 4
166 201 8
166 202 9
166 203 6
166 204 5
166 207 4
166 208 5
166 210 5
166 212 8
166 214 2
166 216 3
166 217 7
166 218 3
166 219 10
166 227 9
166 228 6
166 229 5
166 230 10
166 231 4
166 234 9
166 235 10
166 236 10
166 239 4
166 240 10
166 245 9
166 247 10
166 251 8
166 253 2
166 254 8
166 257 7
166 260 6
166 264 10
166 265 4
166 267 5
166 271 7
166 272 6
166 273 6
166 274 3
166 275 3
166 278 10
166 279 8
166 281 5
166 282 7
166 285 1
166 286 6
166 287 7
166 289 5
166 292 2
166 293 6
166 294 2
166 297 7
166 299 5
166 300 9
166 302 1
166 306 5
166 307 2
166 310 1
166 313 9
166 318 10
166 322 1
166 323 1
166 324 4
166 325 9
166 326 1
166 327 3
166 328 8
166 329 4
166 330 3
166 333 2
166 334 1
166 335 10
166 336 9
166 339 3
166 341 5
166 344 4
166 347 6
166 348 5
166 350 2
166 351 6
166 352 5
166 353 9
166 355 1
166 358 1
166 363 8
166 366 6
166 369 2
166 370 7
166 372 1
166 376 5
166 379 10
166 380 10
166 381 6
166 382 10
166 386 8
166 388 2
166 393 4
166 396 6
166 397 9
166 400 6
166 401 6
166 403 1
166 405 1
166 408 4
166 410 1
166 413 1
166 414 8
166 417 6
166 418 4
166 420 10
166 422 6
166 425 4
166 427 4
166 428 6
166 431 1
166 433 6
166 435 10
166 436 2
166 440 9
166 442 9
166 444 10
166 445 6
166 447 9
166 448 6
167 170 4
167 174 8
167 175 7
167 183 1
167 184 5
167 186 2
167 187 9
167 190 2
167 191 10
167 193 9
167 196 4
167 198 3
167 199 4
167 200 5
167 201 10
167 202 7
167 203 1
167 204 4
167 205 6
167 207 8
167 210 6
167 211 7
167 213 1
167 218 10
167 221 7
167 222 8
167 225 5
167 228 4
167 229 5
167 231 10
167 233 7
167 235 7
167 237 6
167 240 3
167 241 2
167 242 8
167 243 4
167 244 9
167 245 3
167 246 3
167 247 8
167 248 5
167 250 4
167 251 8
167 252 2
167 253 7
167 257 3
167 258 8
167 259 10
167 263 9
167 266 4
167 267 4
167 272 7
167 275 1
167 276 2
167 277 3
167 279 7
167 281 8
167 282 6
167 283 8
167 286 4
167 288 6
167 289 4
167 290 2
167 293 8
167 298 3
167 300 4
167 303 10
167 305 3
167 306 5
167 310 4
167 312 4
167 314 10
167 315 3
167 316 10
167 318 5
167 320 10
167 322 1
167 324 4
167 325 5
167 326 6
167 327 8
167 328 8
167 329 3
167 332 6
167 333 1
167 335 3
167 339 5
167 341 8
167 344 2
167 348 2
167 352 7
167 353 7
167 354 4
167 355 10
167 358 10
167 359 8
167 365 8
167 366 9
167 368 7
167 375 4
167 377 8
167 378 5
167 379 5
167 380 6
167 382 8
167 383 7
167 384 5
167 386 4
167 387 7
167 389 9
167 392 4
167 393 6
167 394 10
167 396 6
167 397 6
167 400 3
167 401 5
167 402 6
167 404 8
167 406 2
167 407 9
167 414 3
167 415 6
167 417 10
167 418 5
167 419 4
167 420 10
167 422 3
167 424 3
167 426 5
167 428 5
167 430 10
167 431 7
167 432 7
167 433 3
167 435 7
167 439 6
167 441 5
167 442 10
167 445 7
167 446 1
168 171 10
168 172 7
168 174 10
168 175 9
168 179 6
168 181 10
168 182 3
168 183 4
168 184 1
168 188 8
168 189 1
168 197 5
168 199 1
168 200 3
168 203 4
168 204 5
168 205 8
168 207 3
168 212 3
168 214 7
168 217 10
168 220 9
168 230 10
168 231 1
168 233 1
168 235 7
168 236 1
168 237 8
168 240 1
168 243 6
168 245 8
168 246 10
168 249 1
168 251 3
168 252 9
168 255 6
168 257 5
168 260 10
168 261 3
168 262 9
168 263 10
168 265 6
168 266 8
168 267 1
168 268 8
168 271 1
168 272 5
168 273 5
168 276 8
168 277 6
168 278 8
168 279 4
168 282 1
168 283 8
168 286 7
168 289 5
168 290 8
168 293 2
168 294 4
168 295 9
168 297 8
168 298 8
168 304 3
168 306 8
168 308 3
168 311 4
168 312 4
168 313 10
168 315 2
168 316 8
168 323 8
168 325 4
168 327 2
168 328 5
168 331 8
168 332 6
168 333 1
168 335 2
168 336 2
168 338 10
168 341 4
168 343 6
168 344 2
168 350 2
168 351 5
168 352 7
168 353 2
168 354 7
168 356 9
168 358 6
168 359 4
168 360 2
168 365 10
168 369 3
168 370 2
168 372 1
168 374 2
168 375 5
168 376 7
168 383 1
168 384 10
168 385 2
168 386 4
168 387 8
168 389 8
168 390 3
168 391 4
168 392 4
168 394 9
168 395 8
168 397 10
168 398 2
168 400 2
168 402 1
168 404 4
168 405 2
168 406 6
168 411 8
168 412 7
168 413 6
168 415 6
168 418 5
168 420 4
168 422 8
168 423 2
168 424 5
168 427 7
168 428 5
168 429 8
168 433 1
168 436 9
168 437 6
168 438 6
168 440 1
168 441 5
168 442 5
168 444 4
168 446 8
168 447 1
168 448 6
169 173 5
169 174 1
169 176 5
169 177 3
169 178 1
169 179 2
169 180 9
169 183 10
169 186 5
169 188 8
169 189 1
169 193 6
169 199 3
169 202 4
169 205 8
169 209 2
169 211 2
169 212 10
169 214 1
169 216 4
169 218 2
169 220 5
169 221 10
169 224 2
169 227 1
169 228 10
169 229 5
169 230 9
169 231 2
169 232 8
169 233 1
169 234 2
169 237 9
169 239 1
169 241 5
169 242 10
169 243 4
169 244 5
169 245 5
169 246 5
169 248 9
169 250 2
169 251 9
169 252 10
169 256 4
169 257 8
169 261 3
169 263 6
169 264 8
169 265 2
169 266 4
169 272 3
169 275 2
169 276 4
169 277 5
169 279 6
169 280 3
169 281 2
169 283 4
169 284 2
169 288 10
169 289 5
169 290 5
169 291 10
169 294 1
169 295 2
169 296 4
169 299 7
169 301 9
169 302 6
169 305 1
169 306 6
169 307 9
169 308 7
169 311 1
169 313 8
169 314 10
169 315 4
169 316 1
169 318 7
169 322 1
169 323 1
169 324 9
169 326 7
169 327 4
169 328 7
169 330 9
169 332 6
169 333 6
169 334 8
169 335 8
169 336 7
169 337 7
169 338 9
169 344 4
169 347 2
169 349 6
169 350 6
169 351 2
169 353 5
169 354 5
169 355 9
169 356 8
169 359 8
169 362 1
169 366 5
169 369 7
169 370 8
169 371 3
169 372 1
169 375 5
169 377 10
169 380 5
169 381 4
169 382 5
169 383 1
169 384 10
169 387 6
169 390 1
169 393 8
169 394 7
169 397 6
169 398 2
169 400 6
169 401 2
169 403 5
169 404 4
169 406 5
169 407 8
169 408 4
169 409 10
169 411 10
169 414 5
169 415 2
169 417 8
169 418 8
169 423 9
169 424 5
169 427 4
169 434 2
169 438 3
169 441 10
169 443 10
169 444 2
169 445 5
169 447 4
169 448 9
170 172 1
170 174 1
170 175 1
170 176 2
170 182 5
170 183 8
170 184 6
170 185 9
170 187 1
170 190 2
170 192 7
170 195 7
170 196 9
170 197 5
170 199 10
170 200 10
170 202 1
170 203 4
170 204 7
170 205 6
170 207 7
170 210 6
170 212 3
170 214 9
170 216 5
170 218 9
170 219 3
170 220 10
170 222 3
170 226 10
170 227 3
170 228 9
170 229 7
170 230 4
170 232 3
170 234 7
170 238 7
170 239 1
170 240 3
170 243 7
170 244 8
170 245 10
170 247 10
170 250 2
170 251 4
170 252 7
170 253 9
170 254 8
170 256 8
170 259 5
170 260 7
170 262 5
170 268 2
170 275 8
170 276 1
170 278 2
170 280 1
170 281 3
170 283 3
170 284 5
170 288 2
170 289 2
170 296 6
170 297 9
170 301 1
170 303 7
170 305 10
170 307 8
170 308 10
170 313 9
170 315 10
170 317 8
170 318 3
170 320 9
170 321 2
170 322 2
170 323 2
170 324 3
170 329 1
170 330 6
170 332 10
170 336 3
170 338 8
170 345 4
170 351 3
170 352 6
170 354 6
170 355 9
170 356 4
170 357 8
170 358 4
170 359 3
170 366 9
170 368 10
170 369 4
170 370 1
170 372 9
170 373 3
170 377 9
170 380 2
170 383 2
170 386 2
170 387 3
170 388 10
170 390 7
170 393 9
170 397 6
170 399 1
170 402 6
170 403 4
170 404 3
170 405 2
170 411 6
170 412 8
170 413 9
170 421 3
170 424 3
170 426 10
170 428 1
170 429 2
170 433 8
170 434 10
170 435 10
170 436 4
170 438 4
170 439 10
170 441 1
170 444 4
170 445 1
170 446 10
170 447 2
170 448 1
170 449 9
171 174 9
171 176 8
171 177 2
171 179 4
171 180 10
171 181 5
171 185 9
171 189 6
171 191 4
171 192 8
171 197 2
171 198 2
171 199 10
171 200 1
171 201 10
171 203 5
171 204 10
171 205 8
171 206 4
171 207 2
171 208 1
171 210 9
171 211 9
171 214 9
171 215 10
171 216 9
171 217 9
171 219 5
171 222 4
171 226 7
171 227 10
171 228 9
171 230 6
171 231 2
171 234 9
171 235 2
171 236 6
171 237 3
171 240 3
171 242 7
171 246 10
171 247 8
171 249 8
171 251 1
171 252 4
171 253 10
171 254 3
171 255 5
171 257 6
171 264 4
171 265 3
171 267 3
171 268 1
171 271 2
171 275 6
171 277 3
171 279 6
171 281 7
171 284 1
171 285 5
171 286 3
171 291 1
171 293 7
171 294 3
171 298 2
171 301 5
171 303 4
171 305 8
171 306 1
171 311 2
171 312 3
171 313 6
171 314 4
171 315 7
171 319 7
171 320 5
171 321 9
171 322 5
171 323 5
171 329 9
171 330 1
171 331 5
171 333 6
171 334 9
171 336 2
171 338 10
171 344 7
171 346 6
171 350 8
171 352 5
171 353 10
171 354 10
171 355 1
171 357 1
171 361 6
171 362 3
171 363 5
171 364 3
171 365 6
171 367 8
171 369 3
171 370 4
171 372 5
171 373 7
171 374 9
171 375 3
171 376 9
171 377 9
171 379 10
171 381 10
171 382 6
171 384 8
171 386 5
171 393 8
171 394 1
171 395 10
171 397 9
171 401 4
171 402 1
171 404 3
171 405 2
171 406 8
171 407 9
171 408 4
171 411 2
171 412 9
171 413 6
171 415 10
171 417 10
171 419 8
171 420 9
171 421 5
171 422 7
171 423 2
171 425 1
171 426 8
171 427 10
171 428 6
171 430 1
171 432 9
171 433 8
171 434 10
171 435 1
171 436 4
171 437 2
171 438 7
171 441 5
171 442 10
171 443 7
171 444 4
171 446 5
171 447 10
172 173 1
172 174 3
172 176 3
172 177 7
172 178 9
172 179 6
172 180 8
172 184 8
172 187 3
172 189 8
172 191 9
172 193 6
172 197 5
172 199 9
172 200 6
172 202 1
172 203 5
172 206 10
172 207 8
172 212 1
172 213 10
172 214 7
172 215 9
172 216 10
172 219 2
172 223 2
172 226 7
172 227 7
172 228 4
172 231 6
172 232 5
172 233 3
172 235 6
172 236 5
172 237 1
172 239 10
172 241 2
172 246 9
172 247 2
172 250 1
172 251 2
172 253 5
172 254 4
172 256 5
172 257 4
172 261 6
172 262 10
172 266 3
172 267 5
172 268 1
172 269 9
172 272 9
172 273 2
172 277 3
172 278 10
172 280 1
172 283 4
172 285 9
172 287 6
172 294 6
172 296 2
172 299 10
172 300 1
172 301 3
172 302 6
172 303 7
172 304 2
172 305 3
172 306 8
172 308 3
172 310 1
172 315 1
172 319 10
172 324 5
172 325 1
172 326 3
172 327 10
172 328 8
172 329 8
172 335 7
172 336 6
172 344 9
172 347 3
172 348 6
172 349 10
172 350 6
172 351 2
172 352 8
172 357 6
172 362 9
172 365 1
172 368 1
172 369 3
172 370 10
172 373 7
172 374 5
172 376 8
172 380 7
172 381 5
172 383 10
172 385 9
172 386 1
172 387 4
172 388 3
172 390 6
172 393 10
172 396 5
172 403 9
172 406 7
172 407 8
172 408 5
172 412 9
172 414 6
172 416 3
172 425 8
172 426 2
172 427 6
172 429 9
172 432 5
172 433 9
172 434 3
172 435 5
172 436 7
172 437 8
172 439 4
172 441 2
172 443 1
172 447 7
173 174 2
173 175 6
173 176 3
173 178 2
173 181 8
173 183 4
173 184 3
173 187 6
173 188 3
173 191 9
173 192 5
173 196 1
173 197 1
173 201 9
173 203 3
173 206 5
173 207 10
173 209 5
173 210 10
173 211 4
173 213 10
173 214 3
173 217 5
173 222 1
173 226 6
173 227 6
173 229 3
173 234 6
173 238 10
173 239 8
173 241 7
173 244 7
173 246 1
173 247 8
173 248 10
173 250 8
173 252 2
173 253 6
173 255 5
173 257 5
173 258 5
173 260 7
173 261 8
173 267 3
173 268 7
173 269 5
173 270 4
173 274 7
173 275 4
173 276 3
173 282 2
173 283 9
173 285 5
173 288 7
173 290 6
173 292 10
173 295 2
173 297 5
173 300 9
173 307 5
173 309 5
173 310 9
173 311 2
173 313 1
173 315 9
173 317 8
173 318 9
173 327 9
173 329 6
173 330 6
173 331 7
173 332 1
173 335 8
173 339 9
173 340 1
173 341 10
173 342 2
173 343 3
173 346 4
173 350 8
173 356 3
173 358 4
173 361 1
173 362 4
173 364 4
173 365 10
173 367 8
173 368 10
173 369 7
173 370 1
173 371 10
173 372 7
173 373 2
173 374 2
173 375 5
173 378 9
173 380 1
173 381 6
173 382 7
173 385 8
173 386 7
173 387 3
173 388 3
173 389 10
173 390 8
173 392 4
173 393 6
173 394 5
173 395 4
173 398 8
173 401 8
173 403 4
173 405 10
173 407 4
173 408 4
173 411 1
173 414 5
173 415 2
173 417 10
173 422 10
173 425 8
173 427 9
173 429 9
173 430 6
173 431 6
173 435 5
173 439 7
173 441 10
173 442 7
173 443 10
173 449 9
174 175 9
174 176 10
174 177 1
174 178 5
174 182 2
174 184 3
174 185 10
174 186 4
174 194 4
174 195 7
174 197 1
174 199 10
174 200 9
174 201 10
174 203 8
174 206 3
174 208 5
174 211 1
174 213 7
174 215 2
174 217 8
174 219 8
174 222 4
174 225 7
174 229 9
174 230 5
174 232 1
174 234 3
174 236 5
174 237 1
174 240 8
174 241 10
174 242 9
174 244 6
174 247 9
174 248 9
174 249 8
174 254 7
174 255 7
174 256 4
174 259 9
174 261 9
174 262 8
174 263 7
174 264 10
174 269 10
174 270 7
174 272 4
174 274 5
174 276 2
174 279 4
174 281 4
174 282 6
174 283 5
174 284 2
174 286 2
174 288 7
174 290 8
174 292 5
174 294 4
174 295 7
174 296 3
174 298 5
174 299 9
174 300 8
174 301 1
174 302 4
174 309 7
174 314 7
174 315 2
174 317 5
174 321 8
174 322 6
174 323 2
174 325 9
174 327 10
174 328 2
174 329 3
174 330 10
174 331 10
174 332 8
174 333 1
174 335 3
174 338 1
174 339 2
174 344 4
174 345 7
174 347 1
174 349 10
174 351 9
174 353 10
174 356 9
174 357 9
174 358 7
174 359 7
174 360 6
174 362 3
174 364 3
174 365 1
174 366 7
174 367 9
174 368 8
174 370 5
174 371 10
174 372 9
174 374 6
174 375 6
174 376 7
174 379 1
174 380 7
174 381 5
174 382 4
174 386 10
174 387 4
174 389 2
174 393 10
174 396 7
174 399 4
174 400 3
174 402 9
174 405 9
174 406 3
174 409 2
174 410 10
174 412 10
174 413 2
174 414 10
174 417 4
174 420 3
174 421 6
174 423 9
174 424 10
174 426 1
174 431 1
174 433 4
174 435 6
174 439 3
174 442 7
174 443 4
174 444 10
174 445 5
174 446 1
174 448 7
175 176 9
175 177 4
175 179 8
175 182 4
175 184 5
175 185 2
175 186 2
175 190 10
175 191 3
175 192 5
175 194 4
175 196 8
175 197 6
175 202 4
175 203 1
175 204 4
175 206 4
175 207 5
175 209 2
175 212 7
175 214 6
175 215 9
175 216 8
175 224 9
175 225 5
175 226 8
175 227 6
175 228 5
175 231 2
175 234 7
175 235 6
175 240 6
175 241 1
175 251 5
175 252 7
175 254 6
175 256 7
175 257 5
175 258 8
175 260 8
175 262 1
175 264 3
175 265 9
175 266 9
175 269 3
175 270 3
175 271 6
175 275 2
175 277 8
175 278 8
175 279 10
175 280 5
175 281 10
175 282 9
175 284 2
175 285 6
175 288 7
175 291 5
175 292 4
175 293 10
175 294 1
175 296 3
175 300 10
175 303 6
175 307 3
175 310 6
175 311 10
175 312 3
175 313 10
175 319 7
175 320 4
175 322 9
175 325 1
175 328 4
175 329 3
175 336 5
175 340 5
175 342 4
175 343 10
175 345 3
175 346 5
175 347 10
175 348 3
175 349 2
175 350 4
175 351 8
175 352 5
175 353 7
175 355 8
175 356 3
175 357 8
175 359 4
175 363 8
175 366 8
175 367 9
175 368 9
175 369 4
175 370 6
175 371 9
175 372 3
175 374 9
175 377 6
175 379 9
175 380 5
175 382 1
175 384 8
175 387 10
175 389 3
175 390 7
175 395 7
175 396 4
175 399 5
175 403 5
175 404 8
175 405 1
175 406 10
175 407 1
175 409 2
175 412 8
175 414 7
175 417 9
175 418 7
175 420 6
175 422 9
175 423 2
175 424 8
175 426 1
175 430 8
175 432 7
175 433 5
175 434 8
175 441 1
175 444 6
175 447 4
175 448 10
175 449 6
176 177 8
176 180 1
176 182 9
176 183 2
176 184 6
176 192 3
176 196 8
176 198 5
176 200 4
176 201 2
176 203 5
176 208 4
176 212 7
176 215 8
176 217 5
176 222 5
176 223 10
176 224 10
176 225 5
176 227 6
176 228 5
176 232 6
176 233 4
176 234 10
176 235 2
176 238 2
176 239 9
176 241 10
176 243 8
176 244 1
176 245 1
176 247 9
176 249 9
176 251 1
176 252 6
176 253 3
176 258 10
176 265 6
176 268 3
176 269 5
176 272 7
176 273 6
176 274 2
176 275 4
176 279 9
176 282 1
176 283 9
176 285 6
176 286 9
176 287 4
176 288 1
176 290 3
176 291 8
176 293 6
176 295 9
176 298 2
176 299 4
176 301 7
176 306 3
176 310 8
176 311 2
176 312 3
176 314 2
176 315 5
176 317 3
176 319 3
176 322 5
176 324 9
176 325 2
176 326 3
176 328 7
176 329 2
176 331 4
176 336 5
176 338 5
176 340 7
176 341 10
176 342 3
176 343 9
176 345 5
176 349 8
176 350 2
176 351 1
176 355 9
176 357 3
176 358 8
176 359 8
176 360 4
176 361 5
176 362 3
176 363 6
176 365 2
176 367 6
176 368 9
176 370 5
176 371 10
176 374 1
176 375 8
176 376 10
176 379 2
176 380 2
176 383 10
176 385 4
176 389 7
176 391 5
176 392 8
176 393 10
176 394 8
176 395 8
176 397 3
176 402 9
176 403 6
176 411 7
176 413 7
176 414 6
176 417 3
176 418 10
176 419 5
176 420 2
176 426 1
176 428 6
176 429 6
176 431 10
176 432 4
176 434 10
176 435 9
176 437 7
176 439 4
176 440 4
176 441 1
176 442 4
176 444 9
176 445 5
176 446 6
176 447 5
177 178 2
177 179 7
177 180 10
177 182 1
177 184 7
177 185 10
177 187 5
177 188 4
177 189 8
177 190 9
177 191 3
177 192 8
177 193 9
177 194 3
177 197 2
177 198 9
177 199 8
177 200 10
177 202 7
177 205 10
177 210 8
177 216 1
177 223 9
177 226 10
177 227 6
177 229 9
177 230 6
177 231 7
177 232 4
177 233 7
177 239 3
177 241 4
177 242 2
177 244 5
177 245 4
177 247 1
177 248 9
177 250 8
177 252 6
177 253 1
177 254 1
177 255 5
177 260 9
177 262 3
177 263 6
177 267 8
177 269 9
177 270 2
177 272 9
177 273 3
177 274 4
177 277 5
177 278 7
177 279 6
177 281 8
177 282 1
177 283 8
177 285 8
177 286 4
177 287 8
177 289 8
177 290 10
177 292 9
177 294 4
177 299 6
177 300 4
177 301 3
177 303 7
177 305 1
177 308 7
177 311 7
177 314 9
177 318 4
177 320 1
177 321 6
177 324 10
177 329 9
177 330 6
177 331 9
177 333 5
177 335 4
177 336 7
177 341 1
177 342 7
177 343 6
177 345 10
177 347 1
177 348 7
177 349 9
177 355 6
177 357 8
177 359 1
177 364 9
177 366 1
177 367 6
177 369 9
177 373 7
177 374 6
177 379 3
177 382 1
177 384 9
177 385 4
177 389 6
177 390 5
177 392 1
177 393 6
177 394 7
177 395 1
177 397 10
177 400 9
177 401 9
177 402 5
177 403 4
177 404 5
177 405 9
177 407 7
177 409 5
177 410 6
177 413 9
177 414 3
177 415 4
177 416 5
177 417 5
177 419 6
177 420 8
177 423 8
177 424 9
177 425 2
177 426 10
177 427 4
177 430 7
177 435 5
177 436 3
177 438 2
177 439 5
177 440 7
177 442 8
177 448 9
178 182 8
178 183 5
178 188 8
178 189 7
178 190 3
178 191 10
178 192 9
178 194 10
178 195 7
178 196 8
178 198 2
178 203 8
178 204 7
178 205 6
178 206 1
178 207 4
178 208 5
178 209 9
178 210 2
178 212 1
178 213 10
178 215 9
178 218 10
178 220 4
178 222 3
178 229 6
178 230 10
178 232 3
178 235 4
178 238 2
178 239 1
178 240 9
178 243 3
178 244 8
178 246 2
178 247 4
178 248 7
178 251 4
178 254 10
178 255 5
178 258 10
178 259 9
178 261 1
178 264 10
178 266 7
178 270 4
178 271 4
178 272 3
178 276 9
178 278 10
178 280 9
178 282 7
178 286 10
178 287 10
178 291 4
178 293 8
178 295 8
178 298 9
178 302 6
178 306 7
178 308 5
178 311 7
178 313 1
178 314 10
178 315 9
178 316 4
178 319 6
178 320 5
178 322 9
178 324 6
178 326 4
178 328 2
178 329 10
178 331 1
178 332 4
178 333 8
178 335 2
178 339 6
178 341 8
178 342 9
178 343 9
178 345 8
178 349 4
178 351 9
178 355 8
178 356 9
178 357 4
178 358 10
178 359 4
178 360 6
178 362 7
178 363 2
178 364 3
178 367 3
178 369 3
178 370 2
178 371 2
178 372 5
178 373 9
178 375 1
178 376 9
178 377 7
178 385 7
178 388 6
178 389 3
178 392 6
178 393 5
178 395 10
178 396 5
178 398 7
178 399 7
178 401 10
178 403 7
178 405 10
178 411 5
178 412 4
178 417 4
178 422 4
178 424 5
178 425 9
178 429 1
178 434 6
178 435 4
178 436 4
178 437 5
178 438 6
178 440 2
178 443 6
178 444 4
178 445 6
178 446 1
178 447 6
178 448 10
179 181 10
179 182 1
179 183 1
179 184 8
179 185 4
179 189 2
179 190 6
179 191 4
179 192 7
179 193 8
179 194 10
179 195 2
179 196 10
179 197 7
179 198 9
179 199 7
179 201 8
179 202 10
179 204 8
179 205 5
179 210 4
179 211 7
179 212 6
179 214 8
179 216 10
179 217 9
179 218 1
179 219 3
179 220 8
179 221 5
179 223 3
179 224 7
179 225 9
179 226 2
179 228 5
179 230 2
179 234 9
179 235 4
179 240 9
179 241 10
179 244 7
179 245 1
179 246 2
179 248 2
179 249 1
179 250 3
179 255 2
179 256 9
179 258 1
179 259 10
179 265 1
179 266 4
179 267 1
179 268 7
179 271 10
179 274 5
179 277 10
179 278 2
179 279 4
179 282 7
179 284 6
179 288 1
179 289 7
179 290 2
179 292 5
179 294 1
179 296 7
179 297 6
179 298 1
179 300 6
179 303 1
179 304 7
179 307 3
179 309 8
179 310 8
179 311 9
179 312 6
179 313 10
179 315 7
179 316 9
179 317 2
179 318 7
179 319 2
179 320 4
179 321 4
179 324 10
179 327 6
179 331 4
179 332 3
179 333 2
179 335 7
179 336 1
179 337 9
179 338 2
179 339 6
179 341 1
179 342 6
179 345 5
179 349 10
179 350 8
179 352 2
179 353 2
179 354 6
179 355 3
179 362 6
179 363 8
179 366 5
179 371 6
179 374 2
179 376 2
179 377 4
179 379 7
179 380 10
179 381 6
179 384 2
179 385 5
179 386 4
179 387 8
179 392 10
179 393 8
179 396 5
179 397 1
179 398 3
179 400 1
179 401 8
179 405 2
179 408 10
179 409 2
179 412 2
179 417 5
179 421 4
179 423 3
179 424 4
179 428 9
179 429 1
179 430 10
179 431 3
179 433 3
179 435 1
179 437 6
179 438 9
179 439 5
179 440 8
179 441 6
179 443 6
179 444 2
179 445 5
179 446 4
179 448 2
179 449 1
180 184 6
180 185 9
180 187 3
180 192 3
180 193 6
180 194 6
180 195 3
180 196 7
180 199 3
180 200 2
180 201 2
180 203 2
180 207 4
180 209 6
180 210 9
180 212 3
180 214 1
180 215 3
180 216 10
180 218 8
180 220 3
180 222 7
180 226 4
180 229 8
180 232 9
180 233 2
180 235 6
180 236 7
180 238 5
180 240 3
180 243 8
180 245 10
180 246 2
180 247 6
180 254 2
180 255 5
180 260 10
180 263 7
180 265 1
180 267 9
180 268 7
180 275 6
180 278 7
180 279 1
180 280 4
180 282 9
180 283 8
180 284 7
180 285 6
180 287 9
180 288 9
180 289 1
180 291 7
180 292 9
180 293 2
180 302 9
180 304 8
180 306 4
180 308 3
180 310 2
180 320 5
180 322 7
180 324 5
180 325 5
180 326 2
180 327 5
180 328 5
180 331 8
180 332 9
180 333 2
180 334 5
180 335 2
180 336 6
180 338 8
180 346 7
180 347 9
180 348 5
180 350 2
180 351 5
180 353 2
180 356 8
180 357 2
180 358 8
180 359 4
180 360 1
180 361 3
180 362 6
180 364 10
180 365 2
180 366 10
180 367 7
180 371 2
180 373 2
180 376 5
180 377 7
180 378 6
180 379 6
180 383 1
180 386 1
180 388 6
180 390 1
180 391 3
180 392 7
180 393 6
180 398 9
180 399 4
180 402 9
180 404 7
180 406 8
180 408 5
180 409 1
180 415 1
180 423 2
180 425 9
180 426 8
180 427 2
180 433 6
180 435 2
180 436 7
180 440 2
180 441 10
180 442 6
180 445 3
180 446 9
180 448 5
181 187 7
181 190 7
181 195 4
181 196 5
181 198 5
181 199 1
181 201 10
181 202 8
181 203 1
181 207 7
181 209 10
181 211 1
181 214 6
181 215 10
181 216 4
181 217 1
181 219 8
181 221 7
181 222 10
181 223 4
181 225 2
181 226 2
181 227 9
181 228 5
181 230 3
181 233 7
181 235 2
181 236 4
181 237 6
181 238 6
181 239 7
181 241 3
181 243 2
181 245 8
181 246 9
181 248 5
181 249 7
181 250 4
181 251 5
181 252 6
181 253 5
181 254 6
181 256 10
181 259 3
181 261 5
181 262 8
181 263 4
181 264 4
181 265 1
181 268 9
181 270 2
181 272 7
181 275 5
181 277 4
181 278 4
181 279 4
181 280 4
181 281 6
181 283 7
181 291 6
181 292 3
181 294 3
181 296 1
181 297 5
181 298 9
181 299 7
181 303 2
181 304 3
181 307 7
181 308 1
181 309 5
181 312 6
181 314 9
181 315 3
181 317 2
181 319 9
181 320 3
181 322 9
181 323 1
181 324 10
181 325 5
181 326 10
181 328 9
181 329 4
181 330 10
181 331 9
181 332 5
181 334 10
181 341 9
181 342 4
181 343 10
181 347 9
181 348 10
181 349 9
181 350 3
181 356 1
181 357 5
181 358 3
181 359 4
181 361 7
181 363 3
181 364 2
181 368 3
181 369 9
181 370 4
181 372 3
181 373 3
181 374 6
181 377 7
181 378 8
181 380 5
181 382 9
181 383 6
181 385 5
181 387 10
181 388 7
181 389 4
181 391 2
181 396 10
181 398 5
181 399 3
181 402 6
181 403 5
181 404 10
181 405 10
181 406 4
181 411 8
181 412 1
181 414 3
181 415 2
181 418 4
181 419 2
181 421 2
181 424 4
181 425 3
181 426 3
181 427 10
181 428 7
181 430 7
181 432 9
181 433 2
181 435 10
181 438 1
181 439 6
181 442 1
182 183 8
182 185 6
182 186 9
182 188 8
182 190 10
182 193 4
182 196 6
182 198 7
182 199 1
182 200 1
182 202 3
182 204 1
182 207 1
182 208 6
182 209 5
182 212 5
182 216 5
182 219 3
182 221 3
182 224 9
182 225 7
182 229 8
182 232 6
182 233 7
182 235 2
182 236 8
182 237 1
182 242 1
182 243 5
182 244 10
182 247 4
182 248 2
182 252 10
182 253 6
182 254 1
182 256 10
182 258 6
182 260 5
182 269 7
182 270 4
182 271 8
182 274 6
182 276 10
182 277 6
182 278 3
182 279 1
182 280 5
182 281 1
182 282 10
182 285 5
182 286 6
182 287 5
182 288 5
182 291 6
182 292 4
182 293 7
182 294 3
182 296 5
182 298 1
182 299 2
182 300 10
182 301 1
182 302 8
182 303 2
182 304 5
182 305 5
182 308 10
182 311 10
182 313 3
182 317 4
182 319 8
182 321 3
182 325 8
182 326 10
182 329 9
182 330 10
182 332 6
182 333 2
182 334 6
182 339 5
182 340 3
182 341 9
182 344 4
182 346 3
182 347 5
182 348 10
182 349 10
182 353 7
182 357 9
182 360 4
182 364 4
182 366 5
182 368 4
182 369 9
182 370 9
182 373 10
182 374 8
182 375 5
182 376 1
182 377 1
182 379 10
182 380 10
182 381 4
182 382 6
182 383 3
182 384 6
182 388 4
182 389 4
182 390 5
182 391 8
182 392 10
182 393 7
182 394 6
182 395 7
182 398 6
182 401 1
182 404 2
182 405 6
182 406 8
182 408 8
182 410 8
182 412 8
182 413 10
182 418 1
182 420 8
182 423 3
182 424 1
182 425 8
182 427 9
182 430 2
182 435 8
182 436 2
182 437 2
182 438 1
182 442 7
182 444 8
182 445 4
182 446 5
182 448 6
183 184 4
183 185 7
183 191 1
183 193 2
183 194 10
183 196 6
183 198 5
183 200 10
183 202 4
183 204 6
183 209 3
183 211 6
183 213 5
183 215 5
183 216 8
183 217 2
183 220 5
183 221 8
183 224 6
183 226 9
183 227 7
183 228 2
183 232 6
183 233 2
183 235 5
183 237 3
183 238 10
183 240 9
183 241 9
183 243 6
183 245 4
183 246 2
183 249 7
183 251 9
183 252 9
183 254 4
183 255 1
183 256 9
183 257 1
183 259 6
183 260 7
183 262 2
183 263 1
183 264 8
183 266 10
183 268 9
183 269 3
183 270 2
183 271 8
183 273 8
183 277 7
183 279 6
183 282 9
183 284 8
183 285 10
183 287 7
183 289 9
183 291 9
183 293 2
183 294 3
183 295 8
183 297 6
183 303 7
183 304 9
183 305 1
183 307 6
183 308 5
183 309 4
183 310 5
183 311 7
183 312 2
183 313 10
183 314 4
183 317 4
183 320 7
183 322 2
183 325 5
183 329 9
183 331 3
183 335 2
183 336 9
183 337 8
183 338 1
183 339 1
183 341 7
183 343 1
183 346 10
183 349 1
183 351 10
183 352 10
183 353 2
183 354 5
183 356 9
183 359 3
183 362 6
183 366 9
183 371 4
183 372 7
183 376 8
183 378 4
183 380 5
183 383 10
183 384 10
183 385 10
183 386 9
183 390 4
183 391 2
183 393 10
183 394 10
183 397 10
183 398 9
183 403 7
183 405 1
183 406 8
183 408 5
183 410 1
183 412 4
183 414 4
183 415 8
183 417 4
183 419 2
183 420 4
183 421 2
183 423 5
183 426 2
183 427 8
183 429 10
183 431 7
183 432 5
183 435 4
183 441 4
183 446 10
183 447 1
183 448 2
183 449 8
184 186 4
184 187 3
184 188 10
184 189 7
184 190 9
184 192 7
184 193 3
184 194 4
184 196 1
184 199 10
184 200 4
184 201 2
184 202 8
184 204 6
184 205 10
184 206 10
184 207 8
184 209 9
184 217 3
184 220 7
184 223 6
184 224 9
184 226 9
184 227 10
184 230 10
184 231 7
184 240 2
184 241 6
184 242 1
184 243 3
184 246 6
184 247 8
184 249 10
184 250 6
184 251 10
184 252 7
184 257 10
184 261 7
184 262 6
184 263 10
184 264 1
184 266 9
184 267 2
184 269 5
184 270 4
184 272 3
184 277 8
184 278 7
184 281 9
184 285 5
184 286 1
184 289 4
184 291 7
184 292 10
184 294 9
184 300 7
184 301 1
184 302 2
184 303 8
184 304 3
184 305 7
184 306 9
184 308 1
184 310 3
184 311 6
184 313 9
184 314 2
184 316 4
184 318 3
184 319 7
184 324 6
184 325 3
184 326 6
184 328 8
184 332 8
184 336 1
184 338 3
184 339 4
184 341 3
184 343 10
184 344 1
184 345 4
184 347 5
184 348 8
184 349 9
184 350 7
184 351 4
184 352 6
184 353 6
184 354 10
184 357 4
184 358 3
184 363 3
184 365 2
184 366 8
184 367 6
184 369 8
184 371 1
184 373 3
184 377 6
184 380 10
184 387 8
184 389 7
184 391 10
184 392 5
184 395 10
184 396 1
184 398 8
184 399 8
184 400 7
184 407 1
184 411 5
184 412 3
184 413 2
184 414 3
184 415 1
184 417 8
184 419 9
184 421 2
184 424 8
184 428 8
184 429 9
184 430 1
184 431 10
184 432 9
184 433 6
184 436 6
184 437 2
184 442 7
184 445 5
184 446 7
184 447 4
185 186 8
185 187 10
185 191 4
185 193 3
185 194 8
185 196 5
185 198 7
185 200 7
185 202 5
185 203 5
185 205 1
185 209 9
185 214 8
185 217 4
185 220 9
185 222 6
185 224 8
185 226 1
185 227 6
185 228 3
185 231 7
185 233 5
185 234 9
185 240 4
185 241 8
185 242 10
185 244 1
185 245 1
185 246 5
185 247 5
185 248 7
185 249 9
185 250 4
185 252 5
185 257 5
185 258 10
185 259 9
185 260 2
185 261 10
185 268 7
185 270 1
185 273 7
185 275 10
185 282 3
185 284 5
185 285 5
185 288 10
185 290 6
185 295 3
185 296 1
185 298 8
185 301 10
185 303 7
185 304 3
185 305 9
185 306 4
185 311 6
185 313 2
185 314 4
185 316 3
185 317 7
185 318 7
185 319 6
185 321 9
185 322 3
185 324 3
185 325 8
185 326 2
185 327 2
185 328 5
185 329 7
185 331 8
185 332 5
185 336 6
185 338 7
185 340 2
185 344 8
185 345 9
185 346 9
185 349 5
185 350 1
185 356 6
185 359 9
185 363 1
185 364 7
185 367 8
185 369 5
185 371 8
185 372 6
185 374 8
185 376 9
185 378 2
185 379 9
185 381 9
185 384 4
185 385 9
185 386 10
185 387 7
185 390 3
185 396 9
185 398 7
185 400 1
185 401 2
185 403 9
185 405 3
185 406 9
185 408 4
185 409 6
185 412 6
185 415 8
185 420 1
185 423 2
185 424 1
185 426 1
185 430 6
185 431 1
185 432 7
185 434 10
185 435 3
185 436 8
185 441 1
185 442 8
185 443 5
185 445 4
185 446 7
186 187 5
186 191 2
186 195 10
186 196 5
186 199 2
186 200 4
186 202 10
186 204 3
186 205 5
186 207 10
186 210 8
186 213 5
186 214 8
186 216 5
186 218 7
186 220 7
186 222 10
186 225 1
186 227 6
186 228 3
186 229 5
186 231 4
186 235 3
186 236 1
186 237 7
186 241 2
186 242 2
186 243 6
186 244 10
186 245 6
186 250 3
186 251 3
186 255 3
186 256 2
186 260 8
186 261 5
186 262 5
186 264 5
186 265 4
186 267 9
186 268 1
186 272 9
186 275 7
186 276 10
186 279 7
186 280 8
186 282 3
186 283 3
186 285 9
186 292 9
186 295 7
186 296 9
186 298 5
186 299 8
186 300 8
186 303 8
186 306 1
186 307 6
186 310 2
186 311 7
186 313 1
186 314 10
186 315 9
186 317 2
186 318 4
186 319 6
186 326 4
186 327 10
186 328 1
186 329 8
186 335 4
186 337 10
186 340 8
186 342 5
186 343 8
186 346 3
186 347 1
186 349 4
186 351 2
186 353 2
186 354 9
186 357 2
186 358 6
186 359 6
186 360 9
186 362 1
186 366 8
186 367 4
186 369 6
186 372 5
186 375 9
186 378 3
186 383 3
186 385 2
186 386 6
186 389 4
186 390 1
186 391 10
186 394 4
186 395 8
186 396 1
186 397 2
186 402 7
186 403 2
186 408 5
186 409 6
186 410 10
186 412 8
186 413 5
186 415 1
186 416 3
186 418 9
186 419 8
186 420 9
186 421 9
186 422 5
186 426 2
186 427 5
186 429 3
186 432 10
186 433 10
186 434 10
186 437 4
186 438 9
186 439 3
186 443 4
186 445 1
186 446 4
186 449 7
187 189 9
187 190 4
187 192 2
187 193 3
187 197 2
187 198 10
187 199 8
187 200 5
187 201 7
187 203 5
187 208 8
187 209 6
187 211 5
187 215 7
187 216 1
187 220 8
187 222 10
187 223 9
187 224 8
187 227 8
187 231 7
187 232 1
187 233 7
187 234 6
187 237 1
187 238 7
187 239 8
187 242 7
187 243 6
187 246 9
187 247 7
187 248 1
187 249 10
187 252 5
187 253 1
187 254 4
187 256 8
187 258 8
187 260 1
187 261 8
187 262 6
187 263 4
187 264 1
187 265 9
187 266 10
187 270 9
187 274 3
187 277 5
187 280 3
187 281 7
187 284 8
187 286 1
187 288 7
187 291 4
187 294 5
187 298 2
187 299 3
187 302 7
187 303 6
187 311 1
187 312 2
187 315 9
187 317 7
187 321 9
187 322 4
187 323 9
187 326 1
187 328 4
187 330 7
187 331 5
187 332 8
187 333 1
187 334 2
187 338 7
187 340 7
187 344 4
187 346 7
187 352 10
187 356 8
187 360 9
187 361 8
187 362 6
187 363 2
187 371 1
187 375 3
187 377 8
187 380 7
187 382 6
187 383 8
187 385 4
187 387 4
187 388 4
187 390 7
187 394 7
187 396 8
187 399 5
187 400 5
187 402 6
187 403 7
187 405 9
187 407 9
187 409 9
187 411 1
187 413 8
187 414 3
187 416 3
187 417 7
187 418 1
187 419 9
187 420 10
187 424 3
187 427 9
187 428 2
187 430 7
187 431 5
187 434 2
187 435 5
187 436 5
187 438 10
187 440 4
187 444 5
187 445 3
187 446 1
187 448 7
187 449 10
188 189 1
188 196 5
188 197 7
188 199 9
188 201 9
188 202 7
188 203 1
188 204 10
188 205 7
188 206 5
188 208 6
188 212 4
188 215 6
188 216 8
188 221 2
188 222 4
188 223 1
188 227 10
188 229 5
188 231 8
188 233 3
188 235 9
188 237 6
188 238 7
188 239 7
188 243 3
188 245 4
188 248 9
188 249 7
188 251 8
188 252 4
188 255 5
188 256 5
188 257 4
188 258 4
188 260 4
188 262 9
188 265 3
188 266 2
188 267 9
188 270 7
188 271 5
188 273 4
188 274 10
188 277 9
188 280 7
188 281 1
188 282 5
188 284 7
188 286 9
188 290 1
188 294 6
188 295 6
188 297 3
188 298 3
188 299 8
188 301 2
188 302 5
188 304 8
188 305 8
188 306 9
188 308 2
188 309 10
188 313 8
188 316 8
188 317 3
188 318 6
188 319 8
188 322 7
188 325 4
188 326 10
188 327 5
188 334 7
188 335 10
188 338 7
188 339 8
188 341 6
188 344 7
188 347 6
188 349 5
188 353 1
188 354 8
188 357 2
188 358 1
188 359 7
188 360 6
188 361 3
188 362 9
188 363 1
188 364 9
188 365 7
188 367 4
188 368 3
188 371 4
188 372 5
188 373 1
188 374 3
188 378 5
188 380 7
188 385 7
188 386 5
188 387 3
188 389 7
188 390 10
188 391 9
188 394 9
188 395 9
188 398 9
188 400 1
188 401 8
188 402 9
188 404 2
188 407 10
188 409 3
188 411 10
188 412 1
188 413 4
188 414 3
188 419 1
188 421 2
188 424 1
188 427 2
188 428 8
188 432 7
188 435 6
188 436 4
188 438 4
188 440 2
188 442 7
188 443 4
188 445 5
188 446 10
188 447 4
189 192 7
189 193 2
189 196 2
189 197 10
189 199 3
189 200 10
189 201 4
189 202 5
189 205 4
189 208 9
189 214 4
189 217 6
189 219 9
189 221 1
189 223 6
189 224 9
189 228 7
189 229 1
189 230 5
189 232 2
189 234 2
189 236 6
189 238 3
189 239 1
189 240 1
189 241 3
189 243 1
189 244 1
189 246 1
189 247 8
189 248 9
189 254 5
189 255 4
189 260 8
189 265 10
189 267 8
189 269 9
189 270 5
189 273 5
189 274 3
189 275 9
189 276 10
189 277 10
189 278 9
189 279 8
189 282 5
189 283 6
189 284 5
189 285 4
189 287 9
189 288 8
189 289 8
189 290 2
189 291 7
189 292 2
189 293 1
189 294 10
189 297 1
189 298 2
189 299 1
189 300 5
189 301 1
189 303 5
189 304 3
189 305 7
189 307 8
189 308 1
189 309 3
189 312 7
189 314 4
189 315 2
189 317 9
189 318 4
189 319 1
189 320 9
189 322 2
189 323 8
189 326 7
189 330 3
189 331 6
189 332 1
189 333 7
189 334 6
189 336 1
189 338 1
189 340 9
189 342 10
189 343 5
189 346 8
189 348 5
189 350 2
189 351 3
189 353 7
189 355 6
189 357 9
189 360 9
189 366 10
189 372 10
189 375 10
189 377 9
189 378 6
189 380 4
189 381 10
189 382 6
189 383 10
189 386 6
189 387 6
189 389 4
189 391 1
189 394 8
189 398 7
189 405 1
189 408 10
189 409 9
189 410 6
189 412 2
189 414 1
189 415 6
189 416 9
189 417 2
189 418 3
189 422 3
189 424 7
189 425 10
189 426 10
189 427 2
189 428 4
189 431 4
189 433 1
189 437 3
189 438 1
189 440 8
189 443 6
189 446 6
189 448 4
189 449 8
190 191 10
190 192 7
190 193 7
190 195 10
190 196 8
190 198 5
190 200 5
190 201 8
190 204 2
190 205 2
190 208 2
190 212 2
190 213 8
190 214 9
190 215 3
190 218 10
190 219 6
190 221 5
190 225 8
190 229 2
190 233 10
190 235 5
190 236 5
190 237 7
190 238 5
190 243 9
190 245 6
190 247 7
190 249 9
190 250 4
190 252 1
190 253 9
190 254 4
190 255 5
190 256 9
190 258 1
190 261 4
190 262 5
190 263 3
190 268 10
190 272 5
190 274 10
190 275 9
190 277 2
190 281 1
190 283 3
190 285 4
190 286 9
190 287 1
190 290 2
190 291 1
190 294 9
190 295 6
190 298 2
190 299 4
190 300 6
190 303 8
190 304 9
190 306 10
190 309 10
190 311 10
190 313 8
190 314 7
190 317 8
190 319 3
190 321 6
190 322 8
190 324 6
190 328 2
190 330 3
190 332 10
190 333 9
190 334 4
190 335 4
190 337 2
190 341 9
190 342 7
190 343 2
190 345 2
190 346 9
190 348 3
190 353 2
190 354 2
190 355 5
190 357 1
190 358 1
190 362 6
190 364 7
190 366 2
190 367 10
190 371 5
190 372 3
190 373 1
190 376 5
190 378 5
190 379 3
190 380 6
190 382 8
190 384 3
190 386 7
190 387 8
190 388 10
190 389 6
190 390 3
190 398 5
190 399 3
190 400 1
190 401 3
190 403 6
190 405 1
190 408 5
190 413 4
190 417 4
190 418 6
190 419 5
190 420 2
190 424 7
190 425 10
190 427 7
190 428 8
190 432 4
190 433 1
190 434 6
190 436 10
190 438 2
190 441 1
190 442 1
190 444 3
190 447 5
190 448 8
190 449 8
191 201 9
191 202 4
191 205 8
191 207 6
191 209 3
191 210 7
191 211 2
191 212 7
191 215 2
191 216 10
191 218 7
191 219 5
191 227 9
191 230 3
191 231 2
191 233 9
191 234 3
191 236 8
191 238 3
191 239 2
191 241 7
191 242 7
191 243 9
191 244 7
191 245 1
191 246 7
191 247 2
191 249 1
191 250 10
191 252 1
191 254 3
191 256 9
191 257 4
191 258 5
191 260 8
191 262 3
191 266 1
191 267 3
191 268 3
191 270 8
191 274 3
191 278 7
191 279 8
191 280 3
191 281 10
191 283 5
191 286 5
191 289 5
191 291 1
191 294 10
191 295 4
191 296 9
191 300 5
191 301 6
191 302 5
191 303 1
191 307 7
191 310 1
191 313 6
191 314 3
191 315 5
191 317 8
191 319 10
191 322 4
191 330 2
191 334 3
191 335 3
191 340 3
191 341 1
191 343 10
191 346 1
191 348 4
191 352 3
191 353 9
191 354 6
191 355 1
191 356 7
191 357 3
191 359 7
191 360 6
191 362 2
191 363 9
191 367 8
191 368 10
191 370 7
191 373 7
191 374 1
191 379 10
191 380 3
191 381 7
191 386 5
191 388 3
191 389 1
191 390 7
191 391 1
191 394 4
191 395 6
191 400 10
191 403 8
191 404 8
191 408 6
191 409 3
191 410 5
191 412 4
191 413 1
191 414 7
191 416 5
191 417 10
191 418 3
191 419 7
191 421 6
191 422 9
191 424 2
191 425 8
191 427 2
191 429 1
191 430 1
191 431 8
191 432 8
191 436 7
191 438 2
191 441 3
191 442 5
191 445 5
191 446 2
191 449 1
192 198 4
192 199 2
192 204 3
192 205 3
192 207 7
192 209 2
192 213 9
192 222 10
192 224 1
192 227 7
192 230 8
192 231 6
192 234 3
192 235 10
192 236 3
192 238 5
192 240 7
192 244 2
192 246 2
192 249 3
192 250 3
192 251 9
192 253 1
192 255 7
192 256 5
192 258 2
192 260 7
192 262 3
192 266 8
192 269 3
192 277 9
192 280 5
192 282 5
192 284 6
192 285 1
192 287 6
192 291 10
192 296 10
192 301 2
192 303 5
192 304 6
192 305 6
192 306 3
192 307 10
192 308 10
192 312 7
192 313 5
192 314 6
192 316 5
192 318 6
192 321 9
192 324 7
192 326 9
192 327 4
192 329 3
192 330 2
192 331 1
192 333 8
192 335 1
192 337 10
192 338 3
192 341 7
192 342 2
192 345 8
192 346 3
192 349 8
192 352 2
192 353 8
192 356 8
192 359 9
192 361 2
192 366 2
192 367 9
192 372 3
192 373 4
192 375 8
192 377 6
192 378 2
192 383 5
192 384 7
192 386 1
192 389 3
192 392 3
192 395 8
192 396 9
192 397 3
192 398 5
192 400 2
192 401 5
192 405 6
192 407 4
192 409 6
192 411 8
192 412 8
192 414 10
192 417 5
192 418 2
192 422 3
192 424 2
192 427 7
192 431 1
192 432 5
192 435 1
192 436 5
192 437 7
192 440 3
192 441 4
192 445 2
192 446 9
192 447 5
192 449 9
193 195 6
193 197 8
193 201 5
193 205 6
193 206 8
193 208 10
193 209 7
193 210 4
193 211 10
193 216 3
193 217 1
193 218 7
193 223 1
193 224 2
193 228 9
193 230 6
193 231 8
193 232 4
193 234 9
193 235 8
193 239 10
193 240 6
193 243 3
193 244 3
193 245 8
193 248 7
193 252 1
193 253 5
193 254 5
193 257 5
193 258 2
193 261 10
193 262 6
193 263 1
193 264 2
193 265 7
193 266 4
193 272 8
193 273 1
193 275 10
193 276 8
193 277 1
193 278 5
193 279 10
193 280 3
193 283 10
193 285 4
193 286 8
193 292 10
193 295 4
193 298 6
193 299 9
193 300 1
193 301 4
193 302 10
193 303 9
193 304 4
193 306 8
193 308 10
193 311 9
193 312 3
193 315 10
193 318 5
193 319 1
193 321 3
193 322 5
193 327 9
193 330 2
193 331 4
193 332 8
193 334 10
193 339 6
193 343 8
193 344 8
193 346 6
193 347 6
193 348 7
193 349 6
193 350 3
193 351 9
193 353 6
193 354 4
193 356 5
193 361 10
193 364 4
193 365 6
193 366 7
193 367 9
193 370 9
193 371 2
193 372 8
193 373 2
193 375 3
193 381 8
193 384 8
193 385 8
193 386 9
193 387 10
193 393 5
193 394 3
193 395 1
193 397 2
193 398 6
193 401 10
193 403 7
193 404 5
193 407 7
193 409 5
193 411 1
193 413 8
193 414 7
193 415 5
193 417 8
193 418 7
193 419 2
193 420 6
193 423 9
193 424 8
193 425 5
193 426 3
193 429 6
193 432 3
193 433 9
193 436 6
193 438 1
193 439 9
193 440 7
193 442 6
193 443 1
193 444 5
193 445 5
193 446 3
193 447 4
193 448 8
193 449 7
194 195 10
194 197 7
194 198 5
194 201 9
194 202 5
194 204 5
194 205 2
194 207 2
194 208 3
194 212 7
194 214 8
194 216 3
194 219 4
194 221 4
194 225 4
194 226 9
194 227 10
194 230 1
194 231 7
194 234 7
194 235 7
194 236 3
194 237 6
194 239 4
194 240 2
194 241 10
194 242 2
194 243 8
194 247 8
194 248 9
194 250 7
194 251 9
194 256 10
194 259 5
194 261 8
194 262 1
194 266 10
194 267 6
194 268 1
194 270 10
194 271 10
194 272 8
194 273 5
194 274 8
194 275 7
194 276 4
194 278 8
194 280 3
194 283 6
194 284 5
194 285 8
194 287 9
194 288 2
194 290 4
194 291 9
194 292 1
194 294 1
194 295 6
194 296 2
194 298 7
194 299 4
194 300 6
194 302 3
194 304 10
194 306 2
194 307 7
194 311 7
194 312 5
194 316 8
194 319 5
194 322 5
194 325 8
194 326 7
194 332 10
194 333 2
194 334 10
194 335 6
194 336 9
194 338 9
194 340 7
194 341 5
194 342 10
194 348 9
194 350 1
194 351 1
194 352 2
194 354 5
194 358 4
194 359 3
194 360 3
194 363 7
194 365 8
194 366 7
194 368 7
194 370 6
194 371 1
194 373 1
194 374 1
194 379 7
194 381 7
194 383 6
194 386 1
194 388 2
194 389 1
194 390 6
194 391 10
194 394 9
194 395 4
194 396 3
194 401 1
194 402 8
194 403 8
194 404 8
194 406 6
194 407 5
194 408 2
194 411 2
194 414 9
194 415 6
194 416 7
194 417 1
194 418 4
194 422 1
194 423 9
194 424 4
194 426 7
194 429 8
194 430 1
194 432 7
194 433 6
194 434 4
194 442 10
194 443 3
194 444 9
194 449 6
195 196 8
195 200 10
195 201 6
195 202 7
195 204 9
195 205 8
195 207 5
195 210 6
195 211 1
195 213 8
195 214 1
195 216 4
195 217 1
195 218 3
195 219 7
195 221 3
195 222 1
195 223 3
195 225 9
195 226 9
195 229 10
195 233 2
195 234 2
195 236 7
195 240 9
195 242 7
195 244 6
195 245 9
195 246 6
195 249 8
195 250 7
195 251 7
195 252 4
195 253 5
195 254 9
195 257 1
195 259 4
195 261 8
195 263 8
195 267 2
195 268 9
195 269 9
195 271 7
195 272 2
195 273 7
195 275 4
195 276 1
195 277 8
195 279 10
195 282 7
195 283 10
195 287 10
195 292 2
195 293 6
195 296 2
195 298 3
195 300 6
195 301 4
195 303 9
195 304 8
195 305 2
195 307 10
195 310 9
195 311 8
195 313 1
195 317 5
195 318 4
195 319 5
195 321 3
195 324 7
195 327 8
195 329 7
195 330 3
195 331 1
195 333 5
195 334 8
195 337 5
195 339 7
195 340 5
195 344 4
195 349 4
195 351 8
195 352 2
195 354 1
195 356 6
195 357 5
195 359 5
195 360 10
195 362 3
195 368 2
195 369 8
195 372 4
195 373 6
195 376 4
195 377 10
195 378 6
195 379 5
195 381 4
195 386 4
195 392 3
195 395 1
195 399 2
195 401 5
195 404 1
195 405 5
195 406 9
195 408 5
195 411 1
195 415 7
195 416 4
195 419 1
195 423 7
195 426 9
195 427 4
195 437 7
195 438 1
195 439 8
195 440 9
195 442 3
195 443 5
195 444 3
195 445 1
195 446 4
195 448 2
195 449 1
196 200 2
196 201 10
196 202 3
196 207 7
196 208 10
196 210 4
196 211 3
196 212 4
196 213 8
196 214 6
196 218 5
196 219 9
196 220 8
196 221 9
196 224 10
196 225 9
196 227 9
196 231 6
196 233 8
196 234 5
196 235 3
196 237 4
196 238 6
196 239 2
196 241 10
196 246 7
196 248 7
196 249 7
196 250 8
196 251 7
196 254 3
196 256 5
196 259 3
196 260 1
196 261 4
196 262 7
196 264 7
196 265 8
196 266 10
196 268 5
196 270 8
196 272 1
196 274 2
196 275 2
196 276 10
196 278 6
196 281 7
196 282 4
196 283 2
196 284 4
196 286 1
196 287 5
196 288 5
196 289 1
196 290 3
196 291 10
196 292 3
196 293 9
196 298 1
196 301 6
196 302 4
196 304 8
196 309 3
196 310 7
196 311 10
196 313 2
196 315 6
196 317 8
196 318 3
196 319 7
196 320 1
196 321 3
196 323 3
196 324 10
196 325 2
196 326 8
196 328 10
196 329 1
196 330 1
196 332 1
196 333 1
196 334 7
196 335 5
196 336 4
196 337 3
196 340 4
196 343 2
196 345 10
196 346 5
196 347 8
196 348 10
196 349 5
196 352 4
196 354 1
196 357 2
196 362 7
196 363 10
196 367 5
196 368 8
196 372 3
196 373 10
196 374 9
196 376 1
196 377 6
196 380 7
196 382 2
196 383 4
196 390 8
196 391 3
196 392 5
196 394 4
196 395 6
196 396 10
196 398 1
196 402 3
196 403 9
196 404 4
196 406 6
196 411 10
196 412 7
196 415 3
196 418 10
196 419 7
196 421 2
196 422 4
196 426 3
196 428 9
196 435 1
196 437 4
196 443 4
196 444 7
196 445 3
197 198 9
197 199 5
197 200 10
197 201 3
197 202 2
197 203 1
197 205 3
197 207 1
197 208 8
197 210 4
197 215 2
197 216 2
197 218 4
197 222 3
197 223 1
197 228 2
197 230 8
197 231 1
197 232 10
197 233 4
197 240 1
197 241 6
197 244 8
197 247 7
197 252 8
197 253 9
197 255 5
197 257 6
197 260 6
197 261 6
197 263 5
197 266 9
197 267 3
197 269 4
197 270 4
197 273 4
197 278 2
197 280 3
197 285 1
197 287 6
197 288 4
197 289 8
197 290 3
197 294 10
197 295 10
197 296 7
197 300 5
197 303 10
197 305 9
197 308 5
197 311 5
197 315 7
197 317 9
197 320 3
197 322 3
197 327 9
197 328 10
197 330 2
197 332 1
197 336 9
197 343 1
197 344 1
197 345 6
197 346 7
197 349 5
197 350 9
197 353 6
197 354 10
197 356 10
197 357 9
197 358 9
197 359 3
197 360 4
197 362 8
197 363 2
197 365 4
197 367 6
197 369 8
197 371 5
197 372 8
197 373 3
197 375 9
197 376 10
197 377 9
197 380 10
197 381 5
197 382 9
197 383 2
197 386 3
197 390 2
197 391 6
197 392 2
197 393 10
197 394 4
197 396 3
197 397 6
197 398 1
197 401 3
197 406 10
197 407 4
197 408 6
197 410 10
197 411 4
197 413 9
197 417 5
197 421 3
197 423 1
197 424 5
197 426 5
197 429 7
197 431 9
197 433 4
197 434 5
197 436 10
197 437 6
197 439 9
197 447 4
197 448 5
198 206 8
198 207 3
198 208 7
198 212 1
198 215 9
198 217 1
198 218 9
198 219 10
198 220 4
198 223 1
198 225 4
198 226 8
198 227 1
198 228 10
198 229 3
198 230 8
198 233 1
198 236 4
198 237 1
198 239 2
198 241 7
198 243 2
198 248 5
198 254 10
198 255 8
198 259 2
198 260 8
198 261 2
198 262 8
198 263 7
198 264 5
198 266 6
198 268 4
198 269 5
198 274 7
198 278 3
198 279 6
198 280 9
198 286 9
198 289 7
198 291 1
198 293 5
198 294 9
198 299 7
198 300 4
198 302 3
198 303 3
198 304 5
198 307 6
198 308 6
198 309 10
198 310 8
198 311 7
198 312 3
198 313 10
198 314 7
198 318 7
198 319 7
198 321 7
198 322 10
198 323 1
198 325 6
198 327 6
198 333 6
198 334 1
198 336 5
198 341 3
198 343 3
198 344 1
198 345 6
198 348 10
198 350 1
198 351 4
198 354 3
198 355 6
198 356 6
198 357 2
198 358 1
198 359 8
198 361 7
198 363 4
198 367 4
198 368 6
198 369 10
198 370 3
198 372 8
198 373 8
198 380 8
198 382 10
198 385 8
198 387 2
198 388 2
198 392 1
198 393 8
198 394 10
198 396 8
198 398 10
198 401 3
198 402 6
198 403 6
198 405 5
198 407 8
198 411 9
198 412 2
198 414 5
198 415 7
198 418 10
198 422 6
198 425 10
198 429 9
198 431 7
198 432 10
198 433 7
198 434 3
198 436 7
198 438 2
198 439 7
198 440 8
198 442 10
198 445 9
198 447 2
198 449 2
199 203 4
199 204 5
199 207 9
199 209 9
199 210 1
199 211 1
199 212 4
199 215 10
199 217 7
199 222 8
199 224 10
199 226 4
199 228 4
199 234 10
199 239 10
199 242 3
199 247 10
199 249 10
199 251 3
199 252 2
199 253 7
199 254 6
199 255 10
199 257 10
199 258 10
199 259 4
199 260 8
199 263 10
199 265 4
199 266 1
199 267 1
199 268 3
199 269 6
199 272 9
199 274 3
199 275 1
199 278 1
199 279 6
199 282 7
199 283 10
199 284 6
199 285 8
199 286 7
199 287 2
199 288 1
199 290 1
199 291 4
199 293 10
199 295 3
199 298 6
199 301 1
199 303 5
199 305 4
199 306 2
199 307 9
199 308 6
199 309 4
199 311 9
199 314 3
199 315 4
199 316 7
199 318 8
199 319 9
199 321 10
199 322 8
199 325 8
199 327 5
199 328 7
199 329 10
199 331 3
199 332 7
199 340 9
199 341 6
199 342 4
199 343 5
199 345 8
199 347 6
199 352 7
199 353 1
199 355 4
199 356 4
199 357 3
199 359 1
199 362 1
199 364 2
199 365 6
199 366 3
199 368 7
199 369 9
199 370 10
199 371 3
199 372 4
199 376 5
199 377 6
199 378 9
199 380 4
199 381 7
199 383 1
199 389 5
199 391 1
199 395 7
199 397 4
199 400 4
199 401 3
199 404 5
199 405 8
199 406 10
199 407 6
199 412 6
199 413 9
199 414 2
199 415 1
199 421 7
199 424 7
199 426 2
199 427 7
199 428 2
199 430 3
199 433 1
199 434 9
199 437 6
199 438 9
199 439 4
199 441 3
199 442 6
199 443 4
199 446 3
199 448 3
200 201 10
200 209 3
200 211 3
200 213 9
200 214 5
200 215 3
200 217 1
200 218 3
200 220 5
200 221 4
200 227 9
200 230 2
200 231 8
200 232 5
200 233 1
200 234 3
200 237 9
200 238 9
200 240 5
200 242 7
200 244 9
200 247 7
200 248 7
200 250 1
200 251 7
200 256 8
200 261 3
200 262 3
200 263 8
200 268 6
200 272 1
200 275 2
200 276 7
200 277 4
200 278 7
200 279 2
200 281 6
200 282 7
200 283 10
200 285 1
200 287 2
200 289 5
200 290 3
200 291 7
200 293 2
200 294 8
200 295 2
200 298 4
200 299 9
200 300 9
200 303 1
200 305 8
200 306 7
200 307 7
200 308 2
200 309 2
200 312 2
200 313 2
200 318 1
200 319 2
200 320 6
200 322 6
200 323 9
200 328 7
200 333 10
200 337 10
200 340 10
200 341 3
200 342 3
200 343 10
200 344 9
200 346 5
200 348 7
200 349 4
200 350 2
200 351 8
200 354 10
200 355 5
200 357 7
200 359 3
200 362 9
200 363 7
200 364 7
200 365 6
200 366 8
200 367 8
200 372 10
200 374 7
200 375 6
200 377 10
200 379 2
200 380 7
200 382 5
200 383 9
200 384 6
200 385 10
200 388 2
200 389 10
200 391 10
200 392 3
200 396 4
200 397 6
200 401 2
200 402 10
200 404 2
200 405 1
200 407 8
200 413 2
200 414 9
200 418 4
200 420 6
200 424 6
200 426 4
200 427 6
200 429 4
200 431 1
200 433 2
200 438 6
200 439 8
200 441 7
200 443 2
200 444 1
200 445 8
200 447 10
200 449 6
201 202 9
201 204 10
201 205 9
201 206 4
201 207 2
201 208 3
201 213 1
201 216 5
201 219 2
201 221 7
201 224 2
201 225 2
201 227 8
201 230 8
201 233 6
201 235 9
201 236 4
201 238 10
201 242 9
201 244 1
201 246 3
201 253 2
201 256 7
201 258 7
201 259 1
201 260 2
201 263 3
201 264 6
201 266 4
201 267 5
201 268 9
201 273 8
201 274 5
201 279 1
201 280 9
201 281 6
201 282 1
201 284 8
201 288 7
201 289 2
201 290 8
201 292 10
201 301 2
201 302 10
201 310 1
201 311 3
201 313 4
201 315 5
201 316 8
201 318 3
201 320 8
201 322 1
201 324 8
201 325 3
201 326 2
201 329 7
201 330 10
201 331 8
201 335 7
201 336 4
201 337 3
201 338 9
201 341 3
201 343 8
201 345 7
201 346 1
201 350 7
201 353 1
201 354 8
201 360 1
201 363 8
201 364 3
201 365 3
201 366 6
201 370 6
201 371 6
201 372 2
201 381 7
201 382 9
201 383 1
201 386 10
201 387 10
201 389 5
201 390 3
201 393 3
201 394 8
201 395 3
201 397 4
201 400 10
201 403 5
201 404 9
201 406 6
201 407 3
201 408 10
201 410 5
201 411 3
201 412 2
201 413 4
201 414 2
201 415 9
201 417 1
201 418 2
201 425 7
201 426 3
201 429 10
201 431 9
201 432 1
201 433 10
201 434 4
201 438 2
201 440 7
201 441 7
201 443 6
201 445 4
201 446 4
201 447 9
201 448 6
201 449 1
202 203 6
202 206 5
202 207 1
202 208 9
202 211 5
202 213 6
202 214 7
202 217 5
202 218 6
202 219 5
202 220 8
202 223 7
202 225 9
202 226 5
202 227 3
202 230 7
202 231 5
202 236 6
202 239 4
202 243 3
202 245 1
202 251 10
202 253 2
202 254 2
202 256 7
202 257 8
202 258 3
202 259 2
202 260 6
202 261 1
202 263 5
202 264 2
202 265 10
202 266 2
202 271 10
202 274 8
202 276 7
202 278 8
202 280 7
202 281 9
202 282 1
202 284 4
202 286 3
202 287 7
202 291 3
202 292 9
202 294 10
202 295 5
202 296 2
202 297 6
202 303 3
202 306 2
202 307 9
202 310 10
202 311 6
202 313 8
202 314 3
202 315 8
202 316 1
202 317 10
202 320 10
202 322 5
202 324 4
202 325 10
202 329 8
202 330 10
202 331 5
202 333 1
202 334 6
202 335 8
202 336 5
202 337 9
202 338 6
202 342 5
202 344 7
202 346 4
202 348 1
202 349 1
202 350 4
202 351 3
202 353 4
202 355 5
202 356 10
202 357 10
202 358 6
202 360 1
202 361 4
202 363 10
202 366 9
202 367 1
202 369 4
202 372 7
202 377 1
202 380 9
202 382 10
202 383 10
202 388 4
202 389 6
202 393 3
202 396 7
202 397 4
202 399 1
202 400 5
202 406 5
202 407 8
202 408 6
202 410 8
202 412 4
202 415 7
202 416 6
202 417 3
202 421 3
202 423 6
202 426 7
202 427 5
202 428 1
202 432 9
202 438 2
202 442 1
202 444 6
202 445 3
202 447 10
202 449 10
203 205 6
203 206 3
203 207 7
203 208 2
203 210 5
203 211 9
203 212 6
203 215 6
203 216 5
203 219 10
203 220 2
203 221 6
203 222 1
203 223 6
203 224 5
203 226 9
203 227 6
203 228 6
203 229 4
203 230 2
203 232 7
203 233 5
203 234 3
203 235 5
203 237 2
203 241 2
203 242 5
203 244 7
203 246 4
203 248 3
203 250 3
203 253 5
203 256 4
203 261 5
203 262 5
203 263 1
203 268 3
203 270 3
203 271 10
203 279 5
203 281 9
203 284 1
203 285 4
203 286 4
203 287 2
203 289 9
203 290 9
203 295 4
203 296 3
203 297 7
203 298 10
203 301 10
203 305 3
203 307 5
203 308 4
203 312 7
203 313 5
203 316 8
203 317 7
203 318 4
203 319 9
203 320 1
203 323 2
203 324 8
203 326 4
203 329 4
203 332 1
203 333 2
203 334 2
203 335 10
203 337 3
203 339 7
203 341 7
203 343 4
203 345 4
203 347 7
203 348 8
203 352 6
203 355 7
203 356 1
203 357 6
203 358 10
203 365 10
203 368 10
203 369 3
203 370 1
203 373 2
203 377 7
203 378 10
203 380 10
203 383 7
203 384 2
203 387 4
203 389 3
203 390 10
203 391 7
203 392 7
203 396 8
203 398 8
203 399 5
203 400 9
203 401 2
203 402 5
203 405 8
203 407 5
203 410 7
203 412 9
203 415 6
203 419 9
203 420 1
203 421 7
203 422 7
203 423 8
203 424 9
203 428 9
203 430 1
203 433 3
203 436 5
203 439 7
203 440 4
203 441 4
203 442 8
203 444 10
203 445 7
203 446 1
203 447 10
204 205 6
204 206 8
204 207 5
204 208 2
204 211 9
204 215 5
204 217 9
204 218 8
204 219 7
204 221 9
204 225 3
204 227 8
204 230 4
204 233 10
204 235 9
204 236 3
204 239 5
204 240 8
204 245 9
204 246 2
204 247 3
204 249 9
204 257 7
204 258 8
204 262 7
204 264 10
204 265 6
204 266 10
204 267 2
204 269 10
204 272 9
204 273 3
204 274 9
204 276 9
204 277 2
204 280 5
204 281 4
204 283 1
204 284 3
204 285 9
204 286 6
204 287 6
204 289 7
204 290 6
204 294 7
204 295 8
204 298 6
204 302 3
204 303 5
204 307 3
204 312 7
204 313 8
204 314 9
204 315 7
204 316 5
204 317 8
204 319 2
204 320 3
204 321 10
204 322 8
204 325 5
204 327 9
204 328 2
204 330 6
204 332 7
204 333 10
204 334 3
204 335 9
204 337 3
204 341 2
204 342 3
204 346 9
204 347 3
204 348 9
204 349 8
204 352 7
204 354 7
204 355 2
204 356 6
204 360 5
204 361 9
204 364 8
204 366 1
204 368 4
204 370 3
204 373 7
204 374 2
204 376 3
204 378 3
204 380 10
204 381 6
204 382 1
204 383 10
204 387 8
204 388 9
204 392 1
204 393 4
204 394 3
204 395 5
204 397 5
204 400 9
204 402 6
204 403 3
204 408 9
204 409 8
204 410 5
204 411 5
204 412 8
204 413 9
204 415 5
204 418 1
204 420 5
204 430 7
204 431 1
204 432 2
204 434 2
204 436 1
204 437 1
204 438 9
204 443 4
204 444 10
204 445 4
204 447 1
204 448 9
205 209 10
205 214 10
205 215 4
205 216 5
205 221 10
205 223 1
205 225 10
205 227 3
205 228 8
205 229 9
205 231 10
205 232 7
205 233 9
205 235 1
205 240 8
205 241 10
205 245 10
205 247 3
205 248 3
205 250 10
205 252 10
205 254 10
205 258 3
205 259 8
205 260 5
205 261 9
205 263 8
205 264 8
205 265 9
205 266 3
205 269 10
205 271 4
205 274 3
205 275 1
205 276 2
205 280 5
205 281 8
205 282 4
205 283 2
205 284 6
205 289 3
205 290 3
205 292 3
205 293 3
205 294 1
205 295 1
205 297 10
205 299 3
205 304 6
205 305 7
205 307 1
205 309 9
205 320 4
205 326 9
205 328 9
205 331 1
205 334 4
205 338 3
205 339 2
205 342 7
205 343 8
205 344 5
205 347 10
205 348 3
205 349 6
205 350 3
205 353 1
205 355 9
205 357 1
205 362 3
205 366 8
205 367 7
205 368 3
205 369 8
205 370 9
205 373 5
205 375 1
205 377 8
205 379 4
205 380 3
205 381 3
205 383 2
205 385 1
205 389 5
205 390 3
205 391 10
205 392 6
205 395 4
205 396 6
205 398 8
205 401 6
205 403 5
205 404 2
205 405 5
205 407 6
205 409 9
205 411 6
205 412 1
205 413 5
205 414 9
205 415 5
205 416 9
205 417 9
205 418 2
205 420 4
205 421 4
205 424 9
205 425 10
205 427 8
205 430 1
205 432 6
205 433 7
205 434 5
205 435 3
205 443 7
205 445 7
205 449 7
206 208 10
206 209 5
206 212 6
206 215 1
206 217 10
206 219 10
206 221 1
206 223 4
206 225 3
206 228 5
206 229 3
206 231 2
206 239 5
206 240 10
206 242 8
206 243 2
206 244 5
206 247 4
206 248 7
206 249 10
206 250 1
206 253 4
206 254 8
206 256 1
206 261 6
206 263 8
206 265 4
206 267 10
206 268 5
206 271 6
206 273 9
206 276 4
206 277 7
206 280 5
206 286 3
206 290 1
206 291 2
206 292 10
206 294 4
206 298 2
206 300 9
206 301 1
206 302 1
206 303 8
206 305 9
206 308 6
206 309 6
206 310 5
206 314 3
206 317 1
206 320 1
206 321 9
206 323 4
206 325 3
206 327 3
206 330 4
206 331 5
206 335 9
206 336 7
206 337 1
206 343 10
206 346 2
206 347 4
206 351 3
206 352 7
206 353 6
206 354 1
206 355 5
206 356 2
206 358 6
206 359 7
206 363 7
206 364 5
206 365 2
206 366 5
206 367 5
206 368 7
206 369 3
206 372 6
206 373 10
206 374 5
206 375 2
206 376 1
206 377 6
206 381 1
206 382 10
206 384 2
206 390 9
206 392 8
206 393 8
206 394 3
206 395 8
206 396 4
206 397 9
206 399 3
206 400 7
206 401 6
206 402 10
206 407 1
206 410 3
206 411 9
206 414 5
206 418 3
206 419 9
206 421 3
206 423 5
206 429 10
206 432 3
206 437 6
206 440 6
206 447 8
206 448 3
206 449 10
207 210 10
207 211 6
207 213 1
207 214 4
207 215 7
207 216 9
207 220 7
207 221 7
207 222 6
207 225 1
207 228 5
207 229 7
207 233 10
207 234 10
207 236 9
207 237 10
207 239 2
207 241 9
207 243 8
207 246 6
207 247 3
207 248 9
207 254 2
207 256 1
207 257 2
207 258 7
207 260 10
207 261 6
207 263 4
207 264 3
207 265 1
207 266 7
207 267 3
207 268 10
207 269 5
207 273 7
207 276 8
207 278 4
207 280 8
207 282 9
207 283 3
207 285 8
207 291 10
207 295 9
207 297 6
207 298 4
207 299 9
207 300 9
207 301 2
207 303 4
207 304 4
207 305 5
207 307 5
207 308 9
207 309 10
207 311 1
207 314 7
207 317 8
207 318 9
207 321 6
207 322 5
207 328 6
207 329 4
207 332 4
207 334 3
207 336 4
207 339 4
207 341 5
207 344 6
207 345 1
207 346 8
207 347 3
207 350 8
207 351 4
207 352 5
207 353 8
207 356 10
207 357 9
207 359 3
207 360 7
207 361 3
207 363 7
207 369 2
207 370 1
207 376 10
207 377 2
207 378 10
207 380 7
207 382 8
207 383 4
207 390 10
207 391 4
207 394 6
207 396 8
207 397 4
207 402 5
207 403 4
207 404 5
207 405 5
207 407 4
207 409 9
207 410 2
207 413 1
207 415 10
207 416 1
207 417 3
207 418 5
207 420 9
207 421 3
207 422 8
207 423 7
207 427 7
207 429 4
207 431 3
207 432 5
207 433 2
207 436 4
207 437 3
207 438 6
207 439 3
207 442 5
207 444 4
207 446 7
207 447 6
207 448 1
208 210 2
208 212 2
208 213 2
208 216 5
208 217 9
208 220 1
208 222 5
208 223 10
208 226 4
208 227 2
208 230 4
208 231 1
208 233 5
208 234 10
208 235 3
208 237 3
208 238 5
208 239 4
208 243 9
208 244 8
208 245 2
208 247 9
208 250 7
208 252 7
208 258 2
208 261 5
208 263 1
208 265 6
208 268 2
208 269 4
208 270 6
208 273 9
208 274 9
208 275 9
208 276 1
208 277 4
208 278 7
208 279 4
208 281 5
208 284 8
208 285 7
208 286 1
208 287 3
208 288 9
208 292 1
208 294 9
208 298 4
208 299 3
208 300 5
208 301 10
208 302 4
208 303 4
208 305 5
208 308 7
208 311 9
208 318 1
208 319 6
208 322 7
208 324 5
208 325 3
208 329 6
208 330 9
208 332 1
208 333 5
208 335 5
208 337 6
208 340 2
208 343 5
208 344 6
208 345 4
208 347 4
208 348 8
208 351 10
208 352 5
208 354 2
208 356 9
208 357 4
208 358 4
208 363 5
208 365 6
208 366 4
208 368 9
208 370 8
208 374 1
208 375 7
208 376 3
208 378 4
208 383 5
208 384 1
208 387 5
208 388 8
208 390 10
208 392 5
208 394 5
208 395 6
208 400 10
208 401 4
208 404 5
208 405 2
208 407 4
208 408 8
208 409 6
208 410 4
208 411 6
208 414 7
208 415 1
208 417 7
208 419 9
208 426 1
208 427 5
208 428 7
208 429 6
208 431 8
208 433 9
208 435 4
208 437 9
208 439 3
208 440 6
208 441 5
208 445 10
209 211 6
209 212 1
209 215 2
209 217 2
209 218 6
209 220 4
209 221 7
209 222 3
209 224 9
209 228 3
209 229 2
209 230 6
209 231 2
209 232 2
209 233 1
209 237 4
209 239 8
209 248 7
209 253 2
209 254 4
209 255 6
209 257 6
209 259 1
209 260 9
209 261 10
209 262 1
209 263 3
209 265 2
209 269 6
209 270 7
209 273 6
209 274 10
209 275 10
209 279 9
209 280 6
209 282 2
209 283 5
209 284 10
209 288 6
209 289 2
209 292 2
209 295 9
209 297 6
209 299 5
209 302 9
209 303 2
209 305 10
209 308 4
209 309 6
209 312 1
209 313 3
209 314 8
209 315 6
209 317 8
209 318 3
209 321 8
209 325 9
209 329 10
209 330 1
209 331 4
209 332 8
209 335 7
209 338 4
209 340 7
209 342 8
209 343 9
209 344 10
209 345 10
209 346 7
209 347 2
209 348 10
209 349 8
209 351 8
209 352 1
209 357 9
209 364 8
209 365 8
209 371 6
209 373 4
209 380 8
209 384 7
209 386 1
209 388 6
209 390 8
209 391 10
209 392 8
209 393 9
209 394 5
209 397 1
209 400 9
209 401 1
209 402 10
209 403 3
209 405 3
209 408 2
209 416 5
209 420 9
209 421 9
209 422 2
209 424 1
209 425 5
209 427 6
209 428 8
209 430 2
209 431 3
209 432 9
209 433 7
209 437 8
209 439 4
209 444 9
209 446 7
209 448 1
210 211 10
210 212 5
210 214 5
210 221 2
210 224 10
210 225 9
210 229 4
210 230 4
210 234 9
210 235 5
210 237 8
210 238 6
210 242 6
210 243 1
210 245 5
210 246 2
210 247 8
210 248 3
210 249 8
210 250 4
210 252 9
210 255 10
210 256 2
210 257 4
210 260 5
210 262 8
210 266 5
210 268 10
210 272 1
210 273 9
210 274 4
210 275 3
210 276 5
210 278 1
210 279 6
210 284 4
210 285 3
210 286 3
210 287 10
210 289 9
210 292 3
210 293 10
210 295 1
210 296 4
210 298 4
210 301 6
210 305 3
210 306 2
210 307 6
210 309 5
210 310 8
210 312 10
210 313 1
210 317 6
210 318 3
210 319 9
210 322 7
210 325 10
210 326 9
210 327 10
210 329 3
210 330 6
210 331 10
210 336 2
210 337 8
210 339 6
210 340 6
210 345 6
210 347 3
210 348 8
210 349 10
210 350 3
210 351 2
210 352 2
210 353 6
210 357 9
210 358 5
210 363 3
210 364 1
210 365 4
210 367 2
210 370 3
210 371 9
210 375 3
210 376 9
210 379 4
210 381 1
210 382 8
210 385 8
210 386 5
210 388 3
210 390 1
210 391 2
210 392 4
210 396 9
210 402 9
210 403 4
210 404 1
210 407 2
210 408 10
210 410 10
210 412 9
210 413 10
210 414 1
210 417 9
210 421 1
210 423 7
210 427 9
210 429 2
210 430 5
210 431 7
210 432 1
210 436 7
210 439 1
210 440 9
210 441 5
210 448 6
211 212 1
211 215 4
211 217 8
211 218 9
211 219 7
211 221 8
211 226 6
211 229 7
211 231 2
211 232 9
211 233 8
211 234 10
211 238 1
211 239 1
211 243 3
211 245 5
211 246 10
211 248 3
211 250 8
211 251 6
211 252 2
211 253 4
211 254 8
211 255 6
211 259 8
211 260 8
211 266 2
211 267 9
211 270 1
211 273 10
211 277 5
211 282 7
211 284 9
211 285 9
211 289 1
211 291 6
211 293 2
211 294 7
211 295 3
211 296 10
211 299 6
211 301 3
211 303 9
211 305 1
211 306 5
211 309 2
211 310 6
211 311 6
211 312 7
211 313 5
211 315 2
211 316 6
211 318 5
211 320 2
211 321 9
211 322 5
211 324 3
211 327 2
211 329 6
211 330 5
211 334 9
211 336 1
211 337 1
211 338 6
211 339 4
211 340 4
211 341 7
211 343 3
211 347 3
211 350 4
211 351 4
211 354 7
211 355 7
211 356 2
211 359 4
211 361 2
211 362 4
211 364 10
211 370 1
211 371 10
211 373 8
211 375 1
211 378 3
211 379 3
211 381 2
211 384 3
211 385 8
211 386 3
211 387 9
211 388 9
211 391 1
211 394 6
211 395 8
211 399 7
211 401 7
211 402 5
211 403 6
211 404 9
211 405 9
211 406 4
211 409 10
211 410 3
211 411 10
211 412 2
211 413 6
211 415 3
211 416 7
211 417 7
211 418 8
211 420 3
211 422 4
211 423 6
211 425 2
211 426 8
211 427 5
211 428 4
211 429 5
211 430 3
211 434 2
211 435 4
211 436 5
211 438 6
211 443 9
211 444 1
211 446 10
211 447 10
211 448 8
212 213 2
212 215 4
212 216 4
212 218 10
212 220 4
212 222 2
212 224 1
212 226 3
212 227 1
212 228 6
212 229 3
212 230 1
212 232 6
212 233 6
212 234 8
212 235 9
212 236 3
212 237 6
212 239 6
212 241 4
212 243 1
212 244 3
212 246 9
212 247 1
212 248 8
212 250 1
212 252 8
212 257 10
212 258 5
212 259 9
212 260 2
212 261 2
212 263 8
212 264 3
212 265 6
212 266 10
212 267 7
212 270 10
212 271 7
212 272 4
212 275 7
212 276 4
212 278 6
212 280 10
212 282 1
212 287 10
212 289 8
212 291 2
212 292 3
212 293 9
212 299 1
212 300 3
212 301 8
212 303 7
212 307 4
212 309 9
212 310 10
212 311 10
212 314 8
212 318 8
212 319 4
212 320 8
212 322 10
212 324 10
212 325 8
212 328 9
212 329 4
212 330 5
212 331 4
212 334 8
212 335 2
212 338 7
212 339 1
212 340 10
212 344 6
212 347 2
212 348 3
212 351 5
212 352 7
212 353 4
212 359 6
212 360 1
212 361 3
212 362 8
212 367 5
212 368 8
212 369 6
212 370 10
212 373 9
212 375 6
212 377 4
212 381 7
212 383 7
212 384 10
212 385 2
212 386 1
212 387 3
212 388 7
212 389 7
212 391 10
212 392 6
212 393 1
212 394 10
212 405 1
212 406 10
212 407 6
212 408 4
212 409 5
212 410 8
212 413 2
212 414 5
212 416 4
212 419 6
212 420 3
212 426 4
212 428 3
212 429 6
212 430 2
212 433 2
212 435 3
212 437 9
212 438 5
212 440 8
212 444 2
212 447 7
212 448 5
213 217 2
213 222 1
213 223 2
213 228 1
213 230 2
213 232 10
213 233 7
213 235 8
213 237 1
213 240 9
213 243 3
213 245 1
213 248 1
213 249 8
213 250 4
213 251 1
213 257 6
213 259 1
213 260 9
213 261 9
213 262 1
213 267 8
213 268 7
213 269 7
213 274 7
213 275 7
213 279 2
213 282 9
213 283 5
213 286 3
213 287 3
213 288 6
213 289 2
213 290 8
213 292 9
213 294 5
213 297 5
213 298 5
213 299 3
213 302 2
213 303 4
213 305 10
213 306 8
213 308 7
213 309 8
213 311 7
213 312 2
213 313 7
213 315 9
213 316 8
213 317 2
213 321 6
213 322 2
213 323 2
213 327 7
213 329 8
213 331 6
213 333 3
213 337 8
213 338 4
213 343 10
213 346 1
213 347 6
213 349 10
213 350 9
213 352 5
213 353 1
213 358 1
213 359 9
213 362 6
213 363 4
213 364 8
213 365 2
213 366 3
213 369 6
213 370 6
213 375 10
213 377 3
213 380 3
213 383 3
213 384 4
213 385 10
213 388 9
213 389 2
213 391 5
213 392 10
213 395 7
213 399 6
213 401 5
213 405 4
213 406 1
213 407 2
213 409 8
213 410 3
213 411 7
213 412 2
213 417 8
213 418 9
213 419 9
213 420 1
213 422 3
213 429 3
213 433 8
213 434 3
213 442 2
213 448 2
214 215 3
214 219 1
214 221 8
214 222 3
214 227 8
214 228 2
214 229 3
214 232 3
214 233 5
214 237 10
214 242 5
214 243 4
214 244 9
214 247 5
214 249 8
214 251 4
214 260 1
214 261 9
214 263 3
214 264 2
214 265 4
214 267 9
214 268 9
214 270 5
214 272 9
214 276 4
214 279 10
214 281 2
214 283 1
214 284 4
214 285 10
214 286 5
214 287 7
214 288 1
214 292 1
214 294 1
214 295 5
214 296 3
214 297 1
214 299 4
214 304 6
214 305 7
214 306 3
214 309 9
214 310 8
214 317 10
214 318 4
214 323 7
214 324 7
214 325 3
214 327 9
214 328 1
214 329 2
214 332 10
214 333 1
214 335 5
214 336 4
214 338 6
214 339 1
214 343 1
214 344 3
214 345 7
214 346 1
214 349 7
214 351 1
214 358 1
214 359 8
214 360 8
214 361 5
214 363 10
214 365 1
214 366 2
214 367 8
214 368 5
214 369 5
214 370 1
214 371 6
214 372 7
214 373 8
214 378 3
214 380 5
214 382 7
214 386 3
214 387 8
214 388 3
214 393 5
214 394 2
214 396 6
214 398 3
214 400 5
214 401 4
214 404 1
214 405 7
214 407 7
214 408 9
214 409 9
214 412 3
214 420 8
214 423 3
214 427 1
214 429 9
214 437 6
214 438 4
214 439 2
214 440 2
214 444 10
214 445 3
214 446 10
214 447 9
214 448 10
214 449 3
215 216 7
215 217 2
215 220 2
215 223 6
215 226 3
215 231 7
215 232 5
215 233 7
215 234 8
215 237 6
215 240 9
215 241 4
215 242 10
215 244 9
215 247 8
215 252 4
215 255 4
215 260 4
215 261 10
215 262 5
215 264 6
215 266 5
215 267 6
215 269 3
215 271 4
215 272 6
215 274 9
215 277 5
215 278 6
215 282 10
215 286 10
215 289 1
215 290 2
215 291 6
215 292 6
215 295 8
215 298 5
215 301 6
215 305 9
215 306 2
215 307 7
215 309 8
215 311 8
215 312 7
215 315 5
215 316 3
215 319 5
215 320 3
215 323 7
215 326 1
215 327 10
215 328 10
215 329 5
215 330 8
215 333 7
215 337 8
215 338 4
215 339 9
215 344 7
215 345 10
215 351 8
215 352 10
215 354 3
215 355 4
215 356 3
215 359 9
215 360 9
215 361 8
215 362 3
215 364 7
215 367 5
215 372 3
215 374 1
215 377 2
215 378 7
215 379 2
215 384 7
215 386 2
215 388 9
215 395 4
215 397 10
215 398 6
215 399 2
215 402 1
215 404 3
215 405 5
215 407 6
215 409 4
215 411 8
215 414 2
215 416 1
215 419 4
215 420 6
215 424 6
215 426 1
215 427 8
215 431 6
215 433 1
215 434 10
215 435 10
215 437 4
215 438 8
215 442 10
215 445 9
215 446 4
216 223 4
216 224 2
216 226 5
216 227 7
216 230 1
216 231 4
216 235 9
216 236 10
216 238 3
216 242 4
216 243 1
216 245 4
216 251 9
216 253 9
216 257 6
216 259 8
216 263 1
216 268 7
216 269 4
216 277 4
216 278 10
216 280 8
216 283 3
216 284 1
216 285 7
216 286 9
216 288 2
216 289 10
216 290 8
216 291 7
216 295 3
216 296 5
216 297 3
216 298 7
216 299 5
216 302 8
216 304 9
216 308 2
216 309 8
216 310 2
216 312 4
216 314 10
216 319 2
216 320 2
216 321 3
216 323 3
216 328 8
216 331 3
216 333 7
216 334 4
216 335 7
216 336 4
216 338 1
216 340 5
216 343 7
216 345 9
216 347 3
216 348 5
216 349 6
216 352 2
216 354 10
216 358 7
216 363 10
216 364 3
216 367 8
216 368 1
216 369 4
216 371 9
216 373 9
216 374 4
216 375 6
216 378 6
216 380 9
216 383 3
216 384 2
216 385 7
216 386 3
216 387 2
216 389 7
216 390 9
216 393 5
216 395 9
216 397 7
216 398 7
216 403 2
216 406 9
216 407 1
216 408 1
216 409 3
216 410 8
216 411 2
216 414 3
216 418 6
216 419 3
216 420 4
216 421 5
216 422 4
216 425 1
216 426 1
216 427 4
216 428 5
216 433 5
216 436 6
216 439 2
216 442 3
216 444 7
216 445 5
216 447 5
216 448 8
216 449 5
217 218 4
217 220 1
217 223 8
217 224 7
217 226 1
217 231 2
217 233 3
217 234 8
217 237 9
217 238 3
217 242 7
217 247 5
217 248 5
217 249 2
217 250 10
217 252 9
217 255 8
217 256 6
217 258 5
217 261 7
217 262 5
217 264 10
217 265 10
217 267 9
217 268 4
217 269 3
217 272 7
217 273 2
217 275 7
217 278 8
217 279 3
217 282 3
217 283 4
217 284 1
217 285 2
217 288 5
217 289 6
217 290 9
217 293 10
217 294 9
217 296 5
217 297 4
217 298 9
217 299 9
217 300 5
217 301 7
217 308 1
217 309 1
217 310 5
217 313 1
217 315 3
217 320 1
217 322 1
217 323 3
217 324 1
217 325 7
217 326 8
217 327 8
217 328 6
217 329 10
217 330 4
217 331 10
217 332 4
217 333 8
217 335 5
217 337 3
217 339 1
217 341 6
217 342 9
217 343 3
217 347 3
217 348 2
217 349 10
217 350 2
217 351 7
217 352 9
217 355 7
217 357 7
217 358 10
217 359 1
217 360 1
217 363 5
217 364 4
217 366 1
217 367 10
217 369 1
217 370 2
217 371 7
217 372 3
217 373 1
217 374 1
217 375 4
217 376 2
217 378 3
217 379 9
217 380 7
217 381 6
217 383 9
217 389 4
217 391 5
217 392 9
217 393 5
217 396 7
217 398 3
217 402 8
217 403 1
217 404 9
217 405 6
217 406 8
217 411 8
217 412 3
217 413 7
217 414 4
217 416 3
217 417 8
217 420 8
217 421 3
217 423 9
217 424 5
217 425 1
217 426 6
217 427 3
217 431 10
217 433 2
217 436 3
217 438 1
217 442 6
217 443 3
217 444 1
217 445 2
217 446 4
217 447 10
217 449 2
218 220 3
218 224 8
218 229 2
218 230 4
218 231 7
218 233 9
218 237 10
218 238 5
218 240 5
218 242 1
218 243 6
218 245 4
218 246 3
218 247 6
218 248 3
218 249 2
218 251 7
218 252 1
218 253 6
218 255 8
218 258 9
218 260 6
218 262 2
218 264 3
218 266 10
218 267 5
218 274 4
218 276 3
218 283 1
218 285 5
218 286 2
218 288 4
218 290 2
218 291 6
218 292 7
218 296 8
218 299 3
218 300 5
218 303 1
218 304 3
218 305 5
218 306 2
218 309 2
218 318 10
218 319 5
218 320 8
218 324 6
218 327 8
218 328 10
218 329 6
218 334 9
218 337 6
218 338 6
218 341 5
218 344 5
218 346 2
218 348 10
218 351 5
218 356 5
218 360 2
218 361 6
218 362 5
218 363 6
218 364 8
218 365 10
218 366 10
218 368 1
218 370 2
218 371 2
218 372 4
218 373 6
218 374 3
218 375 9
218 378 5
218 383 1
218 384 1
218 385 8
218 386 1
218 387 4
218 388 10
218 390 3
218 393 10
218 394 6
218 398 9
218 400 4
218 403 10
218 408 10
218 409 4
218 410 10
218 412 9
218 421 4
218 425 4
218 426 1
218 427 5
218 430 3
218 431 6
218 432 3
218 433 7
218 437 5
218 439 4
218 440 9
218 441 6
218 444 6
218 446 1
218 448 4
219 220 5
219 222 7
219 224 6
219 228 5
219 230 7
219 231 6
219 237 7
219 239 10
219 242 1
219 243 9
219 244 4
219 246 6
219 248 7
219 250 2
219 252 8
219 254 5
219 256 7
219 257 10
219 258 2
219 260 9
219 265 7
219 266 2
219 267 10
219 268 6
219 269 5
219 270 10
219 273 7
219 276 5
219 278 2
219 279 10
219 280 6
219 282 3
219 283 5
219 288 8
219 291 8
219 294 5
219 295 8
219 296 8
219 299 7
219 300 10
219 302 7
219 305 7
219 306 3
219 307 9
219 309 7
219 310 6
219 311 5
219 313 9
219 316 7
219 323 4
219 324 3
219 325 10
219 326 2
219 327 6
219 328 10
219 329 5
219 331 8
219 334 9
219 338 6
219 343 9
219 345 7
219 348 9
219 349 4
219 352 1
219 353 9
219 355 2
219 363 2
219 364 8
219 366 6
219 370 3
219 373 2
219 375 8
219 377 2
219 378 1
219 381 2
219 382 1
219 384 10
219 385 5
219 386 7
219 387 1
219 388 5
219 389 7
219 390 5
219 392 6
219 393 6
219 395 8
219 400 3
219 401 8
219 402 3
219 403 9
219 405 3
219 407 2
219 410 4
219 413 9
219 415 6
219 416 5
219 419 2
219 422 6
219 423 4
219 424 4
219 425 1
219 426 9
219 432 3
219 434 9
219 436 1
219 439 3
219 440 9
219 442 6
219 443 3
219 444 6
219 445 10
219 447 7
219 448 8
220 222 1
220 228 5
220 229 7
220 230 8
220 235 9
220 240 10
220 242 3
220 243 9
220 245 9
220 248 9
220 253 3
220 255 2
220 257 1
220 258 9
220 261 7
220 262 6
220 266 7
220 267 8
220 270 9
220 272 3
220 273 6
220 275 6
220 276 10
220 280 2
220 285 2
220 287 8
220 288 7
220 291 10
220 292 1
220 295 6
220 296 6
220 298 8
220 300 1
220 301 8
220 302 8
220 303 8
220 304 9
220 305 5
220 307 1
220 308 10
220 310 10
220 313 8
220 316 3
220 317 7
220 318 5
220 320 3
220 321 3
220 322 5
220 325 6
220 327 2
220 328 5
220 334 5
220 337 8
220 338 6
220 339 6
220 342 8
220 344 1
220 346 1
220 347 5
220 350 2
220 353 10
220 356 4
220 358 1
220 359 9
220 360 5
220 362 2
220 363 1
220 366 10
220 368 2
220 370 7
220 371 6
220 375 7
220 376 5
220 377 6
220 378 10
220 381 10
220 382 7
220 383 9
220 384 8
220 386 6
220 387 10
220 389 5
220 390 9
220 397 3
220 398 10
220 399 1
220 400 4
220 401 1
220 403 8
220 408 10
220 409 9
220 410 6
220 412 3
220 415 5
220 416 3
220 417 10
220 421 10
220 423 8
220 426 7
220 427 7
220 430 6
220 431 4
220 432 9
220 434 7
220 437 10
220 439 4
220 441 3
220 442 2
220 443 1
220 445 6
221 223 7
221 224 1
221 225 5
221 227 3
221 228 2
221 230 10
221 233 9
221 236 2
221 237 7
221 241 3
221 245 10
221 248 4
221 252 2
221 253 7
221 254 6
221 255 4
221 258 2
221 261 10
221 265 3
221 271 4
221 274 8
221 275 7
221 277 5
221 278 5
221 279 4
221 283 9
221 284 9
221 285 8
221 287 6
221 289 3
221 290 2
221 291 9
221 292 7
221 293 1
221 294 8
221 295 6
221 296 5
221 297 5
221 303 4
221 306 10
221 307 5
221 311 1
221 312 2
221 314 10
221 315 5
221 317 8
221 322 1
221 325 3
221 327 6
221 330 1
221 332 10
221 334 1
221 335 4
221 336 7
221 337 7
221 338 3
221 340 8
221 341 7
221 342 6
221 344 6
221 345 10
221 347 6
221 348 9
221 349 10
221 350 4
221 351 10
221 356 1
221 357 10
221 358 10
221 360 2
221 366 5
221 368 9
221 369 4
221 371 8
221 373 8
221 374 2
221 375 3
221 378 6
221 379 1
221 380 10
221 388 5
221 389 5
221 390 2
221 391 3
221 393 7
221 394 2
221 397 7
221 398 9
221 399 8
221 400 1
221 402 2
221 403 7
221 405 9
221 409 9
221 410 1
221 411 8
221 412 9
221 414 2
221 417 10
221 419 1
221 421 1
221 423 8
221 426 6
221 428 7
221 429 4
221 432 4
221 433 9
221 434 2
221 439 9
221 440 7
221 444 8
221 445 4
221 446 5
221 448 10
222 224 1
222 225 3
222 229 6
222 232 10
222 233 6
222 236 3
222 237 10
222 240 9
222 241 9
222 244 2
222 247 9
222 248 4
222 250 10
222 253 5
222 255 3
222 257 5
222 259 4
222 261 4
222 262 2
222 263 1
222 265 2
222 266 10
222 269 6
222 271 2
222 273 2
222 274 5
222 275 9
222 279 6
222 280 3
222 282 2
222 283 9
222 284 6
222 285 2
222 288 1
222 289 10
222 290 6
222 294 6
222 296 8
222 297 3
222 298 1
222 303 9
222 305 2
222 307 10
222 311 2
222 312 8
222 318 5
222 319 1
222 320 8
222 323 9
222 328 3
222 329 2
222 331 10
222 332 4
222 334 5
222 337 8
222 339 5
222 340 3
222 341 6
222 343 7
222 345 10
222 346 4
222 348 10
222 349 10
222 350 10
222 351 4
222 354 10
222 359 6
222 361 7
222 364 5
222 367 2
222 369 7
222 371 2
222 373 3
222 374 2
222 375 3
222 377 5
222 378 10
222 380 1
222 381 2
222 385 10
222 386 2
222 387 9
222 388 5
222 389 10
222 390 5
222 392 6
222 395 3
222 398 4
222 399 4
222 403 3
222 406 5
222 408 7
222 409 10
222 410 5
222 413 1
222 414 7
222 416 10
222 418 5
222 419 2
222 420 9
222 421 9
222 422 9
222 423 3
222 424 5
222 425 3
222 426 10
222 432 10
222 433 2
222 435 1
222 437 7
222 438 10
222 442 9
222 443 3
222 445 6
222 449 1
223 224 6
223 225 3
223 227 4
223 228 2
223 229 5
223 231 5
223 233 4
223 234 7
223 235 5
223 241 2
223 245 5
223 246 7
223 247 10
223 251 2
223 252 6
223 254 7
223 255 4
223 257 6
223 258 7
223 259 1
223 261 6
223 262 2
223 263 2
223 269 3
223 271 10
223 273 4
223 274 10
223 275 7
223 276 1
223 278 10
223 282 7
223 283 2
223 286 6
223 287 9
223 289 2
223 292 8
223 295 10
223 299 2
223 301 5
223 302 5
223 303 8
223 304 9
223 307 7
223 311 9
223 312 10
223 313 8
223 316 5
223 318 2
223 319 5
223 320 5
223 322 7
223 325 9
223 326 2
223 327 7
223 328 7
223 330 7
223 334 5
223 335 10
223 341 1
223 345 1
223 349 8
223 352 6
223 356 8
223 358 9
223 363 4
223 364 6
223 365 3
223 368 5
223 370 4
223 372 7
223 374 7
223 375 9
223 376 10
223 380 3
223 382 8
223 386 6
223 390 8
223 391 2
223 395 2
223 397 6
223 398 7
223 400 10
223 401 1
223 402 8
223 404 1
223 405 2
223 406 10
223 409 6
223 411 10
223 412 7
223 413 1
223 417 10
223 420 3
223 423 7
223 425 10
223 428 7
223 430 2
223 436 8
223 439 10
223 440 6
223 442 7
223 444 5
223 449 8
224 225 3
224 226 8
224 227 7
224 229 3
224 234 7
224 235 4
224 236 10
224 242 1
224 246 3
224 247 9
224 249 4
224 251 8
224 252 3
224 254 5
224 257 10
224 259 6
224 261 9
224 263 3
224 266 8
224 268 5
224 270 5
224 279 9
224 280 10
224 286 8
224 287 1
224 289 5
224 290 7
224 291 7
224 292 4
224 293 10
224 294 7
224 296 7
224 297 6
224 300 7
224 303 9
224 306 4
224 307 9
224 309 2
224 310 4
224 311 8
224 314 3
224 315 5
224 319 4
224 321 8
224 322 2
224 323 6
224 324 4
224 330 8
224 333 2
224 334 7
224 335 3
224 336 3
224 339 6
224 340 6
224 341 1
224 342 7
224 344 1
224 347 6
224 348 3
224 349 2
224 350 4
224 351 5
224 356 1
224 364 6
224 366 1
224 367 8
224 368 7
224 369 8
224 370 6
224 371 7
224 372 2
224 373 6
224 375 7
224 376 7
224 377 4
224 378 3
224 380 4
224 381 8
224 382 5
224 384 4
224 386 4
224 388 5
224 390 4
224 391 9
224 394 6
224 395 7
224 396 2
224 397 6
224 405 9
224 406 3
224 409 3
224 412 2
224 414 3
224 418 3
224 419 8
224 420 9
224 424 1
224 429 6
224 430 3
224 432 9
224 434 2
224 442 5
224 443 1
224 445 5
224 447 8
224 449 5
225 226 7
225 227 9
225 230 7
225 235 2
225 236 4
225 237 9
225 238 5
225 242 8
225 246 10
225 248 2
225 249 10
225 251 10
225 252 8
225 254 10
225 255 6
225 258 5
225 260 1
225 261 7
225 262 9
225 264 10
225 265 3
225 269 8
225 271 1
225 273 6
225 276 5
225 277 6
225 279 3
225 280 4
225 281 3
225 282 4
225 283 1
225 284 5
225 289 6
225 291 4
225 294 9
225 295 1
225 296 3
225 299 10
225 300 4
225 303 8
225 304 9
225 311 1
225 318 1
225 319 7
225 321 9
225 322 2
225 325 6
225 327 8
225 331 8
225 337 6
225 341 7
225 343 1
225 344 4
225 345 1
225 346 1
225 347 6
225 348 5
225 351 6
225 352 2
225 354 10
225 356 4
225 357 5
225 358 2
225 364 8
225 366 9
225 367 1
225 368 4
225 371 2
225 372 1
225 373 9
225 375 9
225 376 4
225 377 10
225 378 2
225 379 3
225 380 6
225 381 5
225 382 3
225 383 8
225 389 10
225 392 4
225 395 3
225 397 10
225 400 7
225 403 4
225 404 6
225 407 9
225 408 4
225 409 8
225 412 1
225 413 3
225 414 6
225 418 5
225 420 9
225 421 8
225 422 5
225 423 6
225 426 10
225 427 5
225 429 9
225 431 5
225 433 9
225 437 5
225 438 9
225 440 10
225 441 4
225 442 2
225 443 1
225 444 5
225 449 7
226 227 1
226 229 4
226 231 9
226 234 1
226 235 9
226 236 6
226 237 6
226 241 5
226 242 7
226 244 3
226 247 3
226 248 6
226 249 2
226 251 10
226 252 8
226 253 1
226 254 2
226 255 9
226 257 9
226 258 5
226 259 10
226 260 9
226 263 7
226 266 6
226 268 6
226 270 6
226 272 4
226 273 10
226 274 2
226 276 2
226 278 7
226 280 1
226 282 9
226 283 1
226 284 10
226 286 3
226 287 5
226 288 10
226 291 6
226 292 7
226 293 9
226 295 8
226 296 6
226 297 1
226 299 3
226 300 3
226 305 6
226 309 6
226 313 3
226 315 2
226 317 7
226 322 9
226 323 5
226 324 10
226 327 4
226 328 2
226 329 4
226 330 2
226 333 7
226 334 6
226 337 1
226 338 1
226 339 1
226 340 6
226 341 7
226 342 4
226 343 7
226 346 1
226 348 9
226 350 6
226 351 10
226 352 4
226 354 8
226 358 7
226 359 10
226 360 10
226 362 5
226 363 8
226 366 3
226 367 4
226 369 6
226 370 4
226 373 1
226 375 5
226 380 10
226 381 2
226 383 8
226 384 1
226 385 8
226 388 4
226 389 3
226 390 1
226 396 7
226 400 8
226 401 1
226 403 8
226 407 3
226 408 7
226 409 1
226 416 8
226 419 10
226 420 7
226 421 7
226 424 4
226 435 5
226 437 2
226 438 4
226 442 10
226 443 8
226 444 8
226 447 9
227 228 5
227 231 10
227 234 8
227 237 2
227 240 7
227 241 7
227 243 8
227 244 7
227 245 3
227 246 5
227 247 3
227 248 4
227 250 1
227 252 9
227 254 4
227 255 8
227 258 5
227 260 1
227 264 1
227 265 1
227 266 9
227 269 6
227 271 4
227 272 10
227 274 9
227 276 8
227 278 8
227 281 3
227 283 8
227 284 8
227 285 10
227 286 3
227 287 6
227 289 5
227 296 2
227 297 3
227 298 4
227 300 1
227 301 5
227 302 7
227 303 3
227 305 3
227 306 1
227 309 2
227 310 7
227 311 3
227 313 7
227 314 2
227 315 3
227 316 7
227 321 5
227 323 5
227 324 3
227 325 4
227 329 9
227 331 3
227 332 1
227 333 3
227 334 5
227 335 2
227 336 8
227 337 5
227 338 5
227 339 1
227 340 9
227 342 2
227 343 6
227 344 7
227 347 9
227 348 3
227 349 6
227 353 3
227 355 1
227 356 6
227 358 8
227 359 6
227 363 10
227 364 2
227 367 5
227 369 10
227 370 8
227 373 5
227 374 1
227 375 2
227 376 2
227 381 6
227 385 4
227 386 1
227 388 6
227 389 1
227 390 3
227 392 1
227 394 8
227 395 4
227 398 6
227 400 3
227 401 7
227 405 4
227 406 3
227 409 3
227 410 8
227 411 9
227 412 5
227 413 5
227 418 2
227 420 5
227 421 5
227 423 6
227 424 7
227 426 6
227 429 4
227 432 6
227 433 1
227 434 10
227 438 9
227 439 8
227 441 6
227 444 5
227 445 7
227 446 10
227 447 7
227 448 6
228 232 10
228 233 2
228 236 10
228 237 3
228 238 1
228 239 8
228 240 9
228 243 8
228 244 4
228 248 5
228 249 10
228 252 9
228 253 9
228 254 10
228 259 6
228 260 6
228 261 6
228 266 5
228 267 9
228 268 2
228 270 6
228 272 9
228 273 9
228 276 5
228 279 5
228 281 8
228 282 2
228 284 7
228 285 2
228 287 5
228 289 10
228 291 7
228 297 10
228 298 9
228 299 1
228 300 7
228 301 1
228 305 8
228 310 7
228 311 1
228 313 3
228 314 6
228 315 3
228 316 9
228 318 9
228 319 9
228 322 2
228 323 5
228 325 3
228 326 8
228 327 6
228 328 7
228 329 9
228 331 9
228 332 3
228 333 5
228 335 10
228 337 10
228 339 10
228 340 2
228 341 3
228 345 10
228 347 6
228 348 3
228 349 9
228 350 4
228 351 6
228 359 1
228 363 5
228 364 8
228 371 5
228 372 7
228 373 8
228 374 10
228 376 4
228 381 4
228 385 5
228 386 9
228 387 4
228 389 3
228 396 4
228 398 2
228 399 2
228 400 7
228 402 7
228 404 1
228 407 7
228 410 1
228 411 6
228 414 7
228 419 4
228 420 10
228 423 4
228 424 7
228 425 5
228 430 8
228 431 10
228 432 10
228 433 7
228 435 3
228 437 5
228 440 7
228 443 6
228 444 2
228 448 7
229 230 6
229 235 9
229 236 9
229 238 1
229 239 8
229 240 2
229 242 9
229 243 7
229 244 8
229 246 8
229 247 6
229 249 2
229 252 2
229 257 7
229 258 8
229 261 5
229 263 5
229 264 2
229 269 1
229 271 2
229 272 9
229 273 8
229 276 5
229 281 1
229 282 1
229 284 4
229 285 6
229 286 6
229 287 1
229 291 4
229 298 5
229 299 6
229 301 2
229 304 5
229 307 7
229 308 2
229 310 10
229 313 4
229 315 3
229 319 3
229 321 6
229 322 5
229 323 6
229 326 8
229 328 4
229 330 7
229 335 9
229 338 7
229 339 10
229 341 7
229 342 2
229 344 8
229 345 3
229 346 10
229 347 9
229 348 9
229 350 8
229 351 1
229 352 1
229 355 4
229 356 4
229 357 5
229 358 7
229 359 5
229 361 4
229 363 10
229 364 4
229 366 2
229 367 2
229 368 6
229 371 1
229 374 9
229 375 6
229 377 7
229 378 10
229 380 6
229 381 10
229 382 6
229 386 10
229 387 9
229 388 9
229 391 4
229 394 2
229 395 3
229 396 9
229 398 8
229 401 9
229 402 2
229 404 2
229 405 2
229 407 3
229 408 4
229 409 2
229 410 8
229 412 9
229 415 9
229 418 10
229 422 3
229 427 10
229 428 5
229 429 7
229 430 3
229 433 5
229 434 7
229 435 5
229 436 8
229 442 7
229 444 9
229 445 9
229 446 5
229 447 5
229 448 1
230 233 4
230 234 8
230 236 10
230 237 5
230 240 10
230 242 1
230 244 9
230 245 2
230 246 3
230 247 3
230 250 3
230 251 7
230 252 10
230 253 3
230 254 5
230 256 6
230 257 5
230 261 9
230 264 9
230 265 3
230 271 9
230 273 5
230 277 3
230 279 1
230 280 7
230 282 8
230 288 6
230 289 4
230 292 1
230 297 4
230 300 10
230 301 1
230 305 6
230 307 8
230 308 6
230 309 8
230 310 5
230 311 7
230 313 6
230 314 4
230 316 7
230 317 10
230 318 4
230 319 2
230 323 2
230 324 1
230 326 6
230 329 6
230 331 6
230 332 1
230 333 10
230 335 6
230 336 9
230 337 5
230 338 3
230 339 5
230 340 3
230 344 2
230 346 10
230 347 5
230 348 4
230 349 10
230 350 10
230 352 4
230 354 3
230 356 8
230 357 4
230 358 7
230 360 4
230 361 7
230 365 6
230 366 3
230 373 5
230 374 6
230 376 9
230 377 9
230 379 3
230 381 10
230 382 10
230 383 10
230 384 1
230 390 1
230 391 9
230 395 7
230 396 4
230 397 7
230 401 5
230 402 7
230 404 10
230 406 4
230 407 9
230 408 7
230 409 9
230 410 7
230 411 10
230 412 2
230 413 10
230 414 1
230 417 1
230 418 6
230 421 10
230 433 5
230 434 1
230 436 8
230 438 5
230 442 8
230 445 8
230 447 8
231 235 5
231 236 3
231 237 4
231 238 6
231 247 6
231 248 4
231 250 7
231 251 3
231 252 4
231 254 4
231 255 8
231 256 3
231 257 6
231 260 8
231 262 6
231 264 2
231 265 2
231 267 8
231 268 10
231 271 7
231 273 7
231 274 1
231 276 8
231 277 1
231 279 8
231 280 9
231 281 5
231 291 4
231 292 2
231 294 7
231 295 1
231 299 4
231 301 6
231 303 5
231 305 5
231 306 4
231 308 2
231 310 4
231 311 5
231 312 5
231 315 5
231 317 9
231 319 6
231 320 7
231 321 9
231 325 7
231 327 7
231 328 5
231 329 3
231 338 1
231 340 7
231 342 2
231 346 6
231 349 1
231 351 6
231 353 7
231 354 1
231 359 2
231 362 6
231 364 4
231 366 10
231 371 3
231 373 10
231 374 1
231 375 10
231 379 7
231 381 1
231 383 8
231 388 8
231 391 2
231 392 1
231 394 4
231 404 2
231 409 6
231 410 6
231 411 4
231 412 2
231 415 9
231 416 5
231 417 7
231 423 8
231 424 5
231 426 2
231 428 9
231 432 2
231 433 5
231 434 10
231 437 10
231 438 2
231 440 10
231 443 2
231 445 5
231 446 8
231 448 4
231 449 10
232 234 7
232 235 9
232 236 4
232 237 2
232 238 5
232 239 6
232 240 10
232 241 7
232 242 3
232 245 2
232 246 5
232 247 2
232 249 2
232 250 5
232 253 2
232 255 5
232 256 5
232 257 6
232 260 1
232 262 6
232 264 4
232 265 8
232 267 3
232 269 10
232 270 4
232 272 3
232 274 5
232 276 2
232 278 6
232 281 8
232 282 1
232 283 9
232 286 2
232 287 3
232 288 4
232 290 9
232 292 1
232 293 7
232 294 6
232 295 8
232 298 4
232 299 1
232 300 8
232 301 9
232 303 9
232 304 8
232 309 9
232 312 5
232 314 6
232 315 2
232 317 4
232 318 5
232 320 9
232 321 9
232 322 6
232 324 4
232 326 6
232 328 10
232 329 8
232 331 3
232 332 7
232 333 8
232 334 6
232 335 9
232 339 8
232 340 8
232 341 9
232 346 3
232 353 8
232 354 4
232 360 3
232 362 3
232 363 10
232 364 7
232 371 2
232 372 6
232 376 3
232 377 6
232 379 7
232 380 10
232 381 5
232 382 6
232 383 7
232 384 9
232 385 5
232 387 10
232 388 8
232 390 7
232 393 9
232 396 7
232 398 7
232 400 10
232 402 5
232 403 5
232 404 8
232 405 8
232 406 5
232 408 3
232 409 7
232 411 4
232 412 4
232 416 10
232 418 9
232 419 8
232 420 7
232 421 8
232 422 9
232 423 4
232 424 10
232 425 6
232 427 10
232 428 9
232 430 9
232 431 3
232 432 2
232 435 6
232 436 3
232 437 7
232 438 8
232 441 4
232 442 6
232 443 8
232 445 6
232 446 2
233 234 6
233 235 4
233 236 8
233 237 8
233 240 4
233 242 6
233 243 6
233 250 9
233 251 8
233 252 1
233 254 3
233 255 10
233 256 8
233 261 9
233 263 2
233 265 1
233 267 5
233 270 5
233 271 8
233 272 8
233 273 9
233 274 3
233 277 4
233 278 2
233 281 10
233 282 4
233 283 3
233 284 6
233 286 8
233 288 1
233 289 1
233 291 8
233 292 6
233 294 1
233 295 8
233 296 2
233 300 8
233 301 4
233 303 7
233 305 3
233 306 7
233 310 2
233 314 10
233 315 5
233 319 3
233 326 1
233 327 8
233 328 5
233 330 3
233 333 2
233 336 3
233 338 2
233 339 1
233 340 7
233 342 7
233 343 3
233 344 4
233 346 5
233 348 8
233 349 1
233 351 10
233 353 1
233 357 5
233 358 9
233 359 10
233 360 8
233 369 5
233 371 2
233 373 4
233 378 1
233 379 3
233 381 9
233 382 9
233 383 4
233 384 9
233 386 10
233 390 2
233 391 8
233 392 4
233 394 8
233 399 8
233 403 5
233 404 2
233 407 5
233 410 1
233 412 3
233 413 8
233 415 5
233 418 6
233 421 8
233 422 1
233 424 3
233 425 8
233 427 7
233 429 2
233 430 3
233 432 3
233 433 2
233 434 6
233 436 7
233 437 7
233 438 2
233 439 6
233 440 5
233 442 1
233 443 8
233 444 4
233 447 10
233 448 10
234 235 4
234 236 1
234 238 1
234 239 2
234 240 3
234 249 5
234 250 5
234 251 9
234 255 2
234 256 1
234 258 5
234 260 8
234 261 7
234 264 9
234 266 5
234 267 2
234 269 1
234 270 2
234 272 8
234 275 6
234 281 10
234 282 9
234 283 8
234 285 6
234 292 7
234 295 1
234 297 4
234 298 7
234 301 10
234 304 7
234 307 3
234 308 1
234 310 8
234 311 2
234 312 6
234 313 8
234 314 9
234 315 9
234 318 2
234 319 6
234 321 6
234 322 2
234 323 9
234 324 5
234 325 1
234 327 5
234 332 8
234 333 10
234 337 2
234 340 7
234 341 8
234 343 6
234 345 2
234 351 1
234 352 9
234 355 10
234 356 5
234 357 5
234 358 2
234 359 7
234 360 5
234 361 6
234 363 4
234 367 3
234 369 1
234 371 10
234 374 5
234 375 10
234 377 9
234 379 7
234 381 6
234 384 6
234 386 10
234 389 5
234 390 6
234 391 6
234 393 10
234 395 8
234 399 5
234 403 5
234 405 10
234 408 10
234 411 6
234 412 8
234 415 9
234 416 4
234 417 3
234 418 7
234 420 3
234 421 6
234 423 6
234 424 10
234 426 9
234 428 3
234 429 10
234 431 6
234 432 2
234 437 6
234 439 1
234 441 7
234 442 4
234 443 1
234 445 4
234 448 3
234 449 8
235 236 2
235 238 3
235 239 10
235 240 2
235 241 9
235 243 7
235 245 8
235 246 2
235 248 6
235 251 8
235 255 9
235 258 10
235 259 1
235 261 8
235 262 4
235 267 2
235 268 3
235 271 5
235 272 7
235 274 9
235 277 1
235 278 10
235 281 10
235 282 4
235 284 2
235 285 5
235 287 3
235 291 6
235 292 9
235 293 2
235 296 1
235 297 8
235 298 5
235 302 5
235 304 7
235 308 6
235 310 5
235 311 3
235 313 6
235 314 3
235 318 7
235 320 7
235 325 2
235 327 10
235 328 6
235 329 5
235 330 5
235 333 7
235 334 2
235 335 3
235 339 9
235 348 7
235 349 2
235 351 7
235 353 7
235 357 3
235 359 9
235 361 3
235 363 8
235 365 2
235 366 7
235 373 9
235 374 7
235 380 4
235 381 5
235 382 10
235 385 7
235 388 1
235 390 4
235 392 9
235 393 6
235 394 2
235 399 9
235 400 7
235 401 10
235 402 9
235 403 9
235 404 4
235 406 10
235 407 1
235 408 2
235 409 7
235 410 1
235 411 10
235 413 4
235 416 7
235 419 9
235 420 2
235 421 10
235 422 2
235 423 10
235 426 4
235 433 6
235 434 7
235 435 10
235 437 6
235 439 1
235 441 1
235 446 7
235 449 4
236 242 2
236 243 3
236 244 3
236 246 3
236 247 8
236 249 9
236 253 7
236 254 6
236 258 7
236 259 5
236 260 8
236 262 10
236 263 10
236 264 5
236 265 1
236 266 5
236 268 3
236 269 2
236 271 10
236 272 1
236 273 6
236 274 7
236 275 10
236 276 9
236 280 3
236 281 9
236 285 1
236 290 3
236 292 7
236 295 6
236 296 1
236 297 1
236 299 10
236 301 3
236 307 3
236 309 1
236 310 9
236 312 6
236 313 3
236 314 5
236 315 10
236 319 9
236 320 1
236 323 8
236 327 9
236 329 1
236 330 1
236 331 6
236 332 5
236 333 8
236 334 2
236 335 7
236 336 1
236 339 5
236 341 2
236 343 6
236 344 10
236 345 7
236 348 9
236 352 7
236 353 2
236 355 10
236 357 8
236 358 4
236 360 4
236 362 10
236 363 3
236 364 6
236 367 1
236 369 1
236 375 3
236 378 6
236 380 8
236 381 4
236 384 7
236 385 7
236 388 4
236 392 1
236 395 10
236 398 2
236 399 8
236 402 3
236 403 10
236 407 5
236 409 7
236 410 5
236 411 2
236 413 3
236 415 7
236 419 9
236 420 4
236 423 1
236 425 5
236 427 7
236 432 1
236 436 4
236 437 5
236 442 10
236 443 7
236 444 2
236 445 1
236 446 9
236 448 10
236 449 1
237 238 9
237 241 5
237 242 3
237 243 5
237 248 7
237 249 7
237 250 6
237 251 4
237 252 8
237 256 7
237 258 9
237 260 4
237 261 5
237 263 9
237 264 3
237 265 8
237 266 5
237 267 3
237 270 10
237 273 5
237 274 1
237 277 2
237 278 3
237 279 3
237 282 1
237 283 5
237 286 3
237 288 10
237 289 5
237 293 2
237 296 5
237 297 1
237 298 5
237 299 1
237 301 6
237 302 10
237 303 7
237 304 4
237 306 4
237 307 6
237 311 10
237 313 8
237 316 3
237 319 8
237 322 7
237 323 2
237 325 5
237 326 5
237 327 10
237 328 3
237 330 10
237 335 9
237 336 10
237 339 10
237 342 3
237 343 6
237 344 7
237 347 6
237 350 10
237 351 6
237 352 3
237 353 4
237 355 10
237 356 4
237 358 1
237 359 8
237 361 1
237 364 8
237 366 9
237 368 2
237 375 6
237 377 7
237 378 3
237 380 5
237 381 10
237 382 3
237 385 8
237 386 3
237 387 9
237 389 6
237 390 6
237 395 3
237 396 4
237 397 3
237 406 1
237 408 6
237 409 3
237 410 8
237 411 5
237 412 7
237 413 5
237 418 5
237 419 6
237 420 6
237 422 2
237 423 9
237 427 9
237 429 6
237 431 3
237 435 6
237 439 8
237 440 8
237 442 7
237 443 8
237 447 9
237 449 5
238 239 2
238 241 5
238 242 10
238 243 5
238 244 2
238 246 8
238 248 8
238 252 10
238 255 9
238 257 1
238 259 3
238 260 3
238 264 7
238 265 1
238 266 10
238 267 9
238 269 5
238 270 10
238 271 6
238 272 10
238 274 8
238 275 7
238 276 8
238 277 6
238 281 3
238 283 2
238 285 10
238 288 10
238 289 9
238 291 5
238 295 4
238 298 5
238 299 3
238 302 10
238 304 6
238 305 4
238 308 5
238 316 8
238 318 8
238 320 3
238 323 9
238 324 4
238 327 4
238 332 9
238 333 7
238 337 5
238 340 10
238 341 3
238 345 8
238 347 1
238 348 8
238 351 1
238 358 2
238 360 5
238 363 3
238 364 9
238 365 9
238 366 4
238 367 3
238 372 10
238 377 8
238 379 2
238 380 2
238 381 6
238 383 9
238 385 6
238 388 10
238 389 6
238 390 1
238 391 8
238 392 7
238 395 8
238 396 7
238 397 8
238 399 10
238 400 7
238 402 8
238 403 7
238 407 8
238 409 1
238 410 4
238 411 4
238 412 9
238 413 4
238 414 4
238 417 3
238 418 1
238 420 3
238 422 3
238 423 9
238 426 9
238 428 7
238 429 10
238 430 3
238 431 9
238 432 10
238 434 4
238 435 10
238 437 2
238 438 10
238 440 2
238 441 6
238 444 10
238 446 4
238 448 4
239 240 7
239 241 1
239 242 3
239 243 8
239 245 2
239 247 9
239 248 6
239 249 8
239 250 1
239 253 6
239 258 10
239 262 6
239 264 6
239 268 4
239 270 4
239 273 2
239 275 10
239 279 7
239 280 3
239 281 10
239 282 1
239 283 3
239 284 3
239 285 9
239 287 9
239 290 6
239 292 10
239 295 6
239 296 7
239 300 1
239 301 10
239 302 2
239 306 7
239 307 8
239 308 1
239 311 9
239 312 1
239 314 10
239 316 6
239 323 7
239 324 7
239 328 9
239 330 5
239 332 1
239 333 3
239 336 4
239 340 1
239 341 10
239 342 7
239 343 4
239 344 1
239 348 2
239 350 9
239 351 1
239 352 4
239 354 1
239 355 5
239 358 4
239 359 10
239 360 8
239 361 9
239 362 5
239 363 2
239 366 5
239 368 7
239 370 6
239 372 7
239 375 7
239 379 6
239 380 10
239 381 2
239 382 8
239 383 8
239 387 7
239 388 5
239 389 6
239 390 6
239 391 5
239 395 6
239 396 6
239 398 3
239 400 7
239 401 1
239 402 7
239 403 1
239 411 3
239 414 9
239 415 5
239 416 7
239 417 5
239 418 5
239 421 7
239 422 10
239 423 1
239 424 3
239 427 2
239 428 3
239 429 4
239 435 4
239 437 2
239 438 4
239 443 9
239 444 3
239 446 8
239 447 6
239 449 4
240 242 3
240 243 4
240 244 8
240 245 8
240 251 3
240 252 3
240 253 10
240 254 5
240 255 2
240 256 2
240 258 1
240 259 4
240 260 1
240 262 6
240 264 10
240 265 2
240 266 3
240 267 7
240 273 4
240 274 5
240 277 7
240 283 3
240 285 10
240 287 1
240 296 2
240 303 6
240 305 6
240 306 10
240 313 3
240 314 5
240 315 4
240 317 8
240 319 3
240 320 1
240 321 3
240 322 6
240 327 2
240 329 8
240 330 1
240 331 4
240 332 5
240 333 4
240 335 5
240 337 3
240 339 10
240 341 4
240 342 7
240 344 3
240 346 3
240 350 10
240 352 7
240 354 5
240 357 5
240 358 7
240 359 9
240 361 7
240 363 2
240 364 2
240 365 10
240 366 4
240 368 5
240 369 6
240 374 10
240 375 2
240 376 7
240 377 9
240 380 7
240 382 7
240 387 3
240 388 1
240 390 6
240 391 3
240 392 3
240 397 8
240 401 7
240 406 8
240 408 6
240 411 10
240 413 7
240 414 6
240 415 5
240 417 7
240 418 4
240 423 8
240 427 9
240 431 5
240 432 6
240 435 10
240 437 1
240 439 1
240 441 2
240 443 3
240 444 2
240 445 5
240 447 3
240 448 10
241 243 10
241 244 8
241 246 7
241 247 10
241 249 10
241 250 1
241 251 7
241 253 4
241 254 10
241 256 3
241 257 9
241 258 2
241 262 5
241 265 1
241 266 8
241 267 1
241 268 10
241 269 5
241 271 6
241 274 5
241 275 6
241 277 8
241 278 9
241 281 3
241 285 5
241 287 10
241 289 5
241 291 2
241 295 4
241 296 10
241 297 4
241 299 10
241 300 7
241 301 10
241 302 6
241 303 10
241 305 6
241 306 3
241 308 6
241 309 4
241 313 1
241 315 5
241 318 10
241 320 10
241 323 9
241 324 2
241 325 1
241 328 9
241 329 9
241 330 10
241 332 7
241 333 2
241 335 1
241 339 7
241 341 8
241 344 1
241 345 2
241 348 1
241 349 5
241 351 5
241 354 10
241 356 3
241 358 8
241 360 3
241 361 6
241 362 5
241 365 3
241 368 4
241 369 10
241 371 7
241 375 5
241 376 2
241 378 4
241 380 9
241 382 5
241 386 6
241 387 4
241 389 3
241 390 4
241 393 6
241 394 7
241 395 10
241 397 6
241 398 2
241 399 4
241 401 9
241 402 4
241 403 7
241 404 1
241 406 8
241 407 5
241 408 5
241 411 3
241 414 5
241 415 2
241 416 6
241 417 1
241 418 7
241 419 8
241 422 5
241 423 3
241 424 7
241 425 3
241 426 8
241 427 10
241 428 4
241 429 9
241 430 10
241 431 2
241 432 10
241 435 3
241 438 2
241 439 8
241 440 5
241 442 6
241 449 9
242 243 8
242 245 9
242 246 6
242 247 6
242 251 10
242 254 3
242 255 1
242 256 2
242 257 1
242 261 7
242 263 8
242 265 9
242 266 3
242 269 4
242 270 1
242 272 6
242 277 6
242 281 1
242 282 10
242 284 8
242 287 5
242 288 2
242 289 7
242 291 5
242 293 7
242 294 7
242 295 5
242 296 1
242 297 3
242 298 10
242 303 4
242 304 5
242 305 6
242 309 6
242 310 4
242 312 4
242 313 10
242 314 2
242 315 7
242 318 8
242 321 7
242 325 6
242 326 6
242 327 7
242 329 4
242 331 9
242 332 7
242 334 2
242 335 2
242 337 2
242 338 2
242 339 2
242 342 5
242 344 6
242 345 2
242 348 3
242 350 7
242 351 8
242 353 2
242 354 1
242 357 4
242 360 10
242 364 6
242 365 4
242 368 2
242 370 10
242 371 2
242 373 4
242 377 1
242 383 2
242 386 9
242 389 2
242 393 2
242 395 6
242 396 1
242 398 7
242 399 2
242 402 8
242 403 7
242 404 4
242 405 1
242 408 8
242 410 2
242 411 7
242 412 1
242 414 1
242 415 6
242 416 5
242 425 5
242 426 5
242 427 7
242 429 7
242 430 3
242 433 2
242 435 7
242 437 3
242 438 5
242 439 10
242 440 8
242 441 10
242 443 7
242 444 5
242 446 5
242 447 6
242 449 4
243 245 2
243 250 9
243 253 8
243 258 8
243 259 1
243 262 8
243 263 4
243 266 5
243 267 9
243 276 8
243 277 10
243 279 2
243 281 2
243 282 3
243 283 6
243 284 10
243 286 5
243 287 3
243 289 9
243 291 10
243 292 5
243 293 4
243 295 8
243 297 4
243 299 2
243 300 5
243 301 1
243 302 6
243 306 1
243 307 4
243 308 5
243 310 2
243 311 1
243 320 9
243 322 8
243 325 4
243 326 5
243 327 10
243 333 4
243 336 10
243 337 1
243 339 4
243 341 9
243 343 9
243 347 8
243 350 3
243 351 7
243 353 7
243 354 9
243 355 2
243 356 5
243 357 6
243 359 8
243 363 8
243 366 9
243 367 2
243 371 2
243 372 8
243 374 5
243 375 3
243 379 4
243 381 6
243 382 5
243 383 4
243 385 4
243 386 9
243 387 4
243 391 8
243 392 7
243 394 3
243 395 3
243 396 2
243 397 2
243 398 6
243 401 7
243 403 6
243 404 2
243 405 9
243 406 3
243 407 2
243 409 5
243 410 2
243 420 2
243 426 2
243 428 10
243 431 1
243 433 5
243 435 8
243 439 2
243 440 2
243 441 7
243 445 4
243 446 4
243 448 4
244 247 6
244 248 5
244 250 7
244 251 10
244 254 10
244 256 3
244 259 10
244 262 4
244 266 5
244 268 1
244 269 1
244 272 8
244 275 4
244 277 10
244 278 8
244 279 1
244 280 10
244 281 8
244 283 2
244 286 3
244 288 2
244 290 3
244 291 4
244 292 3
244 294 6
244 295 10
244 297 3
244 298 2
244 299 7
244 303 4
244 304 9
244 306 6
244 309 6
244 312 4
244 313 4
244 322 5
244 325 1
244 326 1
244 327 1
244 329 7
244 330 10
244 331 4
244 333 7
244 334 5
244 338 10
244 339 1
244 346 9
244 348 2
244 352 8
244 358 6
244 359 2
244 360 3
244 361 1
244 362 1
244 365 4
244 366 3
244 367 5
244 368 9
244 372 6
244 374 3
244 376 3
244 377 9
244 378 1
244 379 2
244 380 6
244 381 3
244 383 4
244 386 1
244 387 9
244 388 10
244 390 2
244 391 7
244 393 9
244 394 10
244 398 10
244 401 7
244 404 4
244 406 8
244 407 10
244 409 3
244 410 2
244 411 4
244 412 9
244 414 1
244 415 6
244 420 4
244 423 7
244 424 1
244 426 1
244 428 8
244 431 4
244 432 6
244 433 4
244 436 3
244 438 3
244 440 6
244 441 5
244 442 10
244 445 1
244 446 1
244 448 4
245 246 4
245 248 3
245 249 2
245 254 5
245 255 2
245 256 7
245 258 9
245 260 10
245 261 4
245 262 2
245 263 3
245 264 9
245 265 3
245 267 5
245 269 2
245 270 10
245 275 5
245 276 4
245 277 9
245 278 4
245 279 8
245 281 8
245 283 1
245 286 8
245 287 3
245 288 8
245 290 6
245 292 4
245 293 10
245 295 4
245 296 10
245 298 5
245 299 9
245 302 9
245 303 3
245 305 5
245 306 2
245 307 10
245 309 1
245 310 4
245 312 9
245 313 7
245 314 8
245 315 7
245 316 2
245 317 3
245 318 1
245 319 1
245 322 6
245 325 3
245 332 7
245 333 7
245 334 10
245 335 6
245 336 3
245 340 3
245 342 4
245 343 10
245 344 7
245 345 1
245 347 7
245 348 8
245 351 6
245 352 2
245 354 3
245 355 3
245 359 8
245 360 3
245 363 9
245 367 6
245 368 5
245 369 9
245 372 10
245 374 9
245 378 7
245 379 8
245 380 1
245 386 5
245 391 9
245 395 4
245 397 7
245 405 10
245 407 5
245 409 4
245 413 7
245 415 10
245 419 3
245 421 1
245 422 3
245 425 5
245 427 4
245 433 9
245 434 5
245 435 7
245 436 9
245 437 7
245 439 5
245 440 3
245 443 10
245 445 5
245 446 7
245 447 8
245 448 1
245 449 6
246 247 8
246 249 9
246 250 7
246 251 8
246 252 5
246 255 9
246 256 3
246 258 2
246 260 5
246 264 5
246 265 1
246 266 8
246 269 8
246 270 4
246 273 1
246 274 2
246 277 1
246 278 2
246 279 3
246 280 9
246 281 10
246 282 6
246 284 9
246 285 1
246 286 9
246 287 5
246 288 10
246 291 10
246 297 10
246 299 4
246 303 6
246 304 2
246 305 4
246 306 2
246 308 6
246 314 4
246 316 1
246 317 4
246 322 10
246 323 1
246 324 1
246 326 6
246 329 6
246 331 6
246 335 2
246 341 2
246 342 6
246 345 3
246 346 7
246 347 3
246 348 2
246 352 5
246 354 10
246 355 4
246 356 10
246 357 3
246 362 4
246 363 9
246 365 2
246 366 1
246 369 10
246 371 2
246 372 8
246 375 6
246 382 4
246 385 5
246 386 6
246 387 1
246 389 8
246 390 10
246 392 8
246 396 5
246 397 6
246 399 9
246 400 2
246 406 7
246 407 1
246 408 10
246 409 3
246 413 2
246 415 3
246 416 7
246 418 3
246 421 6
246 422 1
246 423 1
246 424 7
246 428 2
246 430 10
246 432 4
246 434 10
246 435 3
246 436 3
246 437 4
246 438 10
246 439 1
246 442 1
246 443 7
246 444 9
246 446 8
247 248 9
247 249 9
247 250 6
247 251 5
247 252 4
247 254 4
247 255 10
247 257 3
247 258 4
247 259 6
247 260 7
247 263 4
247 266 5
247 268 2
247 269 4
247 270 2
247 273 9
247 276 8
247 277 2
247 278 1
247 282 6
247 283 8
247 285 7
247 287 2
247 291 10
247 294 1
247 297 4
247 298 4
247 299 7
247 300 10
247 301 10
247 304 8
247 305 3
247 306 9
247 307 10
247 308 10
247 311 8
247 314 4
247 315 2
247 316 1
247 317 4
247 318 8
247 319 4
247 322 4
247 323 7
247 324 10
247 325 2
247 330 2
247 337 10
247 338 7
247 339 7
247 340 6
247 341 3
247 342 4
247 345 6
247 347 5
247 351 7
247 354 8
247 359 4
247 365 8
247 366 7
247 368 7
247 369 9
247 371 3
247 376 6
247 378 4
247 381 1
247 382 8
247 383 3
247 387 8
247 388 3
247 389 6
247 390 1
247 392 10
247 393 2
247 394 1
247 396 4
247 397 6
247 400 4
247 401 6
247 405 2
247 406 8
247 407 3
247 408 3
247 409 8
247 410 3
247 413 5
247 415 2
247 417 8
247 418 2
247 421 10
247 422 1
247 426 6
247 430 8
247 431 10
247 434 2
247 437 1
247 438 7
247 439 7
247 440 5
247 441 5
247 448 1
247 449 2
248 251 7
248 252 5
248 254 4
248 257 10
248 258 9
248 259 7
248 261 6
248 262 3
248 264 2
248 266 7
248 267 8
248 268 9
248 269 7
248 270 10
248 272 3
248 277 8
248 278 10
248 279 3
248 281 5
248 283 4
248 284 4
248 285 3
248 286 2
248 287 9
248 288 3
248 289 5
248 291 10
248 293 2
248 296 8
248 298 10
248 301 7
248 303 3
248 304 4
248 305 7
248 308 5
248 309 5
248 311 8
248 312 3
248 315 10
248 316 2
248 319 7
248 321 8
248 323 9
248 324 3
248 327 4
248 328 3
248 332 1
248 334 8
248 335 10
248 337 5
248 338 9
248 342 4
248 343 8
248 346 10
248 347 10
248 350 5
248 351 4
248 354 5
248 360 5
248 366 9
248 369 6
248 371 9
248 374 4
248 375 6
248 380 9
248 381 4
248 382 1
248 392 1
248 396 5
248 398 7
248 400 5
248 402 2
248 405 9
248 408 9
248 409 3
248 410 7
248 412 6
248 415 4
248 417 10
248 418 6
248 420 3
248 422 7
248 423 6
248 424 6
248 429 9
248 431 4
248 433 10
248 435 6
248 436 5
248 437 7
248 440 7
248 441 5
248 442 5
248 443 3
248 446 2
249 251 3
249 259 3
249 260 4
249 261 10
249 264 4
249 267 5
249 268 7
249 272 4
249 276 2
249 277 10
249 278 3
249 280 10
249 281 9
249 286 5
249 287 7
249 288 10
249 290 7
249 299 2
249 300 2
249 305 9
249 308 4
249 310 1
249 312 5
249 314 10
249 315 3
249 317 7
249 320 5
249 321 9
249 323 1
249 326 2
249 327 10
249 328 4
249 330 7
249 331 10
249 332 6
249 335 8
249 336 6
249 339 9
249 340 9
249 342 1
249 343 1
249 344 2
249 345 5
249 346 10
249 347 4
249 348 6
249 350 2
249 355 9
249 356 9
249 357 6
249 358 4
249 359 3
249 361 3
249 366 9
249 367 6
249 368 8
249 369 9
249 374 5
249 375 4
249 376 9
249 379 6
249 381 6
249 382 3
249 384 2
249 388 7
249 390 9
249 392 4
249 394 2
249 395 4
249 397 8
249 398 9
249 400 8
249 402 4
249 406 1
249 407 5
249 408 7
249 410 6
249 412 1
249 416 9
249 421 2
249 422 7
249 423 9
249 428 8
249 431 6
249 435 10
249 436 2
249 437 9
249 439 3
249 441 9
249 442 10
249 444 6
249 447 6
249 449 3
250 252 6
250 253 4
250 255 6
250 256 10
250 257 5
250 258 2
250 260 1
250 264 9
250 267 1
250 272 5
250 273 1
250 275 6
250 279 6
250 285 9
250 288 5
250 289 8
250 290 10
250 291 4
250 292 8
250 296 8
250 298 6
250 300 9
250 302 4
250 306 2
250 311 5
250 313 7
250 315 9
250 317 3
250 318 5
250 319 10
250 321 5
250 322 4
250 329 4
250 333 5
250 337 1
250 338 2
250 340 9
250 344 3
250 347 3
250 351 3
250 356 3
250 358 5
250 359 2
250 360 8
250 361 3
250 362 3
250 363 4
250 364 8
250 366 7
250 367 5
250 368 1
250 370 6
250 372 4
250 375 10
250 376 8
250 378 1
250 379 1
250 381 1
250 382 9
250 387 7
250 390 4
250 393 8
250 396 3
250 398 2
250 400 10
250 401 9
250 408 8
250 412 2
250 415 7
250 416 2
250 417 4
250 420 3
250 421 1
250 423 7
250 427 9
250 429 6
250 430 3
250 435 3
250 436 6
250 438 8
250 439 1
250 440 9
250 442 3
250 444 2
251 253 1
251 255 2
251 256 1
251 258 7
251 259 7
251 260 1
251 263 9
251 267 4
251 269 5
251 273 10
251 274 10
251 275 6
251 277 7
251 278 5
251 279 7
251 281 5
251 284 1
251 286 9
251 289 2
251 292 8
251 294 4
251 295 2
251 297 4
251 299 5
251 300 1
251 304 3
251 308 8
251 310 7
251 311 1
251 312 7
251 317 7
251 318 10
251 319 3
251 320 4
251 321 2
251 323 9
251 324 1
251 326 8
251 327 10
251 330 6
251 331 2
251 338 7
251 339 8
251 347 7
251 350 8
251 352 1
251 355 2
251 357 3
251 358 3
251 359 9
251 360 3
251 361 8
251 364 2
251 365 1
251 366 8
251 367 6
251 368 8
251 371 9
251 377 1
251 380 10
251 381 8
251 384 8
251 385 5
251 386 4
251 391 6
251 392 8
251 394 7
251 395 8
251 398 7
251 400 8
251 402 3
251 403 1
251 404 4
251 405 4
251 407 5
251 411 10
251 413 2
251 414 8
251 418 7
251 419 4
251 420 5
251 425 2
251 426 7
251 429 9
251 430 3
251 431 8
251 438 6
251 442 10
251 443 9
251 444 5
251 447 3
251 448 2
251 449 8
252 254 3
252 257 2
252 259 5
252 260 1
252 261 9
252 266 9
252 267 10
252 268 5
252 269 3
252 271 8
252 272 1
252 274 2
252 275 4
252 277 6
252 278 2
252 280 7
252 282 2
252 283 4
252 284 10
252 287 10
252 289 2
252 291 2
252 295 6
252 296 7
252 298 9
252 299 10
252 300 7
252 303 8
252 306 4
252 307 7
252 311 8
252 313 9
252 318 6
252 320 9
252 324 4
252 325 8
252 328 7
252 329 8
252 330 1
252 331 6
252 332 9
252 333 2
252 334 8
252 336 10
252 337 9
252 338 1
252 340 3
252 343 4
252 348 1
252 349 6
252 351 8
252 358 1
252 359 7
252 363 4
252 364 4
252 365 1
252 367 7
252 368 5
252 370 3
252 372 5
252 373 9
252 374 7
252 377 3
252 378 3
252 379 2
252 381 9
252 382 1
252 383 8
252 385 8
252 386 1
252 387 5
252 389 3
252 393 6
252 396 6
252 398 2
252 401 3
252 402 5
252 404 9
252 405 4
252 406 2
252 408 1
252 410 7
252 412 10
252 415 2
252 422 1
252 425 1
252 426 9
252 428 6
252 429 10
252 432 4
252 433 3
252 435 8
252 437 2
252 439 6
252 440 2
252 441 2
252 442 7
252 444 9
252 445 9
252 446 10
252 448 5
252 449 9
253 255 10
253 256 4
253 258 2
253 260 1
253 267 7
253 268 3
253 272 3
253 275 7
253 279 1
253 280 3
253 281 6
253 282 4
253 285 4
253 287 7
253 291 6
253 292 4
253 293 4
253 298 3
253 300 6
253 303 6
253 304 5
253 306 3
253 307 7
253 309 5
253 312 1
253 314 2
253 325 7
253 326 4
253 327 9
253 330 3
253 331 6
253 334 5
253 335 3
253 336 7
253 338 6
253 341 2
253 342 5
253 344 2
253 348 5
253 355 8
253 356 6
253 357 10
253 360 6
253 363 6
253 366 5
253 367 7
253 371 3
253 372 9
253 373 4
253 374 6
253 375 6
253 376 4
253 379 7
253 382 1
253 383 6
253 388 9
253 389 2
253 391 5
253 393 10
253 394 2
253 398 5
253 400 1
253 402 4
253 408 6
253 409 3
253 411 6
253 412 9
253 414 5
253 415 6
253 420 9
253 421 2
253 424 2
253 426 6
253 429 8
253 430 1
253 431 5
253 432 8
253 433 4
253 434 10
253 436 4
253 439 7
253 440 10
253 442 6
253 443 6
253 445 6
253 447 4
253 449 10
254 256 2
254 257 4
254 258 10
254 259 9
254 261 6
254 262 3
254 264 9
254 265 9
254 266 10
254 267 6
254 268 6
254 269 3
254 270 5
254 271 3
254 272 4
254 275 3
254 278 8
254 282 8
254 285 3
254 287 2
254 288 3
254 294 9
254 295 7
254 296 8
254 297 2
254 300 5
254 302 7
254 303 4
254 304 9
254 306 1
254 307 7
254 309 10
254 311 6
254 313 4
254 316 7
254 317 8
254 318 9
254 320 1
254 323 3
254 324 6
254 325 1
254 326 7
254 328 9
254 336 2
254 340 6
254 342 4
254 343 9
254 345 9
254 347 3
254 353 1
254 354 4
254 358 7
254 361 5
254 362 7
254 363 10
254 366 7
254 368 3
254 369 6
254 372 2
254 373 8
254 375 10
254 376 5
254 377 1
254 380 9
254 382 2
254 384 7
254 385 5
254 386 4
254 388 2
254 389 10
254 391 10
254 394 8
254 397 4
254 398 6
254 403 1
254 404 9
254 407 2
254 408 9
254 409 5
254 411 4
254 414 1
254 416 2
254 417 10
254 421 7
254 422 2
254 423 1
254 424 10
254 425 9
254 428 3
254 430 6
254 432 3
254 437 5
254 438 10
254 439 6
254 440 2
254 441 3
254 444 9
254 445 3
254 448 9
255 256 10
255 257 6
255 258 8
255 259 8
255 262 3
255 264 7
255 266 4
255 268 2
255 271 8
255 272 4
255 274 7
255 276 1
255 281 2
255 283 4
255 284 7
255 285 8
255 287 2
255 288 2
255 293 3
255 295 7
255 296 1
255 297 4
255 305 5
255 307 9
255 309 2
255 312 5
255 314 10
255 315 5
255 317 5
255 318 9
255 320 2
255 325 1
255 328 10
255 330 2
255 332 1
255 334 8
255 338 9
255 340 2
255 342 7
255 345 8
255 346 5
255 347 6
255 348 6
255 350 10
255 351 3
255 352 4
255 357 8
255 358 9
255 359 3
255 360 3
255 361 6
255 363 2
255 364 10
255 366 4
255 369 7
255 373 9
255 374 5
255 378 4
255 379 10
255 381 6
255 382 3
255 383 8
255 386 3
255 390 1
255 391 5
255 393 1
255 394 5
255 395 4
255 397 4
255 398 2
255 403 6
255 404 3
255 411 1
255 412 6
255 422 3
255 423 8
255 426 1
255 430 10
255 432 3
255 433 2
255 434 3
255 438 10
255 439 6
255 440 8
255 441 4
255 444 1
256 260 5
256 262 4
256 264 4
256 265 8
256 268 3
256 269 9
256 270 6
256 271 3
256 276 7
256 278 8
256 279 1
256 280 3
256 283 4
256 291 4
256 294 8
256 295 1
256 296 1
256 299 1
256 302 2
256 304 3
256 307 4
256 309 6
256 312 3
256 316 1
256 317 8
256 320 2
256 321 5
256 324 4
256 326 2
256 328 6
256 330 1
256 333 7
256 336 10
256 338 1
256 339 3
256 342 9
256 344 4
256 345 2
256 346 6
256 349 10
256 350 7
256 351 6
256 352 8
256 355 4
256 358 9
256 359 2
256 365 1
256 367 10
256 370 9
256 372 8
256 373 4
256 374 3
256 375 4
256 377 6
256 378 2
256 380 5
256 381 7
256 382 5
256 384 1
256 385 10
256 388 1
256 389 1
256 396 10
256 397 9
256 398 6
256 400 9
256 401 6
256 404 9
256 405 5
256 406 10
256 407 9
256 409 4
256 410 10
256 411 8
256 417 2
256 418 2
256 421 9
256 428 3
256 429 1
256 430 1
256 432 6
256 433 3
256 434 4
256 439 1
256 441 4
256 446 9
256 447 10
256 448 10
257 259 8
257 262 1
257 263 7
257 264 6
257 265 6
257 266 4
257 269 10
257 271 5
257 272 1
257 275 3
257 277 5
257 279 9
257 283 1
257 286 6
257 287 1
257 291 3
257 292 4
257 293 6
257 294 6
257 295 1
257 298 3
257 299 9
257 300 7
257 301 2
257 302 5
257 304 3
257 305 2
257 312 3
257 313 4
257 314 9
257 315 5
257 319 7
257 320 4
257 324 2
257 326 6
257 331 3
257 340 3
257 342 6
257 344 2
257 350 5
257 351 5
257 354 8
257 355 9
257 356 10
257 357 9
257 359 7
257 361 7
257 362 5
257 363 5
257 364 1
257 365 5
257 368 7
257 371 8
257 372 4
257 374 8
257 375 8
257 381 10
257 383 1
257 384 2
257 386 5
257 388 2
257 389 8
257 390 4
257 393 6
257 397 8
257 400 7
257 404 3
257 405 5
257 406 3
257 408 1
257 412 1
257 414 10
257 416 6
257 418 5
257 420 9
257 422 1
257 423 8
257 425 3
257 427 2
257 429 3
257 432 10
257 434 9
257 436 3
257 439 1
257 440 10
257 444 1
257 446 6
257 447 1
258 259 10
258 262 5
258 263 1
258 265 8
258 267 5
258 269 8
258 271 2
258 272 10
258 275 3
258 278 8
258 279 3
258 281 2
258 284 2
258 285 8
258 288 5
258 289 4
258 291 6
258 294 7
258 295 6
258 298 6
258 301 1
258 302 5
258 308 1
258 311 9
258 312 7
258 320 4
258 321 8
258 324 3
258 325 3
258 326 9
258 334 8
258 335 7
258 336 3
258 338 2
258 340 10
258 341 4
258 344 4
258 345 6
258 349 10
258 351 8
258 356 6
258 357 2
258 359 5
258 361 3
258 362 4
258 363 4
258 366 3
258 367 3
258 368 8
258 372 5
258 373 2
258 374 6
258 376 5
258 378 3
258 379 2
258 380 8
258 381 10
258 382 3
258 384 6
258 386 10
258 388 4
258 391 6
258 393 3
258 394 9
258 400 2
258 401 3
258 403 9
258 404 5
258 405 2
258 406 4
258 408 9
258 410 1
258 411 3
258 413 2
258 414 6
258 416 4
258 417 1
258 418 6
258 423 2
258 426 6
258 427 9
258 428 7
258 433 2
258 434 7
258 436 6
258 438 9
258 440 9
258 441 9
258 442 2
258 446 10
258 447 6
259 261 4
259 263 5
259 264 1
259 267 8
259 268 6
259 270 8
259 271 4
259 272 9
259 274 1
259 276 8
259 277 1
259 280 3
259 281 4
259 283 1
259 289 6
259 292 9
259 295 6
259 296 2
259 301 4
259 303 4
259 304 8
259 305 10
259 306 5
259 307 3
259 308 2
259 309 6
259 313 5
259 314 8
259 315 3
259 319 1
259 323 7
259 325 7
259 326 7
259 327 3
259 330 9
259 333 3
259 336 7
259 337 10
259 338 7
259 340 3
259 341 1
259 342 7
259 346 10
259 349 2
259 350 9
259 356 9
259 359 7
259 361 9
259 362 7
259 367 6
259 369 5
259 370 6
259 371 5
259 372 4
259 373 6
259 374 5
259 377 3
259 378 5
259 380 3
259 381 1
259 384 8
259 385 5
259 386 9
259 388 3
259 390 10
259 391 1
259 399 5
259 400 9
259 403 4
259 405 1
259 407 5
259 409 1
259 410 6
259 411 10
259 415 6
259 420 9
259 421 9
259 422 1
259 424 7
259 426 5
259 430 6
259 433 7
259 436 3
259 437 6
259 439 3
259 440 1
259 444 5
260 261 3
260 263 10
260 264 9
260 265 9
260 268 5
260 273 6
260 275 8
260 276 4
260 277 1
260 282 1
260 286 5
260 289 9
260 291 7
260 292 5
260 293 6
260 294 8
260 295 4
260 298 2
260 299 1
260 300 4
260 302 8
260 305 9
260 308 1
260 311 9
260 314 9
260 316 10
260 318 8
260 323 4
260 324 1
260 325 8
260 326 9
260 328 2
260 330 1
260 331 1
260 332 2
260 336 10
260 337 8
260 339 8
260 341 2
260 344 3
260 348 10
260 349 7
260 352 7
260 353 8
260 354 4
260 355 4
260 356 9
260 357 2
260 360 9
260 361 6
260 362 5
260 365 7
260 367 1
260 371 1
260 373 5
260 375 3
260 376 3
260 377 7
260 379 1
260 380 8
260 381 7
260 382 9
260 383 6
260 388 10
260 389 2
260 390 6
260 392 10
260 396 1
260 397 10
260 398 4
260 399 2
260 400 10
260 401 9
260 405 6
260 407 4
260 408 7
260 411 6
260 412 9
260 413 2
260 414 9
260 415 2
260 419 1
260 420 8
260 421 5
260 422 1
260 424 4
260 425 2
260 427 9
260 428 4
260 430 10
260 432 10
260 433 7
260 435 4
260 437 2
260 438 1
260 439 5
260 442 5
260 443 5
260 444 4
260 448 5
260 449 7
261 262 10
261 263 4
261 266 5
261 267 4
261 269 6
261 273 5
261 274 3
261 275 7
261 276 8
261 277 2
261 278 4
261 279 7
261 280 10
261 283 7
261 284 7
261 287 2
261 289 7
261 290 7
261 291 1
261 292 8
261 294 8
261 297 3
261 298 8
261 299 9
261 300 3
261 301 7
261 302 10
261 304 7
261 305 6
261 306 9
261 309 4
261 310 5
261 312 2
261 314 2
261 315 9
261 317 10
261 320 3
261 321 5
261 322 7
261 323 7
261 325 6
261 330 8
261 333 1
261 334 2
261 335 4
261 336 9
261 337 6
261 338 8
261 339 4
261 340 7
261 347 10
261 349 7
261 351 2
261 354 9
261 355 4
261 356 3
261 357 2
261 358 10
261 360 10
261 365 5
261 367 9
261 370 9
261 372 7
261 373 7
261 375 2
261 377 1
261 379 8
261 381 9
261 384 9
261 386 2
261 387 5
261 388 6
261 389 2
261 390 5
261 391 5
261 393 10
261 394 4
261 395 1
261 396 3
261 397 7
261 399 5
261 401 2
261 402 2
261 403 1
261 407 5
261 408 1
261 409 4
261 410 10
261 414 10
261 415 10
261 416 5
261 418 2
261 419 2
261 422 5
261 423 2
261 424 10
261 429 10
261 435 5
261 437 9
261 438 10
261 439 4
261 441 3
261 442 10
261 444 3
261 448 1
262 265 4
262 266 8
262 267 6
262 268 4
262 269 1
262 270 5
262 272 9
262 277 2
262 278 3
262 279 10
262 280 5
262 281 8
262 282 9
262 283 3
262 285 5
262 286 2
262 287 7
262 288 5
262 292 1
262 293 7
262 296 4
262 307 6
262 313 7
262 314 6
262 315 7
262 316 6
262 317 7
262 318 10
262 319 7
262 320 2
262 321 7
262 326 7
262 327 3
262 331 2
262 332 4
262 333 5
262 335 7
262 337 10
262 344 9
262 345 2
262 347 4
262 349 8
262 356 6
262 359 7
262 365 3
262 368 4
262 370 8
262 371 7
262 372 4
262 374 9
262 376 10
262 378 2
262 380 6
262 382 2
262 383 9
262 384 8
262 385 4
262 387 4
262 394 7
262 396 5
262 397 10
262 400 5
262 401 4
262 402 10
262 404 6
262 405 6
262 406 5
262 407 2
262 408 7
262 409 10
262 412 4
262 416 7
262 417 5
262 418 9
262 419 1
262 423 7
262 424 8
262 425 2
262 427 6
262 431 9
262 432 6
262 435 8
262 436 10
262 437 10
262 438 8
262 439 6
262 441 2
262 443 10
262 446 10
262 447 10
263 265 8
263 266 4
263 271 5
263 272 3
263 277 1
263 279 2
263 281 9
263 282 10
263 287 10
263 288 6
263 296 5
263 298 6
263 300 3
263 301 6
263 302 8
263 303 10
263 304 3
263 310 1
263 313 2
263 316 5
263 321 7
263 323 10
263 324 10
263 327 10
263 328 2
263 331 5
263 335 3
263 337 3
263 338 6
263 339 3
263 340 6
263 345 1
263 346 8
263 347 8
263 349 9
263 351 7
263 353 10
263 354 1
263 357 7
263 363 9
263 364 6
263 368 7
263 369 7
263 371 6
263 375 7
263 376 7
263 377 9
263 378 3
263 380 7
263 381 3
263 382 7
263 383 5
263 384 3
263 388 5
263 390 6
263 391 2
263 392 10
263 395 9
263 397 7
263 398 2
263 400 2
263 405 1
263 408 3
263 411 7
263 413 2
263 415 9
263 419 8
263 420 1
263 422 8
263 423 4
263 425 7
263 426 6
263 427 3
263 430 3
263 431 2
263 434 5
263 436 9
263 437 2
263 441 5
263 442 6
263 443 3
263 444 10
263 446 5
263 448 7
264 265 10
264 267 4
264 268 3
264 270 5
264 272 1
264 274 1
264 279 2
264 282 10
264 283 9
264 284 6
264 287 9
264 288 8
264 290 6
264 291 1
264 296 1
264 298 5
264 300 7
264 304 6
264 305 10
264 307 5
264 308 2
264 309 1
264 310 3
264 311 2
264 312 5
264 313 6
264 316 4
264 320 7
264 321 6
264 324 8
264 328 1
264 331 2
264 332 9
264 334 5
264 335 9
264 338 6
264 340 4
264 341 2
264 342 7
264 345 2
264 346 1
264 347 4
264 349 1
264 351 3
264 352 5
264 353 1
264 355 2
264 357 2
264 359 4
264 361 10
264 362 5
264 363 5
264 365 6
264 366 2
264 371 7
264 372 4
264 378 5
264 381 10
264 382 2
264 384 7
264 385 10
264 386 9
264 388 10
264 390 8
264 391 7
264 392 1
264 393 6
264 394 3
264 395 7
264 397 1
264 399 7
264 401 10
264 402 7
264 404 8
264 406 8
264 410 9
264 413 10
264 414 10
264 415 5
264 417 2
264 418 7
264 419 5
264 420 1
264 421 1
264 422 3
264 423 9
264 425 7
264 426 4
264 428 2
264 429 6
264 430 6
264 431 7
264 433 3
264 434 7
264 436 6
264 439 6
264 441 9
264 444 4
264 449 1
265 266 6
265 271 5
265 273 5
265 274 6
265 275 9
265 276 2
265 277 9
265 278 1
265 279 7
265 286 9
265 287 5
265 288 9
265 290 8
265 292 9
265 300 3
265 301 9
265 302 9
265 303 4
265 305 9
265 308 8
265 309 7
265 312 10
265 313 5
265 315 4
265 316 8
265 317 4
265 318 10
265 319 3
265 321 1
265 322 5
265 325 5
265 327 8
265 330 8
265 331 2
265 334 10
265 335 6
265 336 7
265 337 3
265 339 2
265 340 2
265 341 7
265 343 3
265 347 3
265 349 1
265 350 10
265 352 3
265 353 8
265 356 4
265 359 1
265 360 10
265 363 5
265 364 9
265 366 10
265 368 1
265 370 2
265 371 5
265 372 10
265 373 6
265 374 3
265 375 8
265 376 7
265 377 7
265 378 6
265 384 8
265 385 7
265 386 5
265 387 6
265 388 10
265 389 9
265 390 2
265 391 4
265 395 10
265 396 1
265 397 5
265 399 3
265 400 4
265 403 6
265 406 10
265 407 4
265 408 6
265 410 6
265 412 10
265 413 7
265 418 5
265 420 7
265 422 8
265 423 3
265 426 3
265 427 1
265 429 2
265 430 9
265 431 7
265 433 9
265 435 10
265 436 1
265 438 5
265 439 2
265 440 10
265 442 3
265 447 3
265 449 4
266 267 4
266 269 2
266 270 6
266 272 10
266 273 6
266 275 9
266 276 5
266 277 10
266 278 6
266 281 1
266 283 9
266 287 5
266 288 5
266 292 4
266 293 7
266 294 4
266 296 10
266 298 3
266 301 2
266 303 6
266 306 7
266 309 5
266 311 8
266 312 2
266 313 1
266 314 8
266 315 5
266 316 8
266 317 2
266 320 8
266 322 8
266 323 9
266 327 3
266 329 5
266 330 9
266 331 6
266 332 1
266 333 8
266 334 8
266 336 4
266 337 9
266 338 5
266 340 5
266 341 2
266 342 1
266 343 6
266 345 6
266 346 4
266 348 2
266 349 5
266 354 3
266 355 2
266 356 3
266 357 3
266 358 4
266 359 8
266 361 4
266 363 1
266 364 4
266 368 6
266 369 7
266 371 3
266 372 3
266 376 1
266 378 3
266 379 6
266 380 5
266 381 10
266 383 9
266 385 9
266 386 1
266 387 8
266 388 1
266 390 4
266 391 9
266 393 6
266 394 5
266 397 7
266 401 5
266 406 1
266 410 9
266 411 10
266 412 1
266 413 10
266 414 4
266 417 5
266 418 5
266 420 5
266 422 5
266 428 4
266 429 7
266 430 5
266 431 3
266 432 5
266 434 10
266 435 1
266 437 3
266 443 9
266 445 1
266 446 9
266 447 9
266 448 6
267 268 4
267 269 5
267 270 5
267 271 8
267 272 8
267 274 8
267 282 1
267 283 8
267 286 10
267 287 2
267 288 8
267 291 1
267 293 10
267 296 6
267 298 7
267 303 8
267 307 9
267 309 10
267 311 3
267 312 2
267 313 9
267 314 7
267 321 4
267 322 8
267 325 8
267 326 10
267 327 7
267 329 4
267 330 3
267 331 4
267 332 4
267 333 9
267 335 3
267 337 8
267 344 1
267 345 2
267 346 3
267 348 8
267 350 7
267 351 9
267 352 5
267 354 7
267 355 6
267 357 4
267 360 7
267 364 8
267 365 1
267 366 2
267 367 4
267 369 7
267 370 9
267 372 2
267 375 6
267 376 7
267 379 10
267 381 2
267 382 1
267 384 10
267 387 9
267 388 7
267 391 5
267 393 3
267 394 5
267 396 10
267 398 10
267 404 6
267 406 9
267 407 6
267 410 5
267 413 10
267 414 10
267 416 1
267 418 5
267 419 7
267 421 7
267 425 4
267 426 9
267 428 2
267 429 5
267 433 5
267 437 9
267 439 7
267 442 8
267 446 3
267 447 5
267 448 1
267 449 5
268 270 4
268 271 1
268 272 8
268 274 9
268 275 10
268 276 3
268 277 4
268 280 1
268 281 2
268 283 4
268 288 9
268 289 4
268 291 1
268 294 9
268 295 1
268 300 3
268 302 4
268 303 1
268 304 4
268 305 9
268 307 8
268 308 9
268 309 1
268 310 6
268 311 1
268 314 3
268 315 4
268 318 1
268 320 7
268 321 9
268 322 4
268 323 7
268 324 8
268 325 7
268 326 5
268 328 5
268 331 2
268 332 9
268 334 5
268 338 7
268 341 4
268 343 9
268 345 3
268 346 7
268 347 10
268 348 10
268 350 1
268 352 3
268 353 8
268 358 2
268 359 8
268 362 7
268 364 9
268 369 10
268 373 3
268 375 1
268 377 7
268 378 9
268 379 6
268 380 2
268 382 6
268 383 1
268 387 7
268 388 4
268 390 9
268 391 4
268 392 6
268 393 1
268 395 8
268 397 1
268 401 8
268 402 1
268 403 9
268 406 9
268 407 4
268 410 4
268 411 8
268 412 8
268 415 5
268 417 6
268 419 3
268 423 5
268 425 6
268 428 9
268 431 8
268 433 4
268 440 9
268 442 2
268 443 1
268 444 4
268 445 3
268 447 4
269 272 2
269 274 10
269 275 6
269 277 6
269 280 10
269 283 9
269 284 5
269 287 9
269 289 5
269 291 8
269 292 8
269 296 7
269 298 6
269 301 4
269 303 8
269 305 1
269 306 6
269 309 8
269 312 5
269 314 6
269 316 4
269 320 10
269 325 10
269 326 6
269 327 8
269 328 2
269 329 4
269 330 10
269 331 4
269 332 5
269 334 5
269 337 2
269 338 6
269 339 8
269 342 9
269 343 4
269 345 7
269 346 8
269 353 2
269 354 8
269 355 9
269 356 2
269 358 10
269 360 10
269 361 9
269 364 9
269 365 5
269 367 2
269 368 8
269 369 4
269 371 10
269 373 3
269 376 1
269 378 10
269 379 9
269 381 8
269 383 5
269 384 1
269 385 9
269 390 5
269 391 5
269 393 2
269 395 2
269 397 3
269 399 10
269 400 1
269 401 7
269 402 9
269 404 5
269 405 9
269 406 5
269 407 10
269 408 9
269 409 7
269 410 5
269 411 5
269 413 5
269 421 7
269 423 9
269 426 8
269 427 3
269 428 3
269 429 3
269 430 3
269 432 4
269 434 1
269 435 1
269 437 6
269 438 2
269 439 5
269 442 1
269 443 4
269 444 6
269 448 6
270 273 7
270 278 5
270 279 10
270 281 6
270 282 6
270 283 8
270 284 6
270 286 4
270 287 8
270 288 1
270 291 3
270 293 2
270 294 3
270 295 8
270 296 2
270 301 5
270 302 9
270 304 7
270 311 3
270 312 10
270 313 8
270 318 3
270 321 7
270 322 3
270 325 10
270 326 6
270 327 10
270 328 7
270 330 10
270 332 5
270 333 1
270 334 8
270 335 10
270 337 4
270 338 5
270 339 7
270 340 8
270 342 4
270 347 8
270 349 8
270 350 8
270 351 8
270 352 6
270 353 7
270 355 8
270 361 5
270 368 2
270 369 9
270 370 8
270 374 1
270 376 8
270 378 2
270 379 10
270 380 1
270 382 6
270 384 9
270 385 1
270 386 5
270 387 5
270 388 1
270 389 7
270 390 6
270 391 7
270 392 4
270 393 7
270 395 9
270 396 4
270 397 8
270 398 10
270 399 2
270 404 3
270 406 7
270 407 7
270 408 1
270 411 8
270 412 3
270 414 6
270 415 6
270 417 1
270 419 2
270 420 1
270 421 5
270 431 4
270 433 4
270 434 10
270 436 2
270 437 10
270 438 2
270 446 7
270 448 4
271 272 3
271 273 1
271 274 8
271 276 9
271 278 3
271 281 1
271 282 4
271 283 4
271 287 3
271 289 2
271 293 4
271 294 5
271 295 7
271 298 9
271 299 5
271 302 7
271 303 5
271 304 4
271 306 10
271 307 1
271 310 9
271 317 5
271 318 5
271 320 1
271 321 5
271 324 10
271 326 8
271 329 3
271 330 1
271 333 1
271 334 10
271 336 6
271 339 1
271 342 8
271 346 7
271 347 2
271 350 10
271 352 6
271 353 4
271 355 9
271 358 4
271 359 6
271 360 2
271 361 9
271 367 8
271 368 9
271 371 9
271 374 3
271 375 4
271 376 1
271 377 1
271 379 7
271 380 4
271 383 6
271 387 9
271 388 8
271 392 4
271 393 10
271 394 7
271 395 4
271 399 9
271 400 3
271 401 1
271 404 1
271 407 1
271 411 2
271 413 1
271 416 9
271 417 10
271 418 1
271 419 3
271 422 8
271 423 2
271 424 8
271 426 2
271 428 2
271 431 4
271 432 9
271 433 10
271 434 4
271 435 5
271 439 1
271 440 10
271 441 9
271 445 8
271 447 4
272 273 6
272 275 4
272 276 5
272 277 4
272 281 8
272 283 6
272 284 6
272 286 9
272 289 10
272 290 1
272 292 1
272 294 4
272 296 10
272 299 9
272 301 10
272 302 2
272 303 7
272 306 2
272 307 1
272 308 7
272 311 7
272 314 10
272 318 5
272 319 10
272 328 5
272 329 2
272 330 7
272 333 8
272 335 10
272 336 2
272 338 10
272 339 8
272 341 10
272 342 4
272 343 8
272 347 4
272 348 6
272 349 1
272 351 10
272 355 5
272 356 8
272 361 4
272 364 7
272 366 7
272 367 7
272 368 2
272 369 8
272 370 2
272 371 2
272 375 1
272 376 2
272 377 4
272 382 8
272 383 5
272 385 7
272 389 1
272 390 5
272 391 7
272 392 9
272 393 2
272 394 3
272 397 9
272 398 6
272 399 5
272 401 8
272 402 5
272 403 9
272 406 2
272 408 1
272 409 2
272 412 4
272 413 2
272 415 10
272 419 10
272 421 8
272 422 6
272 423 10
272 425 10
272 428 7
272 429 9
272 431 3
272 432 3
272 433 9
272 434 5
272 440 10
273 275 4
273 279 10
273 280 2
273 282 9
273 285 5
273 286 7
273 287 4
273 288 3
273 291 10
273 292 9
273 296 3
273 298 10
273 301 9
273 302 10
273 303 8
273 304 3
273 306 2
273 308 5
273 310 3
273 311 7
273 312 9
273 313 10
273 316 10
273 318 7
273 319 4
273 320 7
273 325 1
273 327 9
273 328 7
273 332 3
273 333 1
273 334 1
273 336 8
273 337 8
273 338 3
273 339 5
273 340 1
273 341 5
273 348 5
273 350 3
273 351 5
273 352 10
273 353 5
273 354 1
273 355 6
273 356 2
273 357 4
273 358 10
273 359 9
273 361 8
273 362 5
273 364 6
273 365 7
273 366 2
273 369 5
273 371 4
273 373 9
273 374 8
273 375 4
273 376 10
273 377 4
273 380 7
273 382 10
273 385 2
273 386 9
273 387 7
273 391 9
273 397 5
273 398 1
273 399 8
273 402 7
273 404 9
273 409 2
273 411 5
273 415 3
273 416 9
273 419 8
273 424 3
273 426 1
273 427 7
273 431 3
273 432 6
273 435 10
273 437 7
273 439 1
273 440 3
273 446 1
273 447 3
273 449 6
274 277 8
274 278 4
274 279 5
274 280 3
274 282 4
274 283 8
274 284 10
274 285 3
274 286 6
274 288 2
274 289 4
274 292 1
274 294 9
274 296 10
274 299 4
274 300 8
274 302 4
274 306 7
274 309 10
274 312 7
274 313 2
274 315 8
274 317 6
274 318 7
274 320 9
274 321 8
274 324 6
274 325 5
274 326 3
274 327 4
274 331 9
274 337 2
274 338 4
274 339 8
274 340 9
274 343 8
274 345 2
274 347 3
274 354 7
274 358 5
274 360 1
274 363 7
274 365 6
274 366 2
274 367 10
274 370 8
274 373 6
274 376 4
274 381 2
274 382 5
274 383 1
274 387 4
274 388 6
274 389 3
274 390 7
274 392 3
274 394 8
274 400 7
274 401 7
274 405 3
274 406 7
274 407 3
274 408 3
274 412 8
274 415 9
274 416 3
274 417 10
274 422 8
274 423 8
274 426 1
274 430 1
274 432 10
274 434 3
274 435 8
274 437 8
274 439 4
274 440 6
274 443 2
274 446 7
274 447 10
274 449 7
275 276 3
275 277 9
275 278 1
275 279 9
275 284 9
275 285 9
275 286 3
275 288 4
275 289 5
275 290 5
275 293 8
275 295 10
275 296 8
275 298 7
275 299 5
275 303 10
275 307 5
275 308 6
275 309 9
275 310 10
275 312 5
275 316 7
275 317 1
275 318 1
275 319 2
275 320 1
275 321 2
275 323 8
275 326 8
275 329 9
275 334 7
275 335 10
275 336 3
275 338 4
275 340 5
275 341 1
275 343 6
275 345 2
275 346 6
275 347 6
275 348 6
275 349 2
275 350 2
275 351 10
275 352 2
275 354 1
275 355 3
275 356 8
275 357 3
275 363 4
275 364 1
275 365 9
275 368 6
275 372 9
275 373 6
275 376 9
275 377 8
275 381 1
275 383 3
275 384 3
275 386 10
275 389 8
275 390 9
275 391 7
275 392 1
275 393 4
275 395 6
275 396 5
275 399 2
275 407 1
275 408 5
275 411 2
275 412 3
275 414 5
275 415 7
275 418 9
275 419 2
275 420 5
275 421 2
275 422 1
275 423 3
275 424 8
275 426 3
275 428 8
275 429 9
275 430 10
275 431 9
275 432 9
275 434 3
275 436 4
275 438 3
275 439 1
275 440 5
275 444 10
275 446 9
275 447 6
275 448 10
276 277 9
276 280 9
276 282 4
276 284 2
276 286 6
276 288 10
276 289 2
276 291 2
276 294 10
276 295 1
276 296 8
276 301 4
276 304 2
276 305 3
276 306 8
276 308 9
276 309 2
276 310 10
276 312 7
276 313 8
276 315 3
276 317 8
276 319 8
276 321 4
276 323 9
276 326 5
276 329 9
276 331 8
276 333 6
276 334 1
276 336 10
276 337 5
276 339 9
276 343 7
276 346 1
276 348 4
276 350 6
276 351 1
276 352 2
276 356 9
276 357 9
276 359 10
276 362 2
276 363 5
276 366 3
276 368 1
276 369 8
276 370 8
276 373 8
276 374 1
276 377 5
276 378 2
276 380 4
276 381 10
276 382 6
276 384 3
276 386 1
276 387 1
276 388 2
276 389 10
276 390 7
276 392 7
276 393 10
276 395 7
276 396 3
276 401 5
276 402 9
276 404 4
276 405 10
276 406 3
276 407 5
276 409 7
276 410 2
276 411 10
276 412 8
276 414 9
276 416 10
276 419 4
276 421 6
276 422 4
276 424 5
276 425 8
276 428 5
276 431 9
276 436 1
276 437 7
276 443 8
276 447 1
277 278 8
277 279 7
277 280 2
277 281 3
277 283 9
277 286 9
277 287 2
277 288 10
277 293 8
277 294 6
277 295 1
277 298 8
277 299 10
277 304 10
277 306 2
277 308 2
277 309 3
277 312 1
277 317 2
277 318 3
277 321 2
277 325 1
277 326 1
277 328 5
277 329 6
277 330 3
277 332 7
277 333 7
277 334 6
277 335 1
277 336 4
277 338 4
277 339 6
277 341 4
277 342 8
277 343 2
277 344 7
277 345 8
277 346 9
277 347 9
277 348 3
277 349 9
277 351 2
277 352 4
277 354 6
277 355 7
277 356 6
277 357 1
277 358 9
277 359 2
277 361 8
277 367 6
277 368 6
277 371 2
277 372 8
277 373 4
277 374 10
277 375 8
277 378 1
277 382 4
277 385 7
277 386 4
277 388 6
277 391 4
277 395 2
277 397 8
277 399 3
277 402 10
277 404 8
277 408 3
277 410 9
277 413 2
277 422 7
277 423 1
277 424 9
277 428 2
277 431 10
277 432 3
277 433 7
277 439 7
277 441 7
277 443 2
277 444 10
277 446 3
277 448 1
277 449 7
278 280 10
278 282 6
278 283 1
278 284 10
278 285 10
278 286 1
278 287 10
278 290 8
278 292 1
278 293 3
278 295 3
278 296 2
278 298 3
278 301 5
278 305 2
278 306 6
278 307 7
278 308 10
278 309 5
278 312 10
278 313 5
278 316 4
278 317 8
278 318 3
278 321 4
278 322 9
278 323 1
278 324 6
278 326 4
278 327 7
278 330 10
278 331 2
278 334 6
278 335 7
278 336 10
278 338 4
278 339 5
278 340 6
278 341 9
278 342 2
278 345 3
278 348 2
278 351 8
278 359 6
278 361 3
278 362 1
278 363 2
278 364 9
278 365 3
278 366 6
278 368 1
278 370 8
278 371 10
278 372 5
278 376 5
278 379 10
278 380 7
278 381 1
278 384 7
278 385 10
278 386 5
278 387 6
278 388 10
278 389 1
278 391 8
278 392 7
278 393 6
278 394 4
278 396 1
278 397 7
278 398 10
278 399 7
278 410 6
278 413 5
278 415 10
278 416 3
278 417 6
278 419 4
278 421 6
278 422 4
278 423 6
278 428 7
278 429 9
278 431 7
278 436 10
278 437 4
278 438 4
278 439 10
278 441 5
278 442 7
278 443 5
278 447 1
278 448 8
278 449 6
279 282 7
279 283 1
279 284 3
279 285 9
279 286 10
279 289 2
279 291 5
279 295 8
279 299 8
279 300 9
279 303 5
279 305 3
279 307 1
279 309 8
279 310 10
279 311 4
279 312 6
279 317 6
279 318 9
279 320 10
279 323 10
279 324 4
279 325 3
279 331 1
279 333 2
279 334 2
279 335 4
279 337 1
279 338 6
279 340 4
279 346 7
279 347 7
279 349 3
279 350 6
279 354 5
279 355 8
279 356 3
279 358 2
279 359 1
279 362 9
279 368 3
279 370 2
279 371 1
279 376 1
279 377 4
279 378 6
279 379 7
279 382 5
279 383 10
279 387 4
279 390 6
279 391 7
279 394 8
279 397 7
279 399 6
279 400 1
279 404 5
279 406 10
279 408 9
279 409 10
279 410 9
279 412 9
279 413 10
279 415 2
279 417 2
279 419 10
279 425 4
279 426 10
279 428 8
279 430 7
279 434 7
279 436 8
279 437 3
279 440 5
279 442 5
279 443 10
279 447 5
279 449 7
280 282 7
280 284 7
280 285 5
280 289 1
280 292 5
280 294 5
280 295 2
280 296 4
280 297 1
280 301 9
280 304 9
280 305 2
280 307 4
280 309 6
280 310 2
280 312 3
280 313 8
280 314 2
280 315 9
280 317 5
280 322 9
280 327 6
280 328 10
280 331 3
280 332 5
280 334 1
280 336 8
280 337 9
280 338 8
280 340 3
280 342 3
280 343 3
280 344 10
280 346 1
280 347 3
280 348 7
280 355 1
280 358 2
280 359 6
280 362 4
280 364 9
280 365 3
280 366 10
280 372 9
280 373 4
280 374 2
280 375 1
280 378 2
280 380 10
280 381 1
280 382 7
280 385 7
280 388 1
280 389 7
280 390 8
280 394 4
280 395 7
280 396 2
280 397 9
280 400 5
280 404 9
280 406 5
280 409 10
280 411 10
280 413 5
280 414 6
280 415 4
280 418 6
280 419 8
280 421 10
280 423 5
280 424 4
280 425 4
280 427 10
280 429 3
280 430 1
280 431 8
280 433 1
280 434 3
280 435 3
280 436 6
280 438 1
280 440 8
280 441 3
280 443 2
280 444 9
280 446 5
280 447 7
280 448 8
281 282 8
281 284 7
281 285 3
281 286 4
281 288 3
281 290 4
281 291 10
281 292 2
281 293 2
281 294 7
281 295 10
281 300 10
281 301 6
281 302 2
281 304 8
281 305 3
281 307 7
281 309 1
281 311 6
281 312 6
281 313 6
281 315 3
281 317 3
281 319 10
281 321 7
281 324 10
281 326 4
281 327 3
281 335 7
281 336 1
281 344 5
281 345 1
281 347 10
281 348 6
281 349 1
281 352 2
281 353 7
281 356 6
281 357 7
281 358 8
281 359 7
281 360 7
281 361 9
281 364 10
281 365 6
281 366 10
281 367 8
281 368 2
281 369 2
281 371 7
281 375 4
281 376 9
281 379 1
281 381 3
281 382 3
281 385 2
281 386 6
281 387 9
281 389 2
281 390 4
281 391 4
281 392 5
281 396 7
281 397 3
281 400 3
281 401 3
281 402 8
281 405 3
281 408 9
281 409 3
281 410 5
281 411 2
281 414 3
281 415 2
281 418 2
281 419 10
281 420 5
281 422 7
281 424 8
281 430 7
281 431 2
281 437 4
281 438 1
281 440 7
281 445 7
282 283 10
282 284 2
282 286 5
282 287 3
282 288 1
282 290 10
282 292 10
282 294 3
282 295 8
282 298 10
282 299 4
282 302 6
282 306 10
282 307 5
282 310 10
282 311 10
282 313 7
282 315 3
282 316 1
282 319 6
282 320 6
282 321 1
282 322 1
282 323 8
282 325 6
282 326 5
282 329 8
282 330 3
282 332 5
282 334 9
282 335 1
282 336 4
282 338 2
282 340 3
282 341 7
282 342 4
282 345 3
282 347 10
282 348 10
282 351 8
282 352 6
282 353 10
282 354 4
282 355 10
282 357 9
282 359 2
282 362 3
282 365 7
282 366 4
282 369 10
282 370 9
282 372 4
282 373 4
282 374 4
282 377 9
282 381 9
282 382 7
282 384 10
282 385 2
282 386 10
282 391 9
282 394 8
282 395 5
282 396 9
282 398 3
282 399 10
282 400 6
282 403 6
282 407 7
282 408 5
282 409 7
282 410 3
282 413 9
282 414 3
282 415 10
282 416 1
282 417 9
282 418 6
282 419 5
282 421 3
282 423 2
282 427 6
282 428 6
282 429 1
282 436 2
282 438 4
282 441 8
282 444 9
282 445 7
282 446 3
282 448 1
283 285 4
283 289 8
283 290 10
283 291 1
283 294 2
283 297 2
283 298 9
283 299 8
283 300 10
283 301 5
283 302 4
283 306 2
283 307 8
283 308 6
283 309 1
283 310 7
283 311 9
283 315 10
283 316 8
283 319 3
283 321 8
283 324 9
283 325 3
283 330 9
283 333 3
283 334 5
283 335 10
283 338 5
283 339 1
283 340 4
283 342 7
283 343 8
283 345 7
283 353 4
283 354 9
283 355 5
283 357 9
283 359 1
283 360 7
283 363 10
283 364 2
283 365 10
283 368 9
283 369 10
283 370 6
283 374 7
283 377 7
283 378 1
283 380 2
283 381 8
283 383 7
283 384 7
283 385 8
283 387 3
283 396 6
283 398 8
283 399 5
283 401 2
283 402 7
283 403 3
283 409 4
283 410 7
283 412 1
283 413 2
283 414 3
283 415 7
283 416 5
283 418 1
283 420 6
283 422 8
283 424 3
283 425 5
283 426 4
283 427 1
283 428 10
283 430 2
283 431 8
283 434 9
283 437 10
283 441 7
283 442 6
283 443 8
283 444 3
283 446 3
283 447 9
284 285 3
284 286 6
284 287 9
284 288 9
284 289 4
284 290 1
284 291 5
284 292 3
284 293 10
284 299 6
284 300 3
284 301 5
284 302 10
284 303 5
284 308 7
284 310 2
284 314 9
284 316 2
284 317 1
284 318 9
284 319 10
284 320 10
284 321 6
284 323 7
284 325 6
284 328 8
284 332 6
284 333 9
284 334 6
284 335 4
284 336 1
284 338 9
284 339 6
284 340 9
284 342 1
284 344 6
284 345 7
284 346 9
284 349 10
284 350 1
284 352 10
284 354 5
284 358 7
284 359 2
284 360 5
284 361 7
284 362 10
284 363 1
284 364 9
284 365 4
284 368 5
284 371 4
284 373 10
284 374 8
284 375 6
284 379 10
284 380 8
284 381 1
284 386 7
284 388 8
284 392 8
284 394 7
284 395 6
284 398 8
284 400 7
284 401 4
284 404 2
284 412 7
284 413 10
284 415 7
284 418 1
284 422 9
284 423 5
284 425 1
284 426 2
284 430 5
284 431 1
284 432 7
284 436 9
284 437 5
284 438 7
284 439 7
284 440 1
284 442 1
284 446 1
284 447 9
284 448 6
285 287 5
285 289 8
285 290 2
285 294 10
285 298 8
285 302 7
285 303 7
285 304 8
285 307 5
285 308 4
285 313 4
285 314 9
285 315 7
285 321 1
285 326 7
285 327 10
285 328 3
285 331 10
285 332 10
285 334 7
285 336 7
285 337 6
285 342 5
285 343 8
285 344 10
285 345 1
285 346 4
285 347 6
285 349 10
285 351 7
285 352 5
285 353 8
285 354 5
285 357 1
285 360 3
285 361 4
285 362 3
285 363 2
285 368 6
285 369 7
285 377 3
285 378 3
285 383 10
285 385 5
285 386 3
285 387 10
285 388 5
285 390 7
285 395 1
285 396 6
285 398 10
285 399 2
285 400 7
285 402 4
285 403 9
285 405 1
285 409 6
285 410 5
285 415 10
285 418 8
285 420 4
285 421 5
285 422 7
285 423 8
285 424 4
285 427 5
285 428 1
285 429 2
285 434 5
285 438 9
285 442 5
285 443 9
285 445 9
285 446 6
285 448 3
285 449 9
286 290 6
286 296 9
286 298 3
286 300 8
286 302 1
286 303 8
286 304 5
286 308 1
286 309 2
286 313 10
286 314 4
286 317 9
286 318 3
286 319 7
286 320 9
286 323 7
286 326 8
286 328 7
286 330 8
286 331 8
286 332 8
286 335 9
286 337 6
286 338 9
286 339 4
286 342 7
286 347 8
286 348 7
286 349 3
286 351 3
286 354 6
286 358 2
286 359 4
286 361 10
286 362 5
286 369 5
286 370 7
286 373 10
286 375 2
286 376 8
286 377 9
286 378 3
286 381 3
286 382 8
286 383 5
286 385 5
286 389 2
286 392 1
286 393 2
286 396 9
286 398 1
286 399 4
286 400 9
286 403 3
286 406 4
286 408 10
286 409 2
286 410 7
286 411 1
286 412 7
286 416 6
286 419 7
286 423 7
286 424 3
286 426 5
286 427 6
286 428 7
286 430 6
286 431 5
286 432 7
286 433 2
286 434 6
286 436 5
286 437 10
286 438 5
286 439 3
286 443 2
286 444 2
286 445 5
286 447 2
287 288 2
287 289 9
287 293 3
287 294 4
287 297 2
287 300 2
287 302 10
287 304 3
287 306 7
287 308 4
287 310 7
287 311 3
287 315 6
287 316 7
287 318 5
287 319 5
287 326 5
287 327 8
287 328 5
287 329 7
287 330 7
287 336 5
287 337 5
287 338 6
287 340 2
287 342 10
287 350 7
287 352 5
287 353 9
287 355 5
287 357 8
287 358 7
287 359 3
287 363 5
287 367 4
287 368 5
287 369 1
287 370 9
287 371 2
287 373 3
287 380 3
287 383 10
287 384 4
287 391 5
287 393 5
287 395 7
287 396 3
287 397 6
287 398 6
287 401 2
287 402 6
287 403 4
287 404 9
287 406 3
287 407 4
287 409 5
287 411 6
287 412 8
287 413 1
287 414 7
287 415 3
287 417 9
287 420 4
287 421 2
287 422 4
287 424 10
287 426 5
287 427 2
287 430 6
287 437 8
287 438 2
287 440 5
287 444 6
287 447 9
287 448 2
287 449 3
288 289 5
288 294 1
288 296 8
288 299 5
288 300 2
288 301 9
288 303 3
288 305 10
288 306 7
288 308 1
288 314 5
288 317 6
288 320 8
288 321 6
288 325 7
288 326 7
288 329 6
288 330 7
288 332 6
288 334 3
288 335 3
288 337 4
288 339 10
288 340 9
288 343 8
288 344 7
288 345 6
288 346 4
288 348 2
288 349 8
288 351 9
288 353 4
288 355 5
288 356 10
288 358 3
288 359 4
288 360 10
288 361 7
288 362 10
288 364 7
288 365 1
288 366 5
288 367 8
288 369 6
288 371 6
288 372 6
288 373 6
288 375 1
288 379 1
288 382 2
288 383 8
288 385 8
288 388 9
288 389 4
288 390 7
288 391 3
288 393 4
288 396 2
288 400 7
288 403 4
288 409 9
288 410 3
288 412 6
288 414 3
288 419 6
288 425 3
288 426 7
288 430 3
288 437 4
288 442 5
288 447 3
289 295 6
289 297 2
289 299 10
289 300 3
289 302 1
289 303 5
289 305 7
289 306 9
289 309 2
289 311 3
289 313 2
289 314 4
289 316 7
289 319 1
289 320 6
289 325 5
289 326 4
289 327 6
289 329 6
289 331 8
289 334 2
289 335 9
289 336 4
289 337 7
289 338 10
289 339 4
289 341 8
289 345 8
289 346 2
289 349 6
289 351 5
289 353 3
289 356 6
289 357 5
289 360 6
289 361 8
289 362 7
289 363 5
289 364 9
289 367 4
289 368 5
289 370 9
289 371 9
289 373 3
289 375 9
289 377 1
289 379 9
289 380 4
289 382 4
289 389 6
289 391 6
289 394 3
289 395 8
289 396 4
289 398 10
289 399 2
289 401 2
289 403 3
289 405 8
289 406 10
289 409 9
289 412 4
289 415 10
289 416 10
289 419 5
289 420 10
289 422 2
289 425 1
289 426 3
289 427 1
289 429 7
289 432 2
289 434 5
289 435 2
289 436 2
289 437 4
289 438 5
289 441 10
289 442 4
289 443 10
289 447 6
290 291 6
290 293 8
290 294 7
290 295 10
290 296 1
290 297 9
290 298 7
290 299 1
290 300 2
290 303 9
290 304 9
290 308 6
290 309 2
290 310 8
290 311 4
290 312 9
290 313 10
290 314 3
290 315 3
290 316 7
290 317 5
290 319 5
290 320 6
290 322 6
290 323 5
290 326 5
290 327 5
290 328 3
290 329 6
290 330 6
290 331 8
290 332 7
290 333 1
290 337 8
290 338 3
290 339 10
290 342 6
290 343 6
290 345 8
290 347 4
290 348 9
290 349 2
290 350 4
290 352 7
290 354 2
290 355 6
290 356 10
290 359 9
290 360 2
290 362 3
290 363 10
290 364 5
290 365 1
290 366 7
290 371 4
290 373 10
290 376 7
290 379 7
290 380 6
290 381 9
290 382 8
290 385 8
290 386 2
290 388 2
290 389 6
290 390 7
290 391 10
290 392 10
290 394 9
290 396 7
290 398 10
290 399 10
290 401 5
290 403 4
290 405 10
290 410 6
290 416 10
290 417 5
290 418 1
290 420 8
290 421 7
290 422 10
290 423 6
290 425 7
290 428 6
290 430 10
290 431 4
290 432 3
290 436 8
290 443 4
290 444 6
290 447 7
290 448 9
291 294 2
291 295 1
291 296 8
291 297 7
291 301 6
291 304 7
291 306 5
291 307 3
291 310 4
291 311 2
291 312 2
291 314 4
291 315 1
291 317 1
291 319 5
291 320 6
291 321 2
291 323 10
291 324 5
291 325 1
291 327 3
291 328 4
291 329 5
291 330 5
291 331 1
291 333 4
291 334 5
291 335 1
291 336 8
291 338 8
291 339 9
291 341 6
291 342 1
291 344 4
291 345 1
291 346 6
291 348 8
291 349 1
291 357 6
291 359 1
291 361 9
291 363 8
291 365 10
291 366 2
291 367 2
291 369 9
291 370 2
291 371 1
291 373 4
291 375 7
291 376 6
291 377 10
291 378 5
291 379 10
291 382 1
291 383 2
291 386 5
291 387 2
291 389 7
291 390 8
291 391 5
291 394 2
291 395 6
291 396 2
291 397 4
291 401 10
291 406 5
291 408 10
291 409 5
291 410 3
291 411 2
291 412 8
291 413 9
291 425 8
291 426 8
291 427 9
291 428 2
291 429 5
291 430 2
291 431 1
291 436 5
291 439 9
291 440 3
291 442 2
291 443 10
291 444 4
291 449 10
292 293 3
292 297 8
292 300 7
292 301 1
292 308 2
292 309 7
292 310 4
292 311 1
292 312 8
292 313 4
292 315 10
292 316 2
292 317 10
292 318 5
292 320 7
292 321 6
292 322 6
292 325 1
292 327 7
292 328 9
292 330 9
292 331 4
292 332 6
292 335 6
292 338 5
292 339 3
292 340 8
292 341 8
292 342 1
292 343 9
292 344 3
292 347 10
292 350 8
292 351 1
292 352 3
292 353 10
292 354 4
292 358 8
292 359 1
292 360 3
292 362 10
292 363 6
292 366 3
292 368 7
292 370 7
292 372 2
292 375 3
292 376 2
292 378 4
292 379 7
292 383 1
292 385 7
292 387 2
292 389 3
292 390 2
292 394 2
292 397 10
292 399 1
292 404 5
292 405 4
292 407 8
292 411 6
292 414 2
292 415 6
292 417 1
292 419 2
292 420 9
292 421 4
292 422 3
292 423 8
292 424 8
292 425 4
292 426 8
292 427 5
292 428 1
292 430 7
292 431 1
292 432 4
292 434 2
292 436 4
292 438 6
292 439 2
292 441 9
292 443 2
292 444 10
292 446 2
292 447 1
292 448 9
293 294 10
293 297 4
293 300 5
293 301 4
293 303 5
293 305 3
293 306 2
293 308 7
293 315 8
293 317 1
293 319 10
293 320 5
293 321 7
293 322 6
293 325 8
293 326 8
293 331 10
293 333 3
293 335 7
293 338 4
293 339 10
293 343 6
293 344 6
293 345 4
293 349 1
293 351 8
293 352 1
293 353 3
293 354 8
293 357 10
293 358 7
293 360 10
293 362 9
293 366 4
293 367 1
293 368 9
293 369 2
293 371 7
293 372 8
293 374 2
293 376 1
293 380 10
293 383 1
293 385 10
293 388 7
293 389 1
293 390 10
293 395 9
293 401 6
293 403 10
293 408 6
293 411 8
293 413 3
293 416 5
293 418 6
293 419 6
293 420 7
293 422 10
293 424 1
293 427 5
293 428 6
293 430 7
293 431 3
293 434 6
293 435 9
293 436 9
293 437 2
293 438 10
293 439 9
293 442 9
293 445 7
293 446 3
294 295 1
294 296 3
294 298 9
294 301 1
294 303 3
294 304 7
294 305 2
294 309 1
294 312 5
294 314 9
294 316 10
294 317 1
294 319 4
294 320 5
294 322 4
294 323 2
294 324 4
294 326 2
294 327 6
294 328 8
294 329 7
294 330 6
294 334 4
294 336 2
294 338 7
294 342 10
294 344 9
294 349 10
294 352 8
294 353 8
294 354 5
294 362 2
294 364 7
294 365 8
294 367 1
294 369 1
294 371 8
294 373 9
294 376 4
294 378 10
294 379 10
294 381 10
294 382 3
294 384 1
294 386 10
294 388 3
294 389 10
294 393 8
294 394 9
294 396 7
294 399 7
294 401 10
294 402 4
294 404 8
294 406 1
294 407 6
294 408 3
294 411 1
294 412 2
294 415 5
294 416 10
294 417 7
294 418 4
294 421 9
294 422 7
294 423 4
294 424 7
294 425 5
294 426 6
294 427 4
294 428 8
294 435 7
294 436 7
294 439 4
294 440 8
294 441 7
294 442 9
294 444 6
294 446 1
294 447 5
294 449 9
295 296 8
295 300 2
295 306 3
295 307 1
295 308 2
295 311 4
295 314 3
295 319 5
295 320 3
295 326 5
295 327 1
295 328 1
295 331 3
295 332 2
295 335 7
295 336 10
295 339 9
295 343 2
295 345 5
295 347 9
295 348 10
295 349 6
295 350 8
295 353 2
295 354 3
295 356 7
295 357 5
295 358 7
295 359 5
295 360 8
295 361 1
295 363 5
295 364 6
295 366 3
295 367 4
295 370 4
295 373 3
295 374 8
295 375 1
295 380 10
295 382 4
295 383 1
295 384 4
295 387 6
295 393 1
295 394 1
295 396 4
295 398 9
295 401 7
295 403 7
295 404 10
295 405 9
295 406 7
295 408 7
295 409 1
295 411 1
295 412 7
295 413 4
295 418 4
295 420 3
295 421 2
295 423 2
295 428 2
295 429 8
295 431 4
295 433 5
295 434 3
295 435 8
295 439 10
295 442 8
295 443 7
295 444 4
295 448 5
296 298 10
296 300 8
296 302 6
296 303 6
296 304 10
296 305 2
296 306 3
296 307 10
296 309 8
296 312 2
296 314 5
296 316 9
296 320 3
296 321 4
296 324 6
296 325 1
296 327 10
296 330 7
296 332 6
296 333 8
296 337 2
296 338 6
296 339 4
296 341 1
296 343 10
296 345 5
296 351 6
296 352 8
296 354 8
296 356 4
296 357 5
296 358 10
296 359 2
296 360 5
296 361 4
296 363 7
296 365 3
296 366 6
296 367 8
296 368 8
296 369 10
296 373 6
296 379 9
296 380 1
296 382 8
296 383 9
296 386 1
296 389 9
296 391 2
296 392 1
296 393 8
296 394 2
296 397 9
296 398 9
296 402 6
296 403 2
296 404 1
296 405 2
296 407 10
296 409 5
296 414 10
296 415 10
296 416 9
296 418 5
296 422 5
296 424 10
296 425 2
296 428 7
296 429 9
296 431 5
296 433 2
296 437 5
296 439 1
296 440 2
296 441 1
296 442 3
296 444 7
296 445 2
297 298 1
297 303 7
297 305 9
297 309 5
297 310 2
297 311 6
297 312 7
297 314 5
297 315 9
297 316 9
297 317 9
297 319 4
297 323 2
297 324 6
297 325 7
297 326 10
297 331 6
297 333 9
297 334 3
297 335 10
297 336 1
297 337 4
297 338 2
297 340 8
297 341 2
297 345 1
297 346 10
297 347 5
297 348 4
297 349 3
297 350 4
297 352 8
297 353 3
297 356 3
297 358 9
297 360 2
297 361 7
297 362 8
297 363 2
297 365 2
297 366 5
297 367 1
297 369 6
297 370 3
297 372 10
297 376 5
297 377 8
297 380 4
297 383 6
297 385 1
297 386 2
297 389 9
297 390 2
297 391 10
297 392 10
297 393 2
297 395 2
297 396 5
297 400 5
297 401 1
297 402 7
297 405 3
297 408 4
297 409 2
297 410 4
297 415 9
297 417 7
297 418 7
297 420 6
297 423 3
297 425 5
297 429 8
297 431 4
297 433 10
297 439 10
297 440 8
297 442 3
297 443 3
297 445 3
297 446 6
297 448 7
298 299 2
298 300 9
298 303 2
298 305 10
298 306 2
298 307 6
298 308 3
298 314 5
298 315 6
298 316 7
298 317 1
298 319 4
298 321 4
298 322 9
298 323 6
298 324 4
298 326 10
298 330 10
298 337 4
298 338 7
298 339 10
298 340 7
298 341 7
298 345 3
298 347 2
298 348 5
298 351 3
298 352 6
298 353 8
298 355 5
298 359 6
298 360 6
298 361 9
298 362 10
298 363 1
298 364 1
298 365 4
298 366 1
298 367 1
298 368 5
298 371 10
298 373 3
298 376 4
298 377 9
298 378 6
298 380 5
298 385 10
298 386 5
298 390 3
298 391 2
298 392 7
298 396 8
298 398 5
298 401 8
298 403 7
298 405 1
298 406 10
298 407 1
298 416 6
298 417 5
298 418 7
298 422 1
298 423 5
298 424 4
298 425 7
298 426 1
298 429 7
298 431 3
298 432 9
298 433 4
298 434 5
298 438 3
298 439 2
298 440 9
298 443 5
298 444 10
298 445 7
298 448 7
299 300 1
299 303 10
299 304 3
299 305 7
299 307 6
299 311 2
299 312 3
299 313 7
299 315 7
299 316 2
299 317 6
299 318 3
299 320 7
299 323 7
299 325 3
299 326 5
299 327 2
299 328 4
299 329 10
299 331 8
299 332 10
299 333 4
299 335 8
299 336 10
299 339 10
299 340 6
299 341 6
299 343 5
299 344 5
299 345 8
299 347 8
299 350 9
299 352 4
299 353 1
299 354 8
299 355 10
299 356 10
299 357 5
299 358 10
299 359 10
299 361 2
299 362 9
299 366 9
299 368 9
299 370 5
299 372 9
299 374 9
299 376 7
299 377 9
299 379 4
299 380 6
299 381 9
299 382 2
299 383 5
299 384 1
299 387 8
299 388 2
299 390 8
299 396 1
299 397 1
299 398 2
299 399 5
299 400 7
299 401 6
299 405 10
299 406 6
299 407 1
299 411 3
299 412 4
299 413 2
299 414 2
299 416 5
299 418 1
299 419 3
299 420 5
299 425 4
299 426 2
299 429 9
299 430 7
299 431 3
299 432 1
299 433 1
299 434 8
299 435 10
299 436 5
299 438 7
299 441 10
299 442 2
299 443 5
299 444 1
299 446 9
299 449 5
300 301 7
300 303 2
300 305 10
300 306 7
300 307 10
300 308 7
300 309 3
300 312 9
300 317 3
300 318 4
300 320 8
300 322 10
300 323 7
300 324 9
300 326 6
300 327 2
300 329 7
300 330 3
300 333 7
300 334 3
300 337 3
300 338 1
300 341 2
300 342 8
300 343 3
300 344 1
300 345 5
300 346 1
300 349 8
300 350 6
300 351 3
300 352 2
300 353 8
300 354 4
300 355 2
300 357 5
300 362 2
300 364 8
300 367 5
300 373 1
300 374 9
300 376 2
300 378 7
300 380 4
300 382 1
300 383 5
300 386 10
300 387 3
300 388 10
300 389 2
300 390 10
300 393 10
300 394 1
300 396 10
300 397 3
300 399 4
300 404 8
300 409 5
300 411 7
300 412 8
300 414 9
300 416 2
300 419 9
300 422 5
300 423 5
300 427 3
300 428 9
300 431 4
300 432 3
300 433 8
300 435 6
300 438 7
300 439 8
300 442 2
300 444 6
300 445 10
300 448 6
300 449 9
301 302 8
301 304 3
301 305 6
301 306 10
301 310 4
301 311 1
301 312 9
301 313 1
301 314 10
301 319 2
301 324 10
301 326 5
301 328 2
301 330 8
301 333 8
301 336 10
301 337 8
301 339 4
301 341 9
301 342 5
301 345 5
301 346 3
301 351 2
301 353 7
301 354 1
301 355 8
301 356 10
301 357 4
301 358 6
301 367 8
301 369 10
301 370 9
301 371 3
301 372 1
301 374 9
301 375 4
301 376 8
301 379 6
301 380 10
301 381 4
301 384 4
301 385 8
301 386 6
301 388 2
301 389 3
301 390 1
301 391 1
301 394 4
301 395 7
301 397 1
301 399 4
301 400 4
301 402 2
301 403 3
301 406 3
301 409 9
301 410 8
301 411 5
301 412 2
301 413 8
301 417 5
301 418 4
301 421 10
301 425 10
301 428 5
301 430 3
301 433 5
301 434 5
301 435 9
301 436 9
301 439 1
301 440 9
301 442 9
301 444 9
301 447 8
302 303 1
302 305 5
302 310 9
302 313 5
302 319 4
302 320 8
302 322 3
302 328 3
302 330 7
302 332 2
302 333 2
302 334 3
302 339 6
302 340 4
302 343 10
302 344 4
302 346 1
302 347 9
302 349 10
302 352 9
302 353 4
302 354 5
302 356 8
302 357 10
302 361 2
302 362 10
302 363 2
302 365 1
302 366 1
302 368 7
302 369 3
302 370 10
302 371 4
302 372 5
302 373 3
302 374 9
302 377 1
302 378 1
302 379 8
302 380 1
302 381 7
302 384 7
302 386 4
302 390 9
302 391 1
302 392 5
302 393 5
302 394 8
302 397 4
302 398 1
302 399 9
302 401 6
302 402 10
302 404 9
302 413 6
302 417 6
302 418 3
302 421 5
302 425 6
302 428 2
302 429 1
302 430 6
302 431 4
302 433 5
302 434 4
302 435 4
302 436 5
302 441 10
302 442 6
302 444 3
302 445 10
302 447 4
302 448 8
303 305 1
303 307 2
303 309 4
303 311 3
303 312 1
303 313 7
303 316 1
303 317 8
303 318 2
303 319 2
303 324 10
303 327 8
303 328 3
303 329 8
303 330 6
303 331 2
303 332 2
303 334 7
303 336 2
303 340 3
303 345 7
303 346 5
303 348 7
303 349 4
303 355 10
303 357 8
303 359 7
303 360 10
303 364 4
303 365 9
303 366 1
303 367 9
303 368 9
303 369 2
303 373 2
303 374 9
303 375 9
303 379 4
303 380 10
303 382 9
303 384 5
303 387 8
303 389 2
303 392 5
303 393 10
303 394 9
303 396 3
303 400 5
303 401 3
303 402 9
303 403 6
303 404 2
303 406 3
303 407 9
303 409 8
303 410 1
303 414 10
303 415 9
303 416 10
303 417 5
303 419 7
303 421 5
303 422 7
303 425 8
303 426 6
303 428 2
303 430 10
303 433 4
303 437 8
303 439 10
303 440 3
303 441 5
303 442 6
303 443 2
303 444 6
303 446 6
304 305 6
304 307 6
304 308 10
304 309 2
304 310 2
304 312 9
304 313 2
304 314 3
304 316 10
304 317 3
304 322 7
304 323 3
304 324 8
304 328 8
304 329 8
304 330 2
304 335 4
304 336 1
304 338 2
304 339 2
304 340 2
304 341 2
304 342 1
304 344 10
304 345 8
304 346 8
304 349 3
304 352 1
304 354 4
304 355 5
304 356 9
304 363 9
304 365 5
304 367 6
304 368 6
304 370 5
304 375 7
304 376 10
304 377 4
304 384 1
304 387 2
304 389 2
304 395 5
304 400 9
304 401 4
304 403 2
304 412 7
304 413 4
304 414 1
304 415 4
304 417 3
304 429 2
304 431 10
304 432 6
304 439 1
304 441 10
304 442 6
304 444 6
304 446 1
304 447 5
304 449 1
305 306 2
305 307 2
305 312 1
305 316 6
305 317 5
305 318 8
305 319 9
305 320 4
305 321 1
305 322 5
305 323 7
305 325 5
305 327 8
305 331 4
305 333 8
305 337 6
305 340 10
305 341 10
305 342 8
305 344 10
305 345 6
305 346 4
305 348 3
305 350 1
305 352 3
305 354 5
305 355 7
305 356 6
305 359 3
305 360 10
305 364 3
305 365 3
305 367 3
305 368 4
305 369 2
305 370 9
305 371 5
305 372 10
305 373 4
305 374 6
305 375 9
305 376 6
305 381 4
305 382 9
305 383 4
305 389 2
305 391 6
305 392 10
305 393 5
305 395 9
305 399 3
305 400 7
305 401 3
305 402 7
305 404 6
305 405 8
305 407 8
305 412 8
305 417 10
305 420 7
305 421 6
305 426 2
305 429 2
305 430 2
305 432 6
305 434 6
305 437 5
305 439 1
305 441 1
305 442 8
305 445 3
305 448 3
305 449 7
306 309 9
306 310 9
306 312 9
306 314 6
306 315 2
306 316 9
306 318 3
306 320 7
306 321 10
306 325 8
306 331 7
306 333 10
306 334 4
306 335 10
306 339 10
306 340 4
306 341 1
306 342 7
306 344 1
306 345 3
306 348 3
306 350 9
306 351 5
306 354 1
306 357 6
306 358 8
306 360 7
306 361 10
306 363 6
306 364 3
306 366 5
306 367 5
306 368 6
306 372 3
306 374 8
306 377 2
306 378 1
306 381 4
306 382 9
306 383 9
306 385 1
306 387 10
306 390 8
306 391 8
306 392 10
306 393 2
306 394 4
306 395 5
306 396 10
306 397 8
306 398 2
306 399 4
306 400 3
306 403 7
306 404 5
306 405 4
306 409 7
306 410 5
306 411 8
306 412 8
306 413 6
306 414 5
306 416 6
306 418 7
306 422 9
306 424 1
306 427 3
306 428 4
306 429 3
306 432 6
306 435 5
306 440 5
306 441 4
306 442 7
306 443 1
306 444 7
306 447 9
306 448 9
306 449 5
307 309 2
307 310 3
307 313 5
307 314 2
307 315 10
307 320 9
307 321 10
307 323 4
307 325 6
307 327 4
307 329 10
307 334 10
307 335 1
307 339 10
307 340 8
307 342 9
307 343 5
307 354 8
307 355 2
307 356 6
307 357 6
307 358 1
307 359 1
307 362 5
307 364 2
307 366 10
307 371 6
307 372 9
307 373 4
307 374 2
307 379 1
307 380 10
307 382 10
307 385 1
307 386 6
307 391 6
307 393 1
307 398 4
307 403 4
307 404 8
307 409 1
307 412 9
307 414 4
307 415 3
307 419 7
307 421 3
307 424 8
307 426 3
307 431 10
307 434 1
307 435 10
307 437 5
307 441 9
307 445 4
307 446 9
307 447 3
307 449 6
308 309 1
308 310 3
308 312 6
308 314 1
308 315 5
308 316 7
308 317 1
308 318 6
308 320 2
308 321 4
308 324 6
308 325 2
308 327 1
308 329 8
308 330 7
308 332 7
308 333 2
308 335 7
308 337 2
308 338 4
308 339 2
308 340 9
308 342 9
308 343 10
308 347 3
308 349 10
308 350 7
308 351 7
308 356 7
308 357 2
308 361 10
308 362 4
308 363 4
308 364 7
308 365 4
308 366 8
308 367 9
308 369 4
308 372 4
308 373 10
308 377 3
308 378 9
308 381 2
308 383 1
308 384 5
308 385 5
308 390 10
308 393 6
308 397 6
308 398 1
308 399 10
308 400 3
308 401 8
308 404 7
308 405 7
308 407 2
308 408 8
308 409 7
308 411 3
308 412 10
308 415 2
308 416 6
308 417 7
308 421 4
308 424 4
308 427 9
308 429 9
308 430 10
308 435 4
308 436 2
308 437 5
308 438 1
308 440 4
308 441 8
308 442 4
308 443 6
308 445 4
308 446 3
309 315 4
309 316 5
309 317 7
309 320 6
309 321 8
309 326 9
309 327 10
309 336 8
309 337 10
309 339 4
309 340 9
309 344 3
309 347 7
309 350 7
309 351 5
309 352 8
309 353 10
309 354 1
309 356 9
309 357 7
309 361 7
309 363 4
309 364 6
309 369 9
309 370 8
309 372 2
309 375 9
309 378 4
309 380 10
309 381 7
309 384 6
309 386 9
309 391 6
309 392 8
309 395 6
309 396 2
309 402 1
309 403 1
309 404 1
309 407 3
309 409 5
309 410 7
309 411 1
309 412 6
309 413 6
309 414 2
309 416 6
309 418 7
309 420 5
309 421 1
309 423 1
309 428 5
309 429 1
309 430 9
309 431 4
309 435 6
309 436 3
309 438 7
309 440 10
309 441 1
309 449 9
310 312 6
310 315 2
310 316 5
310 317 6
310 324 8
310 326 8
310 327 1
310 329 1
310 330 8
310 333 9
310 334 6
310 336 7
310 340 1
310 346 5
310 348 3
310 349 1
310 351 6
310 353 3
310 354 7
310 356 5
310 358 6
310 359 8
310 362 10
310 363 8
310 366 6
310 367 10
310 369 2
310 370 10
310 372 8
310 375 7
310 376 10
310 377 5
310 378 3
310 379 8
310 380 1
310 383 4
310 384 6
310 385 3
310 388 10
310 389 7
310 390 6
310 391 6
310 393 7
310 394 5
310 395 4
310 396 2
310 397 4
310 398 2
310 399 9
310 401 10
310 402 10
310 404 10
310 405 4
310 406 10
310 409 6
310 411 9
310 413 7
310 415 4
310 418 4
310 422 2
310 423 5
310 424 9
310 425 2
310 429 2
310 430 1
310 431 2
310 433 8
310 438 5
310 441 7
310 442 3
310 446 2
310 447 8
310 448 6
310 449 2
311 313 9
311 318 1
311 319 7
311 322 1
311 323 3
311 326 6
311 329 5
311 331 1
311 334 5
311 339 10
311 340 5
311 342 3
311 343 4
311 345 6
311 346 2
311 347 3
311 348 4
311 349 10
311 350 10
311 351 5
311 354 7
311 355 7
311 357 8
311 361 6
311 363 2
311 364 4
311 365 4
311 366 10
311 367 7
311 368 8
311 369 3
311 370 3
311 374 10
311 375 2
311 377 1
311 379 8
311 381 6
311 383 8
311 384 4
311 385 5
311 388 9
311 390 6
311 391 3
311 393 2
311 397 6
311 399 6
311 402 1
311 405 10
311 407 4
311 410 9
311 411 6
311 412 7
311 413 2
311 415 10
311 417 10
311 418 7
311 419 8
311 420 10
311 421 10
311 422 8
311 423 6
311 429 3
311 431 8
311 435 9
311 439 6
311 441 2
311 446 9
311 447 7
312 315 4
312 319 1
312 322 1
312 325 4
312 326 5
312 328 6
312 329 10
312 331 5
312 333 10
312 335 1
312 336 1
312 337 4
312 338 6
312 340 8
312 341 8
312 343 7
312 345 10
312 347 4
312 348 8
312 349 8
312 350 8
312 352 10
312 353 9
312 354 3
312 356 1
312 360 4
312 361 9
312 362 10
312 367 5
312 368 2
312 370 9
312 371 4
312 372 10
312 374 4
312 376 8
312 377 2
312 378 7
312 379 1
312 380 3
312 381 7
312 383 7
312 386 6
312 387 7
312 388 8
312 389 6
312 390 8
312 391 3
312 392 2
312 393 5
312 396 3
312 400 10
312 404 9
312 405 8
312 406 10
312 410 8
312 411 4
312 412 7
312 413 8
312 415 5
312 418 4
312 422 7
312 425 6
312 426 6
312 427 6
312 428 6
312 429 5
312 431 5
312 433 7
312 434 4
312 440 8
312 444 9
312 448 1
313 314 9
313 315 2
313 317 9
313 318 7
313 319 10
313 320 4
313 321 5
313 322 7
313 326 5
313 328 7
313 329 8
313 330 7
313 331 7
313 333 7
313 336 1
313 338 7
313 342 2
313 344 2
313 345 3
313 347 3
313 352 5
313 353 5
313 356 5
313 357 10
313 358 6
313 359 8
313 360 4
313 363 3
313 365 4
313 368 9
313 369 7
313 371 6
313 372 5
313 374 10
313 376 4
313 377 2
313 381 10
313 385 8
313 386 8
313 387 7
313 390 4
313 391 9
313 392 5
313 395 8
313 396 4
313 397 10
313 398 4
313 399 3
313 403 9
313 405 3
313 406 8
313 409 5
313 411 1
313 412 3
313 413 2
313 414 2
313 417 1
313 418 9
313 420 2
313 421 8
313 422 7
313 424 8
313 427 9
313 430 3
313 432 8
313 433 5
313 434 6
313 438 1
313 441 8
313 443 10
313 444 7
313 445 10
313 449 6
314 317 8
314 319 4
314 323 9
314 324 9
314 325 8
314 328 4
314 331 1
314 332 4
314 333 10
314 334 4
314 335 8
314 340 9
314 343 4
314 346 6
314 347 4
314 350 5
314 351 8
314 352 10
314 356 4
314 359 8
314 363 6
314 368 9
314 369 1
314 373 7
314 374 1
314 375 1
314 376 3
314 377 3
314 379 2
314 380 2
314 382 5
314 383 9
314 389 9
314 391 7
314 393 5
314 394 9
314 395 6
314 396 9
314 398 4
314 400 4
314 401 3
314 406 8
314 407 2
314 408 2
314 409 3
314 413 3
314 414 5
314 416 2
314 418 5
314 420 6
314 425 3
314 426 1
314 427 4
314 428 10
314 429 5
314 430 4
314 433 10
314 435 2
314 436 5
314 439 9
314 440 9
314 442 1
314 443 5
314 447 6
314 449 8
315 318 4
315 319 7
315 323 8
315 324 1
315 325 10
315 326 5
315 327 9
315 328 1
315 329 2
315 330 1
315 331 3
315 332 6
315 335 7
315 337 10
315 338 3
315 339 10
315 343 8
315 345 9
315 346 7
315 348 2
315 349 10
315 351 3
315 353 9
315 354 3
315 356 3
315 357 8
315 360 3
315 361 8
315 365 9
315 367 9
315 368 1
315 369 7
315 371 8
315 377 7
315 378 7
315 379 3
315 380 10
315 381 6
315 384 9
315 385 4
315 386 8
315 390 4
315 391 9
315 393 7
315 394 4
315 401 1
315 402 8
315 404 5
315 405 1
315 406 10
315 409 1
315 410 4
315 413 4
315 415 7
315 416 6
315 417 1
315 419 10
315 420 8
315 424 3
315 425 8
315 427 8
315 428 9
315 429 5
315 431 6
315 432 6
315 433 9
315 434 6
315 437 9
315 439 1
315 440 10
315 441 9
315 443 10
315 445 8
315 446 4
315 447 6
315 448 8
315 449 2
316 318 2
316 320 8
316 323 6
316 327 2
316 329 4
316 330 8
316 332 10
316 333 5
316 334 1
316 337 3
316 340 8
316 342 8
316 343 9
316 344 1
316 345 8
316 346 8
316 347 9
316 348 9
316 350 4
316 351 6
316 352 10
316 353 5
316 359 3
316 361 8
316 364 5
316 367 9
316 368 9
316 372 3
316 376 10
316 377 4
316 378 8
316 379 1
316 381 5
316 382 7
316 383 3
316 384 8
316 386 10
316 387 1
316 388 4
316 392 6
316 396 7
316 399 9
316 403 10
316 404 5
316 405 4
316 406 2
316 407 4
316 408 1
316 411 8
316 412 10
316 415 10
316 419 6
316 421 5
316 424 7
316 428 5
316 432 2
316 433 4
316 434 6
316 436 8
316 439 5
316 442 10
316 443 2
316 444 1
316 446 4
316 447 3
317 322 9
317 327 4
317 328 10
317 330 3
317 333 8
317 334 3
317 335 3
317 337 10
317 340 6
317 342 6
317 346 1
317 347 1
317 348 10
317 349 6
317 350 7
317 355 8
317 356 5
317 361 10
317 362 6
317 365 5
317 366 1
317 367 10
317 368 2
317 371 3
317 372 2
317 374 7
317 375 2
317 376 8
317 380 2
317 381 6
317 383 9
317 385 4
317 386 4
317 389 6
317 391 1
317 395 2
317 399 5
317 400 2
317 401 9
317 402 4
317 403 4
317 404 10
317 407 6
317 408 3
317 409 9
317 410 7
317 411 2
317 412 2
317 417 2
317 418 1
317 420 4
317 430 3
317 432 9
317 433 3
317 436 5
317 437 4
317 439 2
317 440 10
317 442 8
317 443 5
317 444 7
317 447 10
318 320 8
318 321 5
318 323 1
318 324 7
318 326 9
318 327 3
318 331 9
318 332 2
318 335 8
318 338 7
318 342 2
318 344 6
318 347 4
318 348 4
318 350 4
318 351 4
318 353 8
318 354 9
318 355 9
318 356 5
318 358 10
318 359 1
318 363 3
318 364 7
318 365 2
318 366 10
318 367 6
318 368 7
318 369 9
318 373 6
318 374 10
318 376 8
318 377 1
318 378 1
318 380 10
318 382 9
318 383 2
318 386 6
318 388 3
318 389 4
318 391 3
318 393 3
318 394 5
318 397 2
318 398 3
318 399 8
318 400 4
318 401 6
318 402 6
318 404 6
318 405 8
318 407 8
318 408 3
318 411 7
318 412 3
318 415 6
318 417 10
318 420 4
318 422 2
318 426 2
318 427 5
318 430 8
318 433 5
318 441 10
318 442 8
318 444 6
318 446 2
318 448 5
318 449 5
319 320 5
319 323 5
319 325 10
319 327 6
319 331 1
319 332 1
319 337 5
319 338 2
319 341 6
319 342 7
319 343 6
319 344 7
319 346 5
319 347 6
319 350 8
319 352 7
319 353 1
319 354 6
319 356 1
319 359 7
319 361 7
319 362 3
319 364 5
319 365 8
319 368 2
319 369 9
319 370 6
319 372 6
319 376 7
319 377 7
319 378 1
319 379 4
319 380 1
319 382 7
319 383 3
319 386 4
319 393 5
319 399 4
319 400 7
319 402 1
319 405 8
319 407 2
319 408 1
319 411 5
319 412 1
319 416 5
319 417 2
319 418 4
319 419 3
319 420 3
319 421 10
319 422 4
319 424 5
319 426 6
319 428 7
319 431 10
319 436 9
319 438 7
319 441 2
319 442 2
319 446 2
320 322 6
320 323 2
320 324 8
320 327 4
320 328 7
320 331 2
320 333 7
320 335 8
320 337 10
320 338 6
320 341 3
320 342 3
320 344 9
320 346 6
320 347 3
320 348 2
320 352 7
320 354 2
320 357 3
320 358 10
320 359 2
320 362 1
320 363 9
320 364 8
320 365 10
320 366 3
320 367 6
320 369 2
320 375 4
320 377 3
320 378 7
320 379 2
320 380 5
320 381 10
320 382 3
320 383 9
320 386 5
320 387 3
320 390 7
320 391 4
320 392 5
320 393 2
320 394 6
320 395 2
320 397 5
320 398 5
320 399 2
320 400 2
320 401 10
320 405 4
320 406 9
320 407 3
320 409 9
320 412 9
320 413 7
320 415 1
320 416 10
320 419 2
320 420 4
320 421 6
320 423 8
320 424 9
320 425 7
320 426 1
320 429 3
320 433 1
320 436 10
320 439 10
320 440 6
320 449 1
321 322 5
321 323 4
321 325 3
321 328 10
321 329 3
321 334 5
321 336 10
321 337 5
321 338 5
321 342 9
321 343 6
321 344 7
321 345 6
321 346 7
321 348 6
321 350 10
321 351 3
321 357 6
321 360 9
321 361 3
321 362 4
321 363 1
321 365 4
321 367 6
321 369 4
321 372 7
321 373 3
321 374 4
321 375 10
321 376 10
321 377 2
321 378 4
321 381 2
321 382 5
321 387 2
321 388 5
321 390 1
321 392 7
321 394 8
321 396 2
321 397 5
321 398 1
321 399 8
321 405 9
321 407 9
321 409 9
321 410 7
321 411 1
321 415 2
321 417 8
321 419 3
321 420 6
321 422 6
321 424 10
321 425 2
321 427 1
321 428 6
321 429 6
321 430 2
321 433 9
321 434 5
321 435 6
321 436 2
321 437 1
321 438 6
321 439 3
321 440 7
321 444 8
321 446 4
321 449 2
322 323 7
322 328 9
322 331 6
322 332 1
322 336 2
322 337 5
322 338 7
322 340 10
322 341 3
322 342 8
322 343 6
322 345 6
322 352 2
322 353 3
322 356 4
322 358 3
322 360 3
322 362 1
322 364 10
322 365 8
322 367 3
322 368 10
322 373 10
322 377 4
322 379 9
322 380 8
322 381 5
322 383 2
322 384 5
322 385 5
322 387 1
322 388 2
322 389 8
322 390 7
322 395 3
322 397 9
322 399 3
322 400 10
322 408 5
322 409 3
322 410 10
322 412 2
322 415 9
322 419 6
322 421 7
322 423 2
322 425 8
322 426 10
322 428 6
322 430 5
322 436 1
322 439 7
322 440 5
322 442 1
322 443 8
322 444 5
322 445 9
322 446 2
322 448 8
322 449 1
323 324 2
323 325 8
323 326 6
323 327 10
323 329 3
323 333 2
323 334 10
323 335 2
323 338 1
323 339 4
323 341 8
323 342 5
323 343 6
323 344 9
323 345 3
323 353 4
323 357 1
323 358 5
323 359 1
323 360 4
323 361 5
323 363 1
323 364 3
323 367 3
323 371 9
323 372 10
323 373 10
323 374 9
323 378 9
323 381 9
323 382 5
323 383 8
323 384 5
323 385 4
323 386 3
323 390 1
323 393 6
323 394 6
323 398 6
323 408 8
323 409 5
323 412 8
323 413 2
323 415 9
323 416 6
323 419 8
323 420 7
323 421 9
323 422 5
323 423 3
323 434 3
323 435 10
323 438 8
323 441 5
323 445 4
323 447 3
324 329 2
324 331 3
324 332 7
324 336 9
324 337 4
324 343 7
324 344 9
324 346 10
324 349 5
324 351 4
324 353 7
324 355 7
324 356 9
324 359 9
324 361 10
324 362 9
324 365 10
324 366 6
324 367 2
324 370 6
324 371 7
324 372 2
324 377 4
324 378 8
324 380 7
324 381 4
324 382 1
324 384 9
324 385 1
324 388 8
324 390 6
324 393 3
324 398 10
324 400 5
324 401 10
324 402 4
324 403 5
324 404 6
324 406 5
324 409 7
324 411 2
324 414 4
324 423 8
324 424 4
324 427 6
324 428 6
324 431 2
324 432 10
324 433 3
324 434 8
324 435 1
324 437 10
324 439 5
324 441 5
324 443 9
324 444 5
324 445 9
324 447 9
324 448 8
325 326 6
325 331 9
325 332 1
325 333 8
325 334 7
325 336 10
325 340 9
325 342 5
325 345 10
325 349 6
325 350 10
325 352 7
325 356 4
325 360 6
325 362 8
325 363 10
325 364 10
325 367 9
325 373 4
325 374 2
325 375 6
325 379 6
325 382 2
325 384 1
325 385 8
325 386 9
325 387 3
325 391 1
325 394 9
325 395 7
325 396 7
325 398 2
325 400 4
325 401 4
325 403 2
325 404 4
325 406 6
325 408 8
325 411 4
325 413 3
325 417 8
325 418 9
325 420 3
325 421 3
325 422 9
325 424 8
325 425 7
325 426 4
325 430 7
325 437 5
325 439 4
325 441 10
325 442 8
325 447 3
326 329 2
326 331 9
326 332 5
326 335 2
326 338 4
326 341 5
326 343 9
326 344 4
326 346 7
326 347 1
326 348 5
326 353 7
326 354 7
326 357 8
326 358 6
326 364 1
326 366 1
326 368 1
326 371 9
326 372 1
326 374 10
326 375 2
326 376 10
326 377 6
326 380 4
326 385 7
326 386 6
326 388 5
326 390 7
326 394 1
326 395 1
326 398 3
326 399 2
326 400 5
326 403 10
326 404 2
326 409 1
326 410 2
326 412 2
326 414 2
326 417 1
326 418 3
326 420 4
326 427 7
326 428 3
326 430 7
326 431 3
326 432 7
326 433 10
326 435 10
326 436 5
326 438 8
326 440 10
326 449 1
327 328 7
327 330 9
327 332 10
327 333 9
327 334 9
327 337 2
327 338 6
327 340 4
327 347 2
327 348 3
327 352 5
327 354 8
327 358 1
327 360 9
327 361 7
327 365 3
327 367 1
327 368 6
327 369 7
327 370 3
327 371 3
327 376 4
327 379 5
327 380 2
327 383 4
327 385 3
327 388 10
327 389 2
327 391 7
327 393 5
327 394 1
327 398 3
327 400 10
327 401 4
327 403 6
327 405 6
327 406 7
327 409 6
327 410 5
327 411 9
327 414 8
327 415 8
327 417 8
327 420 3
327 421 10
327 422 6
327 424 6
327 426 6
327 427 2
327 428 10
327 430 7
327 432 8
327 433 1
327 434 5
327 436 5
327 437 9
327 438 1
327 441 9
327 442 8
327 445 7
327 447 9
327 448 1
328 330 8
328 331 2
328 337 4
328 341 3
328 343 8
328 344 1
328 351 8
328 352 6
328 355 1
328 359 10
328 361 7
328 362 7
328 364 9
328 365 3
328 366 1
328 368 2
328 369 8
328 372 8
328 376 6
328 378 5
328 380 7
328 381 6
328 382 7
328 383 7
328 386 2
328 387 5
328 392 1
328 395 4
328 398 9
328 400 2
328 401 6
328 405 3
328 406 4
328 413 10
328 414 5
328 415 6
328 416 10
328 418 3
328 420 10
328 421 3
328 425 6
328 428 4
328 429 5
328 434 1
328 435 3
328 437 3
328 439 10
328 440 9
328 441 3
328 442 7
328 443 4
328 444 7
328 445 7
328 449 3
329 331 8
329 334 2
329 339 5
329 341 8
329 345 3
329 347 3
329 348 1
329 350 4
329 353 8
329 354 7
329 359 5
329 360 1
329 361 1
329 362 9
329 363 10
329 364 9
329 366 6
329 367 5
329 368 5
329 369 2
329 370 4
329 372 8
329 373 2
329 375 2
329 377 5
329 380 1
329 381 1
329 383 2
329 384 6
329 385 2
329 387 4
329 388 7
329 390 4
329 392 1
329 395 10
329 399 4
329 400 2
329 402 4
329 404 2
329 405 4
329 407 5
329 409 8
329 411 9
329 412 8
329 417 7
329 418 3
329 420 4
329 423 3
329 427 1
329 428 2
329 429 7
329 432 3
329 433 2
329 437 7
329 438 10
329 440 7
329 442 8
329 445 2
329 446 3
329 447 1
329 448 4
329 449 6
330 332 4
330 334 2
330 336 1
330 337 6
330 339 1
330 346 1
330 348 6
330 350 8
330 355 9
330 357 10
330 358 6
330 360 8
330 361 3
330 362 6
330 363 6
330 367 2
330 369 8
330 372 1
330 373 5
330 374 1
330 376 3
330 377 7
330 378 2
330 379 10
330 381 8
330 383 10
330 388 8
330 389 4
330 390 2
330 391 3
330 392 4
330 393 5
330 394 2
330 397 8
330 398 10
330 402 2
330 407 8
330 409 5
330 410 2
330 416 6
330 417 7
330 418 1
330 422 6
330 424 5
330 427 1
330 428 3
330 429 9
330 430 7
330 432 5
330 433 7
330 434 2
330 436 8
330 437 2
330 438 3
330 442 7
330 444 8
330 446 10
330 447 1
330 448 1
330 449 4
331 335 1
331 337 4
331 338 2
331 339 3
331 341 3
331 347 4
331 348 6
331 350 9
331 351 1
331 354 4
331 356 4
331 357 10
331 360 9
331 362 6
331 364 2
331 365 10
331 369 9
331 370 5
331 373 1
331 374 8
331 375 5
331 376 4
331 377 6
331 382 10
331 383 2
331 384 2
331 390 4
331 393 4
331 394 8
331 397 3
331 399 2
331 402 6
331 403 8
331 404 6
331 409 3
331 410 1
331 413 7
331 416 9
331 419 8
331 422 5
331 423 8
331 424 4
331 427 2
331 430 7
331 432 3
331 433 4
331 434 6
331 436 5
331 437 6
331 438 6
331 439 4
331 440 6
331 441 10
331 443 10
331 444 7
331 447 7
331 448 10
331 449 1
332 333 5
332 334 4
332 335 6
332 339 5
332 340 10
332 345 8
332 347 3
332 350 10
332 352 4
332 353 9
332 354 8
332 355 1
332 356 9
332 357 9
332 360 3
332 361 8
332 362 8
332 365 6
332 366 5
332 368 3
332 371 6
332 372 2
332 378 2
332 379 2
332 380 3
332 381 3
332 384 6
332 385 8
332 387 9
332 391 3
332 392 10
332 393 5
332 396 6
332 397 5
332 398 2
332 400 10
332 401 3
332 402 7
332 405 3
332 406 8
332 408 1
332 409 7
332 410 9
332 414 1
332 415 7
332 416 10
332 417 5
332 418 3
332 420 5
332 421 5
332 426 1
332 427 7
332 428 1
332 429 9
332 430 7
332 431 9
332 433 7
332 435 1
332 437 8
332 438 2
332 439 5
332 440 1
332 442 1
332 444 6
332 446 7
332 447 10
332 449 5
333 334 5
333 335 4
333 337 2
333 338 4
333 340 8
333 346 7
333 347 7
333 348 6
333 352 2
333 353 10
333 354 5
333 355 2
333 356 8
333 357 7
333 359 6
333 360 6
333 361 4
333 364 5
333 365 10
333 366 6
333 367 2
333 368 8
333 369 5
333 370 5
333 373 2
333 375 2
333 378 4
333 379 4
333 380 4
333 382 9
333 383 8
333 386 8
333 387 6
333 391 1
333 392 9
333 395 1
333 404 3
333 405 4
333 406 4
333 411 6
333 412 1
333 413 10
333 414 1
333 415 9
333 418 3
333 423 6
333 424 9
333 425 3
333 426 4
333 428 6
333 429 6
333 431 4
333 432 8
333 434 2
333 436 6
333 439 3
333 440 1
333 441 10
333 443 1
333 448 6
334 335 2
334 336 3
334 338 9
334 339 3
334 341 1
334 342 6
334 343 10
334 344 7
334 346 10
334 349 2
334 350 6
334 353 8
334 355 6
334 358 2
334 361 7
334 366 6
334 367 2
334 370 10
334 371 8
334 372 7
334 373 4
334 374 1
334 375 7
334 379 6
334 380 2
334 381 5
334 383 5
334 384 10
334 386 6
334 389 4
334 392 10
334 393 8
334 394 6
334 398 6
334 399 10
334 400 8
334 401 10
334 402 2
334 404 8
334 405 2
334 407 3
334 409 4
334 413 5
334 414 2
334 416 10
334 417 9
334 419 3
334 421 8
334 423 9
334 424 8
334 428 9
334 429 6
334 430 4
334 431 4
334 432 6
334 434 5
334 435 8
334 436 6
334 437 10
334 438 3
334 440 7
334 442 10
334 445 2
334 446 9
334 448 7
335 336 9
335 339 9
335 340 1
335 346 8
335 348 2
335 350 6
335 352 9
335 353 7
335 355 9
335 356 7
335 357 7
335 358 10
335 359 9
335 363 1
335 364 1
335 366 2
335 367 9
335 368 1
335 370 2
335 376 7
335 378 3
335 379 1
335 381 3
335 383 8
335 384 8
335 386 7
335 387 9
335 394 3
335 397 4
335 398 7
335 399 6
335 400 1
335 402 6
335 403 7
335 405 4
335 413 1
335 417 8
335 419 7
335 420 9
335 421 4
335 422 9
335 423 4
335 427 3
335 428 5
335 429 6
335 432 6
335 435 5
335 436 9
335 437 10
335 438 7
335 441 2
335 443 3
336 337 7
336 338 10
336 352 5
336 353 5
336 356 6
336 357 2
336 358 1
336 359 8
336 364 1
336 366 5
336 367 7
336 368 9
336 370 2
336 371 5
336 373 7
336 374 6
336 375 5
336 377 5
336 379 7
336 381 3
336 382 9
336 385 4
336 391 5
336 392 9
336 394 1
336 395 7
336 396 8
336 397 5
336 398 10
336 401 4
336 408 2
336 411 10
336 412 3
336 413 3
336 423 9
336 425 3
336 426 3
336 430 9
336 431 10
336 432 7
336 433 10
336 434 8
336 436 7
336 437 8
336 438 2
336 439 4
336 440 6
336 441 9
336 443 8
336 448 8
336 449 7
337 338 9
337 341 7
337 343 4
337 346 10
337 351 10
337 352 7
337 355 6
337 356 8
337 360 1
337 362 4
337 363 5
337 364 8
337 366 6
337 374 9
337 375 7
337 377 5
337 386 4
337 389 8
337 390 7
337 392 8
337 394 10
337 396 3
337 397 9
337 404 8
337 405 8
337 407 5
337 409 2
337 411 1
337 413 5
337 416 10
337 419 1
337 423 2
337 424 7
337 425 8
337 427 6
337 428 6
337 432 5
337 437 9
337 438 4
337 443 4
337 445 5
337 449 2
338 339 10
338 340 1
338 342 6
338 346 2
338 351 2
338 352 8
338 353 9
338 354 7
338 358 7
338 359 7
338 360 4
338 361 4
338 362 8
338 363 2
338 364 4
338 371 10
338 372 8
338 375 8
338 377 6
338 378 4
338 379 10
338 380 9
338 382 1
338 383 1
338 388 1
338 390 7
338 391 9
338 395 7
338 397 1
338 398 5
338 406 5
338 416 3
338 419 4
338 420 5
338 422 6
338 423 7
338 427 10
338 430 3
338 431 1
338 432 9
338 437 10
338 439 7
338 442 3
338 443 4
338 444 7
338 445 1
338 446 1
338 447 4
338 448 4
339 341 10
339 342 8
339 343 6
339 344 6
339 345 10
339 346 3
339 348 3
339 349 7
339 353 1
339 355 5
339 358 7
339 360 7
339 362 6
339 365 3
339 366 1
339 367 1
339 369 10
339 371 3
339 372 8
339 374 10
339 377 8
339 379 7
339 382 8
339 384 5
339 385 9
339 388 10
339 389 10
339 390 7
339 391 7
339 393 2
339 394 9
339 395 9
339 396 9
339 398 8
339 400 2
339 404 8
339 405 6
339 407 6
339 408 2
339 409 3
339 410 8
339 411 3
339 412 6
339 413 7
339 415 3
339 416 3
339 417 9
339 419 7
339 420 7
339 421 7
339 422 2
339 424 4
339 425 8
339 426 1
339 430 8
339 431 3
339 433 4
339 434 8
339 437 6
339 440 9
339 443 9
339 444 1
339 445 4
339 448 5
340 341 5
340 343 5
340 345 10
340 346 6
340 347 10
340 348 8
340 350 4
340 351 9
340 353 9
340 355 10
340 357 8
340 358 10
340 362 7
340 364 5
340 367 1
340 369 2
340 373 3
340 375 1
340 379 1
340 380 10
340 383 5
340 387 3
340 388 1
340 391 9
340 392 8
340 393 3
340 395 8
340 396 4
340 397 10
340 401 9
340 402 1
340 403 8
340 405 8
340 407 3
340 409 5
340 411 6
340 413 5
340 414 8
340 416 4
340 417 3
340 418 10
340 419 3
340 420 8
340 421 5
340 422 5
340 423 9
340 425 5
340 426 10
340 430 5
340 431 4
340 435 9
340 436 6
340 437 10
340 438 6
340 440 5
340 441 1
340 442 10
340 444 5
341 345 8
341 351 3
341 352 1
341 354 6
341 355 9
341 356 5
341 357 9
341 358 4
341 359 4
341 360 3
341 361 6
341 362 10
341 363 9
341 365 2
341 368 6
341 369 2
341 371 1
341 372 8
341 374 1
341 377 5
341 380 7
341 381 2
341 384 6
341 385 4
341 388 7
341 394 9
341 395 3
341 401 5
341 403 4
341 404 3
341 405 8
341 407 2
341 410 3
341 412 1
341 413 1
341 417 5
341 429 5
341 432 4
341 433 7
341 439 5
341 440 8
341 441 1
341 444 6
341 447 3
341 448 4
341 449 4
342 345 4
342 347 10
342 349 9
342 351 2
342 355 8
342 356 8
342 360 9
342 362 4
342 363 2
342 366 9
342 367 10
342 368 10
342 372 3
342 374 9
342 375 6
342 377 8
342 381 6
342 385 2
342 386 6
342 388 3
342 390 1
342 391 10
342 392 2
342 396 7
342 397 2
342 398 7
342 399 1
342 400 5
342 401 7
342 404 10
342 406 8
342 408 6
342 410 8
342 411 6
342 412 2
342 413 4
342 414 7
342 417 2
342 418 7
342 420 3
342 422 4
342 424 4
342 425 4
342 427 6
342 429 7
342 430 9
342 431 6
342 433 6
342 434 1
342 436 1
342 439 2
342 440 10
342 441 1
342 442 3
342 445 4
342 447 2
342 448 9
342 449 2
343 345 8
343 346 2
343 347 10
343 348 10
343 350 10
343 351 5
343 352 3
343 353 8
343 354 10
343 357 7
343 359 1
343 361 5
343 363 9
343 365 3
343 367 5
343 371 5
343 373 10
343 374 9
343 376 1
343 377 9
343 378 8
343 379 7
343 380 10
343 388 3
343 389 3
343 391 4
343 392 6
343 394 2
343 396 8
343 397 8
343 398 1
343 401 2
343 402 6
343 403 8
343 405 5
343 409 2
343 415 7
343 418 1
343 419 6
343 420 4
343 421 10
343 422 10
343 423 7
343 424 3
343 425 9
343 427 1
343 430 6
343 431 3
343 432 5
343 433 1
343 434 6
343 439 5
343 440 5
343 441 10
343 442 4
343 443 10
343 444 3
343 445 3
343 448 8
344 345 2
344 346 7
344 347 6
344 348 8
344 351 2
344 352 10
344 353 5
344 355 7
344 356 6
344 357 10
344 359 5
344 360 7
344 362 9
344 364 6
344 366 3
344 369 1
344 370 7
344 374 5
344 376 10
344 377 5
344 379 9
344 382 9
344 387 7
344 388 3
344 389 1
344 390 4
344 392 10
344 396 1
344 398 6
344 399 2
344 400 6
344 403 7
344 404 10
344 406 8
344 407 10
344 410 3
344 411 2
344 412 1
344 415 3
344 416 6
344 417 10
344 418 5
344 420 2
344 423 1
344 427 6
344 429 8
344 431 5
344 432 10
344 433 1
344 434 8
344 438 9
344 443 1
344 444 3
344 445 8
344 446 2
344 448 10
344 449 10
345 347 8
345 349 6
345 357 9
345 362 7
345 363 4
345 364 7
345 365 1
345 367 9
345 372 3
345 374 1
345 375 5
345 376 3
345 377 1
345 378 6
345 379 7
345 381 7
345 382 1
345 383 8
345 384 4
345 386 4
345 387 4
345 388 5
345 396 6
345 399 8
345 400 2
345 403 2
345 405 9
345 406 6
345 407 2
345 409 4
345 411 1
345 412 5
345 418 10
345 422 2
345 424 6
345 425 10
345 430 10
345 433 9
345 435 8
345 437 7
345 441 6
345 442 7
345 443 2
345 444 9
345 445 7
345 447 10
346 350 10
346 355 7
346 357 8
346 359 4
346 360 1
346 361 3
346 364 2
346 365 6
346 366 2
346 367 4
346 368 9
346 371 5
346 374 10
346 376 9
346 377 3
346 378 7
346 380 9
346 383 3
346 384 9
346 385 3
346 386 5
346 387 8
346 391 1
346 394 7
346 395 9
346 399 10
346 400 10
346 404 5
346 406 9
346 407 2
346 409 8
346 410 10
346 411 3
346 412 6
346 413 2
346 415 2
346 422 10
346 425 2
346 427 10
346 431 5
346 434 1
346 437 8
346 438 1
346 440 3
346 442 6
346 448 2
347 350 7
347 352 6
347 358 2
347 361 3
347 363 10
347 366 1
347 369 2
347 370 6
347 371 2
347 373 5
347 376 8
347 377 9
347 379 7
347 385 8
347 387 2
347 388 9
347 391 10
347 394 1
347 395 10
347 396 8
347 403 9
347 404 10
347 405 7
347 406 2
347 408 5
347 410 6
347 413 8
347 414 10
347 415 9
347 417 4
347 420 7
347 421 5
347 422 2
347 423 3
347 424 2
347 426 6
347 428 8
347 429 8
347 430 8
347 431 10
347 432 8
347 433 6
347 434 5
347 436 8
347 437 9
347 438 6
347 440 2
347 441 3
347 442 3
347 443 4
347 444 1
347 445 8
347 448 9
348 349 6
348 350 8
348 351 8
348 352 10
348 353 8
348 355 1
348 357 6
348 358 4
348 361 6
348 370 5
348 371 4
348 374 3
348 379 3
348 380 9
348 381 7
348 386 4
348 387 8
348 389 2
348 390 4
348 392 8
348 393 6
348 396 7
348 397 2
348 398 1
348 399 8
348 400 8
348 405 8
348 406 10
348 409 1
348 410 10
348 414 4
348 416 1
348 418 8
348 419 4
348 422 10
348 427 6
348 428 2
348 429 4
348 430 4
348 431 8
348 433 5
348 436 10
348 437 5
348 438 3
348 439 4
348 440 5
348 441 1
348 442 7
348 443 2
348 445 1
348 446 1
348 447 5
349 350 9
349 352 6
349 353 1
349 354 2
349 355 1
349 356 10
349 358 6
349 359 6
349 365 7
349 366 10
349 368 9
349 369 9
349 370 10
349 371 1
349 373 5
349 374 10
349 379 8
349 380 3
349 381 8
349 382 3
349 383 6
349 384 9
349 388 8
349 392 10
349 394 8
349 395 5
349 396 7
349 397 1
349 398 5
349 400 6
349 401 4
349 402 8
349 407 5
349 408 4
349 413 7
349 414 10
349 415 8
349 418 5
349 420 2
349 424 4
349 425 4
349 426 10
349 427 4
349 428 1
349 430 9
349 432 7
349 434 9
349 438 5
349 442 5
349 448 10
349 449 10
350 352 5
350 355 2
350 359 8
350 360 2
350 362 8
350 365 10
350 366 9
350 370 1
350 372 8
350 373 8
350 375 5
350 376 8
350 379 5
350 382 10
350 383 1
350 384 5
350 385 1
350 386 4
350 389 5
350 390 10
350 391 3
350 392 9
350 395 8
350 398 10
350 399 5
350 402 2
350 403 4
350 404 8
350 405 6
350 407 3
350 408 10
350 409 3
350 410 10
350 414 6
350 415 1
350 416 6
350 419 2
350 420 2
350 421 1
350 422 3
350 424 4
350 425 4
350 426 2
350 431 3
350 432 9
350 435 6
350 437 9
350 438 4
350 444 1
350 445 9
350 447 10
350 448 7
350 449 8
351 355 1
351 357 2
351 359 5
351 362 2
351 364 9
351 366 2
351 367 9
351 368 9
351 369 8
351 370 9
351 372 10
351 373 1
351 377 3
351 381 6
351 384 5
351 385 8
351 386 7
351 387 5
351 388 2
351 389 6
351 391 1
351 396 2
351 397 1
351 398 7
351 402 6
351 404 5
351 409 5
351 410 6
351 411 9
351 412 2
351 414 2
351 415 9
351 416 8
351 418 6
351 419 4
351 420 5
351 423 10
351 427 9
351 428 3
351 431 6
351 432 6
351 433 7
351 435 2
351 436 6
351 438 1
351 439 6
351 440 5
351 441 1
351 443 10
351 445 2
351 446 9
351 448 1
351 449 8
352 353 3
352 354 9
352 359 5
352 361 2
352 363 7
352 366 5
352 374 10
352 375 9
352 376 6
352 381 5
352 382 6
352 383 9
352 384 8
352 385 9
352 386 1
352 388 6
352 389 5
352 390 8
352 394 8
352 395 1
352 398 9
352 400 1
352 403 4
352 405 2
352 406 6
352 407 1
352 409 2
352 413 10
352 414 7
352 417 1
352 419 1
352 422 3
352 423 7
352 424 4
352 425 4
352 427 2
352 428 2
352 429 1
352 431 1
352 432 1
352 437 7
352 440 8
352 441 7
352 442 6
352 445 9
352 446 8
352 447 7
352 448 3
353 355 4
353 356 6
353 357 9
353 358 7
353 359 2
353 360 4
353 361 5
353 363 6
353 367 2
353 368 3
353 371 4
353 372 3
353 374 2
353 376 7
353 377 3
353 378 2
353 379 4
353 382 10
353 384 1
353 385 9
353 389 6
353 391 6
353 392 6
353 394 1
353 396 2
353 398 9
353 399 7
353 400 8
353 402 4
353 404 5
353 408 10
353 412 1
353 413 10
353 417 3
353 418 9
353 420 2
353 421 1
353 422 3
353 423 4
353 426 10
353 430 9
353 431 1
353 435 7
353 437 3
353 438 5
353 440 7
353 441 6
353 442 2
353 443 3
353 447 7
353 449 3
354 361 8
354 362 5
354 364 4
354 367 9
354 368 3
354 369 3
354 370 8
354 372 4
354 373 10
354 374 1
354 375 9
354 376 6
354 377 10
354 379 7
354 382 1
354 383 1
354 384 7
354 386 6
354 387 4
354 388 6
354 389 10
354 390 10
354 391 3
354 394 6
354 396 6
354 397 8
354 398 6
354 399 4
354 402 5
354 408 2
354 410 7
354 413 9
354 418 4
354 421 8
354 423 8
354 426 3
354 427 2
354 428 7
354 429 9
354 430 4
354 434 10
354 437 6
354 439 6
354 441 4
354 443 6
354 444 4
354 445 3
354 449 9
355 356 3
355 364 1
355 367 1
355 369 2
355 373 5
355 374 8
355 376 2
355 377 6
355 378 1
355 379 4
355 380 10
355 381 1
355 383 2
355 384 1
355 386 7
355 388 1
355 391 2
355 394 4
355 406 4
355 409 3
355 410 7
355 411 3
355 412 8
355 413 7
355 414 6
355 415 4
355 417 5
355 418 2
355 420 9
355 426 8
355 428 5
355 430 2
355 431 3
355 435 9
355 438 8
355 439 5
355 440 8
355 441 1
355 445 8
355 448 3
355 449 8
356 358 9
356 361 8
356 362 9
356 363 10
356 364 7
356 366 7
356 367 2
356 371 7
356 372 1
356 373 7
356 374 5
356 375 5
356 376 3
356 381 3
356 383 2
356 384 3
356 385 5
356 386 5
356 390 1
356 391 8
356 395 1
356 396 7
356 398 3
356 400 1
356 401 9
356 403 10
356 407 9
356 408 4
356 409 7
356 410 3
356 413 7
356 415 8
356 416 9
356 422 5
356 424 3
356 427 10
356 429 10
356 430 10
356 431 6
356 432 10
356 433 2
356 436 2
356 437 8
356 440 6
356 441 5
356 443 5
356 445 6
356 447 10
356 448 10
356 449 10
357 361 9
357 364 10
357 368 6
357 369 5
357 371 9
357 372 1
357 373 8
357 374 3
357 377 4
357 380 1
357 383 9
357 384 6
357 386 9
357 392 4
357 393 7
357 394 10
357 395 6
357 397 9
357 401 2
357 402 7
357 406 8
357 407 10
357 411 2
357 412 6
357 413 3
357 414 10
357 415 9
357 416 9
357 419 10
357 420 1
357 421 6
357 422 9
357 427 1
357 428 8
357 429 10
357 435 8
357 436 2
357 438 8
357 441 7
357 443 3
357 446 2
357 448 5
357 449 9
358 359 3
358 363 6
358 364 3
358 368 3
358 369 2
358 373 6
358 374 2
358 377 9
358 381 7
358 383 3
358 384 10
358 386 5
358 387 3
358 388 4
358 389 10
358 393 10
358 395 1
358 398 7
358 400 9
358 406 5
358 407 5
358 410 6
358 412 4
358 413 10
358 415 9
358 418 3
358 419 10
358 420 1
358 423 8
358 424 6
358 426 5
358 428 10
358 429 9
358 430 7
358 433 4
358 436 10
358 441 7
358 442 5
358 443 2
358 444 6
358 446 6
358 449 4
359 361 10
359 364 2
359 365 3
359 366 10
359 369 6
359 374 8
359 375 10
359 377 7
359 381 10
359 383 8
359 384 1
359 385 5
359 386 10
359 388 3
359 389 5
359 390 10
359 391 5
359 396 7
359 397 2
359 402 4
359 406 2
359 407 3
359 408 8
359 409 6
359 410 7
359 412 2
359 415 6
359 416 7
359 417 1
359 418 3
359 419 6
359 422 8
359 424 3
359 426 3
359 429 2
359 430 2
359 431 7
359 435 6
359 437 2
359 439 7
359 440 5
359 442 9
359 449 10
360 362 2
360 363 7
360 364 9
360 366 5
360 367 4
360 371 1
360 372 10
360 373 4
360 379 5
360 380 2
360 383 6
360 386 10
360 387 6
360 388 3
360 399 8
360 401 1
360 402 8
360 404 6
360 408 7
360 409 2
360 416 4
360 418 9
360 423 10
360 431 6
360 433 3
360 435 3
360 436 9
360 440 10
360 442 10
360 447 9
360 448 5
361 363 7
361 366 8
361 369 5
361 373 1
361 375 9
361 376 5
361 378 1
361 379 7
361 381 7
361 386 4
361 388 3
361 394 3
361 397 8
361 400 1
361 401 8
361 403 6
361 404 4
361 405 8
361 406 7
361 407 10
361 409 2
361 411 8
361 412 4
361 414 4
361 415 1
361 417 5
361 419 4
361 420 1
361 421 6
361 422 1
361 424 2
361 427 2
361 428 2
361 430 10
361 433 3
361 434 10
361 436 4
361 437 8
361 438 6
361 442 10
361 443 2
361 444 2
361 449 1
362 365 3
362 367 5
362 369 4
362 377 7
362 378 3
362 379 4
362 380 7
362 381 6
362 389 5
362 390 2
362 393 10
362 396 8
362 397 6
362 398 2
362 400 8
362 402 10
362 404 9
362 405 6
362 406 5
362 407 8
362 408 5
362 409 8
362 411 9
362 412 5
362 415 3
362 417 2
362 419 5
362 420 1
362 421 3
362 422 3
362 424 6
362 427 9
362 436 4
362 438 3
362 441 3
362 446 10
363 365 10
363 366 5
363 367 9
363 370 5
363 373 8
363 376 7
363 379 7
363 380 9
363 381 3
363 382 2
363 383 10
363 384 10
363 391 2
363 394 3
363 395 8
363 396 6
363 397 4
363 398 5
363 399 9
363 402 9
363 404 10
363 406 3
363 408 8
363 410 8
363 413 6
363 416 9
363 417 9
363 418 9
363 423 6
363 425 5
363 427 2
363 428 8
363 432 3
363 433 7
363 439 1
363 440 3
363 441 9
363 446 10
363 447 8
363 448 5
363 449 1
364 368 8
364 371 8
364 372 8
364 373 6
364 375 9
364 377 2
364 381 4
364 383 5
364 384 8
364 385 7
364 387 4
364 388 5
364 390 9
364 391 1
364 393 2
364 395 5
364 399 9
364 400 9
364 401 4
364 402 4
364 403 10
364 408 7
364 409 5
364 411 4
364 414 3
364 416 1
364 418 8
364 423 3
364 424 8
364 426 9
364 427 7
364 428 2
364 429 10
364 430 6
364 433 5
364 436 4
364 438 8
364 439 8
364 445 7
364 446 5
364 447 9
364 448 4
365 371 8
365 373 1
365 375 10
365 376 6
365 379 1
365 380 9
365 384 2
365 385 8
365 388 1
365 389 4
365 392 5
365 393 3
365 394 3
365 395 7
365 396 2
365 400 10
365 401 3
365 404 5
365 410 7
365 411 8
365 412 9
365 413 10
365 418 6
365 419 5
365 420 1
365 422 6
365 423 10
365 427 1
365 428 1
365 429 6
365 432 7
365 433 10
365 434 6
365 437 2
365 438 8
365 439 5
365 441 6
365 444 8
365 447 8
365 448 10
365 449 10
366 369 1
366 370 5
366 371 7
366 374 7
366 377 4
366 378 6
366 379 8
366 382 7
366 384 8
366 385 3
366 387 8
366 392 9
366 393 1
366 394 3
366 399 6
366 402 1
366 403 8
366 404 7
366 406 10
366 412 5
366 413 2
366 419 9
366 420 5
366 421 7
366 426 9
366 427 4
366 428 10
366 429 2
366 430 9
366 431 5
366 432 4
366 434 7
366 436 8
366 438 8
366 442 2
366 443 2
367 371 6
367 372 8
367 375 5
367 378 1
367 379 10
367 382 3
367 383 6
367 385 5
367 387 9
367 389 5
367 390 3
367 391 8
367 392 10
367 395 9
367 398 1
367 403 4
367 406 6
367 409 10
367 410 1
367 414 6
367 417 7
367 418 8
367 421 6
367 422 4
367 425 6
367 426 5
367 427 1
367 428 2
367 429 6
367 430 10
367 431 4
367 434 1
367 435 6
367 436 9
367 437 8
367 438 3
367 439 6
367 440 6
367 444 1
367 445 1
367 449 5
368 373 3
368 374 8
368 376 4
368 377 7
368 380 1
368 381 4
368 382 9
368 385 2
368 386 4
368 387 5
368 388 5
368 393 6
368 398 1
368 400 8
368 401 9
368 406 10
368 407 7
368 408 3
368 413 1
368 414 3
368 415 2
368 419 5
368 420 8
368 426 3
368 430 3
368 431 3
368 432 1
368 434 2
368 435 4
368 437 5
368 440 9
368 442 6
368 443 4
368 445 7
368 446 1
368 448 5
368 449 4
369 370 6
369 374 10
369 375 3
369 379 8
369 381 2
369 383 2
369 384 1
369 385 2
369 387 10
369 389 9
369 390 5
369 393 8
369 395 5
369 396 3
369 397 8
369 399 7
369 400 10
369 405 4
369 406 6
369 412 7
369 413 2
369 422 2
369 424 6
369 425 6
369 426 3
369 428 1
369 431 8
369 433 4
369 437 1
369 438 6
369 439 7
369 440 10
369 441 7
369 442 10
369 444 3
369 445 1
369 446 7
369 447 7
369 448 5
369 449 4
370 375 7
370 376 9
370 378 5
370 379 9
370 380 8
370 381 5
370 383 7
370 386 10
370 387 1
370 388 1
370 389 9
370 390 8
370 392 9
370 394 9
370 395 8
370 396 8
370 397 2
370 400 2
370 404 3
370 405 8
370 406 6
370 407 10
370 408 2
370 409 10
370 412 1
370 413 7
370 414 10
370 416 9
370 419 1
370 420 6
370 421 5
370 423 2
370 426 6
370 428 4
370 429 5
370 432 2
370 433 1
370 434 5
370 435 9
370 436 1
370 438 3
370 440 4
370 441 6
370 443 10
370 444 5
370 446 10
370 449 2
371 373 4
371 375 4
371 376 9
371 379 9
371 381 7
371 384 8
371 385 6
371 386 6
371 389 6
371 390 3
371 392 10
371 393 5
371 395 9
371 396 10
371 398 10
371 399 4
371 400 5
371 403 6
371 404 7
371 405 2
371 410 3
371 411 7
371 415 3
371 417 4
371 419 3
371 420 7
371 422 10
371 426 7
371 430 4
371 432 4
371 434 5
371 435 3
371 441 10
371 442 4
371 446 8
371 448 2
372 374 8
372 376 8
372 377 1
372 381 3
372 383 1
372 384 1
372 386 1
372 388 9
372 390 7
372 392 5
372 393 7
372 395 2
372 396 9
372 399 10
372 402 4
372 406 7
372 409 10
372 410 4
372 411 3
372 415 6
372 416 9
372 418 6
372 419 1
372 420 4
372 422 7
372 424 7
372 425 6
372 426 4
372 429 3
372 433 1
372 435 2
372 436 4
372 437 7
372 438 4
372 439 5
372 442 2
372 443 4
372 445 1
372 446 3
372 447 8
372 448 1
373 375 6
373 376 6
373 377 4
373 380 2
373 381 2
373 382 6
373 383 4
373 386 7
373 388 10
373 389 1
373 390 10
373 392 10
373 394 1
373 395 1
373 397 5
373 398 3
373 402 4
373 408 10
373 409 8
373 411 5
373 412 2
373 414 5
373 415 5
373 417 6
373 419 2
373 421 4
373 426 9
373 428 5
373 430 5
373 432 1
373 434 6
373 438 2
373 440 1
373 441 1
373 442 1
373 443 10
373 446 9
373 448 5
374 375 9
374 376 1
374 383 9
374 386 7
374 387 9
374 396 8
374 398 9
374 399 8
374 400 7
374 402 3
374 403 1
374 406 1
374 407 6
374 408 3
374 409 9
374 410 3
374 412 7
374 413 10
374 415 6
374 418 8
374 419 1
374 421 7
374 423 3
374 425 7
374 426 5
374 427 10
374 428 5
374 431 7
374 435 8
374 436 8
374 437 8
374 439 2
374 440 10
374 445 3
374 446 5
374 448 7
375 376 1
375 377 4
375 378 3
375 379 6
375 380 7
375 383 4
375 384 2
375 385 9
375 389 5
375 391 8
375 392 2
375 393 9
375 396 8
375 397 2
375 399 9
375 403 4
375 405 6
375 406 10
375 407 10
375 408 3
375 409 2
375 410 6
375 413 3
375 414 6
375 415 3
375 420 6
375 421 2
375 423 6
375 424 9
375 425 10
375 429 8
375 430 2
375 436 5
375 438 5
375 440 3
375 443 8
375 447 3
375 449 3
376 377 5
376 378 10
376 379 4
376 381 2
376 382 9
376 383 1
376 384 8
376 388 7
376 389 9
376 392 6
376 394 3
376 398 1
376 402 1
376 403 2
376 404 7
376 407 6
376 408 2
376 410 8
376 411 1
376 412 6
376 413 10
376 414 10
376 417 10
376 418 9
376 419 3
376 421 3
376 423 1
376 425 5
376 426 4
376 427 7
376 430 2
376 431 6
376 432 1
376 437 5
376 439 10
376 443 6
376 445 9
376 446 4
376 447 7
377 378 6
377 379 6
377 381 7
377 382 7
377 388 5
377 389 10
377 390 2
377 392 1
377 393 8
377 395 8
377 400 9
377 402 5
377 403 10
377 405 1
377 406 6
377 407 5
377 408 4
377 410 1
377 413 9
377 418 9
377 419 4
377 430 9
377 431 1
377 432 9
377 434 9
377 435 7
377 436 4
377 437 5
377 438 8
377 439 9
377 441 6
377 445 7
377 446 6
377 448 2
377 449 3
378 379 9
378 380 10
378 381 8
378 383 2
378 384 6
378 385 9
378 386 10
378 388 10
378 391 10
378 393 1
378 398 5
378 399 3
378 400 7
378 401 8
378 402 7
378 403 4
378 407 8
378 408 1
378 409 10
378 411 10
378 413 2
378 414 4
378 417 9
378 418 3
378 419 6
378 421 5
378 422 8
378 423 7
378 425 8
378 427 3
378 428 8
378 433 10
378 434 6
378 437 9
378 438 2
378 440 9
378 442 3
378 443 3
378 444 7
378 445 2
378 446 6
378 447 3
378 448 7
379 381 8
379 382 5
379 385 1
379 387 10
379 389 7
379 391 8
379 393 3
379 394 3
379 396 8
379 399 4
379 400 9
379 402 1
379 405 8
379 409 8
379 411 5
379 412 5
379 414 9
379 415 7
379 420 10
379 422 10
379 423 2
379 424 4
379 425 6
379 426 1
379 427 8
379 432 5
379 434 3
379 436 9
379 438 6
379 440 10
379 441 3
379 442 8
379 443 4
379 444 9
379 445 5
379 446 3
380 381 7
380 384 4
380 386 9
380 387 10
380 394 1
380 397 10
380 398 1
380 402 9
380 403 6
380 404 5
380 405 8
380 406 7
380 408 5
380 410 8
380 411 8
380 416 6
380 419 6
380 421 7
380 422 5
380 425 1
380 426 7
380 427 5
380 428 7
380 430 5
380 433 3
380 434 3
380 436 3
380 437 2
380 439 10
380 441 5
380 443 3
380 444 2
380 445 6
380 446 7
380 448 6
380 449 1
381 382 6
381 385 5
381 386 3
381 387 9
381 388 1
381 389 10
381 391 7
381 394 7
381 397 9
381 398 5
381 399 1
381 400 5
381 402 3
381 403 9
381 406 2
381 407 1
381 409 2
381 410 8
381 412 4
381 413 7
381 416 7
381 417 7
381 418 1
381 420 8
381 423 5
381 424 1
381 425 3
381 426 1
381 427 2
381 429 6
381 431 2
381 432 3
381 433 5
381 437 4
381 441 2
381 443 3
381 444 7
381 445 7
381 449 3
382 383 10
382 388 10
382 391 3
382 392 4
382 393 3
382 400 4
382 404 3
382 406 10
382 408 9
382 412 2
382 413 9
382 416 2
382 418 8
382 419 9
382 425 9
382 428 5
382 429 10
382 432 1
382 435 4
382 436 6
382 437 9
382 439 5
382 441 2
382 442 2
382 443 4
382 444 8
382 445 9
382 446 10
382 448 10
382 449 2
383 387 9
383 390 6
383 392 3
383 396 8
383 401 2
383 402 4
383 403 10
383 404 10
383 411 5
383 412 2
383 414 7
383 416 4
383 418 7
383 422 4
383 424 2
383 425 8
383 427 2
383 429 7
383 437 9
383 438 7
383 441 5
383 444 1
383 445 5
383 447 10
383 449 9
384 386 6
384 391 10
384 394 5
384 396 3
384 397 8
384 400 6
384 402 9
384 404 1
384 405 4
384 407 6
384 415 3
384 417 1
384 420 5
384 421 7
384 422 9
384 425 10
384 427 7
384 429 8
384 431 10
384 435 6
384 436 8
384 437 6
384 438 2
384 439 8
384 445 3
384 446 1
384 447 6
385 387 2
385 393 3
385 394 1
385 395 7
385 396 8
385 397 3
385 400 6
385 401 3
385 405 1
385 406 10
385 408 1
385 409 1
385 417 1
385 418 6
385 419 7
385 423 4
385 427 1
385 428 7
385 430 2
385 431 7
385 432 8
385 433 10
385 434 7
385 435 5
385 439 10
385 440 8
385 441 8
385 444 6
385 445 4
385 446 2
385 447 10
385 448 10
386 390 6
386 393 1
386 396 9
386 397 3
386 398 5
386 404 10
386 405 6
386 406 3
386 407 8
386 408 2
386 409 2
386 410 10
386 412 8
386 413 9
386 414 6
386 418 2
386 419 6
386 423 10
386 425 9
386 429 9
386 431 2
386 435 6
386 436 4
386 437 9
386 438 10
386 439 5
386 441 4
386 444 6
386 447 6
386 448 7
387 392 1
387 395 1
387 396 2
387 397 10
387 399 6
387 400 6
387 401 2
387 403 10
387 409 4
387 412 9
387 414 9
387 415 10
387 416 1
387 417 10
387 421 8
387 422 3
387 423 6
387 425 8
387 428 2
387 429 4
387 435 8
387 437 4
387 438 1
387 439 4
387 440 4
387 441 2
387 445 1
387 446 6
387 447 7
387 448 9
388 391 8
388 393 5
388 394 6
388 397 1
388 405 5
388 407 5
388 408 7
388 409 5
388 410 7
388 411 6
388 414 4
388 415 5
388 416 7
388 417 7
388 418 1
388 419 10
388 420 3
388 423 6
388 428 10
388 430 8
388 431 7
388 433 5
388 434 1
388 436 1
388 439 1
388 440 5
388 442 8
388 443 9
388 447 8
388 448 2
389 390 10
389 391 4
389 392 5
389 394 6
389 395 9
389 396 10
389 397 7
389 398 10
389 400 10
389 401 2
389 403 7
389 404 8
389 405 4
389 415 3
389 418 3
389 419 10
389 422 2
389 423 8
389 424 1
389 425 5
389 430 1
389 432 3
389 437 5
389 438 2
389 439 10
389 440 3
389 442 5
389 445 8
389 446 7
389 447 5
390 391 6
390 393 9
390 394 3
390 395 8
390 397 4
390 398 7
390 399 1
390 404 1
390 409 2
390 410 5
390 411 1
390 413 10
390 416 8
390 420 6
390 422 2
390 423 4
390 428 5
390 429 9
390 431 5
390 434 6
390 435 7
390 436 3
390 438 5
390 443 10
390 444 2
390 447 5
390 448 8
391 393 3
391 394 1
391 395 10
391 397 6
391 398 7
391 399 9
391 400 7
391 402 3
391 403 6
391 404 1
391 405 9
391 406 6
391 410 8
391 411 6
391 412 9
391 413 1
391 416 6
391 417 6
391 418 2
391 421 5
391 422 4
391 423 9
391 425 4
391 427 1
391 433 4
391 435 6
391 438 7
391 440 3
391 441 7
391 442 1
391 444 6
391 447 6
391 449 4
392 394 4
392 395 5
392 397 7
392 399 8
392 400 9
392 401 6
392 402 7
392 403 9
392 404 4
392 405 4
392 408 6
392 409 8
392 410 6
392 414 10
392 415 1
392 419 1
392 421 10
392 422 1
392 425 4
392 428 5
392 429 9
392 430 7
392 435 5
392 438 2
392 439 3
392 441 8
392 442 3
392 444 4
392 446 8
392 447 6
392 449 7
393 394 5
393 396 2
393 398 9
393 400 5
393 402 5
393 404 10
393 408 6
393 409 10
393 412 6
393 414 8
393 415 8
393 416 4
393 417 6
393 418 1
393 424 10
393 425 7
393 426 7
393 427 8
393 428 4
393 430 4
393 432 1
393 434 7
393 435 1
393 438 8
393 439 8
393 441 7
393 442 8
393 447 3
394 395 9
394 398 7
394 402 7
394 403 2
394 408 8
394 409 2
394 412 9
394 414 4
394 416 9
394 417 9
394 418 6
394 419 8
394 420 9
394 424 5
394 425 5
394 429 3
394 431 10
394 433 5
394 434 1
394 435 9
394 436 5
394 437 9
394 438 4
394 440 5
394 441 1
394 443 2
394 446 10
394 447 5
394 448 2
394 449 1
395 396 9
395 397 2
395 400 10
395 401 9
395 404 1
395 408 6
395 409 4
395 410 5
395 411 5
395 412 10
395 413 1
395 415 4
395 416 2
395 417 5
395 418 8
395 419 2
395 420 10
395 421 7
395 423 6
395 425 8
395 426 9
395 427 2
395 428 1
395 429 10
395 430 5
395 431 3
395 432 9
395 437 3
395 439 3
395 440 6
395 441 2
395 443 10
395 444 10
395 447 7
396 398 5
396 401 5
396 405 9
396 407 1
396 410 9
396 413 2
396 415 1
396 416 5
396 417 9
396 418 10
396 419 9
396 426 1
396 427 4
396 428 4
396 429 1
396 430 6
396 431 1
396 434 1
396 435 2
396 437 5
396 440 4
396 442 3
396 443 4
397 398 8
397 401 8
397 404 1
397 408 3
397 412 7
397 415 3
397 416 5
397 417 5
397 421 5
397 422 4
397 424 2
397 426 7
397 433 2
397 434 3
397 435 2
397 436 7
397 437 7
397 439 1
397 442 4
397 443 8
397 447 1
397 448 1
397 449 1
398 400 4
398 404 9
398 406 2
398 408 5
398 409 6
398 410 9
398 412 4
398 414 3
398 416 8
398 418 10
398 421 3
398 422 5
398 423 6
398 424 10
398 426 5
398 429 5
398 430 5
398 431 4
398 433 7
398 434 1
398 435 5
398 437 10
398 438 6
398 439 2
398 444 2
398 445 3
398 447 5
398 449 8
399 402 10
399 403 7
399 404 8
399 407 9
399 408 1
399 410 9
399 412 5
399 415 5
399 417 2
399 420 8
399 423 5
399 425 10
399 428 10
399 429 7
399 432 6
399 433 1
399 436 9
399 440 7
399 441 9
399 442 8
399 445 10
399 447 2
400 403 5
400 405 3
400 407 10
400 409 10
400 412 1
400 414 7
400 415 8
400 417 3
400 418 8
400 419 8
400 420 7
400 422 3
400 425 4
400 426 7
400 427 6
400 428 2
400 429 4
400 430 7
400 433 6
400 435 9
400 439 4
400 443 9
400 444 1
400 447 1
400 448 2
400 449 9
401 402 3
401 404 4
401 405 2
401 410 8
401 411 2
401 413 4
401 414 3
401 416 6
401 418 6
401 419 8
401 423 10
401 424 2
401 425 8
401 427 6
401 429 2
401 431 1
401 432 2
401 434 2
401 436 4
401 438 6
401 439 2
401 440 10
401 441 10
401 442 5
401 443 7
401 446 2
401 448 2
401 449 6
402 406 2
402 408 3
402 410 8
402 411 3
402 412 9
402 420 6
402 422 6
402 425 5
402 426 9
402 429 4
402 433 6
402 434 5
402 436 9
402 437 5
402 438 9
402 440 7
402 442 5
402 444 5
402 445 10
402 449 8
403 408 6
403 410 8
403 414 4
403 416 3
403 418 3
403 421 1
403 423 7
403 428 10
403 432 4
403 433 3
403 435 6
403 438 8
403 443 8
403 446 9
403 447 9
403 449 8
404 405 10
404 406 7
404 407 3
404 411 2
404 412 4
404 413 2
404 419 3
404 420 6
404 423 7
404 424 10
404 425 1
404 426 4
404 429 5
404 431 2
404 436 5
404 437 6
404 439 2
404 440 1
404 441 9
404 443 5
404 447 9
404 448 6
405 406 5
405 408 4
405 409 7
405 410 3
405 412 8
405 413 4
405 415 9
405 416 7
405 417 10
405 418 1
405 419 3
405 421 2
405 422 9
405 426 9
405 427 5
405 428 8
405 429 4
405 432 8
405 435 2
405 437 8
405 447 9
405 448 5
405 449 8
406 407 1
406 409 1
406 411 1
406 412 3
406 414 8
406 415 3
406 417 6
406 419 7
406 421 1
406 422 5
406 424 1
406 425 8
406 429 2
406 433 2
406 434 8
406 435 7
406 436 6
406 437 3
406 438 7
406 439 3
406 441 9
406 442 2
406 443 2
406 444 2
406 445 8
406 447 5
407 408 8
407 409 9
407 410 2
407 413 1
407 416 10
407 419 3
407 420 8
407 421 8
407 425 8
407 427 1
407 428 5
407 429 2
407 430 7
407 431 8
407 432 7
407 433 7
407 436 7
407 437 2
407 438 5
407 439 1
407 440 7
407 442 2
407 443 7
407 444 10
407 445 5
408 409 7
408 410 9
408 411 5
408 412 1
408 413 7
408 416 9
408 417 1
408 418 10
408 421 10
408 422 2
408 423 10
408 424 4
408 426 6
408 427 5
408 429 2
408 430 3
408 431 3
408 433 8
408 434 9
408 439 1
408 441 1
408 443 1
408 447 7
408 448 9
408 449 7
409 413 9
409 414 4
409 415 6
409 416 9
409 419 3
409 421 9
409 424 3
409 425 3
409 426 3
409 429 1
409 430 4
409 431 1
409 433 5
409 435 7
409 439 1
409 441 7
409 444 10
409 445 9
409 446 9
409 447 3
409 448 7
410 412 6
410 413 6
410 414 9
410 415 3
410 418 3
410 419 5
410 420 3
410 421 6
410 423 8
410 425 7
410 426 2
410 427 9
410 431 3
410 433 4
410 439 6
410 441 6
410 443 2
410 444 8
410 445 2
410 446 4
410 447 5
410 448 1
411 412 9
411 414 3
411 417 8
411 418 8
411 420 5
411 423 7
411 424 10
411 425 6
411 426 9
411 427 5
411 430 4
411 432 4
411 433 5
411 435 5
411 437 9
411 439 5
411 441 8
411 445 1
411 449 3
412 413 2
412 414 7
412 416 1
412 421 7
412 424 8
412 425 8
412 430 10
412 433 10
412 437 7
412 439 5
412 441 6
412 445 10
412 447 7
412 449 4
413 414 7
413 415 9
413 417 9
413 419 6
413 423 1
413 426 5
413 428 1
413 429 8
413 430 7
413 434 6
413 435 1
413 436 4
413 438 4
413 439 6
413 441 6
413 443 8
413 447 6
414 416 1
414 417 2
414 419 9
414 422 1
414 424 3
414 425 5
414 426 6
414 427 1
414 431 8
414 432 3
414 433 8
414 437 5
414 439 7
414 441 8
414 444 5
414 446 7
414 447 4
415 417 8
415 418 1
415 420 6
415 421 4
415 424 1
415 426 3
415 431 6
415 433 6
415 434 7
415 441 6
415 442 9
415 443 3
415 446 10
415 447 9
415 448 5
416 418 2
416 421 4
416 422 4
416 423 10
416 424 6
416 425 3
416 426 6
416 427 7
416 428 5
416 439 9
416 441 1
416 442 1
416 444 4
416 446 2
416 447 6
416 448 8
416 449 8
417 420 7
417 422 4
417 423 4
417 425 4
417 427 2
417 429 6
417 430 6
417 431 6
417 433 3
417 438 3
417 439 5
417 440 9
417 443 10
417 444 5
417 445 4
417 448 7
418 420 7
418 421 7
418 422 7
418 424 4
418 425 5
418 426 7
418 427 5
418 428 10
418 429 8
418 430 1
418 431 7
418 432 5
418 433 4
418 435 3
418 436 6
418 437 4
418 438 6
418 439 4
418 440 1
418 443 2
418 444 7
418 446 5
418 448 10
418 449 10
419 420 7
419 422 9
419 423 1
419 425 6
419 427 4
419 429 1
419 432 3
419 434 1
419 435 7
419 436 4
419 437 7
419 441 6
419 443 8
419 444 9
419 447 7
419 449 3
420 423 4
420 427 1
420 428 10
420 429 3
420 430 9
420 432 7
420 434 1
420 436 8
420 437 6
420 438 5
420 439 1
420 440 6
420 442 9
420 443 9
420 444 5
420 446 6
420 449 7
421 422 10
421 424 6
421 428 3
421 429 6
421 430 3
421 431 4
421 432 2
421 433 10
421 435 9
421 436 3
421 439 3
421 440 1
421 442 9
421 443 2
421 445 8
421 447 1
421 449 5
422 423 4
422 424 10
422 425 8
422 430 4
422 431 9
422 433 6
422 441 9
422 443 6
422 445 7
422 446 2
422 448 10
423 424 3
423 425 1
423 427 9
423 428 5
423 430 8
423 431 5
423 432 3
423 433 5
423 435 9
423 436 3
423 437 5
423 439 1
423 443 2
423 444 6
423 445 1
423 446 8
423 447 1
423 449 1
424 425 3
424 426 4
424 428 3
424 430 4
424 431 1
424 432 3
424 434 3
424 435 7
424 441 9
424 443 1
424 447 2
424 448 7
425 426 7
425 427 6
425 432 6
425 434 2
425 435 1
425 436 4
425 437 2
425 438 2
425 440 8
425 441 1
425 442 7
425 445 6
425 447 4
425 448 1
426 427 4
426 428 7
426 430 4
426 433 7
426 434 6
426 435 8
426 436 8
426 437 4
426 440 6
426 441 1
426 443 4
426 445 4
426 447 8
426 448 4
426 449 6
427 430 2
427 431 5
427 433 5
427 438 2
427 439 1
427 440 9
427 441 5
427 447 1
427 448 7
427 449 10
428 434 9
428 435 9
428 436 4
428 438 6
428 440 9
428 442 1
428 443 6
428 445 3
428 446 7
428 447 6
429 432 6
429 435 1
429 438 4
429 442 2
429 443 8
429 444 9
429 445 10
429 446 5
429 447 6
430 434 5
430 439 10
430 440 1
430 441 3
430 442 3
430 443 8
430 444 5
430 447 10
431 432 5
431 434 8
431 436 10
431 437 6
431 438 2
431 439 5
431 440 8
431 441 6
431 442 9
431 448 2
432 433 6
432 442 9
432 443 6
432 445 9
432 446 2
433 434 6
433 436 6
433 438 5
433 441 5
433 445 5
433 446 8
434 439 4
434 441 8
434 444 4
434 445 5
434 446 8
434 448 6
435 438 5
435 439 6
435 441 7
435 444 7
435 445 9
435 446 9
435 447 4
435 448 8
435 449 9
436 438 5
436 439 8
436 441 4
436 442 5
436 446 10
436 448 5
437 439 3
437 441 5
437 442 4
437 443 10
437 446 2
437 447 6
437 449 5
438 439 2
438 443 3
438 445 3
438 446 3
439 442 9
439 443 10
439 444 5
439 445 10
439 446 10
440 441 5
440 442 5
440 444 9
441 442 8
441 443 6
441 446 10
441 449 2
442 443 4
442 447 10
442 449 1
443 444 3
443 445 5
443 446 10
443 447 4
443 448 9
443 449 6
444 446 10
444 449 5
445 446 1
446 447 10
446 448 7
447 448 9
