250 15577
0 2 6
0 3 3
0 4 8
0 8 2
0 9 2
0 10 1
0 11 4
0 13 1
0 14 9
0 17 6
0 20 6
0 23 1
0 24 7
0 26 9
0 27 3
0 28 10
0 35 8
0 42 9
0 43 8
0 44 7
0 45 3
0 46 5
0 47 3
0 48 5
0 50 10
0 51 5
0 52 2
0 53 9
0 57 8
0 59 6
0 60 6
0 67 2
0 68 9
0 69 9
0 70 5
0 71 4
0 74 1
0 76 6
0 78 5
0 79 5
0 80 7
0 82 10
0 85 2
0 86 2
0 89 7
0 90 1
0 91 3
0 94 2
0 95 4
0 96 10
0 101 5
0 105 10
0 107 10
0 108 7
0 109 10
0 112 9
0 114 10
0 117 8
0 120 4
0 125 6
0 126 7
0 127 10
0 131 5
0 132 4
0 135 7
0 136 4
0 137 9
0 140 4
0 141 7
0 143 6
0 145 6
0 146 1
0 149 5
0 150 3
0 153 6
0 155 8
0 156 2
0 157 1
0 159 5
0 160 2
0 161 9
0 163 1
0 166 9
0 167 2
0 169 5
0 170 5
0 173 3
0 176 8
0 177 6
0 178 10
0 179 7
0 180 2
0 184 3
0 185 1
0 186 3
0 188 8
0 189 5
0 190 6
0 191 2
0 192 2
0 193 6
0 195 5
0 198 3
0 204 4
0 205 7
0 206 1
0 207 1
0 208 8
0 209 2
0 211 1
0 213 3
0 214 9
0 219 10
0 220 4
0 225 10
0 229 8
0 231 1
0 232 10
0 235 8
0 236 5
0 238 7
0 241 3
0 245 2
0 247 5
0 248 6
1 2 7
1 3 8
1 5 8
1 6 10
1 9 5
1 10 9
1 11 1
1 15 7
1 16 3
1 22 9
1 24 5
1 27 3
1 28 9
1 29 8
1 31 10
1 34 1
1 36 4
1 37 8
1 40 1
1 41 7
1 42 4
1 43 2
1 46 3
1 49 4
1 50 10
1 51 9
1 57 7
1 58 6
1 59 5
1 64 10
1 65 6
1 66 3
1 69 3
1 71 6
1 77 9
1 79 2
1 84 8
1 86 8
1 89 6
1 91 1
1 92 1
1 94 9
1 95 1
1 96 10
1 97 8
1 100 3
1 102 9
1 106 6
1 108 4
1 110 6
1 111 9
1 112 1
1 114 1
1 117 3
1 119 10
1 121 4
1 127 3
1 128 8
1 130 10
1 131 9
1 134 10
1 135 10
1 136 1
1 137 8
1 138 1
1 139 1
1 140 9
1 145 7
1 147 5
1 148 10
1 149 7
1 152 8
1 153 6
1 154 9
1 155 10
1 158 5
1 159 6
1 162 8
1 166 9
1 167 7
1 168 1
1 169 6
1 170 1
1 172 3
1 173 7
1 175 6
1 177 7
1 178 7
1 180 6
1 183 3
1 184 9
1 185 4
1 188 3
1 189 10
1 191 7
1 205 4
1 206 10
1 207 10
1 212 3
1 213 6
1 214 7
1 215 10
1 216 7
1 218 1
1 219 9
1 222 5
1 223 4
1 225 7
1 226 7
1 227 8
1 233 8
1 234 8
1 235 8
1 239 7
1 243 5
1 244 2
1 245 6
1 246 6
1 247 7
1 249 7
2 3 7
2 4 3
2 5 3
2 7 1
2 8 1
2 10 2
2 12 9
2 13 5
2 14 1
2 15 1
2 16 2
2 17 1
2 19 3
2 22 3
2 23 4
2 24 4
2 27 6
2 33 5
2 34 9
2 35 9
2 36 7
2 39 7
2 42 1
2 45 7
2 48 2
2 49 5
2 50 2
2 53 7
2 55 9
2 58 3
2 62 4
2 65 8
2 66 8
2 67 3
2 69 1
2 72 7
2 77 8
2 80 3
2 83 1
2 84 9
2 86 3
2 89 9
2 91 6
2 92 4
2 94 5
2 95 3
2 97 6
2 98 7
2 100 9
2 103 1
2 104 1
2 106 9
2 108 7
2 112 1
2 114 8
2 115 1
2 117 6
2 119 4
2 121 6
2 123 3
2 125 6
2 126 7
2 127 9
2 128 9
2 129 6
2 132 9
2 133 7
2 134 6
2 138 9
2 139 8
2 140 5
2 141 6
2 142 5
2 143 2
2 145 9
2 149 4
2 151 6
2 154 9
2 155 6
2 156 2
2 157 10
2 159 9
2 161 10
2 162 5
2 164 1
2 165 2
2 167 2
2 169 4
2 173 6
2 175 1
2 176 1
2 179 8
2 184 7
2 185 4
2 187 5
2 188 5
2 189 1
2 190 3
2 191 8
2 193 10
2 194 2
2 197 7
2 204 9
2 209 4
2 210 9
2 211 1
2 214 1
2 215 7
2 220 9
2 221 5
2 222 10
2 223 9
2 224 1
2 225 7
2 226 4
2 233 8
2 234 6
2 236 5
2 239 4
2 242 9
2 243 5
2 244 6
2 245 10
2 248 6
3 4 8
3 8 3
3 9 5
3 10 7
3 12 8
3 17 5
3 18 1
3 19 5
3 23 4
3 26 1
3 28 5
3 31 5
3 32 5
3 35 7
3 38 3
3 39 4
3 41 4
3 44 2
3 47 2
3 49 7
3 54 10
3 56 10
3 60 1
3 61 8
3 64 3
3 65 1
3 67 3
3 70 1
3 71 6
3 72 9
3 75 4
3 77 10
3 81 5
3 85 8
3 86 10
3 91 5
3 93 5
3 95 5
3 97 2
3 98 6
3 100 10
3 106 10
3 107 2
3 111 9
3 112 1
3 117 7
3 118 4
3 121 8
3 124 9
3 126 4
3 127 6
3 128 9
3 132 8
3 133 1
3 136 2
3 138 6
3 139 4
3 140 4
3 141 6
3 142 10
3 146 10
3 147 6
3 148 5
3 151 3
3 152 6
3 154 9
3 155 2
3 156 2
3 157 1
3 161 10
3 164 8
3 168 3
3 170 5
3 172 7
3 175 1
3 185 2
3 186 7
3 189 1
3 190 10
3 192 9
3 193 10
3 199 1
3 201 2
3 204 2
3 205 1
3 207 10
3 214 2
3 216 8
3 218 9
3 224 1
3 225 2
3 226 7
3 230 1
3 231 5
3 234 4
3 235 9
3 236 9
3 238 7
3 239 3
3 240 9
3 242 6
3 243 8
3 247 2
3 249 7
4 5 8
4 6 6
4 7 7
4 8 8
4 10 5
4 11 8
4 12 8
4 15 2
4 19 9
4 20 2
4 21 4
4 22 8
4 24 6
4 28 5
4 30 4
4 31 4
4 33 2
4 35 2
4 36 8
4 38 1
4 39 2
4 41 6
4 43 1
4 44 7
4 45 1
4 46 8
4 48 9
4 49 2
4 51 5
4 52 4
4 53 8
4 54 6
4 58 8
4 61 3
4 64 2
4 68 3
4 70 10
4 71 5
4 72 8
4 74 10
4 76 5
4 77 9
4 79 4
4 80 4
4 83 10
4 86 2
4 88 6
4 94 5
4 95 7
4 96 5
4 97 5
4 98 2
4 99 3
4 100 9
4 101 2
4 103 4
4 104 8
4 106 3
4 108 6
4 109 5
4 115 3
4 116 7
4 117 8
4 124 5
4 126 9
4 128 4
4 129 10
4 131 10
4 140 10
4 143 3
4 144 9
4 146 6
4 147 3
4 148 6
4 151 5
4 152 10
4 154 5
4 156 10
4 157 3
4 158 9
4 159 8
4 163 4
4 164 6
4 165 3
4 168 7
4 170 3
4 171 8
4 172 10
4 174 4
4 175 5
4 176 6
4 178 10
4 180 6
4 181 5
4 183 6
4 184 8
4 185 4
4 186 2
4 187 2
4 188 7
4 189 10
4 191 10
4 192 1
4 197 5
4 199 10
4 200 5
4 206 1
4 207 2
4 208 4
4 209 8
4 214 7
4 216 1
4 219 3
4 220 6
4 221 9
4 222 1
4 223 2
4 225 6
4 228 6
4 232 3
4 233 3
4 234 4
4 238 7
4 240 7
4 243 3
5 6 3
5 7 8
5 8 9
5 9 8
5 10 3
5 11 3
5 13 4
5 14 7
5 15 9
5 17 5
5 22 7
5 26 7
5 29 5
5 30 1
5 31 7
5 32 5
5 33 10
5 35 4
5 38 1
5 39 9
5 40 10
5 41 8
5 43 1
5 44 2
5 45 9
5 46 6
5 47 2
5 51 4
5 52 7
5 54 1
5 59 3
5 61 5
5 62 10
5 65 7
5 68 5
5 69 7
5 78 3
5 79 10
5 80 2
5 81 10
5 82 2
5 84 1
5 85 6
5 86 7
5 87 3
5 89 2
5 93 10
5 94 6
5 96 2
5 97 6
5 98 5
5 102 8
5 103 6
5 104 6
5 106 8
5 107 9
5 108 9
5 110 9
5 112 8
5 114 8
5 116 7
5 119 4
5 120 5
5 121 6
5 126 6
5 127 5
5 131 3
5 134 7
5 136 4
5 138 6
5 139 7
5 141 10
5 142 2
5 143 10
5 144 7
5 145 2
5 147 6
5 149 8
5 150 3
5 155 10
5 156 4
5 159 5
5 161 3
5 162 6
5 163 8
5 164 2
5 169 10
5 170 2
5 171 8
5 172 7
5 173 9
5 175 2
5 176 6
5 179 6
5 181 7
5 182 2
5 183 3
5 185 3
5 186 5
5 188 8
5 190 7
5 195 2
5 196 6
5 199 1
5 200 2
5 202 6
5 207 2
5 208 4
5 211 2
5 213 10
5 217 9
5 219 4
5 220 8
5 221 5
5 222 2
5 223 1
5 228 6
5 230 6
5 231 8
5 234 10
5 235 6
5 236 6
5 240 3
5 242 8
5 243 4
5 248 6
6 9 4
6 10 8
6 12 4
6 14 8
6 16 7
6 17 9
6 19 7
6 21 4
6 24 1
6 26 5
6 30 2
6 33 9
6 34 1
6 36 7
6 37 4
6 42 7
6 46 7
6 48 8
6 49 2
6 51 3
6 52 5
6 54 1
6 55 10
6 56 10
6 58 10
6 60 5
6 61 10
6 63 7
6 65 10
6 66 9
6 69 7
6 70 10
6 71 9
6 80 2
6 81 6
6 82 8
6 84 10
6 86 9
6 90 5
6 91 2
6 97 5
6 100 10
6 102 3
6 106 3
6 108 6
6 110 9
6 111 8
6 112 8
6 113 5
6 114 4
6 116 5
6 120 4
6 123 8
6 124 10
6 127 1
6 129 10
6 136 10
6 137 7
6 142 5
6 144 9
6 146 8
6 148 4
6 151 6
6 152 3
6 153 7
6 154 7
6 155 6
6 156 5
6 158 3
6 163 10
6 164 9
6 166 3
6 167 7
6 168 8
6 169 4
6 170 5
6 171 2
6 172 9
6 174 7
6 176 10
6 177 10
6 179 1
6 181 10
6 183 7
6 184 7
6 185 7
6 189 6
6 190 9
6 191 8
6 192 6
6 195 10
6 198 7
6 202 5
6 203 4
6 205 10
6 207 8
6 210 1
6 213 7
6 215 8
6 217 5
6 220 2
6 223 9
6 224 7
6 225 4
6 226 5
6 227 8
6 230 4
6 232 3
6 235 7
6 236 10
6 240 8
6 242 3
6 249 7
7 8 3
7 15 8
7 19 9
7 21 2
7 23 1
7 24 8
7 25 10
7 26 10
7 28 2
7 33 5
7 34 1
7 35 7
7 36 6
7 39 4
7 40 4
7 42 9
7 43 1
7 49 7
7 50 3
7 52 5
7 54 3
7 55 10
7 56 4
7 58 6
7 59 5
7 62 1
7 63 2
7 65 8
7 70 3
7 71 9
7 73 9
7 74 1
7 75 9
7 76 1
7 77 6
7 81 1
7 84 2
7 88 2
7 89 4
7 91 7
7 93 3
7 96 7
7 99 9
7 100 6
7 102 7
7 105 8
7 111 7
7 113 10
7 116 2
7 117 1
7 122 5
7 124 7
7 126 1
7 129 2
7 132 4
7 133 4
7 134 10
7 135 5
7 136 1
7 137 1
7 138 4
7 143 6
7 148 5
7 150 6
7 151 4
7 152 7
7 153 4
7 154 4
7 155 6
7 158 3
7 160 1
7 163 6
7 164 6
7 165 1
7 166 3
7 170 9
7 171 4
7 173 2
7 175 5
7 176 1
7 177 2
7 180 10
7 182 3
7 185 7
7 186 1
7 189 10
7 190 4
7 192 10
7 194 1
7 198 3
7 199 5
7 201 5
7 202 8
7 204 9
7 207 5
7 209 8
7 210 2
7 211 6
7 214 6
7 218 8
7 219 3
7 220 1
7 223 2
7 225 8
7 226 8
7 231 4
7 233 6
7 236 7
7 241 2
7 242 6
7 246 5
7 247 6
7 248 10
7 249 8
8 13 1
8 14 8
8 15 8
8 18 4
8 20 8
8 23 4
8 24 2
8 25 3
8 26 1
8 29 8
8 31 10
8 32 3
8 33 6
8 35 9
8 37 3
8 40 10
8 43 10
8 44 9
8 45 10
8 47 4
8 48 6
8 49 2
8 54 7
8 55 10
8 60 1
8 61 9
8 62 4
8 63 8
8 65 6
8 67 8
8 74 6
8 75 1
8 76 5
8 80 1
8 82 3
8 83 10
8 87 8
8 91 8
8 93 6
8 95 3
8 98 6
8 100 9
8 101 1
8 103 6
8 107 3
8 109 8
8 110 1
8 112 3
8 113 10
8 115 9
8 118 10
8 119 8
8 121 2
8 122 4
8 123 5
8 126 4
8 127 6
8 128 7
8 129 5
8 131 10
8 134 6
8 138 6
8 139 3
8 141 5
8 143 10
8 147 8
8 148 10
8 153 8
8 155 4
8 157 10
8 159 5
8 163 10
8 164 5
8 165 2
8 167 1
8 169 2
8 171 5
8 176 4
8 177 5
8 178 6
8 179 9
8 182 6
8 183 6
8 184 10
8 185 4
8 188 4
8 194 9
8 195 7
8 197 5
8 198 1
8 199 3
8 200 5
8 201 10
8 205 3
8 207 3
8 208 1
8 211 10
8 212 3
8 213 7
8 217 1
8 219 3
8 224 3
8 225 3
8 226 9
8 227 10
8 229 10
8 231 1
8 233 4
8 238 3
8 239 6
8 241 9
8 244 5
8 246 8
8 247 9
8 249 1
9 10 4
9 12 4
9 15 4
9 19 9
9 20 10
9 24 4
9 25 7
9 26 8
9 27 8
9 28 6
9 29 4
9 30 5
9 31 6
9 32 6
9 34 7
9 35 1
9 36 9
9 37 1
9 39 9
9 40 2
9 41 10
9 42 7
9 43 8
9 48 5
9 49 3
9 50 8
9 51 9
9 52 7
9 53 8
9 54 9
9 55 1
9 56 3
9 57 6
9 58 1
9 59 2
9 62 8
9 63 9
9 64 8
9 66 6
9 69 6
9 70 2
9 74 5
9 75 5
9 77 4
9 78 3
9 81 6
9 83 2
9 85 1
9 86 1
9 88 5
9 89 6
9 96 3
9 98 6
9 99 10
9 103 9
9 104 9
9 106 6
9 110 6
9 112 4
9 113 1
9 119 4
9 123 1
9 126 5
9 128 8
9 131 7
9 134 9
9 135 7
9 136 6
9 141 9
9 142 4
9 146 5
9 147 5
9 148 3
9 149 3
9 151 10
9 153 9
9 154 1
9 155 2
9 156 6
9 157 5
9 158 1
9 159 1
9 161 8
9 162 10
9 164 8
9 168 9
9 170 3
9 171 8
9 172 9
9 175 4
9 176 1
9 177 3
9 179 8
9 180 5
9 182 2
9 184 5
9 186 7
9 189 10
9 190 5
9 192 2
9 193 9
9 194 4
9 195 2
9 202 6
9 207 7
9 209 1
9 210 1
9 211 4
9 212 2
9 213 5
9 216 8
9 217 2
9 218 7
9 219 8
9 225 5
9 226 7
9 227 3
9 228 5
9 229 7
9 230 6
9 231 7
9 232 6
9 236 10
9 238 5
9 240 4
9 241 10
9 242 2
9 244 1
9 245 2
9 247 5
9 248 8
10 13 9
10 14 3
10 17 6
10 19 8
10 23 4
10 26 3
10 28 5
10 29 9
10 31 2
10 34 2
10 37 10
10 40 10
10 41 3
10 42 3
10 43 3
10 44 4
10 45 3
10 46 4
10 48 10
10 50 2
10 51 5
10 55 1
10 61 1
10 63 6
10 68 3
10 70 10
10 71 8
10 72 1
10 75 8
10 77 2
10 79 1
10 81 4
10 82 10
10 86 3
10 88 9
10 89 7
10 91 4
10 92 3
10 93 5
10 94 2
10 96 6
10 99 9
10 100 10
10 102 1
10 103 4
10 105 10
10 106 7
10 108 4
10 109 9
10 111 7
10 113 6
10 115 6
10 117 9
10 119 2
10 120 1
10 122 8
10 123 7
10 124 7
10 126 9
10 129 4
10 130 3
10 131 8
10 132 6
10 134 6
10 138 6
10 139 9
10 140 5
10 141 8
10 143 9
10 144 8
10 146 9
10 149 4
10 151 4
10 153 6
10 155 5
10 158 8
10 159 8
10 162 4
10 163 7
10 166 4
10 168 5
10 169 5
10 170 7
10 171 3
10 179 3
10 183 2
10 184 7
10 187 1
10 188 9
10 189 2
10 195 3
10 198 8
10 203 2
10 204 10
10 205 2
10 206 9
10 207 2
10 212 3
10 214 8
10 217 2
10 218 8
10 220 8
10 223 2
10 227 10
10 231 6
10 232 6
10 233 9
10 234 9
10 236 5
10 239 4
10 242 3
10 247 4
10 248 10
11 12 2
11 15 2
11 17 3
11 18 8
11 21 3
11 22 5
11 23 6
11 24 6
11 26 3
11 27 2
11 28 4
11 31 1
11 33 8
11 35 2
11 36 10
11 37 9
11 38 2
11 44 9
11 45 2
11 46 7
11 48 8
11 49 2
11 50 4
11 53 9
11 57 3
11 58 6
11 59 6
11 61 1
11 63 6
11 64 2
11 66 2
11 68 6
11 70 4
11 72 8
11 75 7
11 76 5
11 77 7
11 78 9
11 79 7
11 83 1
11 87 7
11 89 9
11 90 10
11 91 7
11 94 9
11 99 4
11 101 7
11 102 9
11 103 4
11 105 4
11 107 9
11 109 5
11 110 7
11 111 2
11 115 1
11 116 3
11 117 1
11 118 4
11 121 2
11 122 10
11 123 6
11 124 2
11 127 4
11 128 7
11 129 4
11 130 8
11 131 1
11 135 1
11 137 2
11 138 9
11 139 2
11 140 8
11 143 2
11 145 10
11 146 8
11 147 2
11 149 8
11 150 7
11 152 5
11 153 9
11 156 4
11 158 7
11 162 7
11 164 2
11 165 7
11 167 8
11 168 1
11 171 6
11 172 9
11 173 3
11 174 9
11 177 1
11 178 9
11 180 9
11 181 4
11 182 8
11 183 7
11 185 4
11 187 8
11 188 3
11 189 1
11 191 10
11 192 4
11 193 8
11 194 5
11 202 7
11 204 3
11 207 1
11 208 8
11 209 4
11 210 1
11 213 2
11 219 2
11 221 4
11 224 2
11 226 8
11 229 10
11 232 3
11 237 10
11 242 9
11 245 2
11 246 2
11 247 5
11 248 6
11 249 3
12 13 7
12 15 9
12 17 10
12 18 4
12 22 8
12 23 7
12 30 2
12 32 7
12 33 9
12 34 1
12 35 10
12 36 4
12 41 5
12 46 8
12 48 1
12 49 3
12 51 5
12 55 6
12 58 10
12 62 1
12 65 3
12 67 7
12 69 6
12 71 3
12 75 3
12 76 1
12 77 8
12 78 10
12 79 3
12 80 7
12 81 8
12 82 8
12 86 8
12 87 4
12 89 5
12 90 1
12 94 2
12 95 3
12 97 10
12 98 5
12 100 10
12 101 6
12 102 4
12 106 6
12 109 7
12 110 10
12 112 6
12 114 7
12 115 10
12 116 5
12 117 1
12 121 6
12 122 4
12 123 1
12 124 1
12 127 3
12 128 10
12 129 3
12 130 8
12 133 2
12 134 9
12 135 6
12 136 1
12 137 1
12 139 3
12 140 10
12 141 5
12 143 9
12 145 9
12 147 3
12 148 3
12 149 2
12 150 4
12 151 6
12 152 5
12 153 5
12 156 7
12 157 10
12 164 8
12 167 4
12 169 10
12 170 6
12 178 1
12 180 6
12 184 4
12 185 1
12 187 8
12 191 9
12 194 6
12 195 2
12 196 4
12 197 1
12 198 9
12 199 4
12 204 4
12 205 5
12 206 9
12 212 8
12 213 6
12 215 3
12 216 5
12 217 5
12 218 10
12 220 7
12 221 10
12 222 10
12 225 6
12 227 8
12 228 3
12 232 1
12 234 1
12 235 3
12 236 3
12 238 3
12 240 1
12 242 8
12 244 7
12 245 3
12 247 1
12 248 5
13 19 4
13 20 2
13 22 4
13 25 7
13 26 10
13 29 6
13 30 3
13 33 2
13 37 4
13 38 9
13 39 1
13 41 6
13 44 10
13 45 1
13 49 8
13 50 1
13 51 8
13 57 9
13 58 4
13 59 7
13 62 5
13 66 2
13 67 3
13 69 1
13 72 6
13 73 3
13 74 1
13 75 5
13 76 1
13 79 2
13 80 3
13 84 8
13 87 6
13 88 4
13 89 8
13 93 5
13 96 2
13 97 2
13 108 9
13 109 9
13 110 4
13 111 5
13 114 1
13 116 6
13 125 3
13 126 1
13 127 7
13 128 7
13 131 10
13 133 5
13 134 9
13 135 3
13 137 7
13 139 2
13 140 3
13 141 9
13 143 1
13 147 4
13 151 2
13 152 4
13 153 7
13 155 7
13 156 9
13 157 1
13 160 7
13 161 9
13 164 10
13 166 2
13 168 1
13 169 1
13 171 8
13 173 6
13 175 10
13 178 2
13 180 4
13 181 4
13 182 5
13 183 1
13 184 1
13 185 3
13 187 10
13 190 6
13 192 7
13 193 8
13 194 10
13 196 8
13 198 3
13 199 4
13 202 2
13 205 3
13 207 6
13 208 4
13 211 5
13 212 2
13 214 1
13 217 10
13 218 8
13 220 8
13 222 2
13 224 4
13 228 5
13 230 2
13 231 3
13 233 4
13 234 3
13 237 5
13 240 9
13 242 1
13 244 7
13 246 5
13 247 1
13 248 3
13 249 5
14 15 7
14 16 2
14 18 1
14 20 7
14 21 5
14 22 1
14 23 10
14 25 10
14 26 1
14 31 2
14 32 5
14 35 6
14 36 7
14 37 8
14 39 8
14 40 5
14 41 3
14 42 8
14 43 6
14 44 7
14 46 5
14 48 6
14 50 7
14 53 7
14 54 7
14 55 4
14 58 4
14 60 8
14 61 9
14 63 10
14 64 8
14 69 7
14 71 8
14 73 8
14 74 9
14 78 7
14 79 10
14 80 8
14 81 9
14 85 4
14 87 7
14 88 7
14 89 5
14 90 9
14 91 2
14 99 10
14 102 1
14 104 3
14 105 1
14 107 1
14 111 10
14 113 4
14 117 4
14 118 6
14 119 2
14 121 8
14 122 6
14 124 8
14 125 9
14 126 7
14 128 7
14 130 8
14 131 7
14 132 1
14 134 7
14 135 1
14 137 4
14 138 3
14 141 6
14 143 10
14 146 9
14 147 3
14 148 1
14 149 8
14 152 8
14 155 10
14 157 6
14 158 10
14 161 3
14 164 8
14 165 8
14 166 4
14 169 5
14 171 10
14 173 8
14 174 1
14 177 10
14 178 3
14 183 2
14 186 4
14 187 5
14 189 7
14 192 4
14 195 6
14 198 8
14 199 2
14 203 3
14 207 9
14 210 9
14 211 4
14 212 3
14 215 6
14 221 2
14 223 9
14 224 7
14 231 1
14 232 3
14 233 8
14 234 6
14 237 5
14 240 9
14 244 8
14 245 7
14 247 8
14 249 8
15 16 4
15 17 4
15 20 6
15 22 2
15 24 8
15 30 9
15 33 2
15 36 10
15 39 6
15 41 10
15 42 4
15 55 7
15 56 6
15 58 4
15 59 3
15 61 8
15 62 5
15 64 8
15 66 10
15 67 9
15 69 9
15 70 1
15 71 9
15 72 4
15 76 7
15 78 6
15 80 9
15 81 1
15 82 1
15 83 5
15 85 9
15 87 6
15 88 3
15 89 10
15 90 8
15 91 7
15 92 1
15 98 1
15 100 10
15 106 3
15 109 4
15 111 5
15 114 9
15 116 10
15 117 7
15 119 1
15 122 10
15 125 1
15 126 7
15 130 10
15 131 7
15 139 6
15 140 7
15 141 1
15 142 9
15 143 5
15 147 3
15 148 2
15 149 2
15 151 8
15 152 7
15 160 1
15 162 4
15 164 8
15 165 4
15 167 4
15 168 2
15 170 1
15 172 8
15 173 9
15 177 3
15 182 6
15 186 2
15 187 8
15 191 8
15 194 3
15 195 5
15 198 5
15 199 4
15 201 10
15 202 3
15 208 2
15 210 2
15 211 5
15 212 3
15 214 4
15 215 5
15 216 10
15 218 2
15 221 6
15 222 5
15 224 1
15 227 3
15 228 6
15 229 5
15 230 8
15 231 10
15 232 5
15 234 7
15 236 5
15 239 7
15 240 1
15 241 9
15 243 7
15 247 1
15 249 7
16 18 2
16 19 2
16 20 2
16 22 8
16 24 2
16 30 5
16 32 2
16 33 2
16 36 2
16 37 4
16 39 4
16 45 4
16 47 7
16 48 4
16 53 7
16 54 7
16 55 4
16 56 1
16 57 3
16 58 10
16 59 6
16 60 9
16 62 3
16 63 6
16 64 5
16 65 8
16 67 6
16 72 9
16 74 6
16 76 3
16 80 9
16 83 4
16 85 5
16 86 3
16 89 8
16 90 8
16 91 8
16 93 3
16 94 8
16 95 8
16 97 6
16 98 7
16 101 8
16 102 9
16 103 2
16 104 6
16 106 9
16 107 8
16 109 5
16 111 9
16 113 6
16 114 8
16 115 3
16 119 7
16 122 3
16 123 2
16 124 2
16 127 5
16 132 9
16 134 6
16 136 4
16 137 5
16 139 5
16 140 7
16 141 7
16 142 4
16 145 9
16 146 5
16 147 8
16 148 7
16 150 6
16 153 5
16 154 10
16 155 9
16 162 10
16 163 2
16 165 10
16 168 9
16 173 9
16 174 5
16 175 10
16 176 9
16 178 8
16 180 10
16 181 5
16 185 3
16 186 6
16 189 5
16 190 6
16 191 10
16 193 1
16 195 10
16 196 5
16 197 1
16 200 3
16 202 7
16 203 4
16 205 1
16 206 6
16 207 5
16 213 5
16 215 6
16 216 10
16 217 2
16 218 2
16 222 2
16 224 7
16 225 1
16 226 9
16 228 7
16 229 10
16 230 2
16 231 7
16 232 5
16 233 3
16 242 4
16 243 4
16 246 2
16 247 1
17 18 1
17 19 10
17 20 4
17 21 5
17 22 1
17 23 1
17 26 4
17 27 3
17 31 9
17 32 8
17 33 1
17 36 6
17 38 7
17 40 2
17 43 10
17 44 1
17 45 6
17 46 1
17 47 9
17 60 8
17 61 7
17 63 6
17 64 6
17 65 3
17 69 7
17 70 1
17 73 8
17 75 10
17 76 3
17 79 1
17 81 6
17 82 6
17 84 8
17 88 2
17 89 3
17 92 4
17 93 5
17 94 8
17 96 1
17 97 8
17 104 9
17 105 10
17 107 2
17 111 4
17 114 2
17 115 3
17 117 7
17 119 5
17 122 5
17 124 2
17 127 6
17 129 8
17 130 9
17 132 10
17 134 7
17 136 2
17 137 4
17 139 8
17 140 7
17 141 5
17 143 5
17 145 4
17 146 6
17 147 2
17 149 3
17 150 6
17 151 3
17 152 4
17 153 7
17 154 9
17 155 7
17 157 6
17 159 10
17 160 8
17 166 2
17 169 5
17 171 1
17 173 8
17 175 5
17 176 3
17 177 6
17 180 9
17 181 9
17 182 3
17 185 1
17 188 10
17 190 7
17 192 3
17 195 4
17 196 6
17 198 8
17 199 1
17 201 4
17 205 7
17 206 5
17 207 3
17 208 10
17 209 1
17 210 2
17 212 5
17 213 1
17 215 8
17 218 1
17 219 8
17 220 4
17 225 10
17 226 1
17 227 3
17 228 3
17 231 6
17 232 8
17 234 10
17 235 5
17 236 9
17 239 1
17 240 5
17 241 7
17 243 9
17 245 7
17 248 10
17 249 5
18 21 2
18 22 1
18 25 1
18 32 9
18 33 1
18 36 9
18 37 8
18 38 5
18 39 8
18 40 4
18 43 10
18 44 2
18 45 5
18 48 2
18 49 2
18 50 8
18 51 6
18 52 9
18 53 9
18 54 9
18 55 1
18 57 8
18 58 2
18 60 6
18 61 2
18 62 2
18 63 5
18 64 10
18 69 9
18 72 3
18 74 5
18 75 5
18 78 1
18 80 9
18 81 2
18 82 3
18 84 5
18 85 1
18 86 2
18 89 8
18 90 4
18 91 10
18 92 10
18 93 1
18 96 1
18 98 9
18 101 10
18 103 8
18 104 6
18 105 10
18 109 8
18 111 2
18 113 5
18 115 3
18 116 3
18 120 6
18 122 7
18 123 10
18 125 3
18 128 9
18 130 4
18 133 5
18 134 6
18 136 2
18 137 2
18 138 10
18 139 1
18 141 10
18 142 8
18 144 2
18 146 6
18 147 3
18 148 4
18 149 2
18 154 5
18 158 2
18 159 9
18 164 6
18 165 10
18 167 1
18 168 8
18 170 4
18 171 9
18 172 7
18 174 6
18 175 5
18 176 7
18 178 4
18 182 8
18 183 5
18 184 8
18 185 5
18 186 10
18 187 2
18 189 9
18 190 9
18 191 4
18 194 1
18 198 8
18 200 1
18 203 10
18 205 4
18 207 7
18 209 2
18 211 9
18 212 8
18 213 3
18 219 8
18 220 10
18 222 8
18 224 8
18 225 9
18 227 2
18 229 4
18 232 4
18 233 6
18 236 10
18 237 7
18 238 1
18 239 5
18 242 8
18 245 1
18 247 5
18 249 2
19 21 5
19 22 4
19 24 9
19 25 8
19 28 6
19 29 7
19 30 2
19 31 1
19 32 9
19 34 1
19 35 7
19 36 10
19 38 5
19 39 7
19 41 6
19 45 10
19 48 1
19 50 10
19 51 6
19 57 6
19 58 7
19 59 8
19 61 10
19 64 2
19 68 4
19 69 3
19 70 6
19 71 2
19 72 8
19 74 3
19 76 9
19 77 7
19 82 6
19 88 3
19 91 8
19 92 10
19 94 3
19 96 9
19 99 10
19 102 10
19 104 1
19 105 3
19 106 10
19 108 8
19 110 7
19 111 8
19 113 9
19 114 10
19 117 5
19 118 4
19 119 7
19 120 2
19 121 6
19 123 1
19 124 7
19 125 4
19 128 6
19 129 9
19 131 6
19 133 4
19 136 6
19 137 2
19 139 3
19 141 7
19 143 10
19 144 9
19 145 1
19 147 6
19 148 9
19 152 2
19 153 3
19 154 2
19 156 3
19 157 3
19 160 4
19 161 2
19 166 6
19 168 8
19 169 4
19 170 10
19 171 5
19 173 8
19 175 7
19 176 1
19 178 2
19 180 7
19 183 1
19 184 4
19 185 5
19 188 2
19 190 2
19 191 1
19 192 8
19 196 2
19 199 4
19 200 6
19 202 6
19 203 3
19 206 3
19 208 6
19 210 7
19 211 6
19 213 5
19 214 1
19 215 2
19 216 8
19 217 10
19 219 8
19 227 6
19 229 9
19 230 6
19 233 4
19 234 6
19 238 1
19 239 9
19 240 10
19 243 2
19 245 8
19 246 9
20 21 3
20 24 9
20 27 5
20 30 10
20 33 1
20 34 4
20 39 2
20 40 10
20 41 10
20 45 6
20 47 8
20 48 4
20 51 2
20 53 7
20 54 5
20 56 6
20 58 5
20 62 2
20 64 6
20 65 5
20 66 1
20 67 10
20 69 2
20 70 5
20 71 9
20 75 8
20 79 3
20 80 5
20 81 5
20 82 9
20 83 5
20 84 6
20 86 7
20 87 8
20 95 4
20 97 3
20 100 5
20 105 9
20 106 2
20 107 9
20 108 3
20 110 8
20 111 6
20 113 3
20 115 7
20 117 4
20 119 1
20 123 4
20 124 9
20 125 6
20 126 10
20 129 9
20 130 6
20 131 5
20 136 10
20 137 1
20 138 10
20 139 2
20 141 9
20 145 1
20 146 9
20 151 2
20 153 6
20 155 5
20 156 8
20 158 6
20 160 7
20 161 6
20 162 10
20 164 3
20 165 2
20 168 2
20 170 1
20 172 3
20 173 7
20 174 9
20 176 9
20 181 3
20 182 3
20 184 3
20 188 1
20 190 3
20 191 8
20 192 10
20 198 8
20 199 7
20 202 4
20 203 2
20 204 8
20 205 4
20 206 2
20 207 5
20 209 3
20 210 5
20 212 8
20 217 10
20 221 8
20 225 9
20 227 5
20 230 6
20 231 5
20 235 10
20 236 3
20 240 4
20 241 10
20 243 10
20 247 4
20 248 3
21 23 2
21 24 1
21 25 3
21 27 1
21 29 6
21 30 10
21 32 2
21 35 3
21 36 5
21 37 2
21 38 4
21 43 6
21 47 9
21 49 4
21 52 6
21 54 1
21 56 2
21 60 3
21 62 3
21 63 5
21 68 8
21 73 2
21 74 5
21 75 2
21 76 9
21 77 4
21 78 6
21 80 6
21 81 8
21 82 7
21 86 5
21 87 5
21 88 1
21 90 8
21 95 4
21 100 2
21 102 3
21 105 6
21 109 2
21 110 6
21 111 1
21 114 9
21 116 9
21 118 10
21 119 7
21 120 6
21 121 1
21 122 8
21 123 2
21 124 4
21 125 10
21 126 4
21 129 7
21 130 7
21 131 8
21 132 9
21 134 7
21 135 9
21 136 10
21 138 10
21 139 5
21 140 5
21 141 10
21 143 4
21 144 7
21 145 5
21 146 7
21 152 8
21 159 8
21 160 1
21 163 6
21 164 2
21 167 1
21 168 5
21 169 1
21 173 5
21 178 5
21 179 1
21 180 9
21 181 1
21 182 10
21 183 8
21 186 8
21 187 8
21 190 9
21 194 2
21 195 2
21 199 9
21 200 4
21 204 8
21 207 8
21 209 10
21 212 6
21 214 8
21 217 7
21 219 9
21 220 8
21 223 9
21 224 3
21 226 3
21 231 7
21 232 1
21 233 8
21 235 4
21 237 6
21 239 1
21 242 9
21 244 8
21 246 1
21 247 5
21 248 1
22 23 9
22 24 8
22 25 1
22 26 9
22 28 6
22 31 3
22 34 2
22 36 10
22 37 3
22 38 7
22 39 8
22 42 2
22 43 6
22 44 4
22 47 5
22 50 7
22 51 9
22 52 5
22 54 5
22 55 10
22 57 2
22 59 8
22 60 2
22 63 8
22 64 8
22 67 1
22 68 8
22 69 1
22 73 4
22 75 4
22 77 3
22 81 8
22 82 10
22 84 3
22 89 7
22 90 4
22 92 3
22 93 7
22 96 8
22 99 9
22 100 1
22 101 6
22 103 2
22 105 8
22 107 4
22 110 6
22 111 5
22 116 9
22 117 4
22 118 5
22 119 5
22 123 8
22 124 3
22 127 9
22 128 5
22 129 3
22 131 5
22 132 3
22 133 8
22 135 9
22 136 10
22 138 1
22 140 1
22 143 7
22 144 7
22 145 6
22 147 2
22 148 8
22 151 7
22 152 7
22 154 5
22 156 8
22 159 9
22 160 9
22 161 5
22 162 1
22 166 10
22 168 10
22 169 8
22 171 9
22 173 9
22 177 2
22 181 1
22 184 3
22 185 1
22 186 2
22 188 1
22 193 1
22 194 8
22 196 5
22 200 7
22 201 9
22 202 9
22 203 4
22 204 9
22 205 10
22 206 7
22 207 4
22 208 1
22 215 10
22 217 1
22 224 1
22 225 1
22 229 4
22 230 7
22 233 6
22 234 8
22 235 3
22 237 3
22 238 9
22 239 9
22 241 3
22 242 9
22 243 9
22 246 1
22 247 7
22 248 3
23 24 3
23 28 4
23 29 10
23 31 2
23 32 4
23 34 7
23 38 4
23 44 8
23 45 4
23 50 6
23 53 2
23 56 8
23 58 6
23 61 8
23 64 4
23 65 4
23 68 9
23 69 3
23 70 9
23 71 10
23 75 3
23 76 7
23 79 6
23 80 5
23 83 7
23 84 1
23 86 2
23 89 10
23 91 2
23 92 5
23 94 9
23 95 10
23 98 2
23 101 10
23 104 1
23 105 10
23 107 10
23 109 1
23 111 10
23 112 6
23 113 8
23 114 8
23 116 3
23 117 10
23 120 2
23 121 8
23 123 6
23 125 2
23 129 2
23 132 5
23 137 6
23 138 4
23 139 6
23 140 8
23 143 10
23 145 6
23 146 7
23 150 8
23 151 6
23 152 2
23 153 4
23 154 1
23 157 7
23 161 5
23 164 8
23 167 4
23 168 4
23 169 8
23 173 5
23 174 6
23 175 8
23 176 9
23 178 10
23 179 10
23 182 10
23 185 2
23 186 1
23 190 3
23 191 2
23 193 1
23 195 4
23 196 3
23 197 1
23 200 7
23 203 9
23 205 1
23 206 7
23 210 6
23 211 4
23 213 4
23 215 9
23 216 10
23 219 7
23 220 4
23 221 7
23 222 1
23 224 4
23 226 8
23 227 4
23 228 9
23 232 8
23 233 6
23 235 3
23 236 2
23 238 8
23 239 4
23 240 8
23 246 5
23 249 3
24 26 10
24 30 3
24 33 9
24 34 7
24 38 5
24 40 6
24 42 2
24 43 6
24 45 10
24 47 6
24 50 4
24 51 2
24 53 4
24 56 5
24 57 8
24 59 9
24 60 1
24 61 3
24 65 4
24 66 1
24 69 5
24 71 6
24 72 8
24 75 4
24 77 7
24 78 3
24 79 5
24 80 5
24 85 1
24 88 9
24 92 6
24 93 9
24 95 6
24 96 1
24 98 5
24 100 1
24 102 9
24 103 7
24 104 10
24 108 2
24 110 8
24 111 5
24 112 8
24 114 9
24 115 10
24 116 2
24 117 8
24 119 2
24 123 8
24 129 8
24 131 6
24 132 1
24 134 3
24 136 10
24 137 8
24 139 5
24 143 6
24 146 6
24 147 4
24 148 3
24 150 7
24 151 1
24 153 6
24 156 4
24 157 7
24 159 4
24 163 5
24 164 7
24 165 1
24 167 8
24 168 8
24 169 4
24 172 4
24 173 10
24 174 7
24 175 10
24 178 8
24 183 5
24 184 10
24 185 3
24 186 8
24 187 5
24 188 9
24 189 9
24 191 9
24 192 8
24 193 6
24 194 8
24 196 10
24 197 7
24 199 7
24 200 3
24 201 3
24 202 4
24 203 2
24 204 4
24 207 7
24 209 4
24 210 3
24 214 7
24 217 6
24 221 9
24 223 9
24 224 7
24 226 7
24 227 7
24 228 3
24 231 1
24 233 5
24 234 9
24 236 10
24 238 7
24 240 8
24 241 8
24 245 7
24 246 9
24 248 9
24 249 10
25 26 1
25 27 4
25 30 10
25 32 8
25 35 6
25 38 3
25 40 7
25 42 3
25 43 6
25 44 2
25 47 10
25 50 1
25 51 7
25 53 4
25 57 10
25 58 7
25 59 4
25 61 3
25 64 10
25 66 10
25 67 7
25 68 1
25 69 1
25 72 1
25 75 3
25 76 3
25 78 3
25 79 7
25 80 1
25 82 3
25 88 6
25 90 3
25 94 8
25 95 7
25 96 6
25 98 7
25 99 1
25 100 6
25 101 2
25 103 3
25 104 9
25 109 7
25 110 7
25 116 2
25 119 7
25 122 2
25 124 9
25 125 4
25 126 4
25 128 6
25 129 3
25 130 3
25 131 6
25 139 10
25 140 8
25 141 10
25 144 9
25 145 9
25 146 10
25 151 7
25 153 5
25 155 6
25 157 2
25 158 2
25 159 10
25 160 8
25 161 4
25 164 1
25 167 9
25 168 10
25 171 5
25 172 4
25 173 4
25 174 7
25 179 1
25 181 2
25 182 8
25 183 2
25 187 7
25 188 8
25 191 10
25 193 4
25 195 2
25 196 7
25 197 10
25 198 6
25 202 9
25 203 4
25 206 9
25 208 1
25 210 7
25 211 10
25 212 5
25 213 6
25 214 1
25 215 8
25 217 7
25 218 10
25 219 7
25 223 2
25 224 7
25 225 3
25 226 7
25 228 10
25 230 10
25 232 7
25 234 1
25 235 8
25 237 7
25 239 6
25 241 5
25 242 6
25 243 5
25 245 5
25 246 7
25 247 6
25 249 4
26 29 3
26 31 4
26 34 7
26 37 3
26 40 4
26 43 9
26 44 3
26 46 2
26 47 9
26 48 1
26 50 4
26 51 10
26 52 2
26 54 9
26 55 1
26 56 5
26 57 9
26 60 9
26 62 5
26 64 7
26 65 2
26 69 10
26 71 4
26 72 6
26 73 8
26 77 5
26 78 9
26 80 3
26 81 4
26 82 5
26 83 3
26 84 7
26 87 8
26 89 2
26 90 7
26 92 8
26 93 1
26 98 5
26 101 1
26 102 8
26 105 1
26 107 7
26 108 3
26 109 4
26 111 3
26 113 6
26 115 9
26 116 2
26 117 1
26 118 6
26 119 1
26 121 10
26 125 5
26 126 2
26 127 1
26 128 8
26 129 4
26 130 6
26 134 4
26 138 7
26 139 4
26 142 10
26 144 1
26 147 4
26 149 8
26 150 10
26 151 10
26 156 2
26 157 6
26 159 1
26 160 6
26 162 1
26 164 1
26 165 1
26 166 7
26 168 2
26 169 4
26 172 5
26 174 7
26 176 5
26 177 10
26 179 9
26 181 4
26 182 7
26 186 3
26 189 9
26 194 6
26 198 6
26 199 2
26 200 4
26 202 9
26 203 10
26 204 10
26 206 4
26 207 4
26 208 8
26 211 10
26 213 10
26 214 3
26 215 2
26 216 6
26 218 8
26 220 6
26 222 9
26 223 5
26 224 10
26 225 4
26 228 3
26 231 6
26 232 3
26 234 2
26 238 9
26 239 9
26 241 8
26 244 8
26 245 2
27 30 1
27 32 4
27 33 2
27 35 6
27 37 9
27 39 5
27 40 6
27 41 4
27 42 9
27 44 1
27 45 7
27 47 10
27 48 9
27 50 3
27 51 4
27 56 6
27 59 1
27 67 9
27 69 10
27 71 7
27 73 5
27 76 3
27 78 10
27 80 8
27 81 10
27 83 7
27 84 8
27 90 1
27 91 4
27 95 7
27 96 4
27 104 2
27 108 7
27 109 6
27 110 2
27 114 6
27 115 9
27 117 6
27 118 5
27 119 10
27 127 9
27 128 1
27 130 10
27 134 1
27 135 1
27 136 3
27 140 4
27 147 6
27 149 1
27 150 2
27 151 1
27 152 10
27 153 8
27 154 7
27 156 1
27 158 9
27 160 4
27 162 7
27 164 5
27 167 8
27 168 6
27 169 10
27 173 10
27 175 1
27 176 1
27 177 9
27 178 6
27 179 7
27 182 5
27 184 4
27 185 6
27 186 9
27 187 8
27 193 9
27 194 5
27 195 4
27 196 7
27 197 9
27 204 2
27 205 8
27 207 2
27 208 2
27 209 6
27 213 1
27 217 7
27 218 7
27 220 2
27 221 7
27 222 9
27 223 1
27 228 5
27 232 1
27 233 2
27 235 7
27 238 3
27 242 3
27 243 2
27 244 2
27 245 5
27 246 4
27 248 7
28 30 8
28 31 3
28 33 7
28 34 2
28 37 4
28 38 1
28 40 7
28 41 8
28 43 10
28 50 10
28 51 9
28 55 5
28 58 10
28 62 6
28 63 2
28 66 9
28 69 2
28 73 10
28 78 2
28 79 9
28 81 4
28 82 2
28 83 6
28 85 3
28 86 10
28 87 8
28 90 5
28 92 10
28 94 6
28 97 5
28 98 9
28 99 2
28 101 5
28 103 5
28 107 7
28 109 4
28 111 1
28 115 2
28 116 4
28 117 7
28 118 4
28 119 9
28 120 6
28 122 9
28 123 6
28 126 9
28 127 1
28 129 1
28 130 4
28 131 2
28 135 2
28 136 10
28 137 10
28 138 3
28 139 8
28 140 10
28 141 1
28 144 4
28 145 4
28 146 5
28 148 6
28 150 9
28 151 1
28 152 5
28 153 1
28 155 4
28 157 8
28 160 4
28 163 5
28 164 8
28 168 4
28 170 1
28 171 9
28 172 5
28 173 10
28 178 4
28 181 1
28 184 8
28 185 7
28 186 9
28 187 2
28 188 1
28 189 2
28 192 10
28 195 8
28 198 4
28 199 6
28 200 10
28 201 6
28 202 1
28 203 9
28 204 10
28 207 8
28 210 7
28 213 4
28 214 4
28 222 8
28 223 9
28 224 5
28 229 10
28 232 8
28 233 8
28 234 3
28 236 5
28 237 3
28 238 8
28 240 1
28 242 9
28 243 7
28 244 10
28 245 8
28 246 3
28 247 4
28 249 3
29 33 3
29 34 10
29 44 10
29 47 9
29 48 1
29 50 1
29 51 6
29 53 1
29 54 7
29 55 8
29 56 10
29 58 7
29 59 10
29 62 5
29 63 6
29 64 1
29 66 9
29 67 2
29 68 5
29 69 10
29 70 3
29 71 7
29 73 1
29 74 6
29 80 8
29 81 4
29 83 7
29 84 10
29 89 1
29 90 9
29 94 5
29 95 10
29 96 9
29 99 5
29 101 1
29 102 9
29 104 1
29 105 2
29 107 10
29 109 3
29 111 4
29 112 10
29 114 3
29 116 3
29 118 2
29 119 5
29 121 7
29 122 5
29 123 1
29 126 2
29 127 2
29 128 2
29 129 2
29 132 2
29 133 9
29 135 1
29 136 3
29 141 3
29 146 3
29 147 9
29 150 10
29 153 1
29 154 6
29 158 3
29 159 7
29 166 3
29 167 4
29 168 8
29 169 4
29 170 7
29 173 9
29 175 3
29 176 3
29 180 1
29 181 2
29 184 8
29 188 10
29 189 1
29 190 9
29 192 1
29 193 1
29 195 7
29 196 6
29 198 1
29 207 6
29 208 4
29 214 7
29 215 1
29 218 10
29 219 5
29 222 1
29 223 2
29 225 3
29 226 2
29 227 5
29 231 10
29 232 6
29 233 6
29 234 10
29 235 5
29 237 5
29 240 7
29 241 1
29 243 5
29 246 10
29 247 2
29 248 1
30 32 10
30 35 3
30 36 4
30 38 7
30 39 4
30 40 6
30 42 10
30 43 2
30 45 5
30 47 8
30 50 6
30 52 1
30 53 10
30 54 4
30 56 1
30 61 6
30 66 4
30 67 6
30 68 10
30 70 8
30 73 9
30 74 9
30 75 2
30 87 6
30 89 4
30 92 4
30 94 3
30 95 5
30 97 8
30 99 7
30 100 8
30 102 8
30 105 9
30 108 1
30 109 3
30 111 6
30 112 5
30 113 1
30 115 6
30 116 7
30 117 5
30 118 5
30 119 8
30 120 3
30 121 4
30 122 1
30 123 2
30 124 9
30 125 10
30 127 5
30 128 1
30 129 2
30 130 8
30 131 10
30 132 10
30 133 6
30 134 4
30 136 2
30 137 3
30 140 2
30 142 7
30 143 8
30 144 8
30 145 5
30 146 3
30 147 8
30 148 10
30 149 8
30 151 3
30 154 7
30 157 9
30 158 2
30 159 5
30 161 5
30 163 4
30 167 1
30 169 10
30 170 9
30 171 9
30 173 6
30 175 2
30 177 9
30 180 3
30 181 1
30 185 7
30 188 7
30 189 6
30 190 6
30 191 4
30 193 8
30 194 3
30 197 10
30 199 9
30 200 10
30 202 3
30 203 1
30 205 9
30 206 1
30 208 6
30 211 2
30 212 4
30 215 8
30 222 10
30 223 1
30 227 9
30 230 4
30 231 1
30 234 10
30 235 4
30 237 7
30 238 6
30 239 8
30 240 6
30 242 10
30 243 6
30 245 8
30 247 10
30 248 6
30 249 7
31 32 1
31 35 10
31 36 9
31 38 5
31 41 8
31 47 6
31 48 9
31 49 7
31 50 9
31 52 9
31 55 6
31 60 8
31 62 10
31 66 7
31 68 1
31 70 4
31 72 5
31 73 10
31 76 5
31 77 9
31 78 2
31 79 4
31 80 6
31 81 7
31 82 4
31 84 3
31 87 7
31 88 3
31 89 4
31 90 10
31 91 2
31 93 5
31 94 1
31 98 5
31 99 3
31 100 6
31 101 5
31 102 3
31 103 5
31 104 9
31 112 4
31 113 10
31 114 3
31 115 3
31 117 3
31 118 8
31 120 4
31 121 2
31 123 7
31 126 3
31 127 2
31 128 1
31 130 9
31 133 8
31 134 9
31 138 10
31 141 1
31 142 3
31 143 6
31 144 9
31 146 4
31 148 7
31 151 2
31 152 7
31 154 4
31 155 4
31 157 4
31 158 5
31 159 9
31 162 5
31 165 6
31 166 10
31 167 5
31 168 9
31 169 7
31 172 2
31 176 10
31 177 2
31 178 10
31 181 8
31 186 5
31 190 7
31 191 9
31 192 3
31 194 3
31 195 6
31 196 4
31 197 9
31 198 6
31 200 2
31 203 7
31 205 1
31 206 8
31 208 9
31 209 5
31 210 2
31 211 10
31 212 10
31 213 6
31 216 8
31 217 6
31 218 2
31 219 9
31 222 10
31 224 5
31 225 9
31 228 7
31 230 10
31 232 9
31 234 7
31 235 8
31 243 10
31 244 2
31 247 7
31 248 4
31 249 10
32 35 4
32 36 3
32 38 7
32 41 6
32 42 8
32 48 5
32 49 10
32 50 6
32 52 1
32 57 3
32 58 5
32 59 4
32 60 2
32 63 10
32 64 4
32 65 9
32 68 6
32 69 2
32 70 9
32 72 10
32 73 2
32 77 3
32 79 5
32 80 4
32 81 4
32 82 4
32 84 7
32 86 5
32 87 3
32 88 10
32 90 7
32 91 7
32 92 9
32 93 6
32 95 2
32 96 3
32 102 2
32 103 5
32 104 10
32 105 3
32 106 7
32 107 10
32 108 8
32 111 3
32 118 5
32 119 7
32 122 10
32 123 9
32 126 7
32 129 8
32 130 1
32 131 4
32 133 10
32 138 4
32 140 9
32 141 8
32 144 3
32 145 7
32 147 2
32 149 10
32 151 7
32 154 7
32 155 1
32 157 9
32 160 4
32 161 9
32 164 1
32 166 10
32 172 10
32 173 7
32 175 9
32 176 8
32 178 4
32 180 6
32 181 2
32 183 4
32 185 10
32 186 9
32 187 10
32 189 5
32 190 4
32 192 10
32 193 1
32 195 8
32 197 4
32 198 7
32 199 1
32 201 8
32 202 6
32 205 5
32 206 4
32 207 6
32 209 3
32 215 2
32 216 1
32 217 2
32 218 5
32 219 10
32 224 6
32 227 7
32 229 9
32 232 10
32 235 2
32 236 2
32 239 3
32 241 4
32 243 6
32 245 4
32 247 8
32 249 2
33 37 5
33 38 1
33 42 2
33 43 5
33 45 2
33 46 8
33 47 4
33 49 6
33 50 10
33 53 3
33 56 3
33 57 6
33 58 10
33 60 7
33 62 2
33 63 1
33 65 4
33 67 5
33 70 5
33 71 3
33 72 3
33 73 2
33 75 8
33 76 4
33 79 9
33 80 10
33 81 3
33 82 5
33 84 5
33 91 2
33 92 3
33 93 1
33 94 9
33 98 6
33 99 4
33 100 10
33 101 10
33 103 7
33 104 5
33 106 6
33 110 3
33 111 6
33 112 6
33 113 7
33 114 2
33 116 8
33 117 8
33 120 1
33 121 10
33 122 6
33 123 6
33 124 8
33 125 7
33 126 2
33 127 7
33 128 2
33 131 6
33 132 2
33 133 5
33 134 4
33 137 7
33 141 2
33 149 7
33 152 9
33 154 8
33 155 2
33 158 3
33 160 10
33 163 5
33 166 2
33 170 5
33 171 9
33 172 6
33 173 3
33 174 2
33 175 2
33 180 3
33 181 8
33 187 3
33 188 2
33 190 4
33 191 1
33 195 1
33 199 7
33 200 2
33 201 4
33 202 1
33 204 6
33 205 4
33 207 3
33 208 3
33 209 8
33 213 5
33 214 6
33 216 9
33 218 6
33 219 3
33 220 10
33 221 5
33 222 10
33 224 10
33 226 5
33 228 6
33 229 8
33 230 7
33 236 10
33 237 6
33 242 3
33 244 8
33 245 2
33 246 1
33 247 6
33 249 7
34 35 3
34 36 2
34 37 5
34 38 8
34 39 3
34 42 9
34 46 9
34 47 5
34 50 5
34 51 8
34 53 8
34 55 8
34 56 5
34 57 3
34 61 1
34 67 5
34 68 10
34 74 10
34 75 1
34 77 8
34 81 1
34 85 4
34 89 4
34 90 7
34 92 5
34 93 10
34 96 8
34 97 9
34 98 2
34 101 3
34 104 10
34 105 8
34 108 5
34 109 7
34 112 9
34 113 4
34 118 6
34 119 5
34 121 3
34 122 2
34 124 1
34 126 5
34 127 9
34 128 2
34 130 9
34 132 5
34 136 1
34 137 8
34 138 4
34 139 7
34 140 4
34 142 9
34 144 9
34 145 4
34 147 5
34 150 7
34 152 5
34 157 10
34 158 2
34 159 4
34 160 6
34 166 4
34 167 2
34 168 10
34 169 7
34 170 9
34 171 5
34 175 9
34 178 2
34 181 5
34 184 2
34 185 8
34 186 1
34 190 10
34 191 10
34 192 8
34 194 8
34 195 1
34 197 4
34 199 8
34 200 6
34 207 9
34 208 3
34 209 5
34 214 4
34 216 8
34 220 4
34 221 3
34 222 10
34 224 9
34 225 8
34 228 6
34 229 4
34 231 2
34 235 6
34 236 7
34 237 1
34 239 5
34 240 7
34 243 5
35 36 3
35 39 5
35 44 1
35 45 1
35 46 9
35 47 10
35 51 10
35 52 9
35 56 9
35 57 7
35 61 6
35 62 8
35 67 6
35 68 3
35 70 2
35 71 2
35 74 4
35 75 4
35 77 1
35 82 9
35 84 6
35 87 3
35 89 1
35 91 10
35 93 7
35 95 10
35 99 1
35 101 5
35 102 8
35 103 10
35 109 2
35 113 6
35 115 2
35 117 10
35 119 4
35 120 3
35 126 7
35 127 8
35 128 6
35 130 6
35 131 2
35 132 7
35 135 10
35 140 1
35 142 1
35 145 1
35 147 4
35 148 7
35 154 9
35 155 3
35 156 3
35 157 6
35 161 7
35 168 2
35 170 2
35 171 5
35 172 7
35 173 1
35 176 2
35 179 5
35 182 9
35 183 5
35 185 3
35 187 7
35 188 2
35 191 4
35 193 3
35 197 1
35 202 4
35 206 5
35 208 6
35 211 10
35 212 9
35 213 1
35 214 7
35 217 6
35 220 6
35 222 3
35 224 2
35 225 10
35 230 7
35 235 6
35 237 7
35 238 10
35 240 3
35 241 6
35 242 10
35 246 1
35 247 10
35 248 10
36 37 3
36 38 3
36 39 3
36 41 10
36 42 9
36 43 10
36 44 3
36 47 1
36 51 7
36 52 6
36 56 4
36 57 2
36 59 9
36 60 8
36 62 7
36 63 7
36 64 5
36 66 2
36 68 9
36 69 10
36 70 4
36 72 7
36 73 7
36 74 4
36 76 3
36 77 7
36 79 5
36 81 4
36 83 5
36 90 8
36 92 8
36 93 5
36 99 9
36 100 6
36 101 7
36 103 7
36 104 3
36 105 4
36 107 9
36 111 1
36 114 7
36 118 9
36 119 9
36 123 10
36 126 9
36 127 2
36 128 8
36 129 4
36 132 10
36 133 2
36 136 6
36 139 8
36 142 3
36 147 10
36 154 8
36 166 4
36 167 4
36 171 10
36 172 8
36 173 9
36 174 4
36 176 7
36 179 2
36 180 3
36 181 8
36 182 10
36 185 4
36 186 2
36 190 7
36 191 9
36 193 8
36 194 5
36 196 3
36 197 1
36 198 1
36 200 6
36 201 7
36 202 4
36 203 5
36 204 8
36 206 10
36 207 9
36 208 6
36 209 3
36 211 1
36 212 8
36 213 5
36 214 8
36 215 9
36 217 9
36 218 9
36 220 8
36 221 4
36 222 2
36 223 5
36 225 3
36 226 7
36 227 10
36 228 7
36 231 5
36 232 3
36 233 5
36 235 3
36 236 6
36 240 5
36 246 3
36 247 9
36 248 4
36 249 9
37 38 9
37 41 10
37 43 5
37 46 5
37 47 6
37 48 10
37 50 5
37 51 3
37 53 5
37 57 10
37 59 5
37 64 7
37 68 8
37 69 9
37 70 8
37 73 3
37 75 10
37 76 5
37 77 7
37 78 8
37 80 5
37 81 8
37 82 3
37 85 10
37 86 8
37 87 2
37 88 6
37 89 7
37 90 3
37 91 4
37 92 5
37 93 3
37 95 10
37 96 1
37 98 7
37 99 7
37 101 6
37 102 6
37 103 4
37 104 7
37 107 5
37 109 5
37 112 10
37 114 4
37 115 4
37 117 4
37 119 7
37 123 6
37 126 3
37 128 4
37 131 2
37 133 5
37 134 3
37 136 2
37 142 9
37 145 9
37 146 2
37 149 2
37 152 4
37 153 5
37 158 6
37 162 7
37 164 2
37 166 10
37 167 8
37 168 7
37 169 4
37 170 4
37 174 3
37 177 6
37 178 8
37 181 10
37 182 8
37 183 9
37 184 9
37 185 3
37 188 2
37 191 2
37 194 1
37 195 9
37 197 5
37 198 9
37 202 3
37 204 9
37 205 2
37 208 10
37 210 10
37 216 10
37 218 3
37 224 6
37 225 4
37 229 8
37 230 6
37 232 7
37 234 3
37 235 3
37 236 4
37 238 10
37 239 7
37 242 10
37 243 1
37 244 2
37 245 6
37 247 10
37 248 3
37 249 8
38 41 5
38 46 6
38 47 8
38 51 8
38 52 10
38 53 1
38 54 3
38 56 4
38 59 8
38 61 9
38 63 4
38 64 7
38 66 8
38 67 2
38 68 10
38 69 2
38 70 4
38 73 7
38 75 6
38 76 3
38 79 7
38 81 10
38 82 7
38 83 2
38 85 4
38 87 2
38 90 8
38 91 8
38 92 5
38 93 3
38 95 5
38 97 2
38 102 9
38 106 7
38 108 8
38 110 1
38 111 3
38 117 1
38 118 9
38 120 4
38 122 8
38 123 3
38 126 3
38 127 7
38 130 2
38 131 7
38 133 10
38 134 7
38 135 5
38 136 9
38 138 6
38 140 3
38 143 3
38 144 3
38 145 4
38 149 6
38 151 1
38 156 7
38 157 3
38 159 6
38 163 2
38 164 10
38 168 9
38 169 10
38 173 4
38 175 10
38 176 7
38 179 2
38 180 2
38 182 4
38 185 7
38 188 10
38 189 5
38 190 8
38 191 1
38 194 7
38 195 3
38 199 5
38 200 3
38 201 2
38 204 2
38 205 4
38 207 2
38 210 10
38 219 7
38 220 7
38 224 5
38 225 1
38 227 10
38 228 7
38 233 8
38 234 8
38 237 6
38 240 7
38 241 3
38 242 5
38 245 9
38 246 4
38 248 5
39 41 8
39 44 4
39 45 6
39 50 3
39 51 6
39 53 6
39 54 1
39 55 6
39 56 6
39 57 9
39 62 2
39 63 3
39 65 7
39 67 9
39 69 4
39 72 1
39 73 8
39 74 3
39 76 6
39 82 10
39 88 7
39 90 3
39 91 10
39 93 3
39 96 2
39 97 8
39 99 1
39 100 4
39 102 7
39 104 9
39 109 5
39 110 1
39 111 2
39 113 5
39 114 8
39 115 9
39 116 7
39 117 9
39 119 2
39 120 9
39 121 4
39 124 4
39 125 9
39 127 8
39 129 6
39 132 6
39 133 9
39 136 7
39 139 7
39 145 3
39 147 9
39 149 3
39 150 4
39 151 10
39 152 6
39 153 5
39 154 9
39 155 2
39 156 8
39 159 5
39 160 3
39 165 5
39 166 2
39 167 2
39 169 3
39 171 2
39 172 6
39 173 8
39 174 10
39 175 4
39 177 5
39 178 3
39 180 10
39 182 6
39 183 4
39 184 7
39 185 9
39 189 2
39 191 3
39 192 8
39 193 4
39 194 9
39 199 1
39 201 2
39 203 4
39 205 10
39 206 3
39 207 6
39 208 10
39 210 1
39 212 6
39 214 3
39 215 9
39 218 3
39 221 4
39 226 6
39 227 8
39 228 4
39 229 6
39 231 10
39 233 6
39 235 8
39 236 2
39 238 1
39 239 6
39 241 7
39 242 9
39 244 5
39 246 1
39 247 10
39 248 9
40 43 3
40 45 4
40 51 9
40 52 10
40 53 4
40 57 4
40 58 5
40 59 5
40 60 4
40 63 3
40 66 7
40 67 9
40 73 9
40 76 9
40 77 10
40 80 6
40 81 8
40 83 1
40 84 6
40 85 5
40 86 3
40 87 2
40 88 1
40 89 7
40 90 3
40 91 6
40 94 2
40 98 9
40 99 10
40 100 8
40 101 3
40 103 10
40 106 4
40 107 2
40 109 1
40 110 2
40 111 2
40 112 9
40 116 6
40 119 10
40 121 3
40 126 10
40 129 4
40 132 8
40 133 6
40 140 5
40 143 6
40 144 1
40 145 8
40 148 2
40 151 10
40 152 1
40 154 9
40 155 7
40 157 6
40 158 4
40 160 7
40 162 10
40 167 10
40 172 9
40 173 3
40 175 5
40 176 8
40 178 2
40 179 5
40 180 8
40 182 4
40 183 4
40 184 6
40 185 10
40 187 7
40 189 5
40 190 7
40 193 7
40 194 2
40 195 5
40 198 6
40 201 9
40 204 8
40 207 4
40 208 4
40 209 8
40 211 10
40 213 5
40 214 1
40 215 2
40 216 10
40 219 6
40 220 7
40 222 8
40 224 6
40 226 1
40 228 1
40 229 4
40 230 6
40 233 2
40 234 8
40 237 5
40 240 3
40 242 1
40 247 2
40 249 2
41 43 9
41 44 9
41 45 1
41 48 2
41 52 10
41 53 4
41 54 6
41 55 9
41 57 7
41 58 5
41 60 2
41 62 5
41 63 4
41 64 8
41 65 7
41 66 10
41 70 2
41 73 10
41 74 6
41 78 10
41 80 5
41 82 8
41 83 8
41 84 5
41 86 8
41 88 8
41 89 9
41 90 7
41 91 7
41 92 4
41 94 8
41 99 6
41 101 4
41 104 5
41 106 1
41 107 3
41 110 8
41 112 10
41 114 6
41 116 5
41 118 10
41 121 10
41 122 10
41 124 9
41 125 9
41 126 10
41 127 6
41 128 4
41 130 3
41 131 7
41 132 2
41 134 4
41 139 8
41 141 2
41 143 9
41 144 2
41 147 8
41 148 8
41 149 4
41 150 5
41 151 2
41 156 1
41 157 2
41 158 9
41 163 10
41 165 6
41 166 5
41 167 10
41 168 7
41 173 6
41 174 8
41 176 5
41 177 10
41 178 2
41 180 9
41 181 1
41 182 2
41 187 3
41 188 2
41 189 1
41 192 8
41 193 9
41 198 5
41 199 10
41 200 9
41 201 8
41 204 1
41 207 4
41 209 1
41 210 10
41 212 9
41 213 4
41 215 2
41 216 3
41 217 2
41 220 4
41 221 1
41 222 8
41 225 1
41 226 8
41 227 10
41 230 8
41 231 7
41 235 4
41 236 2
41 237 2
41 238 4
41 239 2
41 240 3
41 241 5
41 244 10
41 245 2
41 248 5
41 249 7
42 44 9
42 45 4
42 48 4
42 51 6
42 52 3
42 54 5
42 55 7
42 56 10
42 57 4
42 59 4
42 60 8
42 61 9
42 62 6
42 63 2
42 64 1
42 65 1
42 71 6
42 72 7
42 73 3
42 79 6
42 80 10
42 81 9
42 82 9
42 84 3
42 87 7
42 88 6
42 89 7
42 90 2
42 91 2
42 98 10
42 101 4
42 105 10
42 106 8
42 107 4
42 110 6
42 112 6
42 119 5
42 122 9
42 125 6
42 126 8
42 128 10
42 129 5
42 131 2
42 133 10
42 134 3
42 137 6
42 139 3
42 141 2
42 142 6
42 146 10
42 147 8
42 149 9
42 150 1
42 151 2
42 153 5
42 154 5
42 155 1
42 157 6
42 158 8
42 159 7
42 160 1
42 164 1
42 165 4
42 166 7
42 168 7
42 170 10
42 171 2
42 172 7
42 173 5
42 176 3
42 178 4
42 179 2
42 180 6
42 181 9
42 184 7
42 187 6
42 188 4
42 190 7
42 191 8
42 195 8
42 197 5
42 198 10
42 199 2
42 200 6
42 203 3
42 204 5
42 205 3
42 206 4
42 207 10
42 210 6
42 213 1
42 214 6
42 216 2
42 219 8
42 221 7
42 222 6
42 223 2
42 226 7
42 227 7
42 228 10
42 231 6
42 232 3
42 233 7
42 234 9
42 235 6
42 236 9
42 240 9
42 241 10
42 242 8
42 244 2
42 245 3
42 248 7
42 249 1
43 45 1
43 46 6
43 48 2
43 49 3
43 51 5
43 52 7
43 53 9
43 54 8
43 56 9
43 57 1
43 58 9
43 59 4
43 68 9
43 70 3
43 73 4
43 76 10
43 77 4
43 80 7
43 82 7
43 84 1
43 85 9
43 86 10
43 87 6
43 88 10
43 90 5
43 91 9
43 95 5
43 98 7
43 100 3
43 102 2
43 105 8
43 107 7
43 108 4
43 110 10
43 112 7
43 115 7
43 117 1
43 118 4
43 121 10
43 122 9
43 128 5
43 129 7
43 131 9
43 133 3
43 134 3
43 136 4
43 137 1
43 138 1
43 140 1
43 145 6
43 147 1
43 150 7
43 151 6
43 153 7
43 155 6
43 160 7
43 162 10
43 165 1
43 166 4
43 167 4
43 168 8
43 169 9
43 170 6
43 173 6
43 177 5
43 180 10
43 181 1
43 183 2
43 184 4
43 188 2
43 191 9
43 192 3
43 195 7
43 196 6
43 197 1
43 198 3
43 199 7
43 200 6
43 202 10
43 203 5
43 204 3
43 206 9
43 207 7
43 210 6
43 212 6
43 215 7
43 220 4
43 221 9
43 223 9
43 224 4
43 226 10
43 227 8
43 228 5
43 229 10
43 230 7
43 232 6
43 238 9
43 239 10
43 244 4
43 249 6
44 47 6
44 48 7
44 49 2
44 52 1
44 53 2
44 56 3
44 57 9
44 65 10
44 68 4
44 69 10
44 70 4
44 71 2
44 74 3
44 75 7
44 76 10
44 77 9
44 78 10
44 80 9
44 86 3
44 89 3
44 90 9
44 91 1
44 92 10
44 93 4
44 95 3
44 96 5
44 98 8
44 99 10
44 100 7
44 101 8
44 103 4
44 105 3
44 107 9
44 111 8
44 114 10
44 117 3
44 121 3
44 122 9
44 123 5
44 125 2
44 127 8
44 128 9
44 130 7
44 134 6
44 135 10
44 136 6
44 137 10
44 138 5
44 139 9
44 141 9
44 142 3
44 144 10
44 146 2
44 147 3
44 148 10
44 149 8
44 150 4
44 151 8
44 152 2
44 154 2
44 155 6
44 163 2
44 165 2
44 166 2
44 169 6
44 170 9
44 171 9
44 176 10
44 180 1
44 181 5
44 184 1
44 185 4
44 188 8
44 189 9
44 191 1
44 192 5
44 194 5
44 199 7
44 201 5
44 202 4
44 203 3
44 204 10
44 205 1
44 206 8
44 208 6
44 210 3
44 211 5
44 213 2
44 215 6
44 216 3
44 217 10
44 219 4
44 221 3
44 223 2
44 225 5
44 226 1
44 227 1
44 231 6
44 233 8
44 235 8
44 236 2
44 239 4
44 242 1
44 243 9
44 244 4
44 246 10
44 247 4
44 248 1
45 46 1
45 49 6
45 50 7
45 52 8
45 53 3
45 55 6
45 58 7
45 59 5
45 62 6
45 69 3
45 70 2
45 72 7
45 74 3
45 76 1
45 77 9
45 79 2
45 83 9
45 87 9
45 88 8
45 90 7
45 91 8
45 93 8
45 94 2
45 95 4
45 97 8
45 98 10
45 100 5
45 101 8
45 104 4
45 105 9
45 110 1
45 111 9
45 114 5
45 117 3
45 119 3
45 120 3
45 121 2
45 122 5
45 123 5
45 124 4
45 131 7
45 132 10
45 133 7
45 137 7
45 138 8
45 139 4
45 142 9
45 146 6
45 147 10
45 150 6
45 156 10
45 158 1
45 159 10
45 160 2
45 161 2
45 163 3
45 164 7
45 165 6
45 166 10
45 170 8
45 173 2
45 175 7
45 176 6
45 180 9
45 181 7
45 182 6
45 187 9
45 188 2
45 189 1
45 190 2
45 191 6
45 195 6
45 199 5
45 200 3
45 201 3
45 202 9
45 203 7
45 205 2
45 211 4
45 212 7
45 215 8
45 220 6
45 222 4
45 223 8
45 229 10
45 230 3
45 233 9
45 234 4
45 235 6
45 239 7
45 240 1
45 241 9
45 244 4
45 246 3
46 48 4
46 50 6
46 53 1
46 57 10
46 59 5
46 60 5
46 61 9
46 64 4
46 65 10
46 68 5
46 69 5
46 74 4
46 75 10
46 77 10
46 78 3
46 79 10
46 80 6
46 81 2
46 84 2
46 86 8
46 87 6
46 88 7
46 89 9
46 90 2
46 92 10
46 93 6
46 94 1
46 95 10
46 96 2
46 99 2
46 101 5
46 103 6
46 104 1
46 105 9
46 106 6
46 110 3
46 112 4
46 113 2
46 114 6
46 115 1
46 119 3
46 121 4
46 122 3
46 123 6
46 124 8
46 125 1
46 127 10
46 129 1
46 131 5
46 132 1
46 134 9
46 135 3
46 139 8
46 141 1
46 144 6
46 151 7
46 152 7
46 153 1
46 156 1
46 159 10
46 160 7
46 163 4
46 164 6
46 166 10
46 167 8
46 168 2
46 169 2
46 170 6
46 171 5
46 173 3
46 174 9
46 175 3
46 178 5
46 180 2
46 181 2
46 182 6
46 185 3
46 186 6
46 189 6
46 192 1
46 194 5
46 195 3
46 197 7
46 198 8
46 199 1
46 200 2
46 202 8
46 203 10
46 204 4
46 207 9
46 210 3
46 211 3
46 212 2
46 213 5
46 214 2
46 216 3
46 217 10
46 219 7
46 220 4
46 221 1
46 224 6
46 227 10
46 228 3
46 230 3
46 231 4
46 232 7
46 234 9
46 237 8
46 239 4
46 240 2
46 241 6
46 242 4
46 243 3
46 245 6
46 246 4
47 49 9
47 51 2
47 56 5
47 57 1
47 59 10
47 61 1
47 63 6
47 64 2
47 66 4
47 67 1
47 68 6
47 70 1
47 73 3
47 74 5
47 75 4
47 76 1
47 81 7
47 83 9
47 85 4
47 89 7
47 90 5
47 95 5
47 98 1
47 99 10
47 100 7
47 101 4
47 103 5
47 104 9
47 107 9
47 108 10
47 109 6
47 110 9
47 111 2
47 113 6
47 116 7
47 120 9
47 122 7
47 123 5
47 126 4
47 127 2
47 129 8
47 130 2
47 131 9
47 135 1
47 138 2
47 142 1
47 143 7
47 146 10
47 148 6
47 149 2
47 151 1
47 153 7
47 155 9
47 157 10
47 159 6
47 161 1
47 162 4
47 163 6
47 164 8
47 175 7
47 179 3
47 180 4
47 181 5
47 182 4
47 183 1
47 186 6
47 190 9
47 191 8
47 193 8
47 194 1
47 196 8
47 197 8
47 198 2
47 199 1
47 200 4
47 203 9
47 204 4
47 205 4
47 206 9
47 208 10
47 216 4
47 217 7
47 221 2
47 222 8
47 224 4
47 227 1
47 228 5
47 230 7
47 232 3
47 233 1
47 236 3
47 238 6
47 241 10
47 248 6
48 50 3
48 54 9
48 55 7
48 56 2
48 57 9
48 59 3
48 62 7
48 63 8
48 64 1
48 65 8
48 69 9
48 70 2
48 71 4
48 73 10
48 78 3
48 79 6
48 80 9
48 82 7
48 86 4
48 88 9
48 89 7
48 91 9
48 92 3
48 93 1
48 94 5
48 95 1
48 97 3
48 98 3
48 100 2
48 101 10
48 103 3
48 105 10
48 108 4
48 110 1
48 112 2
48 114 1
48 117 3
48 122 2
48 124 6
48 125 6
48 126 6
48 127 9
48 129 9
48 130 10
48 132 6
48 133 7
48 135 9
48 139 7
48 140 2
48 141 1
48 143 7
48 145 10
48 146 7
48 147 4
48 148 5
48 150 10
48 152 3
48 153 3
48 155 1
48 156 8
48 157 10
48 159 1
48 165 3
48 168 7
48 169 1
48 175 3
48 178 3
48 179 1
48 182 10
48 185 4
48 186 8
48 187 1
48 188 9
48 190 2
48 191 7
48 192 10
48 193 7
48 194 8
48 195 2
48 198 10
48 199 8
48 200 3
48 201 8
48 209 6
48 210 3
48 212 1
48 217 4
48 218 10
48 219 9
48 220 3
48 223 2
48 226 1
48 227 10
48 233 4
48 234 6
48 235 4
48 236 10
48 237 7
48 239 4
48 240 7
48 241 3
48 243 4
48 245 4
48 246 5
48 249 7
49 50 6
49 52 8
49 55 8
49 56 1
49 58 4
49 59 7
49 60 1
49 62 2
49 64 5
49 65 7
49 69 1
49 70 8
49 71 8
49 72 4
49 74 2
49 78 9
49 80 8
49 81 2
49 84 10
49 87 5
49 88 5
49 89 4
49 90 10
49 91 3
49 92 1
49 95 6
49 96 3
49 97 10
49 100 10
49 101 5
49 102 2
49 103 7
49 106 2
49 107 8
49 109 9
49 110 2
49 111 7
49 114 6
49 115 5
49 118 8
49 123 6
49 124 6
49 125 8
49 126 5
49 130 10
49 132 8
49 135 10
49 136 2
49 138 8
49 142 2
49 143 7
49 144 5
49 145 7
49 146 4
49 149 8
49 151 6
49 152 10
49 154 3
49 157 6
49 162 7
49 163 1
49 164 8
49 165 9
49 166 7
49 167 4
49 170 6
49 171 8
49 172 5
49 173 2
49 174 3
49 175 6
49 180 8
49 181 2
49 183 5
49 184 1
49 185 4
49 186 6
49 187 8
49 189 1
49 192 2
49 193 2
49 198 3
49 199 7
49 201 10
49 202 7
49 203 5
49 205 9
49 207 8
49 208 1
49 209 3
49 211 8
49 214 2
49 215 8
49 217 1
49 220 5
49 221 6
49 224 9
49 225 2
49 228 7
49 229 8
49 231 7
49 233 9
49 234 10
49 235 5
49 239 6
49 241 9
49 243 6
49 244 10
49 246 2
49 248 10
49 249 3
50 52 5
50 53 9
50 54 8
50 56 7
50 59 5
50 62 10
50 68 5
50 69 2
50 71 2
50 72 4
50 73 5
50 80 10
50 81 8
50 83 1
50 86 3
50 87 6
50 89 1
50 90 9
50 91 5
50 97 8
50 99 4
50 101 6
50 102 9
50 104 8
50 105 6
50 110 6
50 111 8
50 112 5
50 114 2
50 118 2
50 119 4
50 121 10
50 122 5
50 125 4
50 129 8
50 130 1
50 131 4
50 132 10
50 135 5
50 136 3
50 137 1
50 138 6
50 141 10
50 142 1
50 144 10
50 146 10
50 147 6
50 148 3
50 149 10
50 150 1
50 156 5
50 157 10
50 158 5
50 159 9
50 160 6
50 161 9
50 163 6
50 165 9
50 166 5
50 167 1
50 170 10
50 171 4
50 172 9
50 174 5
50 175 2
50 176 1
50 178 2
50 182 6
50 184 5
50 185 9
50 186 4
50 188 7
50 189 10
50 191 2
50 192 4
50 194 3
50 196 5
50 198 6
50 199 1
50 200 5
50 201 10
50 205 2
50 206 3
50 213 2
50 214 8
50 216 2
50 217 4
50 218 1
50 219 7
50 225 5
50 227 2
50 228 3
50 232 1
50 234 1
50 235 8
50 238 10
50 239 10
50 241 4
50 244 3
50 245 2
50 248 7
51 53 3
51 55 1
51 56 1
51 57 5
51 58 10
51 60 8
51 61 6
51 65 1
51 68 8
51 71 5
51 72 5
51 75 4
51 76 10
51 80 7
51 82 3
51 83 9
51 85 4
51 86 1
51 89 7
51 90 8
51 92 7
51 93 1
51 94 10
51 95 6
51 96 3
51 98 7
51 101 6
51 104 5
51 106 6
51 108 2
51 109 6
51 112 5
51 113 7
51 118 1
51 124 10
51 126 5
51 128 7
51 129 1
51 130 6
51 131 1
51 133 7
51 134 10
51 135 2
51 136 2
51 138 1
51 140 10
51 144 3
51 146 4
51 148 6
51 149 2
51 150 2
51 152 1
51 154 10
51 155 3
51 158 10
51 159 4
51 160 5
51 161 9
51 163 9
51 165 5
51 169 1
51 170 7
51 172 9
51 173 8
51 175 10
51 176 9
51 178 3
51 179 4
51 181 8
51 183 8
51 184 7
51 185 3
51 186 8
51 187 5
51 188 2
51 189 9
51 192 2
51 194 1
51 195 2
51 197 8
51 200 10
51 203 3
51 205 7
51 206 4
51 207 7
51 208 7
51 211 7
51 213 1
51 214 1
51 215 7
51 216 1
51 217 3
51 218 7
51 222 1
51 223 5
51 224 10
51 228 7
51 238 6
51 244 4
51 245 4
51 246 10
52 53 3
52 55 1
52 59 1
52 60 4
52 62 3
52 64 2
52 65 4
52 66 3
52 67 8
52 68 10
52 70 3
52 71 7
52 75 2
52 78 4
52 80 5
52 81 8
52 82 10
52 88 7
52 89 2
52 90 7
52 91 10
52 92 8
52 93 5
52 94 6
52 96 7
52 97 9
52 98 7
52 100 6
52 102 5
52 103 3
52 106 1
52 107 3
52 108 10
52 109 1
52 110 4
52 112 8
52 113 10
52 116 5
52 118 10
52 119 3
52 122 7
52 123 9
52 126 1
52 127 1
52 128 4
52 129 7
52 130 7
52 132 4
52 134 7
52 137 2
52 139 10
52 141 2
52 143 1
52 144 1
52 146 4
52 148 6
52 149 6
52 150 7
52 152 9
52 153 5
52 156 2
52 160 10
52 161 1
52 162 8
52 163 8
52 168 5
52 170 7
52 171 9
52 172 7
52 173 5
52 176 7
52 177 2
52 179 3
52 181 2
52 184 9
52 185 7
52 188 2
52 189 7
52 191 5
52 193 9
52 194 3
52 198 2
52 201 6
52 202 8
52 204 9
52 206 7
52 209 7
52 212 7
52 213 3
52 214 4
52 216 2
52 217 1
52 218 2
52 219 1
52 221 2
52 222 6
52 223 10
52 225 7
52 232 1
52 233 5
52 237 10
52 239 1
52 240 3
52 241 7
52 242 3
52 243 6
52 244 3
52 246 2
52 247 9
52 249 3
53 54 6
53 58 6
53 59 10
53 62 7
53 63 8
53 66 5
53 68 9
53 70 1
53 74 9
53 76 8
53 77 1
53 80 10
53 81 8
53 82 5
53 83 7
53 85 10
53 87 3
53 88 1
53 90 9
53 93 4
53 96 7
53 98 2
53 99 4
53 101 4
53 103 3
53 107 7
53 108 1
53 111 5
53 112 7
53 113 8
53 118 1
53 122 5
53 125 10
53 129 1
53 130 5
53 132 7
53 133 9
53 135 7
53 139 6
53 140 6
53 141 5
53 146 7
53 149 2
53 150 10
53 152 9
53 154 10
53 156 9
53 159 8
53 160 10
53 163 3
53 164 1
53 165 4
53 166 4
53 168 9
53 170 6
53 171 5
53 173 6
53 174 10
53 177 7
53 178 10
53 180 5
53 182 1
53 183 9
53 189 5
53 190 8
53 194 6
53 199 2
53 202 4
53 204 1
53 205 1
53 207 10
53 210 4
53 211 10
53 213 3
53 214 9
53 217 4
53 222 9
53 225 9
53 231 1
53 233 9
53 236 10
53 237 4
53 239 3
53 249 6
54 56 2
54 58 8
54 63 10
54 65 3
54 67 8
54 68 3
54 69 3
54 70 3
54 72 7
54 74 5
54 77 4
54 78 9
54 79 6
54 83 1
54 87 1
54 89 9
54 92 9
54 93 3
54 94 8
54 95 3
54 96 4
54 98 8
54 103 3
54 104 8
54 111 5
54 113 3
54 114 2
54 117 1
54 118 3
54 121 5
54 123 7
54 127 8
54 129 10
54 131 4
54 132 10
54 135 4
54 136 4
54 139 2
54 140 6
54 142 7
54 143 1
54 144 8
54 145 10
54 148 3
54 151 1
54 161 3
54 162 10
54 165 7
54 166 9
54 168 8
54 171 8
54 173 4
54 177 5
54 178 5
54 186 3
54 188 3
54 190 7
54 191 10
54 193 2
54 196 4
54 197 4
54 199 6
54 201 10
54 207 4
54 211 6
54 212 7
54 215 7
54 219 7
54 222 8
54 223 10
54 226 4
54 227 8
54 233 1
54 236 8
54 237 1
54 239 8
54 240 3
54 241 9
54 245 1
54 246 1
54 248 5
54 249 9
55 56 6
55 57 10
55 60 8
55 61 7
55 62 10
55 63 2
55 66 9
55 69 7
55 72 4
55 73 10
55 74 2
55 77 4
55 78 3
55 79 1
55 84 9
55 86 3
55 87 4
55 88 1
55 96 3
55 97 4
55 99 3
55 100 10
55 105 6
55 106 10
55 107 9
55 108 10
55 111 5
55 118 3
55 119 10
55 120 6
55 122 1
55 123 3
55 124 9
55 126 6
55 127 1
55 128 10
55 135 3
55 138 1
55 142 4
55 144 2
55 145 3
55 146 5
55 147 7
55 149 7
55 150 8
55 151 6
55 152 9
55 153 1
55 156 4
55 162 1
55 164 4
55 171 8
55 172 8
55 173 5
55 175 2
55 180 7
55 181 4
55 184 7
55 188 5
55 189 1
55 190 8
55 192 6
55 194 5
55 197 7
55 198 4
55 204 3
55 206 8
55 207 6
55 208 9
55 211 5
55 215 7
55 218 7
55 220 9
55 221 8
55 222 2
55 225 8
55 228 2
55 230 5
55 232 5
55 234 5
55 236 8
55 237 7
55 238 6
55 240 1
55 243 8
55 245 5
55 247 3
55 248 9
56 60 9
56 61 6
56 63 7
56 64 2
56 65 5
56 67 8
56 70 8
56 72 8
56 73 10
56 75 8
56 78 4
56 79 3
56 80 9
56 83 1
56 86 3
56 87 1
56 89 5
56 90 10
56 91 10
56 92 4
56 93 5
56 94 3
56 96 3
56 98 4
56 99 8
56 102 1
56 104 9
56 106 10
56 109 5
56 111 1
56 112 10
56 113 9
56 114 10
56 115 3
56 119 2
56 120 4
56 123 3
56 128 9
56 130 3
56 134 10
56 136 3
56 138 3
56 140 9
56 141 7
56 143 9
56 147 10
56 148 9
56 150 5
56 151 9
56 154 8
56 155 10
56 157 2
56 159 1
56 160 6
56 162 1
56 163 9
56 164 4
56 165 5
56 166 2
56 168 3
56 169 5
56 170 10
56 171 4
56 178 7
56 180 5
56 181 5
56 182 4
56 184 10
56 188 10
56 189 9
56 191 2
56 192 5
56 194 9
56 195 2
56 197 10
56 199 4
56 202 9
56 203 3
56 205 8
56 206 1
56 207 10
56 209 4
56 211 1
56 218 3
56 219 9
56 221 3
56 223 4
56 225 5
56 226 6
56 227 8
56 229 2
56 233 6
56 235 8
56 236 8
56 239 9
56 240 3
56 243 3
56 245 3
57 59 10
57 60 2
57 62 4
57 63 7
57 64 5
57 65 5
57 66 2
57 71 7
57 79 2
57 80 2
57 81 5
57 82 3
57 83 1
57 88 1
57 91 6
57 94 10
57 96 1
57 97 4
57 99 5
57 100 2
57 103 2
57 105 5
57 106 3
57 107 4
57 108 4
57 109 5
57 110 5
57 113 8
57 114 9
57 116 9
57 120 2
57 121 10
57 123 5
57 124 1
57 127 1
57 131 7
57 132 5
57 136 7
57 137 8
57 140 10
57 142 6
57 144 3
57 147 10
57 148 7
57 149 3
57 150 9
57 154 4
57 155 2
57 159 9
57 162 4
57 165 5
57 166 6
57 168 3
57 170 1
57 171 10
57 173 2
57 175 7
57 176 7
57 177 2
57 178 8
57 180 8
57 181 4
57 184 9
57 185 7
57 188 1
57 189 10
57 190 8
57 191 1
57 192 10
57 193 3
57 198 1
57 199 2
57 200 2
57 202 3
57 207 1
57 208 9
57 214 5
57 216 8
57 217 4
57 218 9
57 222 9
57 225 10
57 227 1
57 230 8
57 233 6
57 234 6
57 236 8
57 238 5
57 239 1
57 241 7
57 243 7
57 245 8
57 246 10
57 247 5
57 248 8
58 61 5
58 63 6
58 64 2
58 66 8
58 67 1
58 68 8
58 69 8
58 72 1
58 73 2
58 76 7
58 78 4
58 79 9
58 80 6
58 81 1
58 82 7
58 83 3
58 84 3
58 85 8
58 88 9
58 89 6
58 91 2
58 93 8
58 95 8
58 97 9
58 98 6
58 99 3
58 100 1
58 101 10
58 104 9
58 105 9
58 106 2
58 107 2
58 110 4
58 111 8
58 112 7
58 113 9
58 117 10
58 119 8
58 120 8
58 121 8
58 122 1
58 123 10
58 124 2
58 126 1
58 132 10
58 133 7
58 134 2
58 135 3
58 138 2
58 140 3
58 142 5
58 143 10
58 144 6
58 146 7
58 149 10
58 150 5
58 154 6
58 155 8
58 158 3
58 159 2
58 161 4
58 162 9
58 164 2
58 166 2
58 167 4
58 168 3
58 169 5
58 177 2
58 180 7
58 182 10
58 184 1
58 186 3
58 187 10
58 188 10
58 189 7
58 192 7
58 193 10
58 195 4
58 200 8
58 201 9
58 202 1
58 204 9
58 205 7
58 206 3
58 208 2
58 211 3
58 212 1
58 217 3
58 218 9
58 220 3
58 221 5
58 225 7
58 227 6
58 228 2
58 229 6
58 230 10
58 233 6
58 236 9
58 237 2
58 239 10
58 243 1
58 244 6
58 247 6
58 248 10
59 60 4
59 61 3
59 64 5
59 66 4
59 67 7
59 68 8
59 69 4
59 70 8
59 73 7
59 76 2
59 78 7
59 82 4
59 84 6
59 86 9
59 89 3
59 91 7
59 92 9
59 96 8
59 99 9
59 100 10
59 102 4
59 103 3
59 104 2
59 105 1
59 106 5
59 107 6
59 111 3
59 112 9
59 113 4
59 117 9
59 124 6
59 125 2
59 129 9
59 131 9
59 132 10
59 133 5
59 134 9
59 135 3
59 138 5
59 139 2
59 142 3
59 147 7
59 148 9
59 149 9
59 150 4
59 151 8
59 152 10
59 153 4
59 154 6
59 155 3
59 158 1
59 159 6
59 163 8
59 164 5
59 166 2
59 167 6
59 168 9
59 169 8
59 170 8
59 174 5
59 180 8
59 181 2
59 183 5
59 186 10
59 187 10
59 189 9
59 191 8
59 192 1
59 193 6
59 194 10
59 195 5
59 196 5
59 197 8
59 198 2
59 205 4
59 206 10
59 209 2
59 213 4
59 221 5
59 222 1
59 223 9
59 226 10
59 230 10
59 232 1
59 234 7
59 237 8
59 241 7
59 243 7
59 244 9
59 245 1
59 248 9
60 63 7
60 66 8
60 67 6
60 75 3
60 82 7
60 88 9
60 89 7
60 91 8
60 95 8
60 96 8
60 97 6
60 99 5
60 101 9
60 104 8
60 105 3
60 108 1
60 109 3
60 110 1
60 112 1
60 113 4
60 116 1
60 118 10
60 119 4
60 120 3
60 121 4
60 123 4
60 124 8
60 126 2
60 127 8
60 128 2
60 130 9
60 131 1
60 132 2
60 133 9
60 135 5
60 137 7
60 138 9
60 139 1
60 140 4
60 141 4
60 144 5
60 146 9
60 149 10
60 151 3
60 152 7
60 153 10
60 154 4
60 156 3
60 158 2
60 162 10
60 164 1
60 166 3
60 167 2
60 170 8
60 171 3
60 172 5
60 173 8
60 177 5
60 179 8
60 181 2
60 184 9
60 187 4
60 189 8
60 190 5
60 191 6
60 192 10
60 193 4
60 194 9
60 196 2
60 197 2
60 198 9
60 203 2
60 204 8
60 205 7
60 208 7
60 209 1
60 212 10
60 213 2
60 217 7
60 218 4
60 220 5
60 224 10
60 225 5
60 226 10
60 228 1
60 229 7
60 230 5
60 232 5
60 233 3
60 237 1
60 238 3
60 241 2
60 243 7
60 244 4
60 245 6
60 247 1
60 248 2
61 62 4
61 63 10
61 64 8
61 66 4
61 67 2
61 69 4
61 72 3
61 74 9
61 78 7
61 79 5
61 80 3
61 81 7
61 82 10
61 86 4
61 87 2
61 90 5
61 94 5
61 97 8
61 98 4
61 99 10
61 100 9
61 101 3
61 104 3
61 107 5
61 111 3
61 117 8
61 119 9
61 121 5
61 122 5
61 123 10
61 124 10
61 126 8
61 128 9
61 129 9
61 130 6
61 133 6
61 135 4
61 136 8
61 139 2
61 147 9
61 148 10
61 149 2
61 150 2
61 153 8
61 154 1
61 155 8
61 156 1
61 158 10
61 162 1
61 163 8
61 166 9
61 167 8
61 168 3
61 172 1
61 174 9
61 176 3
61 178 2
61 181 6
61 185 8
61 188 2
61 190 7
61 191 8
61 192 8
61 193 9
61 196 8
61 198 8
61 202 2
61 203 4
61 206 3
61 209 10
61 211 8
61 212 9
61 213 6
61 216 9
61 217 4
61 218 8
61 219 9
61 220 10
61 222 3
61 224 9
61 226 2
61 230 1
61 233 4
61 234 5
61 236 4
61 237 6
61 238 1
61 241 7
61 244 5
61 246 2
61 247 3
62 63 4
62 66 4
62 69 8
62 70 2
62 71 5
62 73 10
62 74 6
62 75 10
62 76 8
62 77 5
62 78 10
62 79 5
62 80 1
62 83 2
62 84 4
62 85 5
62 86 6
62 88 10
62 90 2
62 92 1
62 94 2
62 96 5
62 99 3
62 100 9
62 104 1
62 108 1
62 110 6
62 111 5
62 112 1
62 113 7
62 114 9
62 115 1
62 117 10
62 118 7
62 120 3
62 122 8
62 124 4
62 125 6
62 126 1
62 127 6
62 130 8
62 131 8
62 132 5
62 133 8
62 135 5
62 136 5
62 143 4
62 145 5
62 147 10
62 149 5
62 150 5
62 152 1
62 153 2
62 155 10
62 157 1
62 158 9
62 160 5
62 161 2
62 162 2
62 167 2
62 171 10
62 173 9
62 175 3
62 176 10
62 178 6
62 179 8
62 180 5
62 183 8
62 185 10
62 186 7
62 190 2
62 192 10
62 193 2
62 194 7
62 195 1
62 196 9
62 200 7
62 201 8
62 202 7
62 203 10
62 204 1
62 207 2
62 208 1
62 209 5
62 210 10
62 213 6
62 215 9
62 219 9
62 225 6
62 227 6
62 229 2
62 231 6
62 232 10
62 234 9
62 235 6
62 236 5
62 237 1
62 238 5
62 239 6
62 240 7
62 242 4
62 247 4
62 248 9
62 249 3
63 64 2
63 65 9
63 66 4
63 67 1
63 68 8
63 70 9
63 71 4
63 72 4
63 76 8
63 77 9
63 78 2
63 79 3
63 81 4
63 83 3
63 85 9
63 88 3
63 89 5
63 90 3
63 92 3
63 94 4
63 96 6
63 97 6
63 98 2
63 100 7
63 101 2
63 103 6
63 105 2
63 106 6
63 108 9
63 109 7
63 110 1
63 112 4
63 116 6
63 119 5
63 121 4
63 123 2
63 124 2
63 126 3
63 127 8
63 128 7
63 129 5
63 130 10
63 132 3
63 134 3
63 136 3
63 138 2
63 140 8
63 141 3
63 143 6
63 144 4
63 145 3
63 146 4
63 149 1
63 150 7
63 151 1
63 157 2
63 161 1
63 170 1
63 172 2
63 173 1
63 175 1
63 178 1
63 181 4
63 185 9
63 187 3
63 188 5
63 189 9
63 191 8
63 193 5
63 194 9
63 195 1
63 196 2
63 197 2
63 199 2
63 200 3
63 202 7
63 204 10
63 205 7
63 206 7
63 208 5
63 209 1
63 211 9
63 214 2
63 216 6
63 218 5
63 219 10
63 220 5
63 221 3
63 222 2
63 223 5
63 225 5
63 227 8
63 228 5
63 233 10
63 234 8
63 235 6
63 237 2
63 240 7
63 242 4
63 244 6
63 245 8
64 65 1
64 66 2
64 67 6
64 69 4
64 74 5
64 75 5
64 77 9
64 80 7
64 83 9
64 88 8
64 90 7
64 92 6
64 94 8
64 96 6
64 97 8
64 98 1
64 99 5
64 100 5
64 101 4
64 103 3
64 104 3
64 105 2
64 106 5
64 107 4
64 112 9
64 113 9
64 119 3
64 120 5
64 121 8
64 122 6
64 123 6
64 124 6
64 125 1
64 127 9
64 128 7
64 129 9
64 131 1
64 133 7
64 134 10
64 135 6
64 137 4
64 138 6
64 142 7
64 145 4
64 146 7
64 148 6
64 150 7
64 155 4
64 160 9
64 161 1
64 162 10
64 165 7
64 166 5
64 175 10
64 178 4
64 183 7
64 184 8
64 185 8
64 188 1
64 193 6
64 194 2
64 196 7
64 197 1
64 199 6
64 200 9
64 202 5
64 203 8
64 205 1
64 207 9
64 208 7
64 209 5
64 212 5
64 215 8
64 220 2
64 222 10
64 224 4
64 226 1
64 227 4
64 228 7
64 231 7
64 233 1
64 235 6
64 238 3
64 239 9
64 241 2
64 244 2
64 246 7
64 247 4
64 248 6
65 66 9
65 69 2
65 73 6
65 74 8
65 79 9
65 80 7
65 81 8
65 84 9
65 85 9
65 87 7
65 88 8
65 90 5
65 91 6
65 92 7
65 100 6
65 101 8
65 104 5
65 107 4
65 108 8
65 109 4
65 111 8
65 114 6
65 115 4
65 119 4
65 121 10
65 124 9
65 126 4
65 128 3
65 129 2
65 130 10
65 131 5
65 132 1
65 136 3
65 140 2
65 144 1
65 145 9
65 146 7
65 149 2
65 151 4
65 153 3
65 154 10
65 156 1
65 158 2
65 159 4
65 161 3
65 162 6
65 163 4
65 164 8
65 165 3
65 166 3
65 167 6
65 169 6
65 170 3
65 171 8
65 172 5
65 174 5
65 180 8
65 181 8
65 182 5
65 183 10
65 185 1
65 186 7
65 188 5
65 189 8
65 198 4
65 200 1
65 203 2
65 205 2
65 207 8
65 208 9
65 209 1
65 212 8
65 213 8
65 214 4
65 215 4
65 217 7
65 221 5
65 222 5
65 227 1
65 228 9
65 230 10
65 235 7
65 237 7
65 240 6
65 242 6
65 243 9
65 245 7
65 247 5
65 248 10
66 68 7
66 69 6
66 71 7
66 72 6
66 74 3
66 76 10
66 77 4
66 78 6
66 79 1
66 80 5
66 82 4
66 84 2
66 85 6
66 90 2
66 91 10
66 97 8
66 98 8
66 99 9
66 100 8
66 104 5
66 105 10
66 108 6
66 109 9
66 111 4
66 112 7
66 116 5
66 118 2
66 119 5
66 120 6
66 121 8
66 126 8
66 127 8
66 128 9
66 129 1
66 130 7
66 132 1
66 134 6
66 135 7
66 136 8
66 137 8
66 138 6
66 142 5
66 143 1
66 144 10
66 145 4
66 148 5
66 152 6
66 153 10
66 154 2
66 155 7
66 156 8
66 159 3
66 160 3
66 161 7
66 163 1
66 165 6
66 166 8
66 175 1
66 177 8
66 181 8
66 182 9
66 183 6
66 184 2
66 186 6
66 193 1
66 194 5
66 197 8
66 199 10
66 202 6
66 203 8
66 206 6
66 208 6
66 210 10
66 211 3
66 213 4
66 216 3
66 217 6
66 219 7
66 220 10
66 221 9
66 223 9
66 228 10
66 231 2
66 232 3
66 236 4
66 237 2
66 238 2
66 239 4
66 243 9
66 247 3
66 249 3
67 69 5
67 74 5
67 79 10
67 81 9
67 82 9
67 83 3
67 85 3
67 86 3
67 87 10
67 88 3
67 90 10
67 93 8
67 97 10
67 100 9
67 101 5
67 102 6
67 103 6
67 104 1
67 106 7
67 107 3
67 108 3
67 109 4
67 110 4
67 111 9
67 113 5
67 122 7
67 123 8
67 127 8
67 128 1
67 129 1
67 131 10
67 132 2
67 137 1
67 138 7
67 140 9
67 141 4
67 144 4
67 145 6
67 150 8
67 154 6
67 155 10
67 158 3
67 159 6
67 162 1
67 164 3
67 166 10
67 167 1
67 170 1
67 171 7
67 173 8
67 176 6
67 177 7
67 178 2
67 179 5
67 181 8
67 183 6
67 186 1
67 187 7
67 188 4
67 189 9
67 191 3
67 193 8
67 194 5
67 198 6
67 199 2
67 201 10
67 204 5
67 210 9
67 214 4
67 215 7
67 216 10
67 218 2
67 221 3
67 224 9
67 226 3
67 228 5
67 229 5
67 230 4
67 231 2
67 232 2
67 234 5
67 235 5
67 236 7
67 237 4
67 238 6
67 239 5
67 242 5
67 244 5
67 245 4
67 246 9
67 247 3
67 248 9
68 69 4
68 72 8
68 73 4
68 76 4
68 77 10
68 78 4
68 83 1
68 88 10
68 89 7
68 90 10
68 91 6
68 92 9
68 93 6
68 95 9
68 98 4
68 100 4
68 102 9
68 104 7
68 107 7
68 110 10
68 111 5
68 112 6
68 113 10
68 116 7
68 117 7
68 121 4
68 122 4
68 123 2
68 124 1
68 126 6
68 129 4
68 130 10
68 132 10
68 135 8
68 137 5
68 138 3
68 142 9
68 143 3
68 144 5
68 146 3
68 148 8
68 151 8
68 152 3
68 153 4
68 154 4
68 155 4
68 156 2
68 163 2
68 166 3
68 168 1
68 170 10
68 172 1
68 174 9
68 176 5
68 178 5
68 180 1
68 182 5
68 184 1
68 185 1
68 187 6
68 188 3
68 189 4
68 190 7
68 191 2
68 198 6
68 201 1
68 202 4
68 203 8
68 204 8
68 205 4
68 214 2
68 215 10
68 216 1
68 218 6
68 222 9
68 223 6
68 226 6
68 227 4
68 229 7
68 230 9
68 233 7
68 234 4
68 235 2
68 237 1
68 238 9
68 240 7
68 242 10
68 243 8
68 245 7
68 246 6
68 248 4
68 249 2
69 70 3
69 71 3
69 72 9
69 75 4
69 77 4
69 78 6
69 79 9
69 83 4
69 84 3
69 89 6
69 90 4
69 91 7
69 92 6
69 93 2
69 97 5
69 99 7
69 104 9
69 105 7
69 106 1
69 107 1
69 109 5
69 111 4
69 112 10
69 114 2
69 115 6
69 116 2
69 119 6
69 120 9
69 122 5
69 124 8
69 125 2
69 126 7
69 127 3
69 129 7
69 130 1
69 131 3
69 133 2
69 136 9
69 138 2
69 140 8
69 146 5
69 148 3
69 149 4
69 154 6
69 155 7
69 160 10
69 161 6
69 164 4
69 165 5
69 166 5
69 168 3
69 173 10
69 174 7
69 178 8
69 179 10
69 181 10
69 185 2
69 197 2
69 199 1
69 204 8
69 206 3
69 214 9
69 217 2
69 220 7
69 223 3
69 225 1
69 227 9
69 229 6
69 230 7
69 233 2
69 234 3
69 237 2
69 239 9
69 247 10
69 249 2
70 71 8
70 72 10
70 73 2
70 78 6
70 79 4
70 82 3
70 85 2
70 87 10
70 90 10
70 93 10
70 96 8
70 101 10
70 102 3
70 104 4
70 107 2
70 108 10
70 112 4
70 116 7
70 118 5
70 123 10
70 125 2
70 127 8
70 128 5
70 129 6
70 130 1
70 134 5
70 136 2
70 137 2
70 139 7
70 141 2
70 143 2
70 144 1
70 145 8
70 147 2
70 149 3
70 150 7
70 151 6
70 153 3
70 154 5
70 155 9
70 156 6
70 157 1
70 158 2
70 159 10
70 161 4
70 162 5
70 163 1
70 167 5
70 169 4
70 178 7
70 180 5
70 183 5
70 185 9
70 186 6
70 187 9
70 188 4
70 190 5
70 192 10
70 194 2
70 195 10
70 197 8
70 198 3
70 202 10
70 203 9
70 204 8
70 205 10
70 206 7
70 209 9
70 210 6
70 213 9
70 214 3
70 215 5
70 218 6
70 221 1
70 223 4
70 225 4
70 226 2
70 228 5
70 229 6
70 230 6
70 231 10
70 234 1
70 239 9
70 242 8
70 249 2
71 72 8
71 75 9
71 78 8
71 81 9
71 82 6
71 88 6
71 90 9
71 91 1
71 92 4
71 95 4
71 99 2
71 102 3
71 104 10
71 106 2
71 107 3
71 109 1
71 111 1
71 112 7
71 114 1
71 116 10
71 118 6
71 119 3
71 123 2
71 124 6
71 128 6
71 129 4
71 130 2
71 133 9
71 135 9
71 136 8
71 137 5
71 139 2
71 142 5
71 143 7
71 145 1
71 147 2
71 148 3
71 150 9
71 151 1
71 152 3
71 161 3
71 162 7
71 164 8
71 169 10
71 170 9
71 172 6
71 176 5
71 177 7
71 178 6
71 180 6
71 181 5
71 182 7
71 185 9
71 187 7
71 190 1
71 193 6
71 195 10
71 196 6
71 201 9
71 203 5
71 205 1
71 210 8
71 214 10
71 220 7
71 222 7
71 223 1
71 224 9
71 226 4
71 228 4
71 231 2
71 232 7
71 234 3
71 235 7
71 236 8
71 239 4
71 240 5
71 247 4
72 75 8
72 76 6
72 77 3
72 80 1
72 84 2
72 86 3
72 88 8
72 90 7
72 92 5
72 95 6
72 98 6
72 100 7
72 101 1
72 107 1
72 108 8
72 109 1
72 112 8
72 113 6
72 115 7
72 120 2
72 121 1
72 122 7
72 123 7
72 127 6
72 128 4
72 130 6
72 131 8
72 132 8
72 133 2
72 134 4
72 135 2
72 136 10
72 138 7
72 141 8
72 144 5
72 145 8
72 147 3
72 149 7
72 153 3
72 156 8
72 157 8
72 158 7
72 161 10
72 163 2
72 164 5
72 166 4
72 167 6
72 168 7
72 169 3
72 173 1
72 174 3
72 175 9
72 176 8
72 179 5
72 180 3
72 181 9
72 185 4
72 186 8
72 187 3
72 188 10
72 189 2
72 190 2
72 191 8
72 195 10
72 199 7
72 202 7
72 203 3
72 208 2
72 209 7
72 210 3
72 213 3
72 215 2
72 216 6
72 218 7
72 220 7
72 226 10
72 227 1
72 228 9
72 229 9
72 230 10
72 233 2
72 234 3
72 235 8
72 238 7
72 241 10
72 242 7
72 245 6
72 246 7
72 248 1
73 75 5
73 76 6
73 77 3
73 80 4
73 81 2
73 82 1
73 86 6
73 90 3
73 91 9
73 92 5
73 93 9
73 95 3
73 96 2
73 97 7
73 98 9
73 99 7
73 100 10
73 101 10
73 102 2
73 103 2
73 105 9
73 106 1
73 107 9
73 108 9
73 110 7
73 111 6
73 114 9
73 115 4
73 117 2
73 119 10
73 120 2
73 123 3
73 128 7
73 132 1
73 134 3
73 135 4
73 136 1
73 137 3
73 138 3
73 140 4
73 148 2
73 149 6
73 161 7
73 163 1
73 164 10
73 167 2
73 170 3
73 172 4
73 173 4
73 174 2
73 178 4
73 180 6
73 183 6
73 184 1
73 189 6
73 190 8
73 193 9
73 194 3
73 195 9
73 196 7
73 197 2
73 198 6
73 200 6
73 202 4
73 203 9
73 204 6
73 206 1
73 210 4
73 211 1
73 214 7
73 216 7
73 220 9
73 222 5
73 230 6
73 231 5
73 234 4
73 236 8
73 238 5
73 239 2
73 244 2
73 245 4
73 246 7
74 77 9
74 78 9
74 80 8
74 81 7
74 85 5
74 86 9
74 91 4
74 92 1
74 93 10
74 94 10
74 97 9
74 99 9
74 100 4
74 101 1
74 102 3
74 103 7
74 105 10
74 107 10
74 108 5
74 109 8
74 110 5
74 111 9
74 112 6
74 115 7
74 116 2
74 118 1
74 121 10
74 122 1
74 123 10
74 124 5
74 125 5
74 126 4
74 128 2
74 134 5
74 137 5
74 139 6
74 140 9
74 143 3
74 147 1
74 149 9
74 150 3
74 151 10
74 155 2
74 156 8
74 157 3
74 160 8
74 161 4
74 162 1
74 166 5
74 170 9
74 174 9
74 177 9
74 179 4
74 180 10
74 181 4
74 183 4
74 184 2
74 185 6
74 186 9
74 187 2
74 188 9
74 189 10
74 191 3
74 192 7
74 196 7
74 199 7
74 200 4
74 201 6
74 202 5
74 203 7
74 204 9
74 206 1
74 209 1
74 211 4
74 212 8
74 213 8
74 214 1
74 217 4
74 218 9
74 223 8
74 225 2
74 226 3
74 227 7
74 230 8
74 231 4
74 234 8
74 236 2
74 237 10
74 238 1
74 241 6
74 242 2
74 243 5
74 244 4
74 245 8
74 246 1
74 248 9
74 249 3
75 76 9
75 81 8
75 82 1
75 86 7
75 87 2
75 89 3
75 90 7
75 96 4
75 97 10
75 98 10
75 102 7
75 103 2
75 104 5
75 105 8
75 106 3
75 107 7
75 108 3
75 109 6
75 110 5
75 112 9
75 114 3
75 115 1
75 117 7
75 119 7
75 121 9
75 124 8
75 125 7
75 126 7
75 127 8
75 128 6
75 129 5
75 130 4
75 131 8
75 134 3
75 135 8
75 138 4
75 139 3
75 140 9
75 141 8
75 143 9
75 148 3
75 149 4
75 151 5
75 152 7
75 153 2
75 154 8
75 158 2
75 161 4
75 162 1
75 163 7
75 168 4
75 173 9
75 174 7
75 175 7
75 177 6
75 179 1
75 183 3
75 187 1
75 192 5
75 196 2
75 198 3
75 199 3
75 200 6
75 201 2
75 202 9
75 203 1
75 204 1
75 205 3
75 206 9
75 207 6
75 208 3
75 209 9
75 210 6
75 218 6
75 219 7
75 222 2
75 223 8
75 226 9
75 227 10
75 231 8
75 232 10
75 233 3
75 234 2
75 236 7
75 239 9
75 244 5
76 78 10
76 79 10
76 80 6
76 94 6
76 95 2
76 97 8
76 99 1
76 103 2
76 105 9
76 106 10
76 107 3
76 109 10
76 110 10
76 111 8
76 112 4
76 113 7
76 116 5
76 117 6
76 119 4
76 121 10
76 122 1
76 128 7
76 130 9
76 132 9
76 137 6
76 138 6
76 139 3
76 141 10
76 144 8
76 145 10
76 146 9
76 149 10
76 150 4
76 154 8
76 155 6
76 156 5
76 162 9
76 167 3
76 169 3
76 170 1
76 171 1
76 173 4
76 174 1
76 175 3
76 176 10
76 177 10
76 179 1
76 180 9
76 182 7
76 185 2
76 187 4
76 191 8
76 197 2
76 198 2
76 199 6
76 202 6
76 204 2
76 206 9
76 207 6
76 208 3
76 213 2
76 220 9
76 221 5
76 224 6
76 226 6
76 227 3
76 229 8
76 230 2
76 232 2
76 233 10
76 235 3
76 236 1
76 237 9
76 238 8
76 239 3
76 240 10
76 241 6
76 242 1
76 243 9
76 244 1
76 246 10
76 247 9
76 249 1
77 81 8
77 82 1
77 90 10
77 92 2
77 93 9
77 94 5
77 107 10
77 109 2
77 111 5
77 113 5
77 114 5
77 116 3
77 117 8
77 118 9
77 119 10
77 121 9
77 125 10
77 127 8
77 128 7
77 130 7
77 132 3
77 133 4
77 134 5
77 136 5
77 141 4
77 142 8
77 143 2
77 145 3
77 147 1
77 148 6
77 149 3
77 150 7
77 151 7
77 154 10
77 155 2
77 158 6
77 159 4
77 160 1
77 161 8
77 166 2
77 167 5
77 168 10
77 170 5
77 171 6
77 173 1
77 174 10
77 175 9
77 177 2
77 181 3
77 182 3
77 183 10
77 186 4
77 187 8
77 189 9
77 194 3
77 195 8
77 197 1
77 198 8
77 199 3
77 201 10
77 202 9
77 205 4
77 206 1
77 207 6
77 208 2
77 211 1
77 214 1
77 215 1
77 218 10
77 219 2
77 220 5
77 222 9
77 223 6
77 229 5
77 230 2
77 233 7
77 234 4
77 236 6
77 239 10
77 241 8
77 244 10
77 246 2
77 248 7
78 79 10
78 80 3
78 81 7
78 83 6
78 86 1
78 88 1
78 90 6
78 91 2
78 92 2
78 94 4
78 96 1
78 100 3
78 101 10
78 103 8
78 104 10
78 109 2
78 112 9
78 114 8
78 115 10
78 116 7
78 118 3
78 119 6
78 120 8
78 122 5
78 124 1
78 126 7
78 134 6
78 135 1
78 138 6
78 139 8
78 142 7
78 143 8
78 146 10
78 147 10
78 148 9
78 149 10
78 152 10
78 155 9
78 156 4
78 157 7
78 158 7
78 160 3
78 163 2
78 166 9
78 168 10
78 171 9
78 178 3
78 179 3
78 180 8
78 183 3
78 184 2
78 185 1
78 188 4
78 189 10
78 191 2
78 193 7
78 194 2
78 196 10
78 199 1
78 204 3
78 206 1
78 207 5
78 214 5
78 217 7
78 220 1
78 222 5
78 224 6
78 225 5
78 226 4
78 227 8
78 228 6
78 229 8
78 230 1
78 231 9
78 235 10
78 236 9
78 237 2
78 242 7
78 243 7
78 245 6
78 249 1
79 80 6
79 87 2
79 90 5
79 91 7
79 93 10
79 94 5
79 96 1
79 98 2
79 99 10
79 100 9
79 107 7
79 108 5
79 109 2
79 110 10
79 111 5
79 112 10
79 114 9
79 116 6
79 121 10
79 123 10
79 124 3
79 125 3
79 129 1
79 130 5
79 135 3
79 136 2
79 138 1
79 140 8
79 141 2
79 142 7
79 147 9
79 148 7
79 149 6
79 151 4
79 154 10
79 155 9
79 156 2
79 159 10
79 160 5
79 161 8
79 164 5
79 165 9
79 168 3
79 173 6
79 175 2
79 178 1
79 180 6
79 181 2
79 185 1
79 193 6
79 198 6
79 199 4
79 201 8
79 202 3
79 206 10
79 208 6
79 210 1
79 213 2
79 218 9
79 219 1
79 222 2
79 225 6
79 226 6
79 227 5
79 228 1
79 229 5
79 230 2
79 232 2
79 233 8
79 236 4
79 237 5
79 240 2
79 244 6
79 248 2
79 249 7
80 81 9
80 83 2
80 85 6
80 89 3
80 91 10
80 92 3
80 94 10
80 95 10
80 96 10
80 98 6
80 100 10
80 102 9
80 104 7
80 107 2
80 109 9
80 110 3
80 113 7
80 115 10
80 116 5
80 117 9
80 119 3
80 120 2
80 121 8
80 123 5
80 126 3
80 127 7
80 131 6
80 134 6
80 135 6
80 136 8
80 137 1
80 141 2
80 142 2
80 143 10
80 144 2
80 148 7
80 154 6
80 156 3
80 157 3
80 158 8
80 161 9
80 164 2
80 166 4
80 167 10
80 168 4
80 169 2
80 170 7
80 171 3
80 173 10
80 176 1
80 180 6
80 181 6
80 183 6
80 185 2
80 189 6
80 190 1
80 191 5
80 194 3
80 199 8
80 200 1
80 203 4
80 206 3
80 207 3
80 208 2
80 209 6
80 212 1
80 213 9
80 214 3
80 215 6
80 219 4
80 222 1
80 224 4
80 226 8
80 227 4
80 229 7
80 230 3
80 231 4
80 240 9
80 241 3
80 246 7
80 247 9
80 248 7
80 249 4
81 82 6
81 83 10
81 84 8
81 85 8
81 86 6
81 88 4
81 89 10
81 90 4
81 91 8
81 92 1
81 96 1
81 98 2
81 99 5
81 105 4
81 106 5
81 107 8
81 110 6
81 112 4
81 113 10
81 114 8
81 117 1
81 119 1
81 120 8
81 122 3
81 123 4
81 127 1
81 128 9
81 129 6
81 130 8
81 131 7
81 132 9
81 133 1
81 137 4
81 138 8
81 139 6
81 142 7
81 143 4
81 144 1
81 146 1
81 151 3
81 154 10
81 155 10
81 157 10
81 161 5
81 166 2
81 167 6
81 168 5
81 170 7
81 171 8
81 172 3
81 177 8
81 180 7
81 181 1
81 184 1
81 188 6
81 194 4
81 198 2
81 200 3
81 201 9
81 203 6
81 204 6
81 205 7
81 206 8
81 211 1
81 212 9
81 215 10
81 218 10
81 219 6
81 221 1
81 222 3
81 223 9
81 229 8
81 232 7
81 233 8
81 234 4
81 235 8
81 236 8
81 238 9
81 239 3
81 240 8
81 243 5
81 244 6
81 245 3
81 246 1
81 248 4
81 249 4
82 84 8
82 85 1
82 86 3
82 89 9
82 91 2
82 93 10
82 95 8
82 96 9
82 98 8
82 100 10
82 101 9
82 106 1
82 107 1
82 109 8
82 110 6
82 111 6
82 112 3
82 114 3
82 118 8
82 123 2
82 126 9
82 129 9
82 130 10
82 131 8
82 133 6
82 138 8
82 139 1
82 141 4
82 142 9
82 143 10
82 144 10
82 146 8
82 147 6
82 148 8
82 149 2
82 150 5
82 153 2
82 154 3
82 156 9
82 159 9
82 160 7
82 168 7
82 171 8
82 172 8
82 174 4
82 176 2
82 179 8
82 181 10
82 183 8
82 184 8
82 186 7
82 187 10
82 191 2
82 193 6
82 199 9
82 201 4
82 202 3
82 203 3
82 205 3
82 207 7
82 208 5
82 214 3
82 216 4
82 217 8
82 218 6
82 219 1
82 220 4
82 221 1
82 222 9
82 225 3
82 226 6
82 228 10
82 230 2
82 231 8
82 232 5
82 234 9
82 235 8
82 236 9
82 237 8
82 240 7
82 241 6
82 243 9
82 245 1
82 247 1
82 249 1
83 85 9
83 86 3
83 87 8
83 88 9
83 89 8
83 90 8
83 93 8
83 95 6
83 97 5
83 98 4
83 100 7
83 102 10
83 103 3
83 104 1
83 105 10
83 107 4
83 111 9
83 112 3
83 115 6
83 118 10
83 120 7
83 124 7
83 125 8
83 126 5
83 129 4
83 130 7
83 131 4
83 133 5
83 135 7
83 139 8
83 142 1
83 145 6
83 147 7
83 148 9
83 149 4
83 150 5
83 152 4
83 154 5
83 155 5
83 159 9
83 160 2
83 161 4
83 162 10
83 164 1
83 165 8
83 166 2
83 167 4
83 168 3
83 170 3
83 171 6
83 172 4
83 173 9
83 174 7
83 175 1
83 177 3
83 180 1
83 181 3
83 187 1
83 193 4
83 194 5
83 195 2
83 197 1
83 200 8
83 201 7
83 202 3
83 203 4
83 204 2
83 209 4
83 210 7
83 211 3
83 213 1
83 214 3
83 215 6
83 218 5
83 219 1
83 223 2
83 224 6
83 226 5
83 227 2
83 231 8
83 232 10
83 233 4
83 237 3
83 242 5
83 243 8
83 244 5
83 245 1
83 247 1
84 87 7
84 88 3
84 89 1
84 90 9
84 91 9
84 92 6
84 99 10
84 100 6
84 101 3
84 104 9
84 107 6
84 109 8
84 111 7
84 112 1
84 114 9
84 115 6
84 118 9
84 119 8
84 121 2
84 126 8
84 130 2
84 131 5
84 132 9
84 134 1
84 136 1
84 138 9
84 141 10
84 144 5
84 148 3
84 149 10
84 150 8
84 152 1
84 154 7
84 155 4
84 156 2
84 158 7
84 160 3
84 163 6
84 167 6
84 168 6
84 170 5
84 173 10
84 178 1
84 179 7
84 180 3
84 182 10
84 183 9
84 184 3
84 185 8
84 186 4
84 189 3
84 195 1
84 197 8
84 200 3
84 201 8
84 202 8
84 204 3
84 205 9
84 206 2
84 207 1
84 210 4
84 211 5
84 212 8
84 215 9
84 220 7
84 223 6
84 224 5
84 226 9
84 227 7
84 229 4
84 232 4
84 236 8
84 239 9
84 242 10
84 243 9
84 244 4
84 247 10
84 249 10
85 88 7
85 89 7
85 90 6
85 95 10
85 96 3
85 97 6
85 100 8
85 101 6
85 102 5
85 104 5
85 105 6
85 108 8
85 110 10
85 112 9
85 113 8
85 114 4
85 115 7
85 116 3
85 120 10
85 124 6
85 125 2
85 129 9
85 131 3
85 134 3
85 135 4
85 137 7
85 138 7
85 140 8
85 142 7
85 148 10
85 150 3
85 158 3
85 160 8
85 161 10
85 165 6
85 168 5
85 171 2
85 173 6
85 176 10
85 178 9
85 179 9
85 180 7
85 181 3
85 182 4
85 187 9
85 188 9
85 190 9
85 191 8
85 192 7
85 193 8
85 196 10
85 198 9
85 199 2
85 200 2
85 203 9
85 204 2
85 209 5
85 210 10
85 212 3
85 215 9
85 216 9
85 217 9
85 219 7
85 222 8
85 223 10
85 225 4
85 226 2
85 227 1
85 228 3
85 229 7
85 230 6
85 231 6
85 232 9
85 233 6
85 236 9
85 238 1
85 239 1
85 243 4
85 245 7
85 248 9
86 88 2
86 89 9
86 90 3
86 91 10
86 92 9
86 95 4
86 98 3
86 103 6
86 105 6
86 112 4
86 113 8
86 114 6
86 116 6
86 117 8
86 122 8
86 123 9
86 124 3
86 125 4
86 126 3
86 129 5
86 130 9
86 133 4
86 135 1
86 137 9
86 138 6
86 140 4
86 141 5
86 143 7
86 144 2
86 149 7
86 151 9
86 152 4
86 154 5
86 156 8
86 157 4
86 158 7
86 160 3
86 161 7
86 167 6
86 168 9
86 171 10
86 173 7
86 174 3
86 178 2
86 179 9
86 180 2
86 181 7
86 182 9
86 183 9
86 184 4
86 192 1
86 193 9
86 195 10
86 196 9
86 197 1
86 198 8
86 199 1
86 203 1
86 204 4
86 205 9
86 208 8
86 212 1
86 215 7
86 216 6
86 217 7
86 220 3
86 225 4
86 226 5
86 227 1
86 228 2
86 230 5
86 238 4
86 239 2
86 240 7
86 241 4
86 244 2
86 246 8
86 247 8
86 248 7
86 249 7
87 90 4
87 93 8
87 94 2
87 97 10
87 98 10
87 99 8
87 100 8
87 101 8
87 102 8
87 104 10
87 108 3
87 110 4
87 111 4
87 112 9
87 114 10
87 119 4
87 125 1
87 130 7
87 131 6
87 132 4
87 133 5
87 134 9
87 135 4
87 136 8
87 137 3
87 139 3
87 141 10
87 142 5
87 144 9
87 146 4
87 148 1
87 149 6
87 150 3
87 151 5
87 153 9
87 154 2
87 155 6
87 160 2
87 163 9
87 170 2
87 173 6
87 175 7
87 177 4
87 179 3
87 180 5
87 182 5
87 184 3
87 185 4
87 189 2
87 192 5
87 193 7
87 194 4
87 199 4
87 200 8
87 203 7
87 204 8
87 205 8
87 206 5
87 208 1
87 210 7
87 211 2
87 212 7
87 213 1
87 214 1
87 217 2
87 218 10
87 220 8
87 222 8
87 223 4
87 226 4
87 228 9
87 229 3
87 230 2
87 231 1
87 233 9
87 234 10
87 238 2
87 239 6
87 240 9
87 243 5
87 245 5
88 90 6
88 91 1
88 92 6
88 93 1
88 95 6
88 97 2
88 101 2
88 103 3
88 105 4
88 109 4
88 110 10
88 111 7
88 116 10
88 117 1
88 121 7
88 124 10
88 126 6
88 127 9
88 132 8
88 134 3
88 135 6
88 139 9
88 141 4
88 143 8
88 144 6
88 145 5
88 146 10
88 147 9
88 150 8
88 156 4
88 159 1
88 162 8
88 167 6
88 170 1
88 171 2
88 175 10
88 176 9
88 177 10
88 181 8
88 183 3
88 184 7
88 186 5
88 187 7
88 188 1
88 191 2
88 193 10
88 197 1
88 199 9
88 201 6
88 202 6
88 204 10
88 209 10
88 210 7
88 211 7
88 212 2
88 215 6
88 217 2
88 220 8
88 222 9
88 225 5
88 227 4
88 230 4
88 231 2
88 232 2
88 234 7
88 236 9
88 237 7
88 238 8
88 239 8
88 241 1
88 242 4
88 244 9
88 248 2
88 249 3
89 90 8
89 94 5
89 95 4
89 96 1
89 99 4
89 100 2
89 101 7
89 103 9
89 104 5
89 109 8
89 110 8
89 111 2
89 112 4
89 116 2
89 117 7
89 118 4
89 121 2
89 122 8
89 126 10
89 128 1
89 130 3
89 133 9
89 134 1
89 143 7
89 144 5
89 146 2
89 147 3
89 149 7
89 150 8
89 151 2
89 152 7
89 154 5
89 156 10
89 159 2
89 161 6
89 167 7
89 171 10
89 172 2
89 173 2
89 174 9
89 175 4
89 178 9
89 179 5
89 180 4
89 181 3
89 182 9
89 183 8
89 184 2
89 188 2
89 195 1
89 197 5
89 199 3
89 202 1
89 204 1
89 205 2
89 207 6
89 209 1
89 211 3
89 212 5
89 214 10
89 215 6
89 216 3
89 220 4
89 221 9
89 223 9
89 225 6
89 226 8
89 227 4
89 229 8
89 233 4
89 234 8
89 236 9
89 239 5
89 240 1
89 242 8
89 247 10
90 96 2
90 98 1
90 107 9
90 108 6
90 109 5
90 112 5
90 114 6
90 117 2
90 118 5
90 120 9
90 124 4
90 125 6
90 128 6
90 129 3
90 133 2
90 135 4
90 136 10
90 138 1
90 140 2
90 142 7
90 145 9
90 147 1
90 150 9
90 151 9
90 152 10
90 153 9
90 155 6
90 157 3
90 161 1
90 163 9
90 167 8
90 168 5
90 169 2
90 171 2
90 172 8
90 173 5
90 176 2
90 177 4
90 178 1
90 182 10
90 183 2
90 187 1
90 188 3
90 189 3
90 190 4
90 192 9
90 193 2
90 194 9
90 196 2
90 199 5
90 200 9
90 202 6
90 206 1
90 208 10
90 209 4
90 212 8
90 213 5
90 218 2
90 219 6
90 220 8
90 221 9
90 223 3
90 224 4
90 227 2
90 228 2
90 231 7
90 232 6
90 234 9
90 238 5
90 239 10
90 242 9
90 243 1
90 244 2
90 245 3
90 246 6
90 248 3
91 92 1
91 94 1
91 97 5
91 100 5
91 102 6
91 103 10
91 106 2
91 108 1
91 111 9
91 112 7
91 114 9
91 115 2
91 119 1
91 120 5
91 124 3
91 129 10
91 131 6
91 132 4
91 135 9
91 136 6
91 140 3
91 143 1
91 145 5
91 146 10
91 147 6
91 148 3
91 150 8
91 151 9
91 153 2
91 155 9
91 156 10
91 158 2
91 160 10
91 162 8
91 163 8
91 169 7
91 170 3
91 171 7
91 172 3
91 174 5
91 177 5
91 178 8
91 179 6
91 180 8
91 181 5
91 183 8
91 185 3
91 186 5
91 189 5
91 190 3
91 191 1
91 192 2
91 193 10
91 196 7
91 199 8
91 200 3
91 202 4
91 203 2
91 204 8
91 207 10
91 209 3
91 210 10
91 213 9
91 215 7
91 219 4
91 221 9
91 225 10
91 226 4
91 230 2
91 231 9
91 232 10
91 235 3
91 237 4
91 239 4
91 241 6
91 242 4
91 244 6
91 245 6
91 246 9
91 247 7
91 248 1
91 249 3
92 94 8
92 95 3
92 96 7
92 97 5
92 98 10
92 99 2
92 102 10
92 103 5
92 104 8
92 108 6
92 110 7
92 111 8
92 112 10
92 115 1
92 116 3
92 118 10
92 119 4
92 120 10
92 122 9
92 123 2
92 124 2
92 125 3
92 128 6
92 132 10
92 133 4
92 134 3
92 136 4
92 138 9
92 140 4
92 141 5
92 142 1
92 144 4
92 145 10
92 146 6
92 147 3
92 148 2
92 149 8
92 150 2
92 154 10
92 157 6
92 159 10
92 160 9
92 161 10
92 162 10
92 164 7
92 166 10
92 167 8
92 168 5
92 171 9
92 172 8
92 173 8
92 174 3
92 179 10
92 181 2
92 186 5
92 189 7
92 192 2
92 195 4
92 198 9
92 201 1
92 202 9
92 203 2
92 206 4
92 212 8
92 217 8
92 219 1
92 224 7
92 225 1
92 226 10
92 234 5
92 238 4
92 239 5
92 240 10
92 241 5
92 243 8
92 249 6
93 94 8
93 97 6
93 99 10
93 102 10
93 106 9
93 107 8
93 108 10
93 110 5
93 112 9
93 116 3
93 124 10
93 126 2
93 127 4
93 131 1
93 133 3
93 135 1
93 139 7
93 143 6
93 145 3
93 147 9
93 148 9
93 150 6
93 155 10
93 157 9
93 158 10
93 160 7
93 161 9
93 167 5
93 168 8
93 170 6
93 172 5
93 173 2
93 174 4
93 177 1
93 178 6
93 179 3
93 181 9
93 186 1
93 187 1
93 195 1
93 196 5
93 198 10
93 199 8
93 203 6
93 204 8
93 205 4
93 206 6
93 208 5
93 209 10
93 210 4
93 212 6
93 213 5
93 215 3
93 216 9
93 217 4
93 220 6
93 222 9
93 223 1
93 225 10
93 227 4
93 228 9
93 229 5
93 231 5
93 232 1
93 233 4
93 235 8
93 238 3
93 242 4
93 243 5
93 246 3
93 249 10
94 96 1
94 97 5
94 98 9
94 99 1
94 102 4
94 105 5
94 113 1
94 114 1
94 115 3
94 121 4
94 122 9
94 125 10
94 127 2
94 128 8
94 129 2
94 131 10
94 137 5
94 138 6
94 139 5
94 141 6
94 152 6
94 153 9
94 154 5
94 157 1
94 158 1
94 160 9
94 163 5
94 164 9
94 165 7
94 167 4
94 169 6
94 173 7
94 175 4
94 179 2
94 180 1
94 181 10
94 182 7
94 183 10
94 184 3
94 185 3
94 187 9
94 192 7
94 193 7
94 194 5
94 196 2
94 197 2
94 201 6
94 203 1
94 204 1
94 208 3
94 209 8
94 211 5
94 213 2
94 216 7
94 219 9
94 224 4
94 225 5
94 226 10
94 227 4
94 228 10
94 229 6
94 230 1
94 231 6
94 234 7
94 235 5
94 236 7
94 238 5
94 239 4
94 240 9
94 241 2
94 243 6
94 244 7
94 245 1
94 246 5
94 248 6
95 96 8
95 97 3
95 100 1
95 102 3
95 103 10
95 105 10
95 108 1
95 109 8
95 111 1
95 112 3
95 113 6
95 114 2
95 117 9
95 118 1
95 120 3
95 122 6
95 123 6
95 124 2
95 125 1
95 127 5
95 128 2
95 132 5
95 133 6
95 134 4
95 136 4
95 142 9
95 143 5
95 146 9
95 147 2
95 148 1
95 149 8
95 150 7
95 154 5
95 157 5
95 158 6
95 160 4
95 161 8
95 162 5
95 165 7
95 170 2
95 173 1
95 174 10
95 176 7
95 177 7
95 179 5
95 180 4
95 182 4
95 183 4
95 184 6
95 187 8
95 189 9
95 192 7
95 194 5
95 195 5
95 196 1
95 198 7
95 202 10
95 205 10
95 207 10
95 210 1
95 211 7
95 212 1
95 216 5
95 217 2
95 221 7
95 222 9
95 223 9
95 225 9
95 229 2
95 230 4
95 231 6
95 233 10
95 234 9
95 235 2
95 236 5
95 242 6
95 245 6
95 246 8
95 247 1
95 248 9
96 98 6
96 100 2
96 101 7
96 102 8
96 104 2
96 105 8
96 106 1
96 108 3
96 109 3
96 110 6
96 112 3
96 114 2
96 115 8
96 117 5
96 118 9
96 119 6
96 120 9
96 121 7
96 123 4
96 124 4
96 126 2
96 127 3
96 128 2
96 129 5
96 134 4
96 135 4
96 137 5
96 140 1
96 144 5
96 145 8
96 154 5
96 157 1
96 163 9
96 164 7
96 165 1
96 166 5
96 172 5
96 173 6
96 174 3
96 177 10
96 178 8
96 180 3
96 183 8
96 184 5
96 188 2
96 190 5
96 191 7
96 193 1
96 194 7
96 195 10
96 196 8
96 197 9
96 198 9
96 199 3
96 202 6
96 206 6
96 207 5
96 208 1
96 209 9
96 210 2
96 216 7
96 224 7
96 226 10
96 229 8
96 230 9
96 231 8
96 232 9
96 233 6
96 236 10
96 237 9
96 239 10
96 241 2
96 242 2
96 243 10
96 244 3
96 248 3
97 103 6
97 104 10
97 107 7
97 108 3
97 109 7
97 110 1
97 111 4
97 112 10
97 113 10
97 114 2
97 117 10
97 118 8
97 121 4
97 123 9
97 126 8
97 127 4
97 128 6
97 130 5
97 132 6
97 133 9
97 134 10
97 136 3
97 141 1
97 144 1
97 145 3
97 146 3
97 147 6
97 150 8
97 152 4
97 154 1
97 155 8
97 156 8
97 159 1
97 161 9
97 162 10
97 163 4
97 165 1
97 166 7
97 167 6
97 168 2
97 172 1
97 173 7
97 175 4
97 180 8
97 181 1
97 183 3
97 184 3
97 185 1
97 189 10
97 192 5
97 194 4
97 196 3
97 201 6
97 202 3
97 204 10
97 207 4
97 208 8
97 209 7
97 210 1
97 213 1
97 214 2
97 215 8
97 217 2
97 218 5
97 219 4
97 220 1
97 222 7
97 223 10
97 225 10
97 226 5
97 228 8
97 231 3
97 232 6
97 235 7
97 237 1
97 238 6
97 241 10
97 242 9
97 244 10
97 245 9
98 102 5
98 106 1
98 108 7
98 112 6
98 113 6
98 115 3
98 117 1
98 119 5
98 121 9
98 122 5
98 123 7
98 126 1
98 128 6
98 129 1
98 132 8
98 134 6
98 135 2
98 137 9
98 138 10
98 142 2
98 143 8
98 144 5
98 146 5
98 148 8
98 149 8
98 150 3
98 154 9
98 156 7
98 158 5
98 160 1
98 167 5
98 169 1
98 174 4
98 175 8
98 176 6
98 177 5
98 178 1
98 179 5
98 180 3
98 183 5
98 189 7
98 190 8
98 191 8
98 194 9
98 196 7
98 197 4
98 199 7
98 202 1
98 208 8
98 209 6
98 210 8
98 211 5
98 212 2
98 213 3
98 214 9
98 215 1
98 218 5
98 223 9
98 224 6
98 227 8
98 230 9
98 232 3
98 235 7
98 237 4
98 238 6
98 244 10
98 246 2
98 249 6
99 100 6
99 102 8
99 105 3
99 108 8
99 109 5
99 114 4
99 115 7
99 117 4
99 118 7
99 124 10
99 131 3
99 134 8
99 135 4
99 141 2
99 142 10
99 143 2
99 144 4
99 145 9
99 146 10
99 147 7
99 150 4
99 151 8
99 153 2
99 157 4
99 159 2
99 160 9
99 163 5
99 164 9
99 165 9
99 167 4
99 170 4
99 172 10
99 173 4
99 174 4
99 177 6
99 179 2
99 180 4
99 181 7
99 183 9
99 186 2
99 187 8
99 188 5
99 189 8
99 194 8
99 195 9
99 196 6
99 197 9
99 199 1
99 203 5
99 204 7
99 205 10
99 206 4
99 207 4
99 208 1
99 209 4
99 211 8
99 212 2
99 215 2
99 218 5
99 220 3
99 221 7
99 222 2
99 223 6
99 224 7
99 225 9
99 226 10
99 230 2
99 231 2
99 232 10
99 233 10
99 235 2
99 237 7
99 241 6
99 243 5
99 244 4
99 245 5
99 246 9
99 247 9
99 249 9
100 101 1
100 102 2
100 103 4
100 105 10
100 106 3
100 109 3
100 110 8
100 111 2
100 113 3
100 118 4
100 120 8
100 121 7
100 124 7
100 126 5
100 130 2
100 131 9
100 132 7
100 136 6
100 140 7
100 142 3
100 143 7
100 144 2
100 145 5
100 147 2
100 148 9
100 152 4
100 153 10
100 154 9
100 155 2
100 156 1
100 158 10
100 161 3
100 162 9
100 163 4
100 164 7
100 166 1
100 167 1
100 168 6
100 169 6
100 171 5
100 172 3
100 177 4
100 180 2
100 181 4
100 183 10
100 185 4
100 186 3
100 188 10
100 190 7
100 191 1
100 192 3
100 193 7
100 195 2
100 197 2
100 198 8
100 199 2
100 200 4
100 204 4
100 206 10
100 208 4
100 210 7
100 213 3
100 218 2
100 220 7
100 225 7
100 226 5
100 227 3
100 229 6
100 231 7
100 232 3
100 233 3
100 235 5
100 236 5
100 237 9
100 240 7
100 241 6
100 245 1
100 246 7
101 103 2
101 105 6
101 107 8
101 110 8
101 112 8
101 114 6
101 115 1
101 116 8
101 117 8
101 120 2
101 121 2
101 122 9
101 123 1
101 124 4
101 125 1
101 126 3
101 129 5
101 132 10
101 135 1
101 139 10
101 140 5
101 145 1
101 146 8
101 147 9
101 149 4
101 153 3
101 159 3
101 160 3
101 161 3
101 163 5
101 164 9
101 166 7
101 167 6
101 168 7
101 169 7
101 170 1
101 171 4
101 172 2
101 176 9
101 178 7
101 180 1
101 181 2
101 182 8
101 185 1
101 186 8
101 191 6
101 192 1
101 194 3
101 195 8
101 197 7
101 198 3
101 199 4
101 200 1
101 202 4
101 206 3
101 210 3
101 212 10
101 215 8
101 220 7
101 221 2
101 222 4
101 223 1
101 224 7
101 225 8
101 226 10
101 227 5
101 229 4
101 235 3
101 237 6
101 238 6
101 239 10
101 240 3
101 241 8
101 242 8
101 243 10
101 244 4
101 247 9
101 248 5
102 105 4
102 106 5
102 110 9
102 111 5
102 113 8
102 115 1
102 118 3
102 120 3
102 121 5
102 123 10
102 126 4
102 127 6
102 128 5
102 130 3
102 132 4
102 133 6
102 136 5
102 138 9
102 139 10
102 140 10
102 142 1
102 145 9
102 146 1
102 149 9
102 151 10
102 157 9
102 159 7
102 160 3
102 163 2
102 164 4
102 165 1
102 166 3
102 169 4
102 170 1
102 172 6
102 173 3
102 177 6
102 179 2
102 187 2
102 188 2
102 190 1
102 192 8
102 194 3
102 195 1
102 197 6
102 198 2
102 199 10
102 203 7
102 205 9
102 206 3
102 207 1
102 208 8
102 211 7
102 214 5
102 217 3
102 219 3
102 223 3
102 226 10
102 227 3
102 228 10
102 234 4
102 236 4
102 237 9
102 238 2
102 239 8
102 241 1
102 244 4
102 245 3
102 246 8
102 249 2
103 104 1
103 105 8
103 107 1
103 108 7
103 109 1
103 110 5
103 112 7
103 113 9
103 114 9
103 115 5
103 117 6
103 118 3
103 119 3
103 122 2
103 123 4
103 124 8
103 125 6
103 126 3
103 130 4
103 133 4
103 134 3
103 137 2
103 139 9
103 140 8
103 141 2
103 142 7
103 147 6
103 149 7
103 150 6
103 151 2
103 154 7
103 155 8
103 156 9
103 157 3
103 158 4
103 159 9
103 160 6
103 162 2
103 164 4
103 165 9
103 166 9
103 169 6
103 170 9
103 172 10
103 174 6
103 175 8
103 176 3
103 178 1
103 179 4
103 180 2
103 181 8
103 182 6
103 183 8
103 185 8
103 188 2
103 190 10
103 191 5
103 192 4
103 194 9
103 195 4
103 196 8
103 198 1
103 199 9
103 200 7
103 201 2
103 205 3
103 206 10
103 209 3
103 212 9
103 213 1
103 215 5
103 217 4
103 219 8
103 222 3
103 225 4
103 226 3
103 228 7
103 230 9
103 232 3
103 233 6
103 234 9
103 235 9
103 237 2
103 240 9
103 242 9
103 243 9
103 244 10
103 248 2
103 249 9
104 107 1
104 108 9
104 109 3
104 110 10
104 112 3
104 116 9
104 117 9
104 118 5
104 120 1
104 121 8
104 125 4
104 128 5
104 129 7
104 132 9
104 133 10
104 134 7
104 136 7
104 138 10
104 140 2
104 144 9
104 145 2
104 146 10
104 147 6
104 149 9
104 151 8
104 152 4
104 153 1
104 154 7
104 156 9
104 157 7
104 160 4
104 161 3
104 164 4
104 166 7
104 167 6
104 168 3
104 175 3
104 177 5
104 178 1
104 182 1
104 183 1
104 184 1
104 185 2
104 186 9
104 192 5
104 193 2
104 195 10
104 197 7
104 198 6
104 200 6
104 201 9
104 204 5
104 210 7
104 212 4
104 213 5
104 214 1
104 215 1
104 216 10
104 221 6
104 222 4
104 231 9
104 232 1
104 233 3
104 238 5
104 239 7
104 244 5
104 245 2
104 246 8
104 247 4
104 248 9
105 110 1
105 113 8
105 116 9
105 117 7
105 120 5
105 121 6
105 122 2
105 123 4
105 126 9
105 127 3
105 128 2
105 130 4
105 132 6
105 135 1
105 142 8
105 144 7
105 145 2
105 147 5
105 150 6
105 151 1
105 152 6
105 158 9
105 160 6
105 166 3
105 167 6
105 170 2
105 171 9
105 173 6
105 175 5
105 177 4
105 183 4
105 184 1
105 185 9
105 186 7
105 193 4
105 196 4
105 197 7
105 200 2
105 203 6
105 204 9
105 205 9
105 207 3
105 209 4
105 213 6
105 214 1
105 215 6
105 216 9
105 217 6
105 218 1
105 219 7
105 221 1
105 225 7
105 228 9
105 229 4
105 231 10
105 234 5
105 237 4
105 238 10
105 239 7
105 241 8
105 244 10
105 246 9
105 247 8
105 248 2
105 249 1
106 109 7
106 110 4
106 111 7
106 114 1
106 117 9
106 118 5
106 120 4
106 122 7
106 123 9
106 124 4
106 127 5
106 128 6
106 130 10
106 132 6
106 134 8
106 135 4
106 141 2
106 144 7
106 145 6
106 147 3
106 148 7
106 150 10
106 152 6
106 155 4
106 156 7
106 157 1
106 158 5
106 161 1
106 163 10
106 166 6
106 170 8
106 171 4
106 172 8
106 174 4
106 175 10
106 176 1
106 178 5
106 179 3
106 180 5
106 181 1
106 184 4
106 186 7
106 191 2
106 196 5
106 200 3
106 203 2
106 204 5
106 206 10
106 207 7
106 208 10
106 210 6
106 215 1
106 216 6
106 218 1
106 220 6
106 222 4
106 223 7
106 225 3
106 226 8
106 230 5
106 233 8
106 241 2
106 242 9
106 243 8
106 245 1
106 246 2
106 249 5
107 112 2
107 113 7
107 116 7
107 118 6
107 121 10
107 122 1
107 123 1
107 124 1
107 126 4
107 127 6
107 131 10
107 133 1
107 140 6
107 142 3
107 145 3
107 147 7
107 149 8
107 150 9
107 151 3
107 155 10
107 161 8
107 162 4
107 164 8
107 165 4
107 166 4
107 167 4
107 168 2
107 169 10
107 171 1
107 172 8
107 173 2
107 174 3
107 175 2
107 177 10
107 179 5
107 180 2
107 181 6
107 185 7
107 186 6
107 190 9
107 191 8
107 192 2
107 193 2
107 194 2
107 195 7
107 196 3
107 197 7
107 199 6
107 200 5
107 202 8
107 203 4
107 204 1
107 205 3
107 207 10
107 208 1
107 209 7
107 214 2
107 215 6
107 224 4
107 227 4
107 229 2
107 230 1
107 231 3
107 233 4
107 236 8
107 237 4
107 238 10
107 242 10
107 244 10
107 248 8
108 110 9
108 111 7
108 112 6
108 113 3
108 114 8
108 115 4
108 117 2
108 118 4
108 120 9
108 121 5
108 122 7
108 127 4
108 129 7
108 130 7
108 131 1
108 135 6
108 139 10
108 143 9
108 144 5
108 146 1
108 147 4
108 149 3
108 151 9
108 154 6
108 155 8
108 156 5
108 158 3
108 159 7
108 160 3
108 162 8
108 166 2
108 168 4
108 169 8
108 172 5
108 175 8
108 177 8
108 179 6
108 185 1
108 186 1
108 188 6
108 189 4
108 190 1
108 191 7
108 192 8
108 193 5
108 194 6
108 195 1
108 196 8
108 197 10
108 198 8
108 200 7
108 201 5
108 202 6
108 205 2
108 206 9
108 208 3
108 209 8
108 210 10
108 211 4
108 213 3
108 216 3
108 222 9
108 224 8
108 230 2
108 234 7
108 235 2
108 236 7
108 240 7
108 242 9
108 243 9
108 245 4
108 246 10
108 247 2
108 249 3
109 110 7
109 111 8
109 112 4
109 113 3
109 115 2
109 116 3
109 117 8
109 118 2
109 119 3
109 120 5
109 123 6
109 125 3
109 126 2
109 128 1
109 133 2
109 136 4
109 137 9
109 139 8
109 142 6
109 143 3
109 144 4
109 146 4
109 147 7
109 149 9
109 150 7
109 151 7
109 153 3
109 154 7
109 156 1
109 158 3
109 159 2
109 160 6
109 164 1
109 165 7
109 168 1
109 169 6
109 170 8
109 172 10
109 173 5
109 177 9
109 178 3
109 179 8
109 183 2
109 184 6
109 188 6
109 189 10
109 190 1
109 191 1
109 192 5
109 193 3
109 195 10
109 198 6
109 199 4
109 200 10
109 201 5
109 203 2
109 204 7
109 206 5
109 207 3
109 209 7
109 211 1
109 212 5
109 213 5
109 214 8
109 215 6
109 218 2
109 219 9
109 220 7
109 221 1
109 222 6
109 223 3
109 224 3
109 225 8
109 226 3
109 227 8
109 228 10
109 229 1
109 230 2
109 231 6
109 235 7
109 236 3
109 240 2
109 241 10
109 243 8
109 245 4
109 249 6
110 114 8
110 115 1
110 116 3
110 119 10
110 120 8
110 122 10
110 124 1
110 126 7
110 128 10
110 129 5
110 130 8
110 132 3
110 133 8
110 136 2
110 137 3
110 140 5
110 142 3
110 143 9
110 144 9
110 148 1
110 150 10
110 153 1
110 154 9
110 157 7
110 162 2
110 165 4
110 166 9
110 167 6
110 168 4
110 170 5
110 174 8
110 175 6
110 176 6
110 178 8
110 180 2
110 182 5
110 185 3
110 186 9
110 187 2
110 192 1
110 194 4
110 195 8
110 196 3
110 199 8
110 200 8
110 202 3
110 203 8
110 206 3
110 208 4
110 209 10
110 213 9
110 214 6
110 216 5
110 220 7
110 221 3
110 222 9
110 224 3
110 227 10
110 228 2
110 231 4
110 233 1
110 235 2
110 236 7
110 237 8
110 239 4
110 241 6
110 243 8
110 247 7
110 248 2
111 112 9
111 115 1
111 118 3
111 119 9
111 120 8
111 123 9
111 124 6
111 126 2
111 127 9
111 130 10
111 133 1
111 135 10
111 136 6
111 137 7
111 139 5
111 142 2
111 144 10
111 153 10
111 156 8
111 159 3
111 160 10
111 164 3
111 167 8
111 168 4
111 169 3
111 170 2
111 173 5
111 174 8
111 182 1
111 183 3
111 185 2
111 186 3
111 188 6
111 189 2
111 193 6
111 194 7
111 199 8
111 202 10
111 203 9
111 204 2
111 206 10
111 211 6
111 212 3
111 215 10
111 218 10
111 219 10
111 220 1
111 223 7
111 226 7
111 227 5
111 232 5
111 233 10
111 240 4
111 242 5
111 243 6
111 246 7
111 247 4
111 248 9
112 113 7
112 115 3
112 116 4
112 117 4
112 118 2
112 119 8
112 123 9
112 124 8
112 125 6
112 128 1
112 130 6
112 131 4
112 132 7
112 134 1
112 135 6
112 136 5
112 137 7
112 139 2
112 141 9
112 143 2
112 145 3
112 146 7
112 147 7
112 148 4
112 149 8
112 152 5
112 155 7
112 156 9
112 157 6
112 159 3
112 163 1
112 169 8
112 171 2
112 172 4
112 175 4
112 178 9
112 179 5
112 181 4
112 182 10
112 185 2
112 189 6
112 191 7
112 195 3
112 196 2
112 200 3
112 202 9
112 203 8
112 204 6
112 205 1
112 206 1
112 207 5
112 208 8
112 209 10
112 210 5
112 211 10
112 213 7
112 215 4
112 219 5
112 221 1
112 222 3
112 223 6
112 224 1
112 227 2
112 229 5
112 230 1
112 232 1
112 235 5
112 236 6
112 237 5
112 241 9
112 242 2
112 244 8
112 245 8
112 246 9
112 247 5
112 248 6
113 115 1
113 117 5
113 120 5
113 121 8
113 123 9
113 124 1
113 127 1
113 128 8
113 132 4
113 137 6
113 139 5
113 141 2
113 143 6
113 145 9
113 149 10
113 150 9
113 151 7
113 153 3
113 155 4
113 157 9
113 158 4
113 163 3
113 168 1
113 170 10
113 171 10
113 172 3
113 173 8
113 174 4
113 175 4
113 178 8
113 179 7
113 180 1
113 181 1
113 183 2
113 184 9
113 185 4
113 190 7
113 193 8
113 196 7
113 201 6
113 208 5
113 210 6
113 211 4
113 212 5
113 218 4
113 219 3
113 220 2
113 222 8
113 223 6
113 224 5
113 225 2
113 227 2
113 231 1
113 233 6
113 234 5
113 236 8
113 241 2
113 242 8
113 245 8
114 115 7
114 116 1
114 119 10
114 123 5
114 127 8
114 130 8
114 132 4
114 135 9
114 136 4
114 137 3
114 138 4
114 139 6
114 140 9
114 142 8
114 144 3
114 145 10
114 151 5
114 152 10
114 154 9
114 155 8
114 156 10
114 162 7
114 163 5
114 164 9
114 166 1
114 172 8
114 173 4
114 177 2
114 179 3
114 187 3
114 188 6
114 189 9
114 191 8
114 193 2
114 194 1
114 195 1
114 196 2
114 198 3
114 199 3
114 200 10
114 202 8
114 203 10
114 204 4
114 206 5
114 208 2
114 211 8
114 212 8
114 215 7
114 216 10
114 217 10
114 219 8
114 223 5
114 225 5
114 228 4
114 232 5
114 236 3
114 237 3
114 238 2
114 239 10
114 240 2
114 241 8
114 244 7
114 246 5
114 248 3
115 118 9
115 122 4
115 123 1
115 125 6
115 131 6
115 132 3
115 133 1
115 136 4
115 137 8
115 142 2
115 143 7
115 144 9
115 145 6
115 146 4
115 147 6
115 148 8
115 149 9
115 150 6
115 156 9
115 160 4
115 161 3
115 162 3
115 165 6
115 167 7
115 172 8
115 174 4
115 175 4
115 176 5
115 178 5
115 181 6
115 182 4
115 183 6
115 184 2
115 188 1
115 189 10
115 194 8
115 195 7
115 202 2
115 204 4
115 206 5
115 207 2
115 208 8
115 211 3
115 213 7
115 217 9
115 220 6
115 222 5
115 225 6
115 227 4
115 229 2
115 230 4
115 231 5
115 232 8
115 233 7
115 234 9
115 236 3
115 239 9
115 241 7
115 242 4
115 243 8
115 244 4
115 245 1
115 246 4
115 248 4
115 249 1
116 117 3
116 118 9
116 120 9
116 123 1
116 124 10
116 125 7
116 126 9
116 127 1
116 130 1
116 132 9
116 134 8
116 136 4
116 137 7
116 139 1
116 142 1
116 143 3
116 144 8
116 148 8
116 151 5
116 152 3
116 154 10
116 159 5
116 161 5
116 162 8
116 164 8
116 165 10
116 166 2
116 167 1
116 168 2
116 169 6
116 170 3
116 171 5
116 173 2
116 175 1
116 177 3
116 178 3
116 179 1
116 181 2
116 184 9
116 185 9
116 187 9
116 188 2
116 189 5
116 190 10
116 191 6
116 192 6
116 193 5
116 194 10
116 198 3
116 202 4
116 203 8
116 204 7
116 205 9
116 206 4
116 207 10
116 208 5
116 209 2
116 212 9
116 214 5
116 215 5
116 216 6
116 219 7
116 220 5
116 221 4
116 222 1
116 223 8
116 226 5
116 230 5
116 232 3
116 234 3
116 236 4
116 237 8
116 238 5
116 239 10
116 241 2
116 242 6
116 246 5
116 247 9
116 249 1
117 119 8
117 121 8
117 122 2
117 123 7
117 124 7
117 125 3
117 128 5
117 130 5
117 132 2
117 134 6
117 135 4
117 136 5
117 137 4
117 139 5
117 141 4
117 143 1
117 144 6
117 146 7
117 149 7
117 150 6
117 152 6
117 153 7
117 154 2
117 155 9
117 156 5
117 157 4
117 158 10
117 159 7
117 162 3
117 164 4
117 166 5
117 167 4
117 168 5
117 169 2
117 171 2
117 174 1
117 175 4
117 176 5
117 178 10
117 179 7
117 183 3
117 184 9
117 185 1
117 189 2
117 193 10
117 194 7
117 195 8
117 196 2
117 198 7
117 199 4
117 200 10
117 202 10
117 203 1
117 205 1
117 207 3
117 208 9
117 213 5
117 214 7
117 215 10
117 217 2
117 218 3
117 221 5
117 226 9
117 229 7
117 233 6
117 239 9
117 240 8
117 243 3
117 245 1
117 246 5
117 247 6
117 248 10
117 249 1
118 124 7
118 125 4
118 127 7
118 130 2
118 132 7
118 134 9
118 136 5
118 137 7
118 143 3
118 144 5
118 148 6
118 151 6
118 152 8
118 153 9
118 154 10
118 156 6
118 157 3
118 158 2
118 159 9
118 161 2
118 162 1
118 164 7
118 165 1
118 169 3
118 172 6
118 175 2
118 176 2
118 179 2
118 180 6
118 186 4
118 188 3
118 189 9
118 191 7
118 192 10
118 193 10
118 198 10
118 199 10
118 204 8
118 207 9
118 208 3
118 209 4
118 211 5
118 213 8
118 215 9
118 216 6
118 218 9
118 220 2
118 221 4
118 223 7
118 224 4
118 227 5
118 230 1
118 231 5
118 232 4
118 233 5
118 234 1
118 238 8
118 241 6
118 242 7
118 245 1
118 249 8
119 120 10
119 121 5
119 122 5
119 124 1
119 125 10
119 126 10
119 131 6
119 132 2
119 134 1
119 136 5
119 141 10
119 143 8
119 147 5
119 148 1
119 151 2
119 154 3
119 155 5
119 156 2
119 157 8
119 158 3
119 159 3
119 160 2
119 161 4
119 163 8
119 166 1
119 168 7
119 169 7
119 171 2
119 173 2
119 174 6
119 175 5
119 176 8
119 179 5
119 181 5
119 182 2
119 185 4
119 189 2
119 190 8
119 191 1
119 194 3
119 195 1
119 196 4
119 201 8
119 203 1
119 204 3
119 205 5
119 207 2
119 209 5
119 211 4
119 213 5
119 215 3
119 217 9
119 218 3
119 219 1
119 220 3
119 222 2
119 223 3
119 225 9
119 226 8
119 228 5
119 230 3
119 231 3
119 232 6
119 233 8
119 234 2
119 235 9
119 237 2
119 238 6
119 239 2
119 240 10
119 241 10
119 242 7
119 245 8
119 248 1
120 122 10
120 128 1
120 129 9
120 132 3
120 133 8
120 136 10
120 137 9
120 141 2
120 143 2
120 144 3
120 145 7
120 147 9
120 148 1
120 149 9
120 151 6
120 153 8
120 156 2
120 158 3
120 162 8
120 163 10
120 164 1
120 166 10
120 169 9
120 172 10
120 177 2
120 178 7
120 179 10
120 180 9
120 181 5
120 183 3
120 184 5
120 186 10
120 187 7
120 189 1
120 191 3
120 193 3
120 196 3
120 199 1
120 200 2
120 201 9
120 203 9
120 205 9
120 206 7
120 210 7
120 211 1
120 214 3
120 218 3
120 222 5
120 224 3
120 227 5
120 228 7
120 231 4
120 232 1
120 233 2
120 236 7
120 237 10
120 241 4
120 242 3
120 245 10
120 248 10
121 122 6
121 125 6
121 127 5
121 128 9
121 129 5
121 133 1
121 134 6
121 135 6
121 139 9
121 141 9
121 143 2
121 144 1
121 145 10
121 149 10
121 151 2
121 154 6
121 161 8
121 164 2
121 169 9
121 172 5
121 173 1
121 176 8
121 177 10
121 178 10
121 179 10
121 180 1
121 181 2
121 183 8
121 185 9
121 186 9
121 187 4
121 188 1
121 189 4
121 191 5
121 194 6
121 195 2
121 196 2
121 197 8
121 198 6
121 199 7
121 203 4
121 204 2
121 206 2
121 208 1
121 210 1
121 211 8
121 212 2
121 215 8
121 216 9
121 217 7
121 218 7
121 219 3
121 221 2
121 223 10
121 225 6
121 226 2
121 228 6
121 229 3
121 232 3
121 235 3
121 236 4
121 237 4
121 238 9
121 239 1
121 241 5
121 242 2
121 245 5
121 246 3
121 247 8
121 248 9
122 124 5
122 125 5
122 126 9
122 127 10
122 130 2
122 134 1
122 135 6
122 136 5
122 137 4
122 138 4
122 139 8
122 140 7
122 141 3
122 145 9
122 146 6
122 147 6
122 148 9
122 150 4
122 152 7
122 153 7
122 154 10
122 155 2
122 156 9
122 157 7
122 161 2
122 164 5
122 165 1
122 166 6
122 168 7
122 171 8
122 173 10
122 174 6
122 176 5
122 178 7
122 180 10
122 181 5
122 182 4
122 184 3
122 186 4
122 187 6
122 189 6
122 191 10
122 196 4
122 197 5
122 201 4
122 202 3
122 205 9
122 208 9
122 209 2
122 210 9
122 213 9
122 215 5
122 216 6
122 218 9
122 224 2
122 225 6
122 226 7
122 227 8
122 228 8
122 229 1
122 231 2
122 232 8
122 234 10
122 235 4
122 237 2
122 239 2
122 240 6
122 242 9
122 243 2
122 244 10
122 245 6
122 246 8
122 249 10
123 125 3
123 126 1
123 127 5
123 128 7
123 129 2
123 130 4
123 133 7
123 134 3
123 137 5
123 139 4
123 141 3
123 142 7
123 143 6
123 144 2
123 145 2
123 146 2
123 148 10
123 149 3
123 154 10
123 155 9
123 157 8
123 158 10
123 159 6
123 162 5
123 164 9
123 165 3
123 168 6
123 170 1
123 172 8
123 175 7
123 176 8
123 178 5
123 179 1
123 180 2
123 184 3
123 185 1
123 186 8
123 187 8
123 191 9
123 193 1
123 195 5
123 196 1
123 199 3
123 202 5
123 206 10
123 207 5
123 208 5
123 209 9
123 210 9
123 215 10
123 216 10
123 217 10
123 218 2
123 219 8
123 220 9
123 222 5
123 224 9
123 225 10
123 227 5
123 228 7
123 229 8
123 230 1
123 231 8
123 232 8
123 234 7
123 235 1
123 236 5
123 237 5
123 239 8
123 242 1
123 244 5
123 248 8
124 125 3
124 126 2
124 132 2
124 136 5
124 138 6
124 140 3
124 142 5
124 143 10
124 146 10
124 147 6
124 151 1
124 152 4
124 153 1
124 155 4
124 156 1
124 159 8
124 161 3
124 162 2
124 164 10
124 165 5
124 171 9
124 172 5
124 173 7
124 174 4
124 176 2
124 183 7
124 184 3
124 185 5
124 188 1
124 190 1
124 191 10
124 193 3
124 195 8
124 198 8
124 202 6
124 205 1
124 210 9
124 213 10
124 215 1
124 217 5
124 220 8
124 222 2
124 223 8
124 226 10
124 227 7
124 228 7
124 229 7
124 230 5
124 235 9
124 237 5
124 242 4
124 243 4
124 244 4
124 245 9
124 246 1
124 247 5
124 248 5
125 126 2
125 129 5
125 131 5
125 133 9
125 134 3
125 135 2
125 137 8
125 139 4
125 142 7
125 143 4
125 144 6
125 146 3
125 147 6
125 148 8
125 150 10
125 154 5
125 158 5
125 160 9
125 161 7
125 163 9
125 166 9
125 167 1
125 170 5
125 171 4
125 175 6
125 176 4
125 180 2
125 182 10
125 183 5
125 184 4
125 187 2
125 188 7
125 189 4
125 190 7
125 191 9
125 192 8
125 193 6
125 197 9
125 198 6
125 200 9
125 203 1
125 204 2
125 207 4
125 208 6
125 211 2
125 214 8
125 216 8
125 217 7
125 219 9
125 221 8
125 224 1
125 225 10
125 226 5
125 228 9
125 229 9
125 231 1
125 232 4
125 233 10
125 234 3
125 236 7
125 237 4
125 241 2
125 246 4
126 128 6
126 131 5
126 134 9
126 135 1
126 139 9
126 141 8
126 142 6
126 143 8
126 144 10
126 147 9
126 148 10
126 150 3
126 153 7
126 157 3
126 158 5
126 166 3
126 167 3
126 169 4
126 171 2
126 172 6
126 173 4
126 176 1
126 178 10
126 180 10
126 182 8
126 183 4
126 185 1
126 186 5
126 189 5
126 193 5
126 197 3
126 199 4
126 200 1
126 202 6
126 203 7
126 204 3
126 205 6
126 206 3
126 208 7
126 210 5
126 212 4
126 213 8
126 216 2
126 217 7
126 218 9
126 219 9
126 228 2
126 229 4
126 232 10
126 235 8
126 237 7
126 238 10
126 239 8
126 240 4
126 243 1
126 247 8
126 248 9
127 128 8
127 130 8
127 131 2
127 133 2
127 134 1
127 136 5
127 138 4
127 142 2
127 143 1
127 144 6
127 149 3
127 150 4
127 151 3
127 152 10
127 155 2
127 158 3
127 159 5
127 160 6
127 162 1
127 167 1
127 168 1
127 172 10
127 175 4
127 176 4
127 178 9
127 179 8
127 180 1
127 183 9
127 184 4
127 185 8
127 186 7
127 190 9
127 193 8
127 195 5
127 196 8
127 199 5
127 202 6
127 206 6
127 207 10
127 209 10
127 214 9
127 215 5
127 218 5
127 221 8
127 222 8
127 224 6
127 225 6
127 226 7
127 227 5
127 229 4
127 232 7
127 233 6
127 235 3
127 237 5
127 239 10
127 243 10
127 244 5
127 248 1
127 249 7
128 129 7
128 132 9
128 133 2
128 135 2
128 136 7
128 137 5
128 140 9
128 142 6
128 145 10
128 147 5
128 150 10
128 151 2
128 155 10
128 157 5
128 158 7
128 159 5
128 160 8
128 163 6
128 165 5
128 167 6
128 168 9
128 170 10
128 176 5
128 177 5
128 181 6
128 182 1
128 184 8
128 185 8
128 186 9
128 188 8
128 189 5
128 191 3
128 195 4
128 199 6
128 201 5
128 203 8
128 204 1
128 208 2
128 212 3
128 213 3
128 215 6
128 216 7
128 219 4
128 221 1
128 222 7
128 224 6
128 225 10
128 227 9
128 231 5
128 232 5
128 233 2
128 234 3
128 235 7
128 236 5
128 237 2
128 238 10
128 240 6
128 242 3
128 245 6
128 246 10
128 249 8
129 131 2
129 133 8
129 135 5
129 136 9
129 137 6
129 139 8
129 141 7
129 144 8
129 145 9
129 146 5
129 147 6
129 148 7
129 150 7
129 153 9
129 154 4
129 159 8
129 164 6
129 167 10
129 168 4
129 170 3
129 171 2
129 172 6
129 175 10
129 176 4
129 178 2
129 179 4
129 180 2
129 181 9
129 182 1
129 186 3
129 188 3
129 190 7
129 191 10
129 192 8
129 194 9
129 196 5
129 198 6
129 199 1
129 200 8
129 201 7
129 202 3
129 203 10
129 204 2
129 205 5
129 206 9
129 209 2
129 211 5
129 214 2
129 219 8
129 221 8
129 222 10
129 224 4
129 226 6
129 228 4
129 231 7
129 232 7
129 234 9
129 235 10
129 236 5
129 237 5
129 239 9
129 240 7
129 241 8
129 247 6
129 249 10
130 131 1
130 133 7
130 138 8
130 140 8
130 141 2
130 142 8
130 144 7
130 145 2
130 146 9
130 148 7
130 150 6
130 151 2
130 153 8
130 154 4
130 156 7
130 157 5
130 158 8
130 161 7
130 162 1
130 163 6
130 166 7
130 169 5
130 170 6
130 173 5
130 175 5
130 176 10
130 177 9
130 178 8
130 181 4
130 182 9
130 184 6
130 185 6
130 186 8
130 187 9
130 188 4
130 190 8
130 191 9
130 193 9
130 200 1
130 201 6
130 204 4
130 205 1
130 207 6
130 208 3
130 209 2
130 211 9
130 212 7
130 214 6
130 215 10
130 216 2
130 217 2
130 219 1
130 220 1
130 221 8
130 222 1
130 228 9
130 229 1
130 231 4
130 232 4
130 233 5
130 236 5
130 237 10
130 239 1
130 241 5
130 243 8
130 245 2
130 247 7
130 248 5
131 133 9
131 134 4
131 135 7
131 138 5
131 142 3
131 143 6
131 147 6
131 153 8
131 154 8
131 158 8
131 159 5
131 161 8
131 162 5
131 164 9
131 165 8
131 167 2
131 168 7
131 169 1
131 171 10
131 172 1
131 174 4
131 176 9
131 177 5
131 178 5
131 179 1
131 184 6
131 186 3
131 188 6
131 189 5
131 191 8
131 193 5
131 194 10
131 196 9
131 197 8
131 199 4
131 201 2
131 202 5
131 207 10
131 208 10
131 209 9
131 210 6
131 212 5
131 213 5
131 215 4
131 217 5
131 219 4
131 221 8
131 222 9
131 223 7
131 224 10
131 226 8
131 227 3
131 228 8
131 230 3
131 231 8
131 233 2
131 237 10
131 238 4
131 239 2
131 240 4
131 241 4
131 243 6
131 245 5
131 247 7
131 248 8
132 135 3
132 136 7
132 137 4
132 140 6
132 141 10
132 142 8
132 144 2
132 147 1
132 148 9
132 151 5
132 152 10
132 154 10
132 157 5
132 158 2
132 159 9
132 161 4
132 162 7
132 163 9
132 165 9
132 166 4
132 167 5
132 168 6
132 169 6
132 170 1
132 171 5
132 174 9
132 175 3
132 176 1
132 178 10
132 185 10
132 187 3
132 190 7
132 192 8
132 193 3
132 194 8
132 195 8
132 198 10
132 199 4
132 200 10
132 201 1
132 202 6
132 203 10
132 204 7
132 209 4
132 210 5
132 211 6
132 212 8
132 217 4
132 218 5
132 219 4
132 221 1
132 222 7
132 227 10
132 228 7
132 229 3
132 231 7
132 232 10
132 233 5
132 236 10
132 237 10
132 238 9
132 239 6
132 241 1
132 244 8
132 245 3
132 246 3
132 248 3
132 249 2
133 134 8
133 137 3
133 138 3
133 139 7
133 140 3
133 141 2
133 142 9
133 145 4
133 146 10
133 148 9
133 149 2
133 153 8
133 154 2
133 155 1
133 156 6
133 157 3
133 158 7
133 159 9
133 160 8
133 161 6
133 162 6
133 164 9
133 165 6
133 168 10
133 170 10
133 171 6
133 172 9
133 176 6
133 178 10
133 179 9
133 180 7
133 181 9
133 187 9
133 190 2
133 191 1
133 193 4
133 196 3
133 197 1
133 201 1
133 206 8
133 208 8
133 209 5
133 210 8
133 211 5
133 212 2
133 214 6
133 218 5
133 219 9
133 220 10
133 221 5
133 222 5
133 224 7
133 226 3
133 229 2
133 230 7
133 232 1
133 233 5
133 239 1
133 240 6
133 243 4
133 244 7
133 246 5
133 247 5
133 248 7
134 137 1
134 141 4
134 144 10
134 145 10
134 150 5
134 151 2
134 153 3
134 154 7
134 157 10
134 158 10
134 162 10
134 165 8
134 168 2
134 170 9
134 175 7
134 179 2
134 180 3
134 182 7
134 183 10
134 184 3
134 185 9
134 187 4
134 188 5
134 191 10
134 192 2
134 194 10
134 197 2
134 198 4
134 200 1
134 202 8
134 203 8
134 204 4
134 205 5
134 206 1
134 208 5
134 209 10
134 213 2
134 217 7
134 218 2
134 219 7
134 222 5
134 226 8
134 228 7
134 231 2
134 233 10
134 237 5
134 238 1
134 239 4
134 240 8
134 245 5
134 246 6
134 248 5
135 136 8
135 137 8
135 141 10
135 142 10
135 143 10
135 146 8
135 148 7
135 149 7
135 151 2
135 153 2
135 156 6
135 159 7
135 162 9
135 167 1
135 170 2
135 173 10
135 175 10
135 176 7
135 178 1
135 180 1
135 181 2
135 182 3
135 183 10
135 184 1
135 185 7
135 186 1
135 188 2
135 193 7
135 197 3
135 199 7
135 201 6
135 202 3
135 203 3
135 205 9
135 208 1
135 209 7
135 210 1
135 213 7
135 216 10
135 217 2
135 220 7
135 222 2
135 223 9
135 225 5
135 230 2
135 231 7
135 234 3
135 235 9
135 236 4
135 240 9
135 241 3
135 243 4
136 137 10
136 138 10
136 141 10
136 142 3
136 143 7
136 145 1
136 148 8
136 150 5
136 151 6
136 152 6
136 155 7
136 156 9
136 157 3
136 158 3
136 159 4
136 160 4
136 162 3
136 163 9
136 166 9
136 171 8
136 172 9
136 174 2
136 175 4
136 176 9
136 177 9
136 179 7
136 180 3
136 184 7
136 185 1
136 186 8
136 187 3
136 190 9
136 192 10
136 193 3
136 194 8
136 197 6
136 198 8
136 200 7
136 202 5
136 203 10
136 204 8
136 205 5
136 206 9
136 209 2
136 221 6
136 222 2
136 225 2
136 226 10
136 227 9
136 228 4
136 230 2
136 231 3
136 232 6
136 235 4
136 238 8
136 239 3
136 241 1
136 246 2
136 247 4
136 249 4
137 140 5
137 141 9
137 143 5
137 148 4
137 149 6
137 153 5
137 155 8
137 160 10
137 161 5
137 162 1
137 163 4
137 164 3
137 165 10
137 167 8
137 169 10
137 170 7
137 171 10
137 172 2
137 173 10
137 176 6
137 177 4
137 178 5
137 182 7
137 184 2
137 187 6
137 191 1
137 194 8
137 195 6
137 196 9
137 199 5
137 200 3
137 202 3
137 205 9
137 206 9
137 207 8
137 208 6
137 209 9
137 210 1
137 211 5
137 217 4
137 218 4
137 219 10
137 225 4
137 229 3
137 231 2
137 232 5
137 233 10
137 234 4
137 235 3
137 237 10
137 238 3
137 240 8
137 243 10
137 246 2
137 247 2
138 139 5
138 142 2
138 145 5
138 146 10
138 147 5
138 148 7
138 151 1
138 152 8
138 153 9
138 155 4
138 160 5
138 163 10
138 164 4
138 165 6
138 166 3
138 167 8
138 170 7
138 171 9
138 172 3
138 173 6
138 174 10
138 175 2
138 176 3
138 177 9
138 180 7
138 182 7
138 183 7
138 184 8
138 190 5
138 191 8
138 193 5
138 194 2
138 195 9
138 196 6
138 197 5
138 199 5
138 202 1
138 203 5
138 204 9
138 206 4
138 208 6
138 209 5
138 210 5
138 211 6
138 212 2
138 214 10
138 216 4
138 217 5
138 218 8
138 219 3
138 220 10
138 221 4
138 222 10
138 223 7
138 224 5
138 226 1
138 230 8
138 234 2
138 235 4
138 237 9
138 238 3
138 239 5
138 240 9
138 244 2
138 245 7
138 249 4
139 140 4
139 145 1
139 147 10
139 148 10
139 151 1
139 156 3
139 157 10
139 158 2
139 165 2
139 166 6
139 170 8
139 172 4
139 173 4
139 175 9
139 176 5
139 177 3
139 182 8
139 183 1
139 185 8
139 188 10
139 191 10
139 192 6
139 193 7
139 194 10
139 197 3
139 199 6
139 203 7
139 204 4
139 206 8
139 209 1
139 213 4
139 215 7
139 216 1
139 217 7
139 220 1
139 221 6
139 222 10
139 224 8
139 226 6
139 227 2
139 229 7
139 230 3
139 231 8
139 232 3
139 233 2
139 234 10
139 236 3
139 237 5
139 240 3
139 243 8
139 244 6
139 245 10
139 246 7
140 141 4
140 142 6
140 144 7
140 145 4
140 146 1
140 149 10
140 151 9
140 152 10
140 153 4
140 154 10
140 156 8
140 157 3
140 159 4
140 163 6
140 164 10
140 165 2
140 167 6
140 170 9
140 172 10
140 175 8
140 176 2
140 179 8
140 183 9
140 184 8
140 186 6
140 189 4
140 190 6
140 193 6
140 199 10
140 200 5
140 201 8
140 202 9
140 205 7
140 207 4
140 209 7
140 210 3
140 216 1
140 217 4
140 218 3
140 219 10
140 220 5
140 221 10
140 222 4
140 224 9
140 225 6
140 226 3
140 228 1
140 231 3
140 232 4
140 233 7
140 234 5
140 235 8
140 236 6
140 237 4
140 242 8
140 244 1
140 246 10
140 247 8
140 249 5
141 143 8
141 145 4
141 148 10
141 150 2
141 154 5
141 155 4
141 156 10
141 157 1
141 160 9
141 161 8
141 162 5
141 164 1
141 167 3
141 168 3
141 173 6
141 175 2
141 177 6
141 178 1
141 181 2
141 182 3
141 184 3
141 186 3
141 190 7
141 191 8
141 194 5
141 198 6
141 200 3
141 205 1
141 208 3
141 210 9
141 211 3
141 215 3
141 216 9
141 217 6
141 218 2
141 222 9
141 223 10
141 224 10
141 225 4
141 227 1
141 233 6
141 236 6
141 237 6
141 238 1
141 239 7
141 242 9
141 243 1
141 244 1
141 245 10
141 246 6
141 247 2
142 144 1
142 146 7
142 151 6
142 152 7
142 154 2
142 155 1
142 156 3
142 158 8
142 160 8
142 164 3
142 166 4
142 171 10
142 172 4
142 174 6
142 175 5
142 178 6
142 179 4
142 180 1
142 182 9
142 183 5
142 185 9
142 188 4
142 192 10
142 193 5
142 194 10
142 205 8
142 208 5
142 212 9
142 213 6
142 218 7
142 219 8
142 220 9
142 223 7
142 225 5
142 227 4
142 234 8
142 236 5
142 238 5
142 243 6
142 248 1
142 249 8
143 144 3
143 145 8
143 146 4
143 148 1
143 150 4
143 152 8
143 157 5
143 158 7
143 160 8
143 161 9
143 162 6
143 163 1
143 165 4
143 166 7
143 167 9
143 168 4
143 170 10
143 171 9
143 173 6
143 177 9
143 179 2
143 180 1
143 182 3
143 185 5
143 188 4
143 189 4
143 190 8
143 192 2
143 194 3
143 195 1
143 196 8
143 198 4
143 199 1
143 202 5
143 205 3
143 207 10
143 210 5
143 212 1
143 214 7
143 216 5
143 217 9
143 218 3
143 220 8
143 221 1
143 223 3
143 224 2
143 225 7
143 226 3
143 229 4
143 231 2
143 232 8
143 236 1
143 238 2
143 239 4
143 242 4
143 243 7
143 244 1
143 247 6
144 145 7
144 146 9
144 149 6
144 151 9
144 152 10
144 153 5
144 154 9
144 155 10
144 156 10
144 157 3
144 158 5
144 160 4
144 164 7
144 166 5
144 167 2
144 168 10
144 169 4
144 172 2
144 174 6
144 178 4
144 179 5
144 183 1
144 184 4
144 196 1
144 199 1
144 200 5
144 201 1
144 202 9
144 204 3
144 205 10
144 207 9
144 208 4
144 209 9
144 214 3
144 218 1
144 220 7
144 221 2
144 222 3
144 225 3
144 228 2
144 229 10
144 230 5
144 233 8
144 239 7
144 240 8
144 241 3
144 242 9
144 243 5
144 245 7
144 246 9
144 247 6
145 148 6
145 150 10
145 151 3
145 152 8
145 153 5
145 154 2
145 159 1
145 162 10
145 165 2
145 166 4
145 167 5
145 169 5
145 172 8
145 175 3
145 179 9
145 184 1
145 185 7
145 187 6
145 189 2
145 190 8
145 191 5
145 194 7
145 195 1
145 198 7
145 199 6
145 201 6
145 205 8
145 206 7
145 211 3
145 214 2
145 217 9
145 218 2
145 223 8
145 224 2
145 225 7
145 226 1
145 230 10
145 231 10
145 232 1
145 233 7
145 236 3
145 238 5
145 241 7
145 244 7
145 245 9
146 148 4
146 150 9
146 152 7
146 153 2
146 154 4
146 156 1
146 157 2
146 158 7
146 161 10
146 162 5
146 165 9
146 167 9
146 168 8
146 171 7
146 173 7
146 174 10
146 176 8
146 178 6
146 180 5
146 184 3
146 186 8
146 187 3
146 188 7
146 190 5
146 192 3
146 194 2
146 195 8
146 196 10
146 197 6
146 199 8
146 200 1
146 201 8
146 206 4
146 207 3
146 210 9
146 211 9
146 212 2
146 214 8
146 217 1
146 220 8
146 224 1
146 226 9
146 233 5
146 234 7
146 238 5
146 242 6
146 245 8
147 149 5
147 152 9
147 154 4
147 159 4
147 160 3
147 162 2
147 163 2
147 164 8
147 170 8
147 171 2
147 173 8
147 176 8
147 177 6
147 179 8
147 180 2
147 181 3
147 182 9
147 184 2
147 186 10
147 187 8
147 192 3
147 193 7
147 195 4
147 198 9
147 199 5
147 202 3
147 204 9
147 206 8
147 207 5
147 208 7
147 210 3
147 211 1
147 212 8
147 213 10
147 214 2
147 215 5
147 216 10
147 218 1
147 219 3
147 220 7
147 221 6
147 222 8
147 223 3
147 224 4
147 225 8
147 226 9
147 227 10
147 230 9
147 231 8
147 233 3
147 237 6
147 238 5
147 241 3
147 243 2
147 244 10
147 247 8
147 248 1
148 149 3
148 150 6
148 153 5
148 154 3
148 155 7
148 158 8
148 159 4
148 161 2
148 165 5
148 166 9
148 167 10
148 169 9
148 170 8
148 173 4
148 175 5
148 183 2
148 184 9
148 190 7
148 191 6
148 194 2
148 195 9
148 198 4
148 199 8
148 200 8
148 201 9
148 202 3
148 203 3
148 206 7
148 207 1
148 210 1
148 211 4
148 212 2
148 213 10
148 218 3
148 219 2
148 220 4
148 223 9
148 225 8
148 226 1
148 228 4
148 231 4
148 232 9
148 233 10
148 235 1
148 236 6
148 237 8
148 239 5
148 240 9
148 242 1
148 243 6
148 244 8
148 245 4
148 246 3
148 248 9
149 150 6
149 151 1
149 152 7
149 157 9
149 158 9
149 161 8
149 162 10
149 163 10
149 166 9
149 167 2
149 171 9
149 172 10
149 175 2
149 176 10
149 177 2
149 179 6
149 182 10
149 183 3
149 184 10
149 185 3
149 187 4
149 189 3
149 191 3
149 192 10
149 193 7
149 194 2
149 195 7
149 200 1
149 205 6
149 206 5
149 207 2
149 208 2
149 210 8
149 213 2
149 215 5
149 218 7
149 220 8
149 221 2
149 223 7
149 224 2
149 226 10
149 231 7
149 234 5
149 235 8
149 239 6
149 243 3
149 244 5
149 245 9
149 246 10
149 248 7
149 249 9
150 151 7
150 152 1
150 154 10
150 155 3
150 158 3
150 159 2
150 161 10
150 162 9
150 168 8
150 171 8
150 172 3
150 174 1
150 180 9
150 181 2
150 182 8
150 183 10
150 185 10
150 187 6
150 188 1
150 189 8
150 191 1
150 193 7
150 196 2
150 197 9
150 198 5
150 199 2
150 202 4
150 204 4
150 208 2
150 210 7
150 211 5
150 213 5
150 216 7
150 217 8
150 218 6
150 221 2
150 222 8
150 225 4
150 226 9
150 232 7
150 234 2
150 235 8
150 237 5
150 238 10
150 239 8
150 240 5
150 242 4
150 245 9
150 247 3
150 249 10
151 154 3
151 157 2
151 160 8
151 161 5
151 166 4
151 167 3
151 168 1
151 169 5
151 170 1
151 172 10
151 174 6
151 177 1
151 179 4
151 184 4
151 185 6
151 187 6
151 190 3
151 191 3
151 192 8
151 193 9
151 195 8
151 205 6
151 207 2
151 210 9
151 212 2
151 217 9
151 219 8
151 221 10
151 222 7
151 223 3
151 224 7
151 228 4
151 229 3
151 230 6
151 231 9
151 233 10
151 235 8
151 236 5
151 240 2
151 242 4
151 243 6
151 245 8
151 246 2
151 247 1
151 248 5
152 153 5
152 155 3
152 156 5
152 158 1
152 161 8
152 162 6
152 164 2
152 165 8
152 167 5
152 169 5
152 172 5
152 175 5
152 176 7
152 179 2
152 182 9
152 185 6
152 188 3
152 190 10
152 191 8
152 192 10
152 193 8
152 195 1
152 198 6
152 199 2
152 200 7
152 201 8
152 202 7
152 205 4
152 206 10
152 208 3
152 210 7
152 212 4
152 214 10
152 215 2
152 218 3
152 219 3
152 220 2
152 222 2
152 223 6
152 224 6
152 225 7
152 227 1
152 230 8
152 231 2
152 232 1
152 233 1
152 234 5
152 236 10
152 237 9
152 238 1
152 239 7
152 241 4
152 243 10
152 248 3
153 156 3
153 157 5
153 162 3
153 168 4
153 170 2
153 172 6
153 174 4
153 175 8
153 176 1
153 178 2
153 179 1
153 182 10
153 184 5
153 185 2
153 186 2
153 187 10
153 189 5
153 197 6
153 201 2
153 202 2
153 208 3
153 209 3
153 211 5
153 212 7
153 213 8
153 215 6
153 219 4
153 220 10
153 221 4
153 222 9
153 223 3
153 225 7
153 228 10
153 233 5
153 234 5
153 236 4
153 237 5
153 239 2
153 241 3
153 243 6
153 249 10
154 156 6
154 160 4
154 162 4
154 168 6
154 169 7
154 170 2
154 174 9
154 175 4
154 177 2
154 178 7
154 179 10
154 182 2
154 184 5
154 185 9
154 187 6
154 192 1
154 194 8
154 197 6
154 198 5
154 199 4
154 202 8
154 204 5
154 206 9
154 207 4
154 208 4
154 209 4
154 210 2
154 212 5
154 213 5
154 216 1
154 219 7
154 220 10
154 223 5
154 230 3
154 231 2
154 233 8
154 234 9
154 237 10
154 238 2
154 239 1
154 240 3
154 241 2
154 242 4
154 245 2
154 247 7
154 248 3
154 249 1
155 156 6
155 157 6
155 158 2
155 161 1
155 163 7
155 164 5
155 165 10
155 166 2
155 167 9
155 168 8
155 169 2
155 170 8
155 171 10
155 172 4
155 174 7
155 175 9
155 177 5
155 180 5
155 182 6
155 183 2
155 188 2
155 189 4
155 191 3
155 194 2
155 195 10
155 197 1
155 198 5
155 206 3
155 209 1
155 215 9
155 218 10
155 219 6
155 220 4
155 222 5
155 223 7
155 226 7
155 227 2
155 228 10
155 230 4
155 232 5
155 239 8
155 240 4
155 242 8
155 243 10
155 244 9
155 245 2
155 246 7
155 247 1
155 249 3
156 159 10
156 160 7
156 162 3
156 165 9
156 170 10
156 171 7
156 172 7
156 178 7
156 181 4
156 183 6
156 187 7
156 188 5
156 190 1
156 194 5
156 196 6
156 197 3
156 202 1
156 206 6
156 207 9
156 209 10
156 212 9
156 213 4
156 218 2
156 219 10
156 220 5
156 221 8
156 222 6
156 223 2
156 227 8
156 229 6
156 230 7
156 231 1
156 236 2
156 238 2
156 239 3
156 241 2
156 243 8
156 244 3
156 247 3
156 249 1
157 158 2
157 160 6
157 161 8
157 162 2
157 163 4
157 164 7
157 165 5
157 169 10
157 170 9
157 172 7
157 173 1
157 175 2
157 177 6
157 179 8
157 182 6
157 184 8
157 187 9
157 188 3
157 190 7
157 191 7
157 193 8
157 196 1
157 197 2
157 198 4
157 199 8
157 201 1
157 203 2
157 204 10
157 206 7
157 207 3
157 208 4
157 209 8
157 211 5
157 217 1
157 219 3
157 220 8
157 222 10
157 223 3
157 224 7
157 225 10
157 226 6
157 228 7
157 231 4
157 232 10
157 233 5
157 234 4
157 235 4
157 236 10
157 239 3
157 241 8
157 242 10
157 245 8
157 247 5
157 248 7
158 159 8
158 160 7
158 161 10
158 163 5
158 164 1
158 165 3
158 168 7
158 169 4
158 170 3
158 171 2
158 173 6
158 174 2
158 176 4
158 179 4
158 180 6
158 181 8
158 183 3
158 184 5
158 187 5
158 190 5
158 191 4
158 192 1
158 193 3
158 195 9
158 196 8
158 198 4
158 201 3
158 204 3
158 205 7
158 206 3
158 207 5
158 208 10
158 209 5
158 213 10
158 214 3
158 215 5
158 217 5
158 219 8
158 221 7
158 223 5
158 224 4
158 225 5
158 226 6
158 227 2
158 232 6
158 233 10
158 240 5
158 242 7
158 243 7
158 244 6
159 166 9
159 171 1
159 174 9
159 176 4
159 177 9
159 178 8
159 181 7
159 185 6
159 187 5
159 188 1
159 190 7
159 192 9
159 194 2
159 195 1
159 196 1
159 197 9
159 198 8
159 203 9
159 204 8
159 206 3
159 207 10
159 208 3
159 209 4
159 211 3
159 213 1
159 214 8
159 216 3
159 217 9
159 221 6
159 222 2
159 223 10
159 226 7
159 231 6
159 233 3
159 234 8
159 235 9
159 238 3
159 239 5
159 242 4
159 244 10
159 245 10
159 247 3
159 248 5
159 249 9
160 162 7
160 163 7
160 165 1
160 167 1
160 168 4
160 170 5
160 171 9
160 172 4
160 173 6
160 174 7
160 175 3
160 176 10
160 177 2
160 178 7
160 179 6
160 181 6
160 184 8
160 188 3
160 189 6
160 190 6
160 191 3
160 193 2
160 194 6
160 197 10
160 198 5
160 200 3
160 203 9
160 204 6
160 206 5
160 207 5
160 208 8
160 210 8
160 212 1
160 214 6
160 219 3
160 220 2
160 222 5
160 223 8
160 226 4
160 228 7
160 229 1
160 230 1
160 232 8
160 234 1
160 236 1
160 238 8
160 240 1
160 244 6
160 248 10
161 163 8
161 166 3
161 167 9
161 168 5
161 170 9
161 172 9
161 174 9
161 176 4
161 177 7
161 179 1
161 180 3
161 183 10
161 186 10
161 190 2
161 194 10
161 195 3
161 196 3
161 200 2
161 201 7
161 202 3
161 205 6
161 207 2
161 208 5
161 210 2
161 213 7
161 214 7
161 216 7
161 217 4
161 218 2
161 223 5
161 224 8
161 225 10
161 226 4
161 229 9
161 230 10
161 231 4
161 234 7
161 235 6
161 238 9
161 240 4
161 242 1
161 244 5
161 247 4
161 248 3
162 164 1
162 165 7
162 167 9
162 168 7
162 169 4
162 170 9
162 175 7
162 176 4
162 177 8
162 178 7
162 180 4
162 181 5
162 182 9
162 186 5
162 187 1
162 188 8
162 189 2
162 193 10
162 196 9
162 198 2
162 204 4
162 205 10
162 207 7
162 208 2
162 209 10
162 210 5
162 213 10
162 216 1
162 218 1
162 219 9
162 220 7
162 222 3
162 223 4
162 227 7
162 228 10
162 229 3
162 231 4
162 232 9
162 233 4
162 234 8
162 237 7
162 238 5
162 239 7
162 240 10
162 241 10
162 244 8
162 245 3
162 248 5
163 164 7
163 165 8
163 166 5
163 167 7
163 169 6
163 171 2
163 172 9
163 173 1
163 178 3
163 179 1
163 180 8
163 181 10
163 183 2
163 184 2
163 188 2
163 189 1
163 190 8
163 193 7
163 195 1
163 199 9
163 205 8
163 207 6
163 208 4
163 209 4
163 212 4
163 213 5
163 214 10
163 215 7
163 223 4
163 224 2
163 225 2
163 227 5
163 228 8
163 229 6
163 230 3
163 232 8
163 233 4
163 234 6
163 235 3
163 236 4
163 239 1
163 240 9
163 241 1
163 242 7
163 243 4
163 245 4
163 247 4
164 165 3
164 170 3
164 174 3
164 175 5
164 178 7
164 180 4
164 181 3
164 182 2
164 186 1
164 187 9
164 189 8
164 190 3
164 192 10
164 193 7
164 194 8
164 195 1
164 198 10
164 199 7
164 202 2
164 204 7
164 208 3
164 209 3
164 211 6
164 212 9
164 215 10
164 216 10
164 220 9
164 221 7
164 222 5
164 226 6
164 227 3
164 228 3
164 229 2
164 230 1
164 234 4
164 235 1
164 237 5
164 239 7
164 241 10
164 244 4
164 245 9
164 247 2
164 248 1
165 166 6
165 169 9
165 170 3
165 171 10
165 173 3
165 174 8
165 175 1
165 176 5
165 178 6
165 179 1
165 181 2
165 182 2
165 183 3
165 186 9
165 192 2
165 193 3
165 198 3
165 200 4
165 204 8
165 205 10
165 207 6
165 208 6
165 211 9
165 212 6
165 214 2
165 215 6
165 216 8
165 218 1
165 219 6
165 220 1
165 221 4
165 222 5
165 224 7
165 227 9
165 229 6
165 230 2
165 231 9
165 234 2
165 235 9
165 236 10
165 237 5
165 238 10
165 239 4
165 240 8
165 245 9
165 248 7
166 168 8
166 171 7
166 174 9
166 180 6
166 185 3
166 187 8
166 188 3
166 190 1
166 191 7
166 193 2
166 197 10
166 200 1
166 203 9
166 204 9
166 205 3
166 206 10
166 208 3
166 209 1
166 210 3
166 215 9
166 217 4
166 219 5
166 222 9
166 224 8
166 226 7
166 228 6
166 230 9
166 233 1
166 234 1
166 237 7
166 238 8
166 241 3
166 246 2
166 249 8
167 169 2
167 170 10
167 173 5
167 174 9
167 181 3
167 186 5
167 188 10
167 191 5
167 192 5
167 194 1
167 195 10
167 197 2
167 202 9
167 205 6
167 212 5
167 215 8
167 216 5
167 218 8
167 219 5
167 220 7
167 223 9
167 229 1
167 230 3
167 236 2
167 238 1
167 239 4
167 241 4
167 242 4
167 245 3
167 246 10
167 247 7
168 173 7
168 174 1
168 175 10
168 179 6
168 180 2
168 182 6
168 186 9
168 189 10
168 190 3
168 194 5
168 195 2
168 198 8
168 201 1
168 203 3
168 207 6
168 211 6
168 213 6
168 215 8
168 217 8
168 220 9
168 221 7
168 222 10
168 226 8
168 228 9
168 231 6
168 233 6
168 235 5
168 238 10
168 241 4
168 243 10
168 245 4
168 246 8
168 248 8
168 249 1
169 171 9
169 173 6
169 175 1
169 178 7
169 183 6
169 184 1
169 185 1
169 186 9
169 188 9
169 189 9
169 191 6
169 193 7
169 194 7
169 195 9
169 196 3
169 197 8
169 198 10
169 200 7
169 201 4
169 202 3
169 203 7
169 204 1
169 207 9
169 209 10
169 210 10
169 211 10
169 212 3
169 213 9
169 214 9
169 220 7
169 221 8
169 223 4
169 225 4
169 227 7
169 231 8
169 232 8
169 233 6
169 235 6
169 236 7
169 241 4
169 242 8
169 243 4
169 245 6
169 246 10
169 247 6
169 248 1
170 171 5
170 172 7
170 173 9
170 174 6
170 176 2
170 177 8
170 178 5
170 181 2
170 183 1
170 184 7
170 185 5
170 189 4
170 191 1
170 195 8
170 196 8
170 199 4
170 203 6
170 205 9
170 207 6
170 208 1
170 209 6
170 210 9
170 212 2
170 215 8
170 219 4
170 220 1
170 222 5
170 223 9
170 224 7
170 225 10
170 226 2
170 227 6
170 228 3
170 229 9
170 230 1
170 239 3
170 243 8
170 245 1
170 246 4
170 247 7
170 249 1
171 172 5
171 177 2
171 178 8
171 179 4
171 180 6
171 181 4
171 183 2
171 189 4
171 190 4
171 191 8
171 195 7
171 196 10
171 198 3
171 200 4
171 201 9
171 202 9
171 203 6
171 205 6
171 207 2
171 208 10
171 210 7
171 212 7
171 213 1
171 215 1
171 216 5
171 220 10
171 221 9
171 222 10
171 223 2
171 224 9
171 225 7
171 227 9
171 228 4
171 231 4
171 232 9
171 233 1
171 235 1
171 236 6
171 237 6
171 240 3
171 243 2
171 246 10
171 248 3
171 249 10
172 176 7
172 177 7
172 178 1
172 179 1
172 180 5
172 183 9
172 184 7
172 187 3
172 188 1
172 191 4
172 192 3
172 193 9
172 197 3
172 199 3
172 200 6
172 201 5
172 203 5
172 205 7
172 208 5
172 211 6
172 215 9
172 216 1
172 217 4
172 219 6
172 220 8
172 223 8
172 225 3
172 226 2
172 227 4
172 230 8
172 232 8
172 233 9
172 234 3
172 236 9
172 237 4
172 238 8
172 241 1
172 242 1
172 243 7
172 245 10
172 248 4
173 174 4
173 175 8
173 177 7
173 179 3
173 180 8
173 181 9
173 182 2
173 183 9
173 186 2
173 188 1
173 189 6
173 191 7
173 193 9
173 196 1
173 201 4
173 202 6
173 204 3
173 208 8
173 210 7
173 211 3
173 216 9
173 217 7
173 218 1
173 219 6
173 221 9
173 222 3
173 226 8
173 228 10
173 229 6
173 232 8
173 233 1
173 234 4
173 239 4
173 244 8
173 246 1
173 249 2
174 176 5
174 177 4
174 178 9
174 181 8
174 182 7
174 185 8
174 187 1
174 188 7
174 189 4
174 190 1
174 191 7
174 192 7
174 193 5
174 196 8
174 197 6
174 198 5
174 199 3
174 200 9
174 201 2
174 203 1
174 204 9
174 206 10
174 208 9
174 210 5
174 212 10
174 213 8
174 217 7
174 218 3
174 219 6
174 220 7
174 222 2
174 224 6
174 226 3
174 231 4
174 234 2
174 236 4
174 237 10
174 239 4
174 241 5
174 243 8
174 248 8
175 178 6
175 179 2
175 181 7
175 183 1
175 185 6
175 186 8
175 187 9
175 188 3
175 189 3
175 190 6
175 191 10
175 197 7
175 198 10
175 199 1
175 200 2
175 203 10
175 204 6
175 206 3
175 207 3
175 209 6
175 215 5
175 216 9
175 217 9
175 218 5
175 219 8
175 220 1
175 221 3
175 222 3
175 223 6
175 224 7
175 230 6
175 235 4
175 237 3
175 241 9
175 244 10
175 245 4
175 246 10
175 248 9
175 249 9
176 178 4
176 180 7
176 181 10
176 184 1
176 186 10
176 187 3
176 190 2
176 192 6
176 194 3
176 195 8
176 196 4
176 197 1
176 198 2
176 199 1
176 200 5
176 201 4
176 203 8
176 204 6
176 205 8
176 206 4
176 212 1
176 213 2
176 215 9
176 216 5
176 218 8
176 221 9
176 223 8
176 225 5
176 228 7
176 230 2
176 231 6
176 232 6
176 234 9
176 238 4
176 239 5
176 240 6
176 242 6
176 244 8
176 247 10
176 248 9
177 181 2
177 182 10
177 186 6
177 190 6
177 192 10
177 195 5
177 197 2
177 198 9
177 199 1
177 200 1
177 205 5
177 208 1
177 211 3
177 212 4
177 213 6
177 214 4
177 215 7
177 220 1
177 224 2
177 225 5
177 226 9
177 227 5
177 228 3
177 229 2
177 230 10
177 232 2
177 235 1
177 236 9
177 238 6
177 240 5
177 241 6
177 243 7
177 248 4
177 249 1
178 179 2
178 180 3
178 184 8
178 187 6
178 188 6
178 189 8
178 190 1
178 192 7
178 195 2
178 198 10
178 199 6
178 201 6
178 203 4
178 204 4
178 205 10
178 208 1
178 209 9
178 214 7
178 216 10
178 218 6
178 219 3
178 220 10
178 221 2
178 225 4
178 229 8
178 231 7
178 232 3
178 235 8
178 236 10
178 238 1
178 242 8
178 244 1
178 247 5
178 249 10
179 181 8
179 182 6
179 184 5
179 186 5
179 187 5
179 189 9
179 190 2
179 193 2
179 194 8
179 195 1
179 196 10
179 197 5
179 199 10
179 200 1
179 201 5
179 203 3
179 206 5
179 207 1
179 210 4
179 212 9
179 213 3
179 214 6
179 216 3
179 220 7
179 223 7
179 224 8
179 225 2
179 227 1
179 228 7
179 229 1
179 231 7
179 232 4
179 234 2
179 235 9
179 236 4
179 239 4
179 243 2
179 244 8
179 247 7
179 248 5
180 181 1
180 184 1
180 187 5
180 188 9
180 189 3
180 197 6
180 200 9
180 208 9
180 210 1
180 211 2
180 213 7
180 214 5
180 216 9
180 218 9
180 219 8
180 220 2
180 223 8
180 224 10
180 226 7
180 227 5
180 230 8
180 232 8
180 235 5
180 237 9
180 238 9
180 241 2
180 243 10
180 244 1
180 246 6
180 249 9
181 182 9
181 183 3
181 187 5
181 189 1
181 190 2
181 191 6
181 194 1
181 197 6
181 198 4
181 200 6
181 201 5
181 202 6
181 203 5
181 208 8
181 209 3
181 212 3
181 214 10
181 215 6
181 216 5
181 221 4
181 222 6
181 223 1
181 224 7
181 226 5
181 227 2
181 228 6
181 229 3
181 230 6
181 232 5
181 233 6
181 234 4
181 235 9
181 237 6
181 238 7
181 241 4
181 244 7
181 245 9
181 246 10
181 248 5
181 249 9
182 186 6
182 187 6
182 189 8
182 190 6
182 193 7
182 194 8
182 195 3
182 199 10
182 204 4
182 205 6
182 206 1
182 210 10
182 211 4
182 214 1
182 215 5
182 217 1
182 220 6
182 222 10
182 224 2
182 225 10
182 226 1
182 227 10
182 228 2
182 231 3
182 233 7
182 234 9
182 236 1
182 238 8
182 239 3
182 242 6
182 243 3
182 248 6
183 187 2
183 195 2
183 197 6
183 198 5
183 199 2
183 200 4
183 202 1
183 206 6
183 209 8
183 211 5
183 212 10
183 213 3
183 214 3
183 217 1
183 218 2
183 219 1
183 221 5
183 222 7
183 223 9
183 224 5
183 225 3
183 226 9
183 227 9
183 229 3
183 231 8
183 232 7
183 238 10
183 239 4
183 242 8
183 243 4
183 245 3
184 185 3
184 186 10
184 187 4
184 189 4
184 197 2
184 199 2
184 203 2
184 204 5
184 207 4
184 208 4
184 209 2
184 210 1
184 211 4
184 212 3
184 213 7
184 214 8
184 215 4
184 220 4
184 221 7
184 222 4
184 223 10
184 224 3
184 225 7
184 226 3
184 227 3
184 228 2
184 229 1
184 230 8
184 231 4
184 232 1
184 233 8
184 235 3
184 237 7
184 238 1
184 239 3
184 245 4
184 247 6
184 248 9
185 188 1
185 190 4
185 192 9
185 193 6
185 194 9
185 196 9
185 197 9
185 198 4
185 201 4
185 203 9
185 207 10
185 208 10
185 211 5
185 215 8
185 218 9
185 219 8
185 220 2
185 221 7
185 224 5
185 227 3
185 228 6
185 229 3
185 230 5
185 233 1
185 234 1
185 235 9
185 236 6
185 239 5
185 241 1
185 243 10
185 244 8
185 246 2
186 187 9
186 189 1
186 190 7
186 193 7
186 195 3
186 197 6
186 198 3
186 200 2
186 203 2
186 204 10
186 206 5
186 207 1
186 211 8
186 213 10
186 214 2
186 219 9
186 222 4
186 223 2
186 225 10
186 226 8
186 227 2
186 228 5
186 233 10
186 234 8
186 235 7
186 236 8
186 237 5
186 238 5
186 239 6
186 244 7
186 246 10
186 247 6
187 189 2
187 190 3
187 191 1
187 192 5
187 193 10
187 194 3
187 195 8
187 196 7
187 197 9
187 203 6
187 204 2
187 205 6
187 208 5
187 210 8
187 212 9
187 215 4
187 220 4
187 221 9
187 224 3
187 228 2
187 234 2
187 235 9
187 236 8
187 238 9
187 239 3
187 240 4
187 241 9
187 243 10
187 244 8
187 246 2
187 247 8
187 248 6
187 249 10
188 190 9
188 191 9
188 193 3
188 203 7
188 205 3
188 207 1
188 209 1
188 210 7
188 211 8
188 212 3
188 214 5
188 215 2
188 218 8
188 220 2
188 221 7
188 223 7
188 225 10
188 231 5
188 233 6
188 240 6
188 241 4
188 245 2
188 246 9
188 248 1
189 192 9
189 195 6
189 200 2
189 201 8
189 203 7
189 205 1
189 209 4
189 210 10
189 211 3
189 214 1
189 215 5
189 218 6
189 220 2
189 224 2
189 225 3
189 226 9
189 228 10
189 231 8
189 236 5
189 237 10
189 244 3
189 245 5
189 246 6
189 248 8
190 194 1
190 195 7
190 196 8
190 197 6
190 198 3
190 201 5
190 202 10
190 203 5
190 204 8
190 206 10
190 208 4
190 209 1
190 211 10
190 212 1
190 213 1
190 216 6
190 217 7
190 218 5
190 219 8
190 220 6
190 222 8
190 224 5
190 225 6
190 227 9
190 229 1
190 230 8
190 233 5
190 234 9
190 238 8
190 240 9
190 243 4
190 244 8
190 246 6
190 247 4
190 248 4
191 192 6
191 193 10
191 195 3
191 199 7
191 203 6
191 205 8
191 207 3
191 208 4
191 209 6
191 211 1
191 213 2
191 214 1
191 217 9
191 218 8
191 221 10
191 223 4
191 225 9
191 226 3
191 232 1
191 235 9
191 236 4
191 238 7
191 240 7
191 241 4
191 242 6
191 248 5
191 249 4
192 193 10
192 195 3
192 196 3
192 197 4
192 200 6
192 201 7
192 202 1
192 208 6
192 211 9
192 212 1
192 215 6
192 217 7
192 218 1
192 220 8
192 221 9
192 224 2
192 226 4
192 227 6
192 228 1
192 231 1
192 236 1
192 237 9
192 239 4
192 241 5
192 243 4
193 194 5
193 195 8
193 197 6
193 198 10
193 200 7
193 208 10
193 209 5
193 210 3
193 216 7
193 217 8
193 219 8
193 220 2
193 225 5
193 227 3
193 230 4
193 232 10
193 233 4
193 234 9
193 235 8
193 236 7
193 237 9
193 239 7
193 241 1
193 244 5
193 248 7
193 249 1
194 196 2
194 198 4
194 199 4
194 201 4
194 202 6
194 203 6
194 204 6
194 205 3
194 206 3
194 208 6
194 209 10
194 211 6
194 212 8
194 214 7
194 216 4
194 219 3
194 222 3
194 224 10
194 226 6
194 227 3
194 229 2
194 230 10
194 233 1
194 234 7
194 236 7
194 240 9
194 242 8
194 243 10
194 245 6
194 249 2
195 196 7
195 197 1
195 198 7
195 200 9
195 205 7
195 206 7
195 207 9
195 208 9
195 212 6
195 214 1
195 215 1
195 219 4
195 222 9
195 223 9
195 224 3
195 226 9
195 227 8
195 229 2
195 233 2
195 235 1
195 236 6
195 237 6
195 239 8
195 240 8
195 244 8
195 248 5
195 249 4
196 197 7
196 198 10
196 199 9
196 204 7
196 206 9
196 207 4
196 212 3
196 215 2
196 217 5
196 219 4
196 222 7
196 223 7
196 226 2
196 229 5
196 231 6
196 232 10
196 233 9
196 235 4
196 236 3
196 237 4
196 239 2
196 240 2
196 241 2
196 242 9
196 247 6
196 248 4
196 249 7
197 198 6
197 200 7
197 206 5
197 209 9
197 212 3
197 214 8
197 216 2
197 217 3
197 218 1
197 222 2
197 225 7
197 226 4
197 228 6
197 229 8
197 231 3
197 233 3
197 235 5
197 236 10
197 237 9
197 238 1
197 239 10
197 241 7
197 242 1
197 243 3
197 246 4
197 247 10
198 199 6
198 200 6
198 202 7
198 204 9
198 212 6
198 213 1
198 215 9
198 216 3
198 217 8
198 218 8
198 221 7
198 222 3
198 229 2
198 230 2
198 232 9
198 233 5
198 234 8
198 236 2
198 237 8
198 239 9
198 240 5
198 242 4
198 246 4
198 247 10
198 249 2
199 201 8
199 203 6
199 205 3
199 206 7
199 207 8
199 209 3
199 210 1
199 224 10
199 225 10
199 226 3
199 227 9
199 229 1
199 234 3
199 237 6
199 241 5
199 242 1
199 243 2
199 246 10
199 248 10
199 249 3
200 201 10
200 202 4
200 203 6
200 216 10
200 219 10
200 220 6
200 221 8
200 222 2
200 223 4
200 224 7
200 225 6
200 227 1
200 228 10
200 229 8
200 232 6
200 233 8
200 235 2
200 236 1
200 238 1
200 241 6
200 244 6
200 245 4
200 246 3
200 247 4
200 249 9
201 202 7
201 208 4
201 211 8
201 212 9
201 213 5
201 218 7
201 220 7
201 221 1
201 223 8
201 224 7
201 226 5
201 228 5
201 232 3
201 236 1
201 237 7
201 238 10
201 239 3
201 241 6
201 242 4
201 243 6
201 245 8
201 246 6
201 248 9
201 249 1
202 203 3
202 206 8
202 208 2
202 211 10
202 214 1
202 216 2
202 219 5
202 221 6
202 223 1
202 229 7
202 231 2
202 232 7
202 233 3
202 234 2
202 235 9
202 237 4
202 238 10
202 239 10
202 242 2
202 244 7
202 245 10
202 246 6
202 247 9
202 248 3
203 204 5
203 205 9
203 212 10
203 213 1
203 215 5
203 217 10
203 218 2
203 220 4
203 221 6
203 222 9
203 225 1
203 226 9
203 227 3
203 230 7
203 231 10
203 232 4
203 235 1
203 236 6
203 237 5
203 239 9
203 240 1
203 244 8
203 247 1
203 248 6
204 206 3
204 207 4
204 210 2
204 212 7
204 217 9
204 219 9
204 220 3
204 222 3
204 223 5
204 224 4
204 234 10
204 235 10
204 237 1
204 238 6
204 241 2
204 242 5
204 243 5
204 245 3
204 246 7
204 248 10
204 249 9
205 206 4
205 210 2
205 214 9
205 215 2
205 217 3
205 218 7
205 219 8
205 220 8
205 221 8
205 224 7
205 225 9
205 226 9
205 227 1
205 228 10
205 229 7
205 231 7
205 233 9
205 235 9
205 236 8
205 237 5
205 238 9
205 239 1
205 240 10
205 242 3
205 243 4
205 246 5
205 248 7
205 249 4
206 207 9
206 211 9
206 212 10
206 213 7
206 214 3
206 216 3
206 217 10
206 219 7
206 223 8
206 225 9
206 227 7
206 229 4
206 231 8
206 234 1
206 235 6
206 237 8
206 239 6
206 242 2
206 245 3
206 246 2
206 247 9
206 248 10
207 208 4
207 211 4
207 212 6
207 216 5
207 217 4
207 219 7
207 222 4
207 224 10
207 225 3
207 229 3
207 230 9
207 234 1
207 235 3
207 237 1
207 238 7
207 239 5
207 241 9
207 242 3
207 245 10
207 247 2
207 248 4
207 249 9
208 210 4
208 213 4
208 214 4
208 215 8
208 216 2
208 217 10
208 221 7
208 222 3
208 223 9
208 224 4
208 226 6
208 227 2
208 228 3
208 229 9
208 230 7
208 233 7
208 234 1
208 236 9
208 238 1
208 241 6
208 245 10
209 212 3
209 215 2
209 216 5
209 219 5
209 220 7
209 221 6
209 225 8
209 226 6
209 229 4
209 231 8
209 232 5
209 233 2
209 234 5
209 235 6
209 236 8
209 238 7
209 239 4
209 241 1
209 244 4
209 246 10
209 248 2
209 249 9
210 212 7
210 213 3
210 214 8
210 215 1
210 217 8
210 219 6
210 222 6
210 223 2
210 226 9
210 227 7
210 228 3
210 229 1
210 230 9
210 234 10
210 236 2
210 238 10
210 241 5
210 243 10
210 245 9
210 246 5
210 247 10
210 248 3
211 212 3
211 213 7
211 214 2
211 216 4
211 217 6
211 219 6
211 220 10
211 223 10
211 229 2
211 232 9
211 234 9
211 237 3
211 239 7
211 240 5
211 241 7
211 242 7
211 243 6
211 245 10
211 246 6
211 247 3
211 249 7
212 213 4
212 214 1
212 217 2
212 220 10
212 222 7
212 227 1
212 232 9
212 234 6
212 237 6
212 240 1
212 241 5
212 242 4
212 245 6
212 246 5
212 247 1
212 248 5
212 249 6
213 214 10
213 216 9
213 218 4
213 224 8
213 227 4
213 229 8
213 230 2
213 232 7
213 233 2
213 234 7
213 235 8
213 237 8
213 240 7
213 244 4
213 246 6
213 247 5
214 217 7
214 218 5
214 222 10
214 226 9
214 234 9
214 235 8
214 236 2
214 237 3
214 238 3
214 239 10
214 244 7
214 245 9
214 247 4
214 248 9
214 249 6
215 217 1
215 218 1
215 220 1
215 221 8
215 222 6
215 223 5
215 226 10
215 227 7
215 228 3
215 229 1
215 230 1
215 232 7
215 234 4
215 235 6
215 237 1
215 242 7
215 243 6
215 245 3
215 246 4
215 247 1
215 249 2
216 218 1
216 221 7
216 223 8
216 227 2
216 229 5
216 231 8
216 233 2
216 236 9
216 237 1
216 238 1
216 241 9
216 242 9
216 244 4
216 248 3
216 249 4
217 219 9
217 220 9
217 221 3
217 224 6
217 225 3
217 226 5
217 227 8
217 228 2
217 229 10
217 233 4
217 234 7
217 235 10
217 236 3
217 238 5
217 239 4
217 242 3
217 243 4
217 248 8
218 219 5
218 220 10
218 221 9
218 222 4
218 223 10
218 225 10
218 227 7
218 228 3
218 230 4
218 232 4
218 234 1
218 235 10
218 236 2
218 238 8
218 239 8
218 240 5
218 241 5
218 243 3
218 245 2
218 248 10
219 220 3
219 223 10
219 224 9
219 226 9
219 227 9
219 229 1
219 231 10
219 232 6
219 236 7
219 237 4
219 238 8
219 240 1
219 241 10
219 242 10
219 243 8
219 244 6
219 245 5
219 246 4
219 249 1
220 225 5
220 226 3
220 228 1
220 232 8
220 233 4
220 234 6
220 236 1
220 238 1
220 239 2
220 240 5
220 241 9
220 242 5
220 243 8
220 244 5
220 247 4
221 222 6
221 223 8
221 224 4
221 226 2
221 227 10
221 229 3
221 230 10
221 235 7
221 238 6
221 242 7
221 244 9
221 246 9
221 248 9
222 223 9
222 234 4
222 237 7
222 239 9
222 240 6
222 242 7
222 243 7
222 245 4
222 247 3
223 228 2
223 229 7
223 232 7
223 233 6
223 235 4
223 236 6
223 237 8
223 238 10
223 239 4
223 241 7
223 242 10
223 247 6
223 248 6
223 249 9
224 227 10
224 228 9
224 230 2
224 231 7
224 232 3
224 233 9
224 235 6
224 236 10
224 240 5
224 242 5
224 245 6
224 246 6
224 249 1
225 228 7
225 230 3
225 237 5
225 240 6
225 242 5
225 245 3
225 247 5
225 249 10
226 231 6
226 232 3
226 234 2
226 235 8
226 236 8
226 240 3
226 241 5
226 242 9
226 243 1
227 228 4
227 230 6
227 232 6
227 236 2
227 242 5
227 243 1
227 244 9
227 245 9
227 246 3
227 247 5
227 248 7
228 230 5
228 235 9
228 236 4
228 242 3
228 244 8
228 246 8
228 247 1
228 248 2
228 249 7
229 231 7
229 233 6
229 234 2
229 235 8
229 239 10
229 242 1
229 243 4
229 244 8
229 245 1
229 246 9
229 249 4
230 232 2
230 236 5
230 237 5
230 238 8
230 242 8
230 243 7
230 244 5
230 245 1
230 249 2
231 232 7
231 234 5
231 235 3
231 239 5
231 241 6
231 242 6
231 243 4
231 244 7
231 245 9
231 246 1
231 248 8
231 249 1
232 235 4
232 236 10
232 237 8
232 240 3
232 242 9
232 247 5
233 234 9
233 235 6
233 240 8
233 244 5
233 245 7
233 248 5
234 236 2
234 237 2
234 238 3
234 239 6
234 240 9
234 241 6
234 242 3
234 243 4
234 247 1
235 241 2
235 248 9
235 249 9
236 237 9
236 241 4
236 242 6
236 243 2
236 244 10
236 245 1
236 246 6
236 248 7
237 238 2
237 239 5
237 241 6
237 243 8
237 244 5
237 246 5
237 248 8
237 249 6
238 244 2
238 248 9
238 249 5
239 240 8
239 242 5
239 244 6
239 245 1
239 246 7
239 248 8
239 249 3
240 242 10
240 243 9
240 244 6
240 246 9
240 247 8
240 248 4
240 249 8
241 247 9
241 248 1
242 247 2
242 249 1
243 245 10
243 248 8
244 245 7
245 246 5
245 248 3
245 249 4
246 247 8
246 248 6
247 248 8
247 249 2
248 249 8
