500 62460
0 2 4
0 3 5
0 4 7
0 8 4
0 9 3
0 10 6
0 11 9
0 13 4
0 14 1
0 17 6
0 20 10
0 23 10
0 24 10
0 26 2
0 27 6
0 28 9
0 35 5
0 42 4
0 43 2
0 44 9
0 45 10
0 46 4
0 47 7
0 48 2
0 50 2
0 51 5
0 52 3
0 53 9
0 57 4
0 59 9
0 60 2
0 67 2
0 68 6
0 69 9
0 70 3
0 71 1
0 74 10
0 76 8
0 78 2
0 79 10
0 80 5
0 82 7
0 85 5
0 86 1
0 89 8
0 90 9
0 91 4
0 94 6
0 95 5
0 96 10
0 101 2
0 105 10
0 107 6
0 108 2
0 109 7
0 112 8
0 114 4
0 117 6
0 120 8
0 125 5
0 126 3
0 127 10
0 131 6
0 132 3
0 135 4
0 136 3
0 137 5
0 140 10
0 141 10
0 143 3
0 145 2
0 146 6
0 149 4
0 150 8
0 153 4
0 155 6
0 156 10
0 157 10
0 159 4
0 160 1
0 161 10
0 163 4
0 166 9
0 167 3
0 169 6
0 170 8
0 173 5
0 176 7
0 177 1
0 178 1
0 179 4
0 180 9
0 184 1
0 185 7
0 186 9
0 188 8
0 189 10
0 190 4
0 191 10
0 192 7
0 193 4
0 195 1
0 198 7
0 204 1
0 205 1
0 206 2
0 207 8
0 208 8
0 209 1
0 211 5
0 213 6
0 214 9
0 219 7
0 220 2
0 225 10
0 229 1
0 231 1
0 232 9
0 235 8
0 236 4
0 238 7
0 241 7
0 245 7
0 247 3
0 248 8
0 250 8
0 251 2
0 253 6
0 254 7
0 257 4
0 258 4
0 259 3
0 263 4
0 264 9
0 270 3
0 272 4
0 275 4
0 276 1
0 277 3
0 279 9
0 282 8
0 284 5
0 285 2
0 288 2
0 289 2
0 290 7
0 291 6
0 294 10
0 297 5
0 298 4
0 299 7
0 305 3
0 306 10
0 307 9
0 312 2
0 313 8
0 314 6
0 317 3
0 319 6
0 325 3
0 327 7
0 332 8
0 334 4
0 337 4
0 339 8
0 340 5
0 342 3
0 343 2
0 344 6
0 345 9
0 348 5
0 350 3
0 354 7
0 356 8
0 358 10
0 359 1
0 360 10
0 362 5
0 365 8
0 367 7
0 369 1
0 375 9
0 376 5
0 378 8
0 379 8
0 382 10
0 383 3
0 384 1
0 385 2
0 386 2
0 387 6
0 388 4
0 393 9
0 395 1
0 396 5
0 397 7
0 400 10
0 401 10
0 402 5
0 403 10
0 406 8
0 407 10
0 410 9
0 414 2
0 415 8
0 416 1
0 417 7
0 418 9
0 420 8
0 421 8
0 423 9
0 425 7
0 426 7
0 428 1
0 431 6
0 432 5
0 433 10
0 436 3
0 437 8
0 439 8
0 453 9
0 454 8
0 455 10
0 460 5
0 461 9
0 462 10
0 463 8
0 464 10
0 466 6
0 467 10
0 470 2
0 471 3
0 473 7
0 474 7
0 475 2
0 481 10
0 482 4
0 483 10
0 487 5
0 491 4
0 492 10
0 493 9
0 494 6
0 495 3
0 497 6
0 498 9
0 499 7
1 2 10
1 4 1
1 5 7
1 7 2
1 9 3
1 10 6
1 11 10
1 12 4
1 13 2
1 14 6
1 16 5
1 19 9
1 20 7
1 21 2
1 24 3
1 30 1
1 31 7
1 32 10
1 33 3
1 36 10
1 39 3
1 42 7
1 45 6
1 46 4
1 47 4
1 50 5
1 52 3
1 55 6
1 59 3
1 62 1
1 63 2
1 64 1
1 66 10
1 69 9
1 74 6
1 77 2
1 80 8
1 81 1
1 83 4
1 86 9
1 88 9
1 89 9
1 91 5
1 92 5
1 94 4
1 95 6
1 97 10
1 100 2
1 101 3
1 103 1
1 105 1
1 109 5
1 111 9
1 112 4
1 114 3
1 116 2
1 118 1
1 120 2
1 122 9
1 123 2
1 124 9
1 125 7
1 126 1
1 129 3
1 130 9
1 131 1
1 135 9
1 136 1
1 137 4
1 138 1
1 139 7
1 140 2
1 142 2
1 146 3
1 148 7
1 151 1
1 152 9
1 153 9
1 154 4
1 156 8
1 158 10
1 159 5
1 161 5
1 162 3
1 164 10
1 166 6
1 170 2
1 172 6
1 173 9
1 176 5
1 181 1
1 182 8
1 184 9
1 185 1
1 186 3
1 187 7
1 188 2
1 190 5
1 191 2
1 194 1
1 201 4
1 206 8
1 207 2
1 208 6
1 211 7
1 212 4
1 217 10
1 218 4
1 219 5
1 220 8
1 221 1
1 222 9
1 223 1
1 230 7
1 231 6
1 233 2
1 236 9
1 239 2
1 240 2
1 241 10
1 242 10
1 245 2
1 247 7
1 251 10
1 252 6
1 253 3
1 255 2
1 260 5
1 261 5
1 262 4
1 266 9
1 269 10
1 271 8
1 274 6
1 275 6
1 278 10
1 281 9
1 282 5
1 284 1
1 287 5
1 290 10
1 292 6
1 297 5
1 299 2
1 303 9
1 304 6
1 307 2
1 308 8
1 310 9
1 313 2
1 314 5
1 315 8
1 318 5
1 320 4
1 324 9
1 328 5
1 329 5
1 334 4
1 336 4
1 338 8
1 340 7
1 341 7
1 343 4
1 349 8
1 350 9
1 354 6
1 355 5
1 360 10
1 361 10
1 364 4
1 367 7
1 369 9
1 370 2
1 371 6
1 375 10
1 376 5
1 379 9
1 381 6
1 382 6
1 383 1
1 384 10
1 385 7
1 389 8
1 390 6
1 391 5
1 394 6
1 395 7
1 397 3
1 398 8
1 399 1
1 400 8
1 404 3
1 407 7
1 411 2
1 413 3
1 415 2
1 418 7
1 428 7
1 429 3
1 432 10
1 433 3
1 435 5
1 436 4
1 442 6
1 444 6
1 447 5
1 448 2
1 450 4
1 457 4
1 459 4
1 461 10
1 467 2
1 468 5
1 469 4
1 473 8
1 474 6
1 477 3
1 478 7
1 479 7
1 481 9
1 482 5
1 483 3
1 485 10
1 486 4
1 490 6
1 492 7
1 493 8
1 494 9
1 495 10
1 496 2
1 498 1
1 499 1
2 3 4
2 6 2
2 10 3
2 11 9
2 12 6
2 13 6
2 15 1
2 19 5
2 21 10
2 22 2
2 24 2
2 26 8
2 27 8
2 29 8
2 30 7
2 32 10
2 34 9
2 35 2
2 36 4
2 37 10
2 39 4
2 40 3
2 42 8
2 43 4
2 44 6
2 45 3
2 49 7
2 52 1
2 55 5
2 59 7
2 61 10
2 62 6
2 63 6
2 65 7
2 67 7
2 68 3
2 70 3
2 71 5
2 74 1
2 77 8
2 79 2
2 85 6
2 86 3
2 87 6
2 88 9
2 89 2
2 90 7
2 91 8
2 92 3
2 94 8
2 95 8
2 97 3
2 99 7
2 100 2
2 106 7
2 107 1
2 108 6
2 115 6
2 117 9
2 119 10
2 120 1
2 122 6
2 131 5
2 134 5
2 135 1
2 137 8
2 138 4
2 139 1
2 142 2
2 143 9
2 145 2
2 147 3
2 148 3
2 149 2
2 150 7
2 154 4
2 155 3
2 156 1
2 159 2
2 161 3
2 162 9
2 163 8
2 165 1
2 166 9
2 167 4
2 169 3
2 171 5
2 172 7
2 174 8
2 175 7
2 176 10
2 177 8
2 178 8
2 179 5
2 180 7
2 182 2
2 183 9
2 188 5
2 190 10
2 191 10
2 197 2
2 198 2
2 199 1
2 200 10
2 205 5
2 207 2
2 210 9
2 211 9
2 212 2
2 213 1
2 214 7
2 216 4
2 219 6
2 223 6
2 224 1
2 225 6
2 229 3
2 231 5
2 234 8
2 241 8
2 242 3
2 243 10
2 244 3
2 245 8
2 246 5
2 248 2
2 249 10
2 250 9
2 252 10
2 257 7
2 261 1
2 264 8
2 265 4
2 266 6
2 267 2
2 268 4
2 270 6
2 273 10
2 274 10
2 275 8
2 276 8
2 278 1
2 279 4
2 280 5
2 281 2
2 282 7
2 286 2
2 287 5
2 289 9
2 294 1
2 296 6
2 297 5
2 300 5
2 303 4
2 304 1
2 313 9
2 314 10
2 315 4
2 316 5
2 317 8
2 319 8
2 320 2
2 321 5
2 322 4
2 324 8
2 328 4
2 329 8
2 331 9
2 332 3
2 333 9
2 337 4
2 338 10
2 339 9
2 341 6
2 342 5
2 343 1
2 345 9
2 347 10
2 349 4
2 351 2
2 354 8
2 355 9
2 356 7
2 361 8
2 362 3
2 366 5
2 369 2
2 371 6
2 373 6
2 374 6
2 376 6
2 377 5
2 378 8
2 379 4
2 380 6
2 382 5
2 384 9
2 385 1
2 390 8
2 391 8
2 394 5
2 396 9
2 397 4
2 398 4
2 399 1
2 404 7
2 405 8
2 406 1
2 407 8
2 408 5
2 410 2
2 411 6
2 414 1
2 416 10
2 417 1
2 418 7
2 420 1
2 421 5
2 423 1
2 425 7
2 430 2
2 431 1
2 434 2
2 435 2
2 437 10
2 442 7
2 443 9
2 446 5
2 448 1
2 452 9
2 454 8
2 455 4
2 456 6
2 457 1
2 458 3
2 463 3
2 465 9
2 466 6
2 469 3
2 470 8
2 471 2
2 475 4
2 477 10
2 478 4
2 483 9
2 487 8
2 488 10
2 490 4
2 492 1
2 494 2
2 495 8
2 497 7
2 499 9
3 6 8
3 8 10
3 12 7
3 15 1
3 16 3
3 18 6
3 19 3
3 24 3
3 28 8
3 30 7
3 31 2
3 33 6
3 34 9
3 36 6
3 37 8
3 38 10
3 40 5
3 42 3
3 43 6
3 45 7
3 47 8
3 48 1
3 51 10
3 52 1
3 53 8
3 62 4
3 63 10
3 64 8
3 66 8
3 68 3
3 72 2
3 73 9
3 79 7
3 82 8
3 84 10
3 88 3
3 90 6
3 92 5
3 93 8
3 94 9
3 95 4
3 96 5
3 98 6
3 102 2
3 105 6
3 106 6
3 109 8
3 111 1
3 118 5
3 119 6
3 124 6
3 126 8
3 128 9
3 130 9
3 133 7
3 134 1
3 135 10
3 136 3
3 137 3
3 138 3
3 140 7
3 145 9
3 146 6
3 148 3
3 149 6
3 150 9
3 151 6
3 152 2
3 153 9
3 154 1
3 156 1
3 158 10
3 159 2
3 161 1
3 163 5
3 165 7
3 166 7
3 167 10
3 171 7
3 172 4
3 173 7
3 174 7
3 177 9
3 180 1
3 184 8
3 185 8
3 187 4
3 189 7
3 192 2
3 195 6
3 197 2
3 199 10
3 202 2
3 205 6
3 206 4
3 207 3
3 208 4
3 209 7
3 212 5
3 214 8
3 217 6
3 218 4
3 222 2
3 224 1
3 231 6
3 232 2
3 239 3
3 243 7
3 245 3
3 247 5
3 248 4
3 249 8
3 250 10
3 252 5
3 257 2
3 258 8
3 259 9
3 260 3
3 263 4
3 264 8
3 266 3
3 267 7
3 273 5
3 274 3
3 276 2
3 278 8
3 279 5
3 280 2
3 282 10
3 283 7
3 286 9
3 287 4
3 289 9
3 294 2
3 295 2
3 297 6
3 298 2
3 299 10
3 300 2
3 301 4
3 305 9
3 308 4
3 312 10
3 313 8
3 315 2
3 317 1
3 320 10
3 323 1
3 324 3
3 326 2
3 329 6
3 335 4
3 337 6
3 340 7
3 341 9
3 346 6
3 348 3
3 350 5
3 353 6
3 356 2
3 357 7
3 358 8
3 359 3
3 360 9
3 361 6
3 362 8
3 367 3
3 372 7
3 374 4
3 375 4
3 376 2
3 377 8
3 378 1
3 379 8
3 382 3
3 384 10
3 387 5
3 388 6
3 389 10
3 390 8
3 394 2
3 395 10
3 397 2
3 399 6
3 400 3
3 401 1
3 404 4
3 406 10
3 409 5
3 410 2
3 413 3
3 414 9
3 416 10
3 418 3
3 422 2
3 423 1
3 425 6
3 426 5
3 428 5
3 431 5
3 433 2
3 434 1
3 435 10
3 438 9
3 442 4
3 443 1
3 444 5
3 447 3
3 449 3
3 450 8
3 455 5
3 457 5
3 460 4
3 465 1
3 466 7
3 470 2
3 471 3
3 472 1
3 473 10
3 478 1
3 479 7
3 480 8
3 483 8
3 485 9
3 488 8
3 489 3
3 490 3
3 491 2
3 494 3
3 496 6
3 497 1
3 498 5
4 5 8
4 7 1
4 10 3
4 13 1
4 14 10
4 15 5
4 17 6
4 18 5
4 19 2
4 24 10
4 25 3
4 30 8
4 31 3
4 32 8
4 33 4
4 35 5
4 37 10
4 44 8
4 45 3
4 46 3
4 50 10
4 52 8
4 53 9
4 57 10
4 61 6
4 63 9
4 65 3
4 68 4
4 70 9
4 71 8
4 73 4
4 77 3
4 79 4
4 80 9
4 82 2
4 83 2
4 85 1
4 88 8
4 89 3
4 91 6
4 92 7
4 93 8
4 96 2
4 97 9
4 98 4
4 99 10
4 101 4
4 104 8
4 108 1
4 109 9
4 111 6
4 113 6
4 117 5
4 118 6
4 123 2
4 125 1
4 127 10
4 129 9
4 133 5
4 134 1
4 135 3
4 137 3
4 139 10
4 141 1
4 146 1
4 147 10
4 148 7
4 149 1
4 152 6
4 153 7
4 154 9
4 155 7
4 158 2
4 164 1
4 165 3
4 167 3
4 168 3
4 169 1
4 170 7
4 171 6
4 175 6
4 177 10
4 178 3
4 181 8
4 182 6
4 183 10
4 187 2
4 189 7
4 194 8
4 195 9
4 196 10
4 197 5
4 199 5
4 201 8
4 203 8
4 208 6
4 209 10
4 211 3
4 214 4
4 216 4
4 217 2
4 219 5
4 220 7
4 222 3
4 225 1
4 229 4
4 230 3
4 234 1
4 235 4
4 236 10
4 237 6
4 238 1
4 239 3
4 240 8
4 241 2
4 242 2
4 244 1
4 245 6
4 246 8
4 247 4
4 249 8
4 250 3
4 251 10
4 252 2
4 253 1
4 258 1
4 259 2
4 260 6
4 261 7
4 262 3
4 263 1
4 264 1
4 265 8
4 266 9
4 267 10
4 268 8
4 269 5
4 272 9
4 273 3
4 274 10
4 276 3
4 279 4
4 280 5
4 284 9
4 285 8
4 287 8
4 288 4
4 291 5
4 293 7
4 295 3
4 296 5
4 298 7
4 299 6
4 306 9
4 308 6
4 309 6
4 313 10
4 314 5
4 316 5
4 320 2
4 322 10
4 323 5
4 329 3
4 333 6
4 336 3
4 338 3
4 341 9
4 344 8
4 345 10
4 346 9
4 351 6
4 352 7
4 356 6
4 357 9
4 358 5
4 359 10
4 361 7
4 363 5
4 364 10
4 365 1
4 366 9
4 367 8
4 368 5
4 369 6
4 371 4
4 372 1
4 374 8
4 378 3
4 380 4
4 381 7
4 382 2
4 385 3
4 386 5
4 387 7
4 389 4
4 390 10
4 392 7
4 394 5
4 396 2
4 399 2
4 400 4
4 402 3
4 403 2
4 404 3
4 405 4
4 412 9
4 417 3
4 419 6
4 420 6
4 421 1
4 422 8
4 423 3
4 426 6
4 427 1
4 428 1
4 429 9
4 435 6
4 436 3
4 437 3
4 438 4
4 439 10
4 440 5
4 441 3
4 442 1
4 446 5
4 448 7
4 450 9
4 451 9
4 452 2
4 454 4
4 455 10
4 457 7
4 458 1
4 462 8
4 463 1
4 466 3
4 468 2
4 472 5
4 475 9
4 477 5
4 478 10
4 480 9
4 483 6
4 486 9
4 489 7
4 490 5
4 491 10
4 492 2
4 493 7
4 494 6
4 495 3
4 497 5
4 499 7
5 6 10
5 10 9
5 16 8
5 18 8
5 23 3
5 25 7
5 26 4
5 27 2
5 30 4
5 32 1
5 34 9
5 36 1
5 37 1
5 41 6
5 43 3
5 44 5
5 46 4
5 47 5
5 48 9
5 49 2
5 51 4
5 54 2
5 55 10
5 57 2
5 58 3
5 60 1
5 61 1
5 63 5
5 64 5
5 66 1
5 68 9
5 70 9
5 72 9
5 74 5
5 75 4
5 77 2
5 78 2
5 79 9
5 81 8
5 84 7
5 85 4
5 86 1
5 87 6
5 89 8
5 93 9
5 94 8
5 95 8
5 96 7
5 98 4
5 99 4
5 101 1
5 104 4
5 106 10
5 108 6
5 110 5
5 113 7
5 114 6
5 117 1
5 118 1
5 121 9
5 123 6
5 124 8
5 125 6
5 126 5
5 134 1
5 138 7
5 139 3
5 142 9
5 143 4
5 144 9
5 150 8
5 153 9
5 158 9
5 159 1
5 160 5
5 161 9
5 162 5
5 167 10
5 169 5
5 172 7
5 173 4
5 175 2
5 178 3
5 182 1
5 186 1
5 187 2
5 188 9
5 189 3
5 191 7
5 194 10
5 197 6
5 202 2
5 203 9
5 205 7
5 208 1
5 210 9
5 211 6
5 214 5
5 215 8
5 216 5
5 217 9
5 219 2
5 220 6
5 221 8
5 224 10
5 226 3
5 228 10
5 229 7
5 230 10
5 231 6
5 237 9
5 238 5
5 239 8
5 241 3
5 242 9
5 243 2
5 246 4
5 250 5
5 251 8
5 252 10
5 254 5
5 256 1
5 257 7
5 259 7
5 261 8
5 263 5
5 265 2
5 268 10
5 269 9
5 270 7
5 271 10
5 272 3
5 276 5
5 280 6
5 282 5
5 283 8
5 284 8
5 287 3
5 292 8
5 294 1
5 295 8
5 296 2
5 298 8
5 300 4
5 302 1
5 303 3
5 304 3
5 308 2
5 309 8
5 310 5
5 311 2
5 314 2
5 315 1
5 316 3
5 317 1
5 320 2
5 321 8
5 322 5
5 323 7
5 324 2
5 328 4
5 330 9
5 331 2
5 332 8
5 333 1
5 336 3
5 338 2
5 339 9
5 340 8
5 342 5
5 343 10
5 345 2
5 346 8
5 349 7
5 351 2
5 355 3
5 357 3
5 358 5
5 360 9
5 361 5
5 364 4
5 365 7
5 366 10
5 367 2
5 370 10
5 371 1
5 373 9
5 374 5
5 375 3
5 376 6
5 378 10
5 380 9
5 381 2
5 382 8
5 384 10
5 385 4
5 386 5
5 387 6
5 395 9
5 397 4
5 400 4
5 401 3
5 402 8
5 403 5
5 406 7
5 412 5
5 414 3
5 417 8
5 419 7
5 422 9
5 425 7
5 430 1
5 435 2
5 438 8
5 439 2
5 440 10
5 441 9
5 442 4
5 443 8
5 445 6
5 447 5
5 448 2
5 452 8
5 453 9
5 460 9
5 462 5
5 463 4
5 464 5
5 465 8
5 466 7
5 471 2
5 476 9
5 478 7
5 479 4
5 481 10
5 485 1
5 488 1
5 492 4
5 495 1
5 497 1
5 499 1
6 8 8
6 12 7
6 13 4
6 14 3
6 15 2
6 16 5
6 17 7
6 18 10
6 19 2
6 23 9
6 24 5
6 26 8
6 27 8
6 31 3
6 32 3
6 34 6
6 35 10
6 37 10
6 38 3
6 39 8
6 43 1
6 46 2
6 47 7
6 49 3
6 51 7
6 52 2
6 53 9
6 54 5
6 58 9
6 59 8
6 60 4
6 61 8
6 64 5
6 65 6
6 66 4
6 67 2
6 70 10
6 71 2
6 72 6
6 73 5
6 74 10
6 76 2
6 77 2
6 78 1
6 80 5
6 82 7
6 84 5
6 85 3
6 86 8
6 87 8
6 88 3
6 89 2
6 90 7
6 93 5
6 94 3
6 101 5
6 104 8
6 106 6
6 107 4
6 115 8
6 117 10
6 121 1
6 122 2
6 124 6
6 128 6
6 131 8
6 132 3
6 133 5
6 134 9
6 135 6
6 136 9
6 141 1
6 142 10
6 143 10
6 149 8
6 150 2
6 152 3
6 153 4
6 154 4
6 155 4
6 157 2
6 158 6
6 159 3
6 162 3
6 164 10
6 165 1
6 169 9
6 171 5
6 172 2
6 173 8
6 175 6
6 177 6
6 179 1
6 181 3
6 182 9
6 184 5
6 185 8
6 192 6
6 193 6
6 195 8
6 198 1
6 199 2
6 202 1
6 203 9
6 206 4
6 210 6
6 211 1
6 212 1
6 214 5
6 217 7
6 218 10
6 222 6
6 223 7
6 224 5
6 230 2
6 231 2
6 232 6
6 235 7
6 239 8
6 240 4
6 242 8
6 245 8
6 246 5
6 247 9
6 248 2
6 249 9
6 252 4
6 253 8
6 257 10
6 260 9
6 261 4
6 262 4
6 266 10
6 269 3
6 270 3
6 281 8
6 282 5
6 283 9
6 284 10
6 287 3
6 289 4
6 298 4
6 299 5
6 300 9
6 301 5
6 304 9
6 306 2
6 307 8
6 308 6
6 310 4
6 312 9
6 313 3
6 314 2
6 316 3
6 320 1
6 324 4
6 325 3
6 326 4
6 328 4
6 329 4
6 330 2
6 333 6
6 334 5
6 337 5
6 339 9
6 341 10
6 342 5
6 344 2
6 346 3
6 348 6
6 351 5
6 353 10
6 354 7
6 355 8
6 356 10
6 357 8
6 358 7
6 360 5
6 363 6
6 365 9
6 366 2
6 367 8
6 369 9
6 371 7
6 372 3
6 375 3
6 378 10
6 380 8
6 381 8
6 384 4
6 385 3
6 387 8
6 390 2
6 391 1
6 393 6
6 395 6
6 397 9
6 401 2
6 403 6
6 404 8
6 406 7
6 407 4
6 410 5
6 413 8
6 415 3
6 417 7
6 419 7
6 420 4
6 421 7
6 422 2
6 423 8
6 424 3
6 426 3
6 428 5
6 429 8
6 430 7
6 431 3
6 433 4
6 434 10
6 439 10
6 440 7
6 443 9
6 444 2
6 445 4
6 447 7
6 448 9
6 449 7
6 450 6
6 451 1
6 452 6
6 454 9
6 456 7
6 458 4
6 461 3
6 462 5
6 463 9
6 466 1
6 468 3
6 469 3
6 471 6
6 472 7
6 477 5
6 479 5
6 481 5
6 482 2
6 486 10
6 487 1
6 488 5
6 489 3
6 493 9
6 495 7
6 496 9
6 497 6
6 498 9
6 499 1
7 15 5
7 18 4
7 20 8
7 21 3
7 23 3
7 27 8
7 29 9
7 33 4
7 34 3
7 35 2
7 37 1
7 38 4
7 40 4
7 41 10
7 42 2
7 44 8
7 46 8
7 47 8
7 48 5
7 50 1
7 51 4
7 53 8
7 54 1
7 57 7
7 59 10
7 62 5
7 63 8
7 64 5
7 65 9
7 68 9
7 71 3
7 73 9
7 74 4
7 77 9
7 80 5
7 81 4
7 82 8
7 85 6
7 87 4
7 89 9
7 90 6
7 93 10
7 94 7
7 99 4
7 102 9
7 103 3
7 105 3
7 108 7
7 111 10
7 114 5
7 115 6
7 119 10
7 123 8
7 126 3
7 127 10
7 128 6
7 131 3
7 137 10
7 139 7
7 140 4
7 147 8
7 148 1
7 149 7
7 150 9
7 153 1
7 156 6
7 160 10
7 161 3
7 163 10
7 165 9
7 166 1
7 167 9
7 170 8
7 172 6
7 174 4
7 180 4
7 183 10
7 186 7
7 189 10
7 191 7
7 192 3
7 205 6
7 206 5
7 208 4
7 209 4
7 211 8
7 212 1
7 214 4
7 216 10
7 217 2
7 219 8
7 220 7
7 221 1
7 222 10
7 226 3
7 228 10
7 230 10
7 231 3
7 232 7
7 233 6
7 235 6
7 237 5
7 238 10
7 239 4
7 240 5
7 241 1
7 242 5
7 248 4
7 250 9
7 256 6
7 259 1
7 261 9
7 264 6
7 266 8
7 267 1
7 269 5
7 272 3
7 275 1
7 276 6
7 280 9
7 281 1
7 289 2
7 290 6
7 291 7
7 292 10
7 293 5
7 297 9
7 298 9
7 299 3
7 301 2
7 302 10
7 310 7
7 312 8
7 314 4
7 315 2
7 317 3
7 318 5
7 320 4
7 322 3
7 323 5
7 327 4
7 332 4
7 336 10
7 337 4
7 341 9
7 344 1
7 345 4
7 348 2
7 349 6
7 351 6
7 352 2
7 358 9
7 360 10
7 361 8
7 362 1
7 364 8
7 365 8
7 366 4
7 368 5
7 371 8
7 372 2
7 374 2
7 377 3
7 378 8
7 379 1
7 380 2
7 381 10
7 382 1
7 384 7
7 386 6
7 389 5
7 390 4
7 391 2
7 393 4
7 397 9
7 399 2
7 401 8
7 402 8
7 403 7
7 405 8
7 407 9
7 413 7
7 415 5
7 416 1
7 419 1
7 420 1
7 422 4
7 428 5
7 430 9
7 431 7
7 436 1
7 437 1
7 438 8
7 439 4
7 440 7
7 441 8
7 442 9
7 443 2
7 445 1
7 446 8
7 447 2
7 448 3
7 450 7
7 455 2
7 457 6
7 459 2
7 463 5
7 466 2
7 468 6
7 469 2
7 472 1
7 473 1
7 474 9
7 476 4
7 477 1
7 478 6
7 480 1
7 481 10
7 484 10
7 485 5
7 486 9
7 487 6
7 489 2
7 490 8
7 492 1
7 494 5
7 496 3
7 497 9
7 498 5
8 11 2
8 14 2
8 15 4
8 16 8
8 19 8
8 24 10
8 26 6
8 28 2
8 29 5
8 31 10
8 32 6
8 33 6
8 34 8
8 37 9
8 38 3
8 39 9
8 40 5
8 42 1
8 45 1
8 46 3
8 47 9
8 54 4
8 55 8
8 57 7
8 60 5
8 65 4
8 66 5
8 67 6
8 68 6
8 70 7
8 72 1
8 73 10
8 77 2
8 78 3
8 81 3
8 82 5
8 83 5
8 85 8
8 87 4
8 88 6
8 89 1
8 92 3
8 94 6
8 95 5
8 97 4
8 98 8
8 99 10
8 105 5
8 107 6
8 108 6
8 109 4
8 110 9
8 114 8
8 116 1
8 117 10
8 118 10
8 120 9
8 121 8
8 122 6
8 123 3
8 124 7
8 125 8
8 134 1
8 135 4
8 138 8
8 139 1
8 142 1
8 143 4
8 144 3
8 145 6
8 146 3
8 147 2
8 150 10
8 151 2
8 155 4
8 156 8
8 157 6
8 160 8
8 162 5
8 164 3
8 167 9
8 168 4
8 169 6
8 170 1
8 171 4
8 184 6
8 185 3
8 187 8
8 188 3
8 189 7
8 193 1
8 194 2
8 197 4
8 199 10
8 200 6
8 203 6
8 205 4
8 206 8
8 208 5
8 212 5
8 213 5
8 216 9
8 217 4
8 218 7
8 220 3
8 221 10
8 228 8
8 229 9
8 231 3
8 235 3
8 238 6
8 239 8
8 241 9
8 243 8
8 246 10
8 248 10
8 251 10
8 253 6
8 254 1
8 256 4
8 258 4
8 260 6
8 261 4
8 263 4
8 264 5
8 265 6
8 267 7
8 269 3
8 270 6
8 271 1
8 273 3
8 274 7
8 275 7
8 276 3
8 277 7
8 278 4
8 279 10
8 281 8
8 283 1
8 284 1
8 290 1
8 293 1
8 295 5
8 297 9
8 299 2
8 300 7
8 301 8
8 304 4
8 305 10
8 306 1
8 309 8
8 312 2
8 314 9
8 316 1
8 319 3
8 320 8
8 322 2
8 323 5
8 325 2
8 329 6
8 330 5
8 331 3
8 332 6
8 333 4
8 334 6
8 336 7
8 337 10
8 339 6
8 342 2
8 343 2
8 344 6
8 349 3
8 350 5
8 351 2
8 352 7
8 355 8
8 356 1
8 358 7
8 359 6
8 360 7
8 363 7
8 364 3
8 365 8
8 367 9
8 369 8
8 372 1
8 373 9
8 376 2
8 377 5
8 380 8
8 387 3
8 388 5
8 391 3
8 392 6
8 393 8
8 394 6
8 395 8
8 398 7
8 399 9
8 400 8
8 403 10
8 404 6
8 405 7
8 406 1
8 407 2
8 408 1
8 409 4
8 410 5
8 412 6
8 413 4
8 415 1
8 416 5
8 417 9
8 418 8
8 419 6
8 424 7
8 427 7
8 429 5
8 430 9
8 433 7
8 435 9
8 436 5
8 437 7
8 439 6
8 440 9
8 441 8
8 444 2
8 445 8
8 446 3
8 447 4
8 448 5
8 451 1
8 453 1
8 456 8
8 458 6
8 459 2
8 460 7
8 464 2
8 466 8
8 468 10
8 470 10
8 471 3
8 475 6
8 477 4
8 478 10
8 480 6
8 483 9
8 485 7
8 488 6
8 489 4
8 491 5
8 492 10
8 493 7
8 494 6
8 496 3
8 497 4
8 499 2
9 11 5
9 12 8
9 13 7
9 14 9
9 19 5
9 23 10
9 24 5
9 29 10
9 30 1
9 32 2
9 33 4
9 35 4
9 36 9
9 37 4
9 39 4
9 40 2
9 41 9
9 43 9
9 47 6
9 48 10
9 49 4
9 50 8
9 51 9
9 52 9
9 54 6
9 55 7
9 56 7
9 59 10
9 63 2
9 65 9
9 68 8
9 70 7
9 72 9
9 74 9
9 76 7
9 77 5
9 78 6
9 84 3
9 85 8
9 87 2
9 89 6
9 90 9
9 92 4
9 94 8
9 97 10
9 98 10
9 101 4
9 102 5
9 103 6
9 104 6
9 107 8
9 110 7
9 112 8
9 114 10
9 116 5
9 117 3
9 119 2
9 120 8
9 123 7
9 124 5
9 125 10
9 126 10
9 127 7
9 129 10
9 130 8
9 131 7
9 133 6
9 134 3
9 136 7
9 140 6
9 143 1
9 145 7
9 146 10
9 152 6
9 153 2
9 154 1
9 156 10
9 159 10
9 163 7
9 164 5
9 165 3
9 166 10
9 167 9
9 169 9
9 171 2
9 172 1
9 177 8
9 183 10
9 186 7
9 187 4
9 189 5
9 191 3
9 194 2
9 197 2
9 199 4
9 200 3
9 201 1
9 203 1
9 205 3
9 206 6
9 208 2
9 209 1
9 212 7
9 213 3
9 214 6
9 215 6
9 216 4
9 218 9
9 219 9
9 220 6
9 223 6
9 224 9
9 226 7
9 228 5
9 231 9
9 232 6
9 234 8
9 236 9
9 238 6
9 239 6
9 240 5
9 242 4
9 243 8
9 247 3
9 248 5
9 249 1
9 251 4
9 252 8
9 255 4
9 256 10
9 261 1
9 263 5
9 264 6
9 265 2
9 266 5
9 268 3
9 270 2
9 271 4
9 273 9
9 275 3
9 278 1
9 279 7
9 280 10
9 283 9
9 285 6
9 286 8
9 287 8
9 291 9
9 294 8
9 295 9
9 297 8
9 298 10
9 301 10
9 303 7
9 305 6
9 306 10
9 308 6
9 309 3
9 310 8
9 311 5
9 312 4
9 314 2
9 322 9
9 324 2
9 325 4
9 328 10
9 329 7
9 333 2
9 334 2
9 335 4
9 338 7
9 340 8
9 341 3
9 345 9
9 348 6
9 351 7
9 354 8
9 357 10
9 358 10
9 363 1
9 364 10
9 365 2
9 369 1
9 371 6
9 372 2
9 375 6
9 377 1
9 378 9
9 380 3
9 382 9
9 386 5
9 388 2
9 389 3
9 390 6
9 391 5
9 393 2
9 394 7
9 395 4
9 399 9
9 403 6
9 404 2
9 405 4
9 406 5
9 407 1
9 408 5
9 410 9
9 411 6
9 419 9
9 421 7
9 424 6
9 429 7
9 430 10
9 431 3
9 432 8
9 434 6
9 435 3
9 437 2
9 439 4
9 441 4
9 443 7
9 447 9
9 448 6
9 449 6
9 450 7
9 453 3
9 454 9
9 455 8
9 460 2
9 461 5
9 462 7
9 463 7
9 465 7
9 469 2
9 470 6
9 475 5
9 477 7
9 479 4
9 480 5
9 482 1
9 484 5
9 485 6
9 486 10
9 488 9
9 489 8
9 492 8
9 494 1
9 496 10
9 497 7
9 498 3
10 11 10
10 16 9
10 17 8
10 19 7
10 23 7
10 25 7
10 26 4
10 27 8
10 33 3
10 34 3
10 37 10
10 38 6
10 39 4
10 40 6
10 41 4
10 42 2
10 44 2
10 45 4
10 47 8
10 52 6
10 56 7
10 60 3
10 62 2
10 65 5
10 66 3
10 70 3
10 71 10
10 75 7
10 76 2
10 78 8
10 82 2
10 83 7
10 86 3
10 87 8
10 88 9
10 90 8
10 92 5
10 93 8
10 95 1
10 98 5
10 99 6
10 100 4
10 101 9
10 106 8
10 110 7
10 112 4
10 115 10
10 117 9
10 119 3
10 123 7
10 125 6
10 126 7
10 131 2
10 136 6
10 137 2
10 138 2
10 139 9
10 140 5
10 141 3
10 143 5
10 144 6
10 145 2
10 149 6
10 150 10
10 151 8
10 153 2
10 158 8
10 163 2
10 165 1
10 168 1
10 172 8
10 173 7
10 174 5
10 177 4
10 179 4
10 181 3
10 182 4
10 183 2
10 184 3
10 185 4
10 186 4
10 187 8
10 188 8
10 189 9
10 192 9
10 193 2
10 194 7
10 195 3
10 197 9
10 198 8
10 199 9
10 201 8
10 202 3
10 203 4
10 204 10
10 206 4
10 207 7
10 208 6
10 209 9
10 215 10
10 222 8
10 223 3
10 226 7
10 227 1
10 230 4
10 231 9
10 232 7
10 236 5
10 241 9
10 242 8
10 243 1
10 244 5
10 245 8
10 246 5
10 249 3
10 250 3
10 253 8
10 257 9
10 258 10
10 262 7
10 263 5
10 267 3
10 270 6
10 272 9
10 275 10
10 277 1
10 280 2
10 282 5
10 283 10
10 286 7
10 287 1
10 289 10
10 294 10
10 295 5
10 296 2
10 298 10
10 300 6
10 302 5
10 305 4
10 307 6
10 309 9
10 310 2
10 311 9
10 313 6
10 314 10
10 315 2
10 316 9
10 318 2
10 321 8
10 324 8
10 326 4
10 327 9
10 328 4
10 329 9
10 332 8
10 333 5
10 334 9
10 337 6
10 340 9
10 341 3
10 342 7
10 344 8
10 345 8
10 347 6
10 349 8
10 350 1
10 353 1
10 354 7
10 357 8
10 358 3
10 359 1
10 363 10
10 365 2
10 367 1
10 371 1
10 372 10
10 374 7
10 379 6
10 380 6
10 382 8
10 383 8
10 386 6
10 389 1
10 390 8
10 391 5
10 393 2
10 395 8
10 397 2
10 400 9
10 401 10
10 406 1
10 407 10
10 408 2
10 409 3
10 413 7
10 414 6
10 417 1
10 418 10
10 419 4
10 421 1
10 422 1
10 423 9
10 425 8
10 426 7
10 428 3
10 430 3
10 433 4
10 434 1
10 435 1
10 437 10
10 438 2
10 441 10
10 442 7
10 444 6
10 446 9
10 449 7
10 450 4
10 451 1
10 452 2
10 456 6
10 458 3
10 459 4
10 461 3
10 463 4
10 467 7
10 471 10
10 474 10
10 475 1
10 476 2
10 478 2
10 483 3
10 484 1
10 486 3
10 490 10
10 491 2
10 492 8
10 493 3
10 494 3
10 495 6
10 496 8
10 497 3
10 498 9
11 17 6
11 19 9
11 26 8
11 27 9
11 31 10
11 32 10
11 35 9
11 36 9
11 37 6
11 39 2
11 40 2
11 41 9
11 43 5
11 44 3
11 45 10
11 48 4
11 49 3
11 50 4
11 52 3
11 56 1
11 57 6
11 59 2
11 60 1
11 62 5
11 66 2
11 72 4
11 73 6
11 78 7
11 81 4
11 84 10
11 86 3
11 89 10
11 92 8
11 93 6
11 96 9
11 97 1
11 98 5
11 99 6
11 103 5
11 104 9
11 107 2
11 108 7
11 111 10
11 112 5
11 114 9
11 117 2
11 119 10
11 120 1
11 122 6
11 123 8
11 126 8
11 129 4
11 132 3
11 133 10
11 135 2
11 137 5
11 139 3
11 140 9
11 141 2
11 142 7
11 144 5
11 145 7
11 148 9
11 149 1
11 151 7
11 153 8
11 157 4
11 160 9
11 165 1
11 166 1
11 167 8
11 168 7
11 171 10
11 173 5
11 174 9
11 178 2
11 179 10
11 180 3
11 181 2
11 182 2
11 185 4
11 189 2
11 192 1
11 195 8
11 196 8
11 197 8
11 201 4
11 202 7
11 203 3
11 204 4
11 206 9
11 207 2
11 210 10
11 213 6
11 214 7
11 218 1
11 219 9
11 221 1
11 223 6
11 224 3
11 225 6
11 228 1
11 231 9
11 233 9
11 234 3
11 238 5
11 239 6
11 241 10
11 243 6
11 244 6
11 247 3
11 248 8
11 249 2
11 250 1
11 252 9
11 254 10
11 255 7
11 256 7
11 260 9
11 261 8
11 263 7
11 264 9
11 266 8
11 267 9
11 268 10
11 274 10
11 277 5
11 279 5
11 283 9
11 286 8
11 287 7
11 291 8
11 293 9
11 295 1
11 296 9
11 298 6
11 300 3
11 303 9
11 304 8
11 306 8
11 309 4
11 310 8
11 312 7
11 313 2
11 314 5
11 318 3
11 319 6
11 322 8
11 324 10
11 325 5
11 328 9
11 330 4
11 331 9
11 332 5
11 333 5
11 338 4
11 341 9
11 345 2
11 346 2
11 348 4
11 349 8
11 351 4
11 353 2
11 355 9
11 356 8
11 357 3
11 361 6
11 363 4
11 364 8
11 365 5
11 367 6
11 368 7
11 369 4
11 370 7
11 372 7
11 376 6
11 382 3
11 384 1
11 385 2
11 387 4
11 389 7
11 390 4
11 392 4
11 396 9
11 399 10
11 400 4
11 401 5
11 403 10
11 404 8
11 406 1
11 409 7
11 410 5
11 412 10
11 416 5
11 417 8
11 418 7
11 420 10
11 421 2
11 422 3
11 425 8
11 426 9
11 427 8
11 428 6
11 431 8
11 436 5
11 437 9
11 438 4
11 439 3
11 440 4
11 441 6
11 442 5
11 444 3
11 445 10
11 446 7
11 447 10
11 449 9
11 450 8
11 452 7
11 453 7
11 454 3
11 455 8
11 456 3
11 457 7
11 460 7
11 462 1
11 463 6
11 467 7
11 470 3
11 474 5
11 476 4
11 477 10
11 479 9
11 480 3
11 481 5
11 484 7
11 486 4
11 487 1
11 489 5
11 491 5
11 493 3
11 494 7
11 498 1
11 499 6
12 14 6
12 15 1
12 16 5
12 17 5
12 20 5
12 22 1
12 25 6
12 28 8
12 30 1
12 32 4
12 33 2
12 34 9
12 37 10
12 40 5
12 41 9
12 43 2
12 47 6
12 48 4
12 49 9
12 51 7
12 54 3
12 56 5
12 57 3
12 58 3
12 59 10
12 62 3
12 65 5
12 66 1
12 68 6
12 69 2
12 70 1
12 72 3
12 78 7
12 80 4
12 84 7
12 85 8
12 86 7
12 88 5
12 89 6
12 90 4
12 91 3
12 93 1
12 94 10
12 99 3
12 100 10
12 106 5
12 109 10
12 112 6
12 114 9
12 115 1
12 116 3
12 118 3
12 119 8
12 120 5
12 121 4
12 129 8
12 130 3
12 131 7
12 134 7
12 135 9
12 136 2
12 141 8
12 143 3
12 145 1
12 147 2
12 148 9
12 149 1
12 150 7
12 151 4
12 154 9
12 157 10
12 158 7
12 161 5
12 162 10
12 163 9
12 164 4
12 169 6
12 171 5
12 172 2
12 173 7
12 177 3
12 178 1
12 181 10
12 183 4
12 185 4
12 186 2
12 187 10
12 188 7
12 192 3
12 193 4
12 196 1
12 198 8
12 200 8
12 201 9
12 202 3
12 203 1
12 204 8
12 205 7
12 207 5
12 208 10
12 209 1
12 213 1
12 214 7
12 215 8
12 216 9
12 218 4
12 220 6
12 222 5
12 224 4
12 225 5
12 227 9
12 229 4
12 231 10
12 232 9
12 233 10
12 235 9
12 236 6
12 237 3
12 239 6
12 242 8
12 244 9
12 247 5
12 250 1
12 253 9
12 256 10
12 257 1
12 259 10
12 260 4
12 261 7
12 263 6
12 264 3
12 265 3
12 267 1
12 268 7
12 269 4
12 270 8
12 273 6
12 275 2
12 277 7
12 278 7
12 282 4
12 284 3
12 285 3
12 286 2
12 290 6
12 291 4
12 293 9
12 294 9
12 295 7
12 296 10
12 297 4
12 300 7
12 302 1
12 303 4
12 305 6
12 306 6
12 311 10
12 314 2
12 315 1
12 318 9
12 320 2
12 321 9
12 322 6
12 324 7
12 326 5
12 328 10
12 329 4
12 330 6
12 331 8
12 332 6
12 334 7
12 338 4
12 339 6
12 340 9
12 341 10
12 342 9
12 343 8
12 347 6
12 351 1
12 352 4
12 355 7
12 357 3
12 360 1
12 362 3
12 363 7
12 364 2
12 369 5
12 370 3
12 372 1
12 373 8
12 375 4
12 377 7
12 378 9
12 379 3
12 381 3
12 382 1
12 385 8
12 387 1
12 389 4
12 390 10
12 392 10
12 394 3
12 395 3
12 399 10
12 402 2
12 407 8
12 411 9
12 412 8
12 413 3
12 415 3
12 416 7
12 417 2
12 419 5
12 420 9
12 421 7
12 424 7
12 426 1
12 427 4
12 428 2
12 429 8
12 431 2
12 433 1
12 435 7
12 436 1
12 437 8
12 438 10
12 441 3
12 444 8
12 445 1
12 447 2
12 451 10
12 452 8
12 454 7
12 457 3
12 458 10
12 465 1
12 467 6
12 468 5
12 470 3
12 472 9
12 474 9
12 475 7
12 476 3
12 477 8
12 479 10
12 480 9
12 482 5
12 483 5
12 485 5
12 486 1
12 491 3
12 494 7
13 16 6
13 18 1
13 20 8
13 22 6
13 25 3
13 27 4
13 29 3
13 30 4
13 32 9
13 33 3
13 39 9
13 40 3
13 44 5
13 45 7
13 53 1
13 57 3
13 58 6
13 59 4
13 63 9
13 64 9
13 66 1
13 67 8
13 68 6
13 76 6
13 77 4
13 79 9
13 83 9
13 84 2
13 85 10
13 89 10
13 96 6
13 98 2
13 99 2
13 100 9
13 101 2
13 102 3
13 103 10
13 105 1
13 107 5
13 109 7
13 111 6
13 113 4
13 116 4
13 117 10
13 118 3
13 122 2
13 124 9
13 125 5
13 126 7
13 127 2
13 128 9
13 131 8
13 133 7
13 134 5
13 135 8
13 136 3
13 142 5
13 143 3
13 144 6
13 145 7
13 146 6
13 153 2
13 154 6
13 156 9
13 157 7
13 158 8
13 162 3
13 166 9
13 167 8
13 169 4
13 170 1
13 171 4
13 172 10
13 177 9
13 181 10
13 182 6
13 184 5
13 187 7
13 191 5
13 192 8
13 193 4
13 194 9
13 195 2
13 197 9
13 200 2
13 201 1
13 203 4
13 204 2
13 207 8
13 208 8
13 210 10
13 211 9
13 213 6
13 220 9
13 221 9
13 225 10
13 228 2
13 232 9
13 233 2
13 236 10
13 239 5
13 243 9
13 248 3
13 249 10
13 251 7
13 252 10
13 253 5
13 255 5
13 256 1
13 257 2
13 260 8
13 262 4
13 264 3
13 267 7
13 268 1
13 269 3
13 271 5
13 273 9
13 277 9
13 279 2
13 281 5
13 285 7
13 286 7
13 287 7
13 288 8
13 289 4
13 290 5
13 292 9
13 293 6
13 296 3
13 297 3
13 299 4
13 300 4
13 301 3
13 305 4
13 306 9
13 307 4
13 308 7
13 309 3
13 310 10
13 311 8
13 314 5
13 315 5
13 316 10
13 318 1
13 320 4
13 321 10
13 322 4
13 323 8
13 325 6
13 327 4
13 330 10
13 333 1
13 334 4
13 338 1
13 340 3
13 341 8
13 342 10
13 343 6
13 348 6
13 351 9
13 354 4
13 355 5
13 356 7
13 357 7
13 358 9
13 359 4
13 362 9
13 365 7
13 368 3
13 369 7
13 370 8
13 371 6
13 372 10
13 373 3
13 374 5
13 377 6
13 380 4
13 383 10
13 384 2
13 392 5
13 393 2
13 394 5
13 399 3
13 402 8
13 403 9
13 404 7
13 406 8
13 407 9
13 408 3
13 410 1
13 412 5
13 413 3
13 414 3
13 415 6
13 416 9
13 417 4
13 419 2
13 423 10
13 424 8
13 434 7
13 437 3
13 438 7
13 440 1
13 441 9
13 443 5
13 444 10
13 445 1
13 446 8
13 448 1
13 449 2
13 452 3
13 453 2
13 454 9
13 456 1
13 457 6
13 458 7
13 459 9
13 460 5
13 461 1
13 463 8
13 464 6
13 470 2
13 471 2
13 473 2
13 474 6
13 479 1
13 480 7
13 484 1
13 485 5
13 486 6
13 489 5
13 491 3
13 492 8
13 494 3
13 495 6
13 497 6
13 499 8
14 16 7
14 17 8
14 19 10
14 21 10
14 23 3
14 24 1
14 26 4
14 27 9
14 28 10
14 31 5
14 32 6
14 33 5
14 34 3
14 37 9
14 38 2
14 40 1
14 41 5
14 46 8
14 51 3
14 52 2
14 55 7
14 58 5
14 59 3
14 63 5
14 64 8
14 71 8
14 72 9
14 73 4
14 74 6
14 75 4
14 78 7
14 80 3
14 81 8
14 85 10
14 86 5
14 89 2
14 93 7
14 94 4
14 95 1
14 97 1
14 98 8
14 100 1
14 101 9
14 103 8
14 112 2
14 113 7
14 119 3
14 120 9
14 123 7
14 124 6
14 127 8
14 128 2
14 130 3
14 131 2
14 132 5
14 136 3
14 137 1
14 138 3
14 139 5
14 140 9
14 142 9
14 145 1
14 146 5
14 148 10
14 151 9
14 152 5
14 153 4
14 156 3
14 159 7
14 160 9
14 162 9
14 163 10
14 164 2
14 166 1
14 167 1
14 169 5
14 171 1
14 174 4
14 176 3
14 177 4
14 178 5
14 180 1
14 185 5
14 190 8
14 191 2
14 192 6
14 194 10
14 197 2
14 198 10
14 199 5
14 211 4
14 213 7
14 216 3
14 218 6
14 219 1
14 221 3
14 223 3
14 224 1
14 226 8
14 229 8
14 232 2
14 233 9
14 235 10
14 236 8
14 237 1
14 239 4
14 240 9
14 241 1
14 242 4
14 243 9
14 244 3
14 245 10
14 246 9
14 247 4
14 248 8
14 249 10
14 251 2
14 252 3
14 253 4
14 254 5
14 255 4
14 256 10
14 257 1
14 258 9
14 260 9
14 261 4
14 264 3
14 266 6
14 267 7
14 268 8
14 269 3
14 270 1
14 271 10
14 272 5
14 273 6
14 275 3
14 278 6
14 281 5
14 282 6
14 283 6
14 285 3
14 287 3
14 291 9
14 293 6
14 294 1
14 295 6
14 297 2
14 299 2
14 301 4
14 304 8
14 305 8
14 309 7
14 312 4
14 313 4
14 314 10
14 315 9
14 317 9
14 318 1
14 321 8
14 323 9
14 324 9
14 326 10
14 327 8
14 329 5
14 330 8
14 332 1
14 335 8
14 336 4
14 339 10
14 346 1
14 347 6
14 351 7
14 354 8
14 355 10
14 358 4
14 359 3
14 361 7
14 362 1
14 363 3
14 364 10
14 366 4
14 367 1
14 369 4
14 371 2
14 372 5
14 373 3
14 374 9
14 377 2
14 378 1
14 380 9
14 383 6
14 389 3
14 390 7
14 391 2
14 392 7
14 394 8
14 397 8
14 402 10
14 404 2
14 408 8
14 410 6
14 412 8
14 414 9
14 415 8
14 418 5
14 419 9
14 420 2
14 421 5
14 422 2
14 423 6
14 424 9
14 426 4
14 429 3
14 430 2
14 431 3
14 432 2
14 433 10
14 435 2
14 436 9
14 440 2
14 441 3
14 442 6
14 443 6
14 444 8
14 445 9
14 446 5
14 454 5
14 455 1
14 456 8
14 457 9
14 459 1
14 460 6
14 462 6
14 463 1
14 465 4
14 468 2
14 469 6
14 470 1
14 472 4
14 475 8
14 476 9
14 480 8
14 483 6
14 484 5
14 485 4
14 486 5
14 488 8
14 490 5
14 493 8
14 494 9
14 496 7
14 497 6
14 499 7
15 16 7
15 17 4
15 20 9
15 23 1
15 24 7
15 25 7
15 26 4
15 27 5
15 30 7
15 34 8
15 35 10
15 36 4
15 39 9
15 44 8
15 48 5
15 49 1
15 50 4
15 52 10
15 53 1
15 54 4
15 55 5
15 56 4
15 58 7
15 61 10
15 63 8
15 64 4
15 66 6
15 67 7
15 68 4
15 69 1
15 70 2
15 71 4
15 74 2
15 75 6
15 76 8
15 77 5
15 80 4
15 82 4
15 83 3
15 86 8
15 88 3
15 90 9
15 92 6
15 93 6
15 101 1
15 102 10
15 105 5
15 106 8
15 107 7
15 110 5
15 111 6
15 113 6
15 116 8
15 117 1
15 123 4
15 124 2
15 125 3
15 127 2
15 132 1
15 133 9
15 134 4
15 135 3
15 138 3
15 139 10
15 140 3
15 143 6
15 144 4
15 145 7
15 147 3
15 148 10
15 152 1
15 154 1
15 155 5
15 156 7
15 157 8
15 159 9
15 161 4
15 162 2
15 163 9
15 165 8
15 166 9
15 167 6
15 168 8
15 170 4
15 171 5
15 177 10
15 178 6
15 179 8
15 180 8
15 181 7
15 182 6
15 183 3
15 186 7
15 193 2
15 194 8
15 197 3
15 198 9
15 201 5
15 204 7
15 205 10
15 206 10
15 208 5
15 213 4
15 215 7
15 216 5
15 219 2
15 220 1
15 222 9
15 224 9
15 226 5
15 229 8
15 230 9
15 232 9
15 235 8
15 236 7
15 239 8
15 241 10
15 247 4
15 248 1
15 250 10
15 251 5
15 253 10
15 255 7
15 256 10
15 258 1
15 260 9
15 261 7
15 262 2
15 264 9
15 265 4
15 267 3
15 268 1
15 270 4
15 272 5
15 273 8
15 274 8
15 276 2
15 277 3
15 280 2
15 281 9
15 282 2
15 284 5
15 290 2
15 291 8
15 292 8
15 293 7
15 294 4
15 299 5
15 302 7
15 304 6
15 307 8
15 310 2
15 311 10
15 314 5
15 316 4
15 318 1
15 320 5
15 322 9
15 324 6
15 328 10
15 329 7
15 333 1
15 334 10
15 336 1
15 337 3
15 338 4
15 340 5
15 341 4
15 344 7
15 347 10
15 348 8
15 349 5
15 351 4
15 353 6
15 354 3
15 356 1
15 358 8
15 361 4
15 362 10
15 363 1
15 364 8
15 366 5
15 367 5
15 370 8
15 371 10
15 372 10
15 373 3
15 375 2
15 382 7
15 383 1
15 384 4
15 385 1
15 389 7
15 390 7
15 391 1
15 392 4
15 394 5
15 395 8
15 397 5
15 401 4
15 402 10
15 403 5
15 404 1
15 405 5
15 407 5
15 408 7
15 411 7
15 412 5
15 413 2
15 414 5
15 415 7
15 416 8
15 417 4
15 418 2
15 419 4
15 422 6
15 423 3
15 424 2
15 425 3
15 428 8
15 432 3
15 440 10
15 443 3
15 445 8
15 446 2
15 449 10
15 451 1
15 454 3
15 457 6
15 461 2
15 462 1
15 463 10
15 464 8
15 465 10
15 466 5
15 471 8
15 472 7
15 478 6
15 479 2
15 481 4
15 482 8
15 486 7
15 490 1
15 491 7
15 492 9
15 493 4
15 495 9
15 496 10
15 498 2
15 499 7
16 17 6
16 21 5
16 22 1
16 24 10
16 26 10
16 27 1
16 28 2
16 29 8
16 30 10
16 32 5
16 34 9
16 36 5
16 37 4
16 38 3
16 44 1
16 45 4
16 50 2
16 52 3
16 53 5
16 54 5
16 55 9
16 57 4
16 58 1
16 59 4
16 60 6
16 61 6
16 62 3
16 65 3
16 69 4
16 70 2
16 73 10
16 74 5
16 76 2
16 78 2
16 79 9
16 80 2
16 84 5
16 90 10
16 91 2
16 97 5
16 98 5
16 100 4
16 104 7
16 108 9
16 112 1
16 113 9
16 115 4
16 116 4
16 119 1
16 120 2
16 121 7
16 124 1
16 127 7
16 128 3
16 131 9
16 132 6
16 135 2
16 136 1
16 141 10
16 142 9
16 144 9
16 145 3
16 147 2
16 149 8
16 150 8
16 151 4
16 153 8
16 155 4
16 159 10
16 160 8
16 161 1
16 162 6
16 163 4
16 165 1
16 167 1
16 168 1
16 170 4
16 173 9
16 175 7
16 180 4
16 181 4
16 182 1
16 183 7
16 189 5
16 190 1
16 191 3
16 192 10
16 193 4
16 194 9
16 198 3
16 201 2
16 204 5
16 207 6
16 208 3
16 209 9
16 213 10
16 214 9
16 215 1
16 217 8
16 218 1
16 220 2
16 222 7
16 223 1
16 230 5
16 231 6
16 232 1
16 237 9
16 239 4
16 243 8
16 244 8
16 245 6
16 247 8
16 248 5
16 251 3
16 252 8
16 254 5
16 258 9
16 259 10
16 260 10
16 262 6
16 263 4
16 266 5
16 273 5
16 276 7
16 281 5
16 282 1
16 283 5
16 284 3
16 288 7
16 289 8
16 293 5
16 294 7
16 298 4
16 299 10
16 304 9
16 305 4
16 307 8
16 308 5
16 311 10
16 312 5
16 314 2
16 319 2
16 321 10
16 324 9
16 326 3
16 328 3
16 330 10
16 332 4
16 336 2
16 338 7
16 339 8
16 340 5
16 346 9
16 350 1
16 352 5
16 354 1
16 356 7
16 357 8
16 363 3
16 364 10
16 365 7
16 367 3
16 368 6
16 369 1
16 372 7
16 377 8
16 379 7
16 382 9
16 384 5
16 385 5
16 391 7
16 392 9
16 393 10
16 394 2
16 398 1
16 405 4
16 407 3
16 408 10
16 409 1
16 410 2
16 413 6
16 416 10
16 419 2
16 420 4
16 422 1
16 424 7
16 425 2
16 428 7
16 430 1
16 434 2
16 439 9
16 443 3
16 445 4
16 448 9
16 449 7
16 450 2
16 451 6
16 454 5
16 457 1
16 459 2
16 461 4
16 462 4
16 467 6
16 472 5
16 474 10
16 475 9
16 477 1
16 478 1
16 479 7
16 483 4
16 484 1
16 485 8
16 487 4
16 488 4
16 489 3
16 491 4
16 492 8
16 493 9
16 494 9
16 497 9
17 19 8
17 20 5
17 24 3
17 25 1
17 27 1
17 28 1
17 30 5
17 31 1
17 32 6
17 34 7
17 36 2
17 37 5
17 38 8
17 40 8
17 41 3
17 42 2
17 44 9
17 45 7
17 47 2
17 49 1
17 51 10
17 58 4
17 60 4
17 61 7
17 67 3
17 68 3
17 69 5
17 71 5
17 72 4
17 73 4
17 75 7
17 79 1
17 82 8
17 86 1
17 87 4
17 91 4
17 94 1
17 95 8
17 96 1
17 97 4
17 100 10
17 101 6
17 104 2
17 107 3
17 110 8
17 115 6
17 122 8
17 134 6
17 135 6
17 139 8
17 140 3
17 141 4
17 142 7
17 144 6
17 147 3
17 148 7
17 149 8
17 150 2
17 153 3
17 154 2
17 158 4
17 159 2
17 161 8
17 162 8
17 164 7
17 165 9
17 166 6
17 168 6
17 169 9
17 170 1
17 171 5
17 172 9
17 174 2
17 175 9
17 176 4
17 177 8
17 179 10
17 180 7
17 181 9
17 182 4
17 183 8
17 185 1
17 186 1
17 188 7
17 189 10
17 190 8
17 191 6
17 193 9
17 194 8
17 195 1
17 196 1
17 199 6
17 200 5
17 201 9
17 203 9
17 204 1
17 208 6
17 214 1
17 215 7
17 216 1
17 217 2
17 218 2
17 221 5
17 223 5
17 226 5
17 227 6
17 228 5
17 230 10
17 231 3
17 233 5
17 237 5
17 239 2
17 244 1
17 248 5
17 249 7
17 250 6
17 253 1
17 255 4
17 256 4
17 257 8
17 258 2
17 260 4
17 261 2
17 262 3
17 265 4
17 266 5
17 267 5
17 268 3
17 269 1
17 270 1
17 271 1
17 272 9
17 273 5
17 275 6
17 276 9
17 278 1
17 279 3
17 281 9
17 282 8
17 283 10
17 284 10
17 287 1
17 289 5
17 292 8
17 294 2
17 295 6
17 297 7
17 299 8
17 303 5
17 306 7
17 308 2
17 311 8
17 313 8
17 314 3
17 316 5
17 322 2
17 325 5
17 326 7
17 329 6
17 332 5
17 333 4
17 338 5
17 342 4
17 344 9
17 346 9
17 347 3
17 348 9
17 349 7
17 350 3
17 354 2
17 357 3
17 358 8
17 361 7
17 362 9
17 363 9
17 364 1
17 365 3
17 368 4
17 371 10
17 374 7
17 375 1
17 377 4
17 378 9
17 382 10
17 384 7
17 385 4
17 388 7
17 390 2
17 396 2
17 398 8
17 404 8
17 405 8
17 409 1
17 410 1
17 412 9
17 414 5
17 415 10
17 416 8
17 418 8
17 419 7
17 422 1
17 423 8
17 424 5
17 425 7
17 427 4
17 428 3
17 429 6
17 432 7
17 437 4
17 438 5
17 442 5
17 443 10
17 444 2
17 445 9
17 447 7
17 450 6
17 452 8
17 454 6
17 455 6
17 457 1
17 458 9
17 459 2
17 460 5
17 461 3
17 464 6
17 466 5
17 467 10
17 470 4
17 472 3
17 473 4
17 474 6
17 476 5
17 478 10
17 481 5
17 482 4
17 483 5
17 484 6
17 486 6
17 488 9
17 493 4
17 497 8
17 499 6
18 20 6
18 21 7
18 27 1
18 28 7
18 30 3
18 32 8
18 33 6
18 36 6
18 37 6
18 40 2
18 41 1
18 43 8
18 44 8
18 45 3
18 46 2
18 48 6
18 50 6
18 53 4
18 54 2
18 55 8
18 59 3
18 61 8
18 66 1
18 67 6
18 69 2
18 73 8
18 74 2
18 78 5
18 79 10
18 83 5
18 85 5
18 86 10
18 89 2
18 90 4
18 92 7
18 95 8
18 98 3
18 99 10
18 100 6
18 101 4
18 104 1
18 105 6
18 109 9
18 110 5
18 111 3
18 114 10
18 115 7
18 117 5
18 120 5
18 129 8
18 130 6
18 134 3
18 135 4
18 137 6
18 138 4
18 143 3
18 144 10
18 147 2
18 150 1
18 151 7
18 152 9
18 155 2
18 156 4
18 158 3
18 161 2
18 164 5
18 165 2
18 170 1
18 171 7
18 173 3
18 174 7
18 175 4
18 176 5
18 177 9
18 182 4
18 183 7
18 185 8
18 187 9
18 189 7
18 192 5
18 193 9
18 194 8
18 196 3
18 202 7
18 208 1
18 210 2
18 211 2
18 213 9
18 216 5
18 217 7
18 219 4
18 220 6
18 222 3
18 224 3
18 229 4
18 230 6
18 231 4
18 233 8
18 234 8
18 235 5
18 236 9
18 237 8
18 239 10
18 240 8
18 241 1
18 244 2
18 245 6
18 247 2
18 249 4
18 252 10
18 253 4
18 256 3
18 259 6
18 265 8
18 267 3
18 269 9
18 270 1
18 271 5
18 272 7
18 273 10
18 274 6
18 275 2
18 276 10
18 279 2
18 280 9
18 285 9
18 286 10
18 287 4
18 289 9
18 291 4
18 292 1
18 293 2
18 294 1
18 295 5
18 297 2
18 298 7
18 300 8
18 302 9
18 303 8
18 304 3
18 305 4
18 309 7
18 311 2
18 312 3
18 313 5
18 314 3
18 319 9
18 321 2
18 323 9
18 325 10
18 326 9
18 327 8
18 328 4
18 330 7
18 332 3
18 334 2
18 335 4
18 338 3
18 341 3
18 346 1
18 347 8
18 348 4
18 349 6
18 351 3
18 353 1
18 355 4
18 356 3
18 358 10
18 359 8
18 361 8
18 362 9
18 364 1
18 366 9
18 367 7
18 368 2
18 372 6
18 374 9
18 380 8
18 381 3
18 382 1
18 386 6
18 387 10
18 388 8
18 389 3
18 392 7
18 395 6
18 396 10
18 402 2
18 405 9
18 406 9
18 409 7
18 410 7
18 412 5
18 413 10
18 414 3
18 415 6
18 416 4
18 417 7
18 418 3
18 419 6
18 420 10
18 423 10
18 427 6
18 428 2
18 429 9
18 430 6
18 432 1
18 435 3
18 436 8
18 438 4
18 439 3
18 440 7
18 441 9
18 445 7
18 448 8
18 450 5
18 455 9
18 458 5
18 461 8
18 462 4
18 469 5
18 472 2
18 473 2
18 474 5
18 477 10
18 480 3
18 481 7
18 483 3
18 484 2
18 486 7
18 487 8
18 489 3
18 491 3
18 496 1
19 21 10
19 22 10
19 24 9
19 25 1
19 27 7
19 28 7
19 29 7
19 31 7
19 32 8
19 33 8
19 34 10
19 36 4
19 38 6
19 39 4
19 42 6
19 43 6
19 44 10
19 47 1
19 50 7
19 53 10
19 56 1
19 57 1
19 58 8
19 60 10
19 62 6
19 63 3
19 64 3
19 65 1
19 68 2
19 69 3
19 71 7
19 73 9
19 75 6
19 77 4
19 78 1
19 79 3
19 82 5
19 83 10
19 86 3
19 89 9
19 91 6
19 96 9
19 98 6
19 100 1
19 101 6
19 102 3
19 105 7
19 109 1
19 110 1
19 111 1
19 112 6
19 114 4
19 115 2
19 117 6
19 119 7
19 120 1
19 121 9
19 122 8
19 123 2
19 127 1
19 130 7
19 131 7
19 135 6
19 137 4
19 139 6
19 140 2
19 141 3
19 143 8
19 145 8
19 146 8
19 147 9
19 148 8
19 149 5
19 151 7
19 156 4
19 158 6
19 161 3
19 163 4
19 164 3
19 167 6
19 169 6
19 171 3
19 173 5
19 175 2
19 178 3
19 179 3
19 181 6
19 182 9
19 183 6
19 184 6
19 185 1
19 187 4
19 188 7
19 189 9
19 191 2
19 196 3
19 198 2
19 200 4
19 201 1
19 204 2
19 205 8
19 206 3
19 207 9
19 208 4
19 213 6
19 214 8
19 215 7
19 220 10
19 222 4
19 223 3
19 224 6
19 225 4
19 230 9
19 231 4
19 233 6
19 234 8
19 235 6
19 237 7
19 238 1
19 239 3
19 244 8
19 245 7
19 246 6
19 249 7
19 250 8
19 255 4
19 256 5
19 257 7
19 258 7
19 261 2
19 264 7
19 266 9
19 267 7
19 269 9
19 270 3
19 272 5
19 273 1
19 274 4
19 277 9
19 278 7
19 279 9
19 282 2
19 283 1
19 284 8
19 287 6
19 288 5
19 292 1
19 293 9
19 294 2
19 295 2
19 296 5
19 297 1
19 298 8
19 301 5
19 302 2
19 305 3
19 306 8
19 308 7
19 309 7
19 312 10
19 315 5
19 316 7
19 318 10
19 319 2
19 320 9
19 321 2
19 323 3
19 324 2
19 325 10
19 326 3
19 327 1
19 328 10
19 329 10
19 335 3
19 336 9
19 337 1
19 343 9
19 344 9
19 345 2
19 346 10
19 348 9
19 351 6
19 352 9
19 353 9
19 354 1
19 355 5
19 362 4
19 365 6
19 369 3
19 370 1
19 371 2
19 374 9
19 376 8
19 383 1
19 386 2
19 389 7
19 390 2
19 392 2
19 393 2
19 395 3
19 397 7
19 398 8
19 401 10
19 403 7
19 405 5
19 406 10
19 410 5
19 411 3
19 413 3
19 414 3
19 415 8
19 417 4
19 418 3
19 419 2
19 421 1
19 422 4
19 423 9
19 424 8
19 428 7
19 429 5
19 430 10
19 432 7
19 434 8
19 435 1
19 436 9
19 437 4
19 440 9
19 442 10
19 443 2
19 444 1
19 445 10
19 448 4
19 451 6
19 452 9
19 454 2
19 455 10
19 459 3
19 461 7
19 462 4
19 463 5
19 464 2
19 467 4
19 468 2
19 469 2
19 470 4
19 471 5
19 474 8
19 477 5
19 478 1
19 480 7
19 483 1
19 485 10
19 486 8
19 487 9
19 490 7
19 491 8
19 492 3
19 495 10
19 496 2
19 497 9
19 498 2
19 499 2
20 21 2
20 25 6
20 26 8
20 27 4
20 29 5
20 30 10
20 33 8
20 34 5
20 36 3
20 37 2
20 39 4
20 40 5
20 42 4
20 43 2
20 44 2
20 45 3
20 47 9
20 48 1
20 49 5
20 50 9
20 59 8
20 61 3
20 64 4
20 67 2
20 68 4
20 71 7
20 73 6
20 75 6
20 76 2
20 77 6
20 78 5
20 79 9
20 81 3
20 82 2
20 86 8
20 89 7
20 91 7
20 93 5
20 96 5
20 98 8
20 99 6
20 101 7
20 103 3
20 106 8
20 108 4
20 109 10
20 112 6
20 113 2
20 119 6
20 120 1
20 122 1
20 124 4
20 125 8
20 127 6
20 128 10
20 129 6
20 131 10
20 136 3
20 138 1
20 141 7
20 142 4
20 144 2
20 146 2
20 151 7
20 153 1
20 156 2
20 157 4
20 158 8
20 159 7
20 160 4
20 161 10
20 164 9
20 168 4
20 171 9
20 172 10
20 174 8
20 175 7
20 179 1
20 182 4
20 183 8
20 186 10
20 187 2
20 188 5
20 189 6
20 190 3
20 191 8
20 193 10
20 194 5
20 195 1
20 197 6
20 198 4
20 201 8
20 203 9
20 206 2
20 211 8
20 212 1
20 214 7
20 215 2
20 217 2
20 218 9
20 219 7
20 220 7
20 221 7
20 223 1
20 229 4
20 230 8
20 235 7
20 240 7
20 243 4
20 244 1
20 245 1
20 248 5
20 249 4
20 252 8
20 253 10
20 261 6
20 264 3
20 265 7
20 266 7
20 267 6
20 270 9
20 271 10
20 272 7
20 273 4
20 274 6
20 276 3
20 282 8
20 285 1
20 286 7
20 287 8
20 288 6
20 289 8
20 291 9
20 292 2
20 294 4
20 295 7
20 296 3
20 297 7
20 299 4
20 301 1
20 303 4
20 307 4
20 310 8
20 313 5
20 317 8
20 318 8
20 319 4
20 321 1
20 323 9
20 324 7
20 326 7
20 330 9
20 331 4
20 332 1
20 333 7
20 334 4
20 335 2
20 337 1
20 338 6
20 340 6
20 342 5
20 343 4
20 344 6
20 345 1
20 346 1
20 347 2
20 348 6
20 350 7
20 351 2
20 359 5
20 361 4
20 362 2
20 365 7
20 366 3
20 367 2
20 372 10
20 376 6
20 377 1
20 380 6
20 381 1
20 384 4
20 385 7
20 387 8
20 388 2
20 390 8
20 395 10
20 397 6
20 398 9
20 399 8
20 400 7
20 401 8
20 402 1
20 404 7
20 406 7
20 407 2
20 409 7
20 411 9
20 412 6
20 413 8
20 415 1
20 417 10
20 419 1
20 421 10
20 422 10
20 423 9
20 427 8
20 429 9
20 431 5
20 432 7
20 435 10
20 438 7
20 439 8
20 440 7
20 442 8
20 443 4
20 444 10
20 446 9
20 449 5
20 450 10
20 452 2
20 453 8
20 455 5
20 458 3
20 459 8
20 462 4
20 469 2
20 470 1
20 472 5
20 474 9
20 476 2
20 477 8
20 479 3
20 483 5
20 487 1
20 488 2
20 490 8
20 491 7
20 493 5
20 494 1
20 495 4
20 497 9
20 498 7
21 22 9
21 23 6
21 26 3
21 27 9
21 32 1
21 33 1
21 36 3
21 39 4
21 41 1
21 42 1
21 43 5
21 44 7
21 45 6
21 46 5
21 53 5
21 54 10
21 55 5
21 59 5
21 60 1
21 61 7
21 64 3
21 68 2
21 69 8
21 72 3
21 78 10
21 80 5
21 81 6
21 82 4
21 83 3
21 85 9
21 86 4
21 87 7
21 88 7
21 92 10
21 95 9
21 97 4
21 98 8
21 102 1
21 103 5
21 104 8
21 109 4
21 110 1
21 111 2
21 112 3
21 113 9
21 117 9
21 121 3
21 122 6
21 123 6
21 124 7
21 125 6
21 127 5
21 133 3
21 134 3
21 137 1
21 142 10
21 144 7
21 145 5
21 151 5
21 152 8
21 155 1
21 156 9
21 157 4
21 161 1
21 162 2
21 163 5
21 166 7
21 168 9
21 173 8
21 175 5
21 178 9
21 182 9
21 184 8
21 185 3
21 186 4
21 189 3
21 190 6
21 193 7
21 194 5
21 199 8
21 200 9
21 202 1
21 203 5
21 204 3
21 205 1
21 206 6
21 209 8
21 211 3
21 212 3
21 213 10
21 214 7
21 215 9
21 217 2
21 218 8
21 219 10
21 220 7
21 221 4
21 224 10
21 226 5
21 228 6
21 229 5
21 230 3
21 231 6
21 235 9
21 237 2
21 238 3
21 239 8
21 240 2
21 244 1
21 246 6
21 247 5
21 248 2
21 249 2
21 250 1
21 252 2
21 254 4
21 256 10
21 257 9
21 259 3
21 260 8
21 264 5
21 266 8
21 269 2
21 276 9
21 277 1
21 278 9
21 281 6
21 284 8
21 285 10
21 288 5
21 289 6
21 291 10
21 292 10
21 293 6
21 294 2
21 295 1
21 296 7
21 298 10
21 299 9
21 300 6
21 303 8
21 305 6
21 306 9
21 307 5
21 310 4
21 311 5
21 314 9
21 317 9
21 319 2
21 320 5
21 322 6
21 323 5
21 324 2
21 325 1
21 327 10
21 328 3
21 329 2
21 332 1
21 335 2
21 336 5
21 337 3
21 338 2
21 339 4
21 341 3
21 342 9
21 344 9
21 345 2
21 346 7
21 349 9
21 352 1
21 353 7
21 355 8
21 356 2
21 357 9
21 359 4
21 362 4
21 364 7
21 365 1
21 366 5
21 367 9
21 368 5
21 370 9
21 371 8
21 376 7
21 378 9
21 383 3
21 384 7
21 386 8
21 388 10
21 390 1
21 391 8
21 393 9
21 394 8
21 395 6
21 397 6
21 400 10
21 401 3
21 402 1
21 403 6
21 408 1
21 410 7
21 412 6
21 416 6
21 417 5
21 422 4
21 425 4
21 426 2
21 427 1
21 428 4
21 430 6
21 431 6
21 434 1
21 435 5
21 436 4
21 437 4
21 438 3
21 440 2
21 443 3
21 447 5
21 449 6
21 450 5
21 453 9
21 454 7
21 456 4
21 457 9
21 458 1
21 462 4
21 465 10
21 469 6
21 470 1
21 473 7
21 475 5
21 476 5
21 478 7
21 480 3
21 482 5
21 484 3
21 486 10
21 488 6
21 489 1
21 490 2
21 491 3
22 25 6
22 29 2
22 30 5
22 31 4
22 32 4
22 33 5
22 36 3
22 40 1
22 41 5
22 43 8
22 44 5
22 46 10
22 47 3
22 48 3
22 49 5
22 50 1
22 53 6
22 54 5
22 55 4
22 56 3
22 58 1
22 66 4
22 67 8
22 71 8
22 72 7
22 74 2
22 77 9
22 78 3
22 80 1
22 82 5
22 83 1
22 86 9
22 88 3
22 91 4
22 98 6
22 101 7
22 105 6
22 106 10
22 107 2
22 108 9
22 110 3
22 113 7
22 114 5
22 115 1
22 116 9
22 120 7
22 121 1
22 122 9
22 124 3
22 129 4
22 130 10
22 131 5
22 133 9
22 137 1
22 139 3
22 140 7
22 142 1
22 143 10
22 144 5
22 145 5
22 146 8
22 148 7
22 149 5
22 151 3
22 152 3
22 154 7
22 156 4
22 159 2
22 161 7
22 163 4
22 165 2
22 168 1
22 173 5
22 175 7
22 176 1
22 177 3
22 178 5
22 180 2
22 181 5
22 183 2
22 184 8
22 186 5
22 190 3
22 191 5
22 192 9
22 194 3
22 196 10
22 197 8
22 198 6
22 199 10
22 201 10
22 203 4
22 204 8
22 206 8
22 207 1
22 208 2
22 210 7
22 216 10
22 219 2
22 220 5
22 226 4
22 229 9
22 230 5
22 233 4
22 236 2
22 237 9
22 238 5
22 239 2
22 241 6
22 242 1
22 243 2
22 244 6
22 245 5
22 246 5
22 249 9
22 250 3
22 251 10
22 252 2
22 260 1
22 261 1
22 263 10
22 268 3
22 269 2
22 270 3
22 271 7
22 274 5
22 277 7
22 278 2
22 284 7
22 285 3
22 286 2
22 287 2
22 288 4
22 290 1
22 291 5
22 292 8
22 294 9
22 296 3
22 297 2
22 300 2
22 301 4
22 303 6
22 306 10
22 307 7
22 309 3
22 310 10
22 311 5
22 313 6
22 315 8
22 316 9
22 320 2
22 321 5
22 322 8
22 323 5
22 325 7
22 329 7
22 331 2
22 332 8
22 335 5
22 338 5
22 339 9
22 340 4
22 341 1
22 342 3
22 343 2
22 346 8
22 347 10
22 348 4
22 351 4
22 352 1
22 353 7
22 354 4
22 357 7
22 358 9
22 360 2
22 361 7
22 362 9
22 365 6
22 366 10
22 369 5
22 374 10
22 375 10
22 376 8
22 377 10
22 381 10
22 383 8
22 386 7
22 387 4
22 389 10
22 393 2
22 394 7
22 395 8
22 396 6
22 397 2
22 400 5
22 402 5
22 403 2
22 405 3
22 408 6
22 413 4
22 414 9
22 415 2
22 416 2
22 417 8
22 418 9
22 421 7
22 422 8
22 423 4
22 424 10
22 425 5
22 426 3
22 431 9
22 432 9
22 434 4
22 435 4
22 436 1
22 437 8
22 438 6
22 440 5
22 443 2
22 444 5
22 449 8
22 450 4
22 452 7
22 453 6
22 454 1
22 456 4
22 458 1
22 459 4
22 460 3
22 462 5
22 465 5
22 466 10
22 468 7
22 471 8
22 472 2
22 475 2
22 476 3
22 479 7
22 480 2
22 482 1
22 484 5
22 485 1
22 486 2
22 490 7
22 492 7
22 494 8
22 495 6
22 497 6
22 499 7
23 24 4
23 26 1
23 27 6
23 28 5
23 30 2
23 33 7
23 36 10
23 42 9
23 43 7
23 45 6
23 46 6
23 47 10
23 54 10
23 55 9
23 57 2
23 60 5
23 61 8
23 63 9
23 64 2
23 65 3
23 71 6
23 73 7
23 75 6
23 76 7
23 78 4
23 79 1
23 84 10
23 85 3
23 86 1
23 88 7
23 92 8
23 93 10
23 95 9
23 96 6
23 99 4
23 103 3
23 104 9
23 105 8
23 106 8
23 109 1
23 110 5
23 111 9
23 112 4
23 115 8
23 116 7
23 118 2
23 120 6
23 121 6
23 122 7
23 123 9
23 124 8
23 130 5
23 131 7
23 132 7
23 133 2
23 134 4
23 135 3
23 137 10
23 139 2
23 140 2
23 141 8
23 144 1
23 145 4
23 146 4
23 148 10
23 149 7
23 150 4
23 152 10
23 156 4
23 158 2
23 159 2
23 160 5
23 162 1
23 163 2
23 165 7
23 166 1
23 168 10
23 170 1
23 172 2
23 173 8
23 174 5
23 175 9
23 179 2
23 180 7
23 187 8
23 188 3
23 190 9
23 191 1
23 192 8
23 193 6
23 199 6
23 201 1
23 202 2
23 206 10
23 208 9
23 209 6
23 212 9
23 213 5
23 215 10
23 218 3
23 219 9
23 222 1
23 225 10
23 227 1
23 228 8
23 229 9
23 230 8
23 232 5
23 233 5
23 237 8
23 240 2
23 243 2
23 244 6
23 247 1
23 248 3
23 252 6
23 254 4
23 255 9
23 257 7
23 258 6
23 261 8
23 262 6
23 264 10
23 265 9
23 266 4
23 267 2
23 268 1
23 270 8
23 273 5
23 276 3
23 278 3
23 280 3
23 281 5
23 284 10
23 285 6
23 290 3
23 296 9
23 298 2
23 300 5
23 301 8
23 302 5
23 303 8
23 305 6
23 306 2
23 307 6
23 308 5
23 310 1
23 312 8
23 316 4
23 318 3
23 320 1
23 321 1
23 322 8
23 324 2
23 326 1
23 327 7
23 330 4
23 331 10
23 332 7
23 333 3
23 335 1
23 337 4
23 341 6
23 342 8
23 344 5
23 345 7
23 347 3
23 348 1
23 350 10
23 351 3
23 353 4
23 355 1
23 356 3
23 357 1
23 358 3
23 359 8
23 360 2
23 361 4
23 364 4
23 366 7
23 367 10
23 369 10
23 372 3
23 375 1
23 377 7
23 378 3
23 379 3
23 380 6
23 383 8
23 385 3
23 386 6
23 387 4
23 388 6
23 389 10
23 390 3
23 394 10
23 395 4
23 396 4
23 400 2
23 410 10
23 416 8
23 417 7
23 418 6
23 422 10
23 424 10
23 428 4
23 429 3
23 431 1
23 433 7
23 434 3
23 435 5
23 436 3
23 437 3
23 439 8
23 440 10
23 444 8
23 447 8
23 449 9
23 450 10
23 451 10
23 457 2
23 458 4
23 459 9
23 460 5
23 461 3
23 462 8
23 463 6
23 465 8
23 466 2
23 467 9
23 469 4
23 471 5
23 472 10
23 475 3
23 476 1
23 477 7
23 478 2
23 479 9
23 481 5
23 482 2
23 485 8
23 487 2
23 488 9
23 491 2
23 492 2
23 495 9
23 496 5
23 497 5
23 498 1
23 499 9
24 26 2
24 28 2
24 31 1
24 33 2
24 35 4
24 37 5
24 38 9
24 40 1
24 42 9
24 43 5
24 44 3
24 46 5
24 47 2
24 50 3
24 54 2
24 55 9
24 56 8
24 57 3
24 62 7
24 64 8
24 65 10
24 66 4
24 67 6
24 70 4
24 71 1
24 73 6
24 75 3
24 78 7
24 79 1
24 82 8
24 83 8
24 85 4
24 87 10
24 88 8
24 92 2
24 95 2
24 96 2
24 98 4
24 100 1
24 103 6
24 106 6
24 107 2
24 108 8
24 110 2
24 111 6
24 112 2
24 113 10
24 115 10
24 116 7
24 117 4
24 119 4
24 126 6
24 127 10
24 131 9
24 133 7
24 134 9
24 135 10
24 136 9
24 137 9
24 138 1
24 140 7
24 141 5
24 143 4
24 144 3
24 148 1
24 149 6
24 152 2
24 153 9
24 156 10
24 158 7
24 160 8
24 164 4
24 166 6
24 167 2
24 170 2
24 171 6
24 172 4
24 173 7
24 175 7
24 177 4
24 178 7
24 180 10
24 183 8
24 186 7
24 188 6
24 189 2
24 191 10
24 193 1
24 197 2
24 198 8
24 201 4
24 202 5
24 203 4
24 208 3
24 212 6
24 215 8
24 219 3
24 220 5
24 222 6
24 223 6
24 225 9
24 229 6
24 230 5
24 231 7
24 236 5
24 239 8
24 240 1
24 242 10
24 244 9
24 246 3
24 249 7
24 250 6
24 253 6
24 254 3
24 255 1
24 256 3
24 258 7
24 260 1
24 261 9
24 263 3
24 264 1
24 267 1
24 268 1
24 270 7
24 272 10
24 273 6
24 279 6
24 280 4
24 284 10
24 289 4
24 292 7
24 294 3
24 295 3
24 297 8
24 300 9
24 301 2
24 303 4
24 304 3
24 307 1
24 312 7
24 315 6
24 321 2
24 323 8
24 326 7
24 327 7
24 329 5
24 339 8
24 341 3
24 343 4
24 348 6
24 350 9
24 352 7
24 353 4
24 354 4
24 355 8
24 357 8
24 359 5
24 362 4
24 363 9
24 364 9
24 368 4
24 372 4
24 374 6
24 377 5
24 378 3
24 379 8
24 380 10
24 381 8
24 383 9
24 388 5
24 389 9
24 396 6
24 398 1
24 399 9
24 402 5
24 403 9
24 406 3
24 408 3
24 412 1
24 414 3
24 416 3
24 417 6
24 420 2
24 421 2
24 424 9
24 425 8
24 427 10
24 428 7
24 429 3
24 430 6
24 433 2
24 436 8
24 446 5
24 447 7
24 450 10
24 451 2
24 453 6
24 456 4
24 458 4
24 462 3
24 463 3
24 471 4
24 473 5
24 475 7
24 476 9
24 478 2
24 481 9
24 482 1
24 484 9
24 486 10
24 492 7
24 496 6
24 497 1
25 26 5
25 30 10
25 33 9
25 34 1
25 37 4
25 38 3
25 44 3
25 47 4
25 48 2
25 50 4
25 51 9
25 52 1
25 56 8
25 57 2
25 59 9
25 60 9
25 61 8
25 62 1
25 65 3
25 66 6
25 67 5
25 68 9
25 71 1
25 74 4
25 77 9
25 78 9
25 79 4
25 82 4
25 83 6
25 84 8
25 89 2
25 91 3
25 92 10
25 93 1
25 101 1
25 102 2
25 104 9
25 105 7
25 110 1
25 111 4
25 112 6
25 113 9
25 116 6
25 123 10
25 124 6
25 125 2
25 127 2
25 128 7
25 129 2
25 131 5
25 132 8
25 133 3
25 140 9
25 143 6
25 147 3
25 149 9
25 150 3
25 151 2
25 152 8
25 154 9
25 155 9
25 156 7
25 157 3
25 158 3
25 161 7
25 167 2
25 169 5
25 176 3
25 177 1
25 178 10
25 180 4
25 185 4
25 186 8
25 189 3
25 193 8
25 194 2
25 195 7
25 197 4
25 199 2
25 202 1
25 203 3
25 209 4
25 211 9
25 212 5
25 213 5
25 216 4
25 220 3
25 223 9
25 225 3
25 226 10
25 227 10
25 230 9
25 233 1
25 235 4
25 237 10
25 239 1
25 241 8
25 242 8
25 243 9
25 245 3
25 248 9
25 250 1
25 252 5
25 253 7
25 258 1
25 259 1
25 261 3
25 262 6
25 263 5
25 265 3
25 268 4
25 270 10
25 271 1
25 273 7
25 276 3
25 277 7
25 278 9
25 281 2
25 284 2
25 285 1
25 287 2
25 288 5
25 289 8
25 290 3
25 291 10
25 292 8
25 294 6
25 296 2
25 297 10
25 300 6
25 302 5
25 304 3
25 307 7
25 309 5
25 310 6
25 311 6
25 312 10
25 313 9
25 317 6
25 318 8
25 321 7
25 326 6
25 328 2
25 332 3
25 334 1
25 336 3
25 338 7
25 339 7
25 341 8
25 345 6
25 346 3
25 348 5
25 349 9
25 352 8
25 353 4
25 355 9
25 357 2
25 358 9
25 360 3
25 361 8
25 362 6
25 363 6
25 364 5
25 366 9
25 367 4
25 368 9
25 369 10
25 376 7
25 378 10
25 379 9
25 380 5
25 382 2
25 386 5
25 387 5
25 389 1
25 390 4
25 392 8
25 393 5
25 395 4
25 397 2
25 400 5
25 401 5
25 403 4
25 404 4
25 405 6
25 407 4
25 409 10
25 416 6
25 417 7
25 419 1
25 421 8
25 423 5
25 424 6
25 425 2
25 427 4
25 431 10
25 433 5
25 434 10
25 437 9
25 438 9
25 441 2
25 443 1
25 449 2
25 450 6
25 452 9
25 453 10
25 454 4
25 455 9
25 456 7
25 461 1
25 469 9
25 470 6
25 471 4
25 472 4
25 473 1
25 478 3
25 481 10
25 484 4
25 486 7
25 487 6
25 489 4
25 490 5
25 493 6
25 495 4
25 496 10
25 497 2
25 498 4
25 499 6
26 27 10
26 30 10
26 31 4
26 33 9
26 37 6
26 38 3
26 40 6
26 41 1
26 44 2
26 48 5
26 49 8
26 53 6
26 54 10
26 57 4
26 59 8
26 61 10
26 64 2
26 65 4
26 66 2
26 67 1
26 71 4
26 72 2
26 76 5
26 79 7
26 82 5
26 83 3
26 85 8
26 87 8
26 88 5
26 90 8
26 92 6
26 93 2
26 94 5
26 95 1
26 97 2
26 98 4
26 101 4
26 102 10
26 105 2
26 106 10
26 107 5
26 108 1
26 109 3
26 110 5
26 115 3
26 116 2
26 117 7
26 119 2
26 124 10
26 125 4
26 131 9
26 133 10
26 134 3
26 135 10
26 139 2
26 142 2
26 144 5
26 147 3
26 150 9
26 151 2
26 153 10
26 155 6
26 156 8
26 158 5
26 160 9
26 162 5
26 163 9
26 164 1
26 165 8
26 169 8
26 171 2
26 172 5
26 174 3
26 175 4
26 176 10
26 177 10
26 180 2
26 181 5
26 184 1
26 186 5
26 187 10
26 188 3
26 189 9
26 190 9
26 191 10
26 192 5
26 193 10
26 196 1
26 197 4
26 199 1
26 201 1
26 203 8
26 205 6
26 206 1
26 207 2
26 208 6
26 209 5
26 212 1
26 213 6
26 214 3
26 215 1
26 218 4
26 219 6
26 220 7
26 221 1
26 225 2
26 227 2
26 228 6
26 229 7
26 230 9
26 231 3
26 232 8
26 234 1
26 240 2
26 241 6
26 242 3
26 243 5
26 246 7
26 248 6
26 250 3
26 251 2
26 252 9
26 254 9
26 257 7
26 258 9
26 262 3
26 263 7
26 266 8
26 267 4
26 269 3
26 270 3
26 272 10
26 274 2
26 275 1
26 276 10
26 277 8
26 285 8
26 288 3
26 290 6
26 292 5
26 294 5
26 295 4
26 296 4
26 297 2
26 300 5
26 301 4
26 303 7
26 308 5
26 309 6
26 310 1
26 312 9
26 313 1
26 314 2
26 316 9
26 319 6
26 320 1
26 325 6
26 326 10
26 328 9
26 329 7
26 333 9
26 335 10
26 336 10
26 337 1
26 338 10
26 341 9
26 344 9
26 345 6
26 347 6
26 351 6
26 352 4
26 355 3
26 356 2
26 358 3
26 359 2
26 362 1
26 364 6
26 365 3
26 366 6
26 367 6
26 368 2
26 371 8
26 374 7
26 376 1
26 380 6
26 382 9
26 384 8
26 387 4
26 389 9
26 390 9
26 394 6
26 397 5
26 398 10
26 400 6
26 401 4
26 402 10
26 403 3
26 404 8
26 405 3
26 409 7
26 410 8
26 411 1
26 415 1
26 422 6
26 423 2
26 427 7
26 429 10
26 430 2
26 431 7
26 432 8
26 433 7
26 436 7
26 437 2
26 440 2
26 445 1
26 446 8
26 447 9
26 448 9
26 449 7
26 450 8
26 451 8
26 452 7
26 453 6
26 456 2
26 457 5
26 461 8
26 462 4
26 464 8
26 465 9
26 466 5
26 467 10
26 468 6
26 472 7
26 478 9
26 479 7
26 481 9
26 484 8
26 485 4
26 487 3
26 489 1
26 490 1
26 491 2
26 492 6
26 493 1
26 494 8
26 495 7
26 496 9
27 31 10
27 32 9
27 35 8
27 39 8
27 47 1
27 48 9
27 49 3
27 52 3
27 56 7
27 58 10
27 60 1
27 63 7
27 67 1
27 69 2
27 70 4
27 71 1
27 74 3
27 78 2
27 81 6
27 82 10
27 90 6
27 97 9
27 103 3
27 104 2
27 106 5
27 110 10
27 111 5
27 112 5
27 114 5
27 116 7
27 119 8
27 120 5
27 123 6
27 124 10
27 125 1
27 127 9
27 128 10
27 131 3
27 133 1
27 134 3
27 135 4
27 136 2
27 138 4
27 139 4
27 141 2
27 142 7
27 143 10
27 145 4
27 146 9
27 147 7
27 148 10
27 150 9
27 152 7
27 153 1
27 154 3
27 155 2
27 156 10
27 159 7
27 161 2
27 164 1
27 166 9
27 167 7
27 168 1
27 169 4
27 171 1
27 173 9
27 177 7
27 179 2
27 181 4
27 182 7
27 185 9
27 186 5
27 187 4
27 188 9
27 192 10
27 194 9
27 196 8
27 199 8
27 202 7
27 204 5
27 205 6
27 206 4
27 207 8
27 208 10
27 209 5
27 211 2
27 212 2
27 213 10
27 218 5
27 219 5
27 220 9
27 223 10
27 224 2
27 227 6
27 228 6
27 232 10
27 233 7
27 235 2
27 239 10
27 240 4
27 241 9
27 243 2
27 244 4
27 245 4
27 247 4
27 248 2
27 252 8
27 253 7
27 256 7
27 258 4
27 259 7
27 260 10
27 262 6
27 263 9
27 265 10
27 266 3
27 267 3
27 269 3
27 270 4
27 272 7
27 275 9
27 277 3
27 281 7
27 282 7
27 283 1
27 284 9
27 285 4
27 289 3
27 290 8
27 293 2
27 297 4
27 300 7
27 301 6
27 302 5
27 303 4
27 304 2
27 307 8
27 310 7
27 314 5
27 320 8
27 322 10
27 324 4
27 325 3
27 326 4
27 327 6
27 329 8
27 331 5
27 332 5
27 333 3
27 336 3
27 338 3
27 339 4
27 342 7
27 350 6
27 351 9
27 352 1
27 353 1
27 356 3
27 357 8
27 358 7
27 359 2
27 361 1
27 365 5
27 366 9
27 369 5
27 370 7
27 371 6
27 375 1
27 377 7
27 379 10
27 381 2
27 384 7
27 388 5
27 391 10
27 393 7
27 394 1
27 395 10
27 396 6
27 399 8
27 401 9
27 405 4
27 406 5
27 409 6
27 412 9
27 414 6
27 415 10
27 416 4
27 419 10
27 420 4
27 421 4
27 422 10
27 423 6
27 425 10
27 427 3
27 429 8
27 433 6
27 436 7
27 437 10
27 439 8
27 440 3
27 441 6
27 444 5
27 447 10
27 449 6
27 450 5
27 453 9
27 456 10
27 459 8
27 460 8
27 461 7
27 463 10
27 464 1
27 465 3
27 466 9
27 467 3
27 468 8
27 469 10
27 470 5
27 473 8
27 474 5
27 475 7
27 476 5
27 478 7
27 480 4
27 482 5
27 484 5
27 486 8
27 489 7
27 490 10
27 494 2
27 498 6
28 29 4
28 30 10
28 31 9
28 32 5
28 33 9
28 34 7
28 36 2
28 37 5
28 39 3
28 41 4
28 43 6
28 44 8
28 45 2
28 46 5
28 49 8
28 50 4
28 51 10
28 52 3
28 54 9
28 55 1
28 62 4
28 64 2
28 66 9
28 68 9
28 69 4
28 71 7
28 72 1
28 74 9
28 76 6
28 77 10
28 79 2
28 80 2
28 81 5
28 86 6
28 90 5
28 92 6
28 94 5
28 95 5
28 97 6
28 98 3
28 99 1
28 102 9
28 104 4
28 105 10
28 109 7
28 111 1
28 112 10
28 113 4
28 114 5
28 115 10
28 119 2
28 120 4
28 121 1
28 122 2
28 123 10
28 126 2
28 127 10
28 128 5
28 129 6
28 132 2
28 134 6
28 138 8
28 144 4
28 146 2
28 148 10
28 150 3
28 151 7
28 153 9
28 154 7
28 155 8
28 156 2
28 157 5
28 158 9
28 159 1
28 161 3
28 166 8
28 167 4
28 168 4
28 169 1
28 170 5
28 171 5
28 172 8
28 173 2
28 175 7
28 176 3
28 177 1
28 181 6
28 182 5
28 183 8
28 184 10
28 186 8
28 188 3
28 190 2
28 193 2
28 194 9
28 195 6
28 197 5
28 199 7
28 201 1
28 202 3
28 203 6
28 205 4
28 206 4
28 208 7
28 210 1
28 211 3
28 213 4
28 214 10
28 215 7
28 217 4
28 221 1
28 224 6
28 226 4
28 228 8
28 229 8
28 231 2
28 232 7
28 233 4
28 234 4
28 235 6
28 237 2
28 239 1
28 241 2
28 243 7
28 245 2
28 246 9
28 248 8
28 249 5
28 250 1
28 251 2
28 254 9
28 255 9
28 256 7
28 262 10
28 266 6
28 275 2
28 277 8
28 278 3
28 280 10
28 283 7
28 286 10
28 290 9
28 292 2
28 293 7
28 294 2
28 296 3
28 298 4
28 299 1
28 300 4
28 301 7
28 302 8
28 304 7
28 305 7
28 307 10
28 309 2
28 310 2
28 311 4
28 313 8
28 314 4
28 316 5
28 319 5
28 321 1
28 323 8
28 324 9
28 325 10
28 326 9
28 327 10
28 328 5
28 330 5
28 332 10
28 333 7
28 338 7
28 339 10
28 340 3
28 342 9
28 345 1
28 347 2
28 349 1
28 350 9
28 355 6
28 356 3
28 357 8
28 359 3
28 364 9
28 365 8
28 367 5
28 370 9
28 373 8
28 378 1
28 380 5
28 382 7
28 384 2
28 386 7
28 387 4
28 388 5
28 389 10
28 390 4
28 391 9
28 393 5
28 394 3
28 395 9
28 396 8
28 397 4
28 402 6
28 403 1
28 409 5
28 410 5
28 411 5
28 412 2
28 413 10
28 414 7
28 415 3
28 417 5
28 418 3
28 419 9
28 421 4
28 423 7
28 424 6
28 425 9
28 427 10
28 428 7
28 432 1
28 435 10
28 436 8
28 438 3
28 440 1
28 445 8
28 450 9
28 451 6
28 452 7
28 455 7
28 456 1
28 465 9
28 468 4
28 473 8
28 474 9
28 475 3
28 478 3
28 483 8
28 484 3
28 486 9
28 487 4
28 489 2
28 490 9
28 492 5
28 493 6
28 495 10
28 497 8
28 498 10
28 499 5
29 32 7
29 35 3
29 40 2
29 42 1
29 44 6
29 46 3
29 47 2
29 48 7
29 51 10
29 53 1
29 55 3
29 58 4
29 59 3
29 61 1
29 64 9
29 66 7
29 67 4
29 68 7
29 70 7
29 73 8
29 77 2
29 78 4
29 83 2
29 84 3
29 85 6
29 88 3
29 89 5
29 91 10
29 92 10
29 94 9
29 95 4
29 96 4
29 104 4
29 105 3
29 108 1
29 111 9
29 112 4
29 113 7
29 115 5
29 118 7
29 119 10
29 123 9
29 125 3
29 128 4
29 130 1
29 132 5
29 133 2
29 134 5
29 135 10
29 136 8
29 140 6
29 144 4
29 148 2
29 149 7
29 150 6
29 153 7
29 155 8
29 157 2
29 158 5
29 160 9
29 162 1
29 163 1
29 165 10
29 166 5
29 167 6
29 168 8
29 169 1
29 170 10
29 171 10
29 173 9
29 174 10
29 175 10
29 176 1
29 178 6
29 184 8
29 185 9
29 186 8
29 187 1
29 189 10
29 190 7
29 192 6
29 193 3
29 202 1
29 204 3
29 207 10
29 209 1
29 211 8
29 212 3
29 213 10
29 216 5
29 217 7
29 218 8
29 219 8
29 221 7
29 225 5
29 226 3
29 231 7
29 232 4
29 234 4
29 239 7
29 241 6
29 244 5
29 246 6
29 247 1
29 249 6
29 251 5
29 252 10
29 255 4
29 256 1
29 258 1
29 259 3
29 261 7
29 263 8
29 264 3
29 265 6
29 266 6
29 267 8
29 269 2
29 271 5
29 272 5
29 277 8
29 278 4
29 284 4
29 285 7
29 286 6
29 287 9
29 291 3
29 292 6
29 295 7
29 296 9
29 298 1
29 299 10
29 303 5
29 305 1
29 306 5
29 307 6
29 308 3
29 313 9
29 314 1
29 315 9
29 316 5
29 317 5
29 319 2
29 321 4
29 322 9
29 323 7
29 324 9
29 325 4
29 329 2
29 330 10
29 331 6
29 332 5
29 335 9
29 339 1
29 340 1
29 341 1
29 342 4
29 343 9
29 346 2
29 347 1
29 348 6
29 350 3
29 352 6
29 353 3
29 362 3
29 364 9
29 368 3
29 369 9
29 370 1
29 371 5
29 373 10
29 380 5
29 381 8
29 384 1
29 386 5
29 389 3
29 390 10
29 393 4
29 395 9
29 397 1
29 398 6
29 400 6
29 403 9
29 404 3
29 406 1
29 407 9
29 408 5
29 410 1
29 415 1
29 418 2
29 419 2
29 423 10
29 424 9
29 425 2
29 426 8
29 430 6
29 434 6
29 436 5
29 438 6
29 443 4
29 448 3
29 450 5
29 451 9
29 452 8
29 454 9
29 455 8
29 456 3
29 457 8
29 459 6
29 462 6
29 466 1
29 469 7
29 470 7
29 471 2
29 472 10
29 473 1
29 475 8
29 476 3
29 477 5
29 478 5
29 479 9
29 480 8
29 482 7
29 491 10
29 492 4
29 496 6
29 497 10
29 498 6
30 31 10
30 32 2
30 37 4
30 38 2
30 40 4
30 41 4
30 44 8
30 45 2
30 50 1
30 54 6
30 55 1
30 58 10
30 59 2
30 62 1
30 64 5
30 66 3
30 67 7
30 70 6
30 71 1
30 73 3
30 76 2
30 77 7
30 78 1
30 79 1
30 81 9
30 83 1
30 86 3
30 87 5
30 88 9
30 89 10
30 91 9
30 93 5
30 94 9
30 98 9
30 99 2
30 101 3
30 104 4
30 110 5
30 114 7
30 115 3
30 116 9
30 118 7
30 121 6
30 124 7
30 126 10
30 128 1
30 129 4
30 130 7
30 131 9
30 132 9
30 134 3
30 135 4
30 136 1
30 137 7
30 138 3
30 139 5
30 142 1
30 144 8
30 145 1
30 146 6
30 147 8
30 148 8
30 150 3
30 153 9
30 154 10
30 157 6
30 158 2
30 159 5
30 164 10
30 169 8
30 170 1
30 171 2
30 172 1
30 173 2
30 174 7
30 176 5
30 179 6
30 181 1
30 183 7
30 185 8
30 188 4
30 191 6
30 192 9
30 193 4
30 194 8
30 197 2
30 198 7
30 202 5
30 203 3
30 204 7
30 205 8
30 207 9
30 210 10
30 211 9
30 213 3
30 216 5
30 218 4
30 219 9
30 223 6
30 224 6
30 225 7
30 227 3
30 229 8
30 232 5
30 233 2
30 234 7
30 235 1
30 236 7
30 237 7
30 244 5
30 247 5
30 249 3
30 251 6
30 253 4
30 255 9
30 257 2
30 259 9
30 261 10
30 263 3
30 265 9
30 266 7
30 268 5
30 269 3
30 270 1
30 271 2
30 272 3
30 279 3
30 282 4
30 283 6
30 284 1
30 285 10
30 286 5
30 295 8
30 296 10
30 297 4
30 299 9
30 303 5
30 304 2
30 307 6
30 308 4
30 310 7
30 311 2
30 314 1
30 315 4
30 316 1
30 318 5
30 319 6
30 321 1
30 323 6
30 324 4
30 326 2
30 327 4
30 329 6
30 330 8
30 331 9
30 332 7
30 333 5
30 336 1
30 338 6
30 339 7
30 340 5
30 344 10
30 345 4
30 350 8
30 351 10
30 352 4
30 353 10
30 354 5
30 358 3
30 360 2
30 365 2
30 366 2
30 367 7
30 368 5
30 370 1
30 372 9
30 373 10
30 375 2
30 376 8
30 377 8
30 380 8
30 381 6
30 383 2
30 385 2
30 386 3
30 387 8
30 388 4
30 390 10
30 391 1
30 392 1
30 394 4
30 397 3
30 399 4
30 401 1
30 407 10
30 409 10
30 410 10
30 415 7
30 416 1
30 421 5
30 422 9
30 425 2
30 426 8
30 427 9
30 429 5
30 434 9
30 435 8
30 439 2
30 440 3
30 442 1
30 446 6
30 458 7
30 460 6
30 465 5
30 467 9
30 475 7
30 478 9
30 481 5
30 484 5
30 486 8
30 488 9
30 490 7
30 491 8
30 494 4
30 495 2
30 498 6
31 32 4
31 40 7
31 42 8
31 43 1
31 44 8
31 45 7
31 50 8
31 51 7
31 54 6
31 57 1
31 59 10
31 62 9
31 65 2
31 68 9
31 73 5
31 74 5
31 76 2
31 79 1
31 80 4
31 84 9
31 88 1
31 90 6
31 95 5
31 97 1
31 99 4
31 100 8
31 101 4
31 102 7
31 106 8
31 108 7
31 109 8
31 111 9
31 113 8
31 115 2
31 116 10
31 117 6
31 119 3
31 121 8
31 122 9
31 123 5
31 125 7
31 126 3
31 127 2
31 128 3
31 129 8
31 130 8
31 131 1
31 133 3
31 134 3
31 135 7
31 139 4
31 141 1
31 150 7
31 152 8
31 155 10
31 157 4
31 158 3
31 159 8
31 160 6
31 162 8
31 164 5
31 166 8
31 167 7
31 169 9
31 170 9
31 174 5
31 175 2
31 176 6
31 177 8
31 178 9
31 181 10
31 182 1
31 185 10
31 186 8
31 187 3
31 190 7
31 193 8
31 195 6
31 197 5
31 198 5
31 200 2
31 201 7
31 202 7
31 203 10
31 206 4
31 211 7
31 214 7
31 221 4
31 222 3
31 225 5
31 228 5
31 231 8
31 232 2
31 238 9
31 240 6
31 241 1
31 242 8
31 245 8
31 249 3
31 252 8
31 254 5
31 256 10
31 257 4
31 259 7
31 261 3
31 262 8
31 264 3
31 266 7
31 268 3
31 269 6
31 273 8
31 274 3
31 278 7
31 279 7
31 280 10
31 283 10
31 285 4
31 286 8
31 287 8
31 289 9
31 292 6
31 293 2
31 295 7
31 297 10
31 298 10
31 300 4
31 301 2
31 302 3
31 311 5
31 312 5
31 314 8
31 319 6
31 320 9
31 322 9
31 326 7
31 327 1
31 328 2
31 330 7
31 331 9
31 332 10
31 335 3
31 337 8
31 340 1
31 343 4
31 345 5
31 346 8
31 351 9
31 353 10
31 355 2
31 360 8
31 364 9
31 370 4
31 372 6
31 373 1
31 374 5
31 376 9
31 378 1
31 381 1
31 382 1
31 384 6
31 385 3
31 386 2
31 389 7
31 390 8
31 397 1
31 402 6
31 403 10
31 404 9
31 407 6
31 411 1
31 413 1
31 415 7
31 417 8
31 419 8
31 422 6
31 425 1
31 427 4
31 428 6
31 434 6
31 435 4
31 436 5
31 439 2
31 440 1
31 442 5
31 447 3
31 448 3
31 449 4
31 450 5
31 454 3
31 455 7
31 457 8
31 458 6
31 459 10
31 460 7
31 461 1
31 462 3
31 463 1
31 465 3
31 468 3
31 471 7
31 472 8
31 474 5
31 476 1
31 480 3
31 483 10
31 484 3
31 485 6
31 488 9
31 490 9
31 491 3
31 493 8
31 494 4
31 495 9
31 496 9
32 33 3
32 34 5
32 35 6
32 36 4
32 39 4
32 40 6
32 41 8
32 45 7
32 46 8
32 47 4
32 48 3
32 49 1
32 50 10
32 51 7
32 55 7
32 59 9
32 62 10
32 63 6
32 68 4
32 69 4
32 70 8
32 73 10
32 75 4
32 76 5
32 78 9
32 80 7
32 86 2
32 87 5
32 88 6
32 89 2
32 90 6
32 93 8
32 94 9
32 95 1
32 98 5
32 101 3
32 102 4
32 105 3
32 106 10
32 108 1
32 111 9
32 112 4
32 113 2
32 116 10
32 117 5
32 118 5
32 122 10
32 126 2
32 127 4
32 128 3
32 129 8
32 131 9
32 132 7
32 133 8
32 134 6
32 135 2
32 136 10
32 137 3
32 138 8
32 139 8
32 141 7
32 142 10
32 143 8
32 144 8
32 146 3
32 147 8
32 150 7
32 151 9
32 153 7
32 155 8
32 156 7
32 159 8
32 164 7
32 168 10
32 170 3
32 171 4
32 172 8
32 173 7
32 174 1
32 176 10
32 184 4
32 185 10
32 197 5
32 199 7
32 200 4
32 203 4
32 206 10
32 208 10
32 209 7
32 210 2
32 214 10
32 216 4
32 219 2
32 220 8
32 225 4
32 226 9
32 229 3
32 230 5
32 231 10
32 232 3
32 233 6
32 234 5
32 236 4
32 238 10
32 239 6
32 240 6
32 242 5
32 246 2
32 247 2
32 250 1
32 252 6
32 256 5
32 258 7
32 266 2
32 267 7
32 270 4
32 272 7
32 274 10
32 275 5
32 280 3
32 281 9
32 282 10
32 288 9
32 289 4
32 291 2
32 292 1
32 296 7
32 297 3
32 302 3
32 303 2
32 304 10
32 305 2
32 308 7
32 310 8
32 311 4
32 312 10
32 313 7
32 314 10
32 316 6
32 318 3
32 319 10
32 320 6
32 321 5
32 322 1
32 323 1
32 326 6
32 327 10
32 329 9
32 332 3
32 333 9
32 334 6
32 335 6
32 336 4
32 337 10
32 339 9
32 345 3
32 348 8
32 350 7
32 351 6
32 354 6
32 358 5
32 360 1
32 361 9
32 362 2
32 366 9
32 367 1
32 368 1
32 371 1
32 372 10
32 373 5
32 377 1
32 381 10
32 385 8
32 388 1
32 390 3
32 391 7
32 392 4
32 394 10
32 395 7
32 396 2
32 397 1
32 398 7
32 399 2
32 400 6
32 402 9
32 403 7
32 407 6
32 410 9
32 411 6
32 412 9
32 413 8
32 414 7
32 415 6
32 417 2
32 420 4
32 422 2
32 423 6
32 424 7
32 425 6
32 428 2
32 429 10
32 434 2
32 436 3
32 437 9
32 438 2
32 441 3
32 442 10
32 445 5
32 447 2
32 448 10
32 449 7
32 452 1
32 453 9
32 454 9
32 455 9
32 456 2
32 457 7
32 459 9
32 460 8
32 461 7
32 466 6
32 467 1
32 471 2
32 472 4
32 474 3
32 475 1
32 481 4
32 482 4
32 483 9
32 487 6
32 488 10
32 489 5
32 490 5
32 491 3
32 492 8
32 493 9
32 494 4
32 495 9
32 497 4
32 499 5
33 34 10
33 36 1
33 38 5
33 40 10
33 43 4
33 44 4
33 45 3
33 46 10
33 47 9
33 48 4
33 49 10
33 50 4
33 53 5
33 54 4
33 57 8
33 58 3
33 59 7
33 60 10
33 62 4
33 67 6
33 68 7
33 70 8
33 71 2
33 72 3
33 73 5
33 77 10
33 80 5
33 81 8
33 82 1
33 87 2
33 92 5
33 93 7
33 94 10
33 96 5
33 98 8
33 102 3
33 106 1
33 111 1
33 115 3
33 117 9
33 118 7
33 119 8
33 120 7
33 121 4
33 122 4
33 123 6
33 124 8
33 125 9
33 126 2
33 127 6
33 128 3
33 129 3
33 137 10
33 138 5
33 141 9
33 142 4
33 145 1
33 146 2
33 150 1
33 151 10
33 152 7
33 153 10
33 155 5
33 158 2
33 163 1
33 170 8
33 171 8
33 172 4
33 186 2
33 187 5
33 189 2
33 191 10
33 195 4
33 197 3
33 198 4
33 199 8
33 201 3
33 202 7
33 203 9
33 204 5
33 205 5
33 208 6
33 209 7
33 211 2
33 213 4
33 214 4
33 220 3
33 222 9
33 224 9
33 229 5
33 230 8
33 231 7
33 233 2
33 236 5
33 237 2
33 238 6
33 241 4
33 242 3
33 246 4
33 247 2
33 248 2
33 254 7
33 259 1
33 261 4
33 262 1
33 263 6
33 265 5
33 266 1
33 267 4
33 268 2
33 269 10
33 271 4
33 272 1
33 274 7
33 277 4
33 279 2
33 283 2
33 289 5
33 290 9
33 291 1
33 294 8
33 296 7
33 298 6
33 299 7
33 300 6
33 305 3
33 312 8
33 313 9
33 316 2
33 318 8
33 319 10
33 321 6
33 322 10
33 324 9
33 325 3
33 327 8
33 328 10
33 329 5
33 330 5
33 331 6
33 332 10
33 333 5
33 334 2
33 335 6
33 336 1
33 338 3
33 339 7
33 341 3
33 345 10
33 346 8
33 354 8
33 356 7
33 357 7
33 358 3
33 371 9
33 373 5
33 375 2
33 377 5
33 378 4
33 380 1
33 381 6
33 382 1
33 383 10
33 385 4
33 389 6
33 391 3
33 392 9
33 394 7
33 396 4
33 397 6
33 398 5
33 400 5
33 405 2
33 406 4
33 407 9
33 409 8
33 411 8
33 412 8
33 413 8
33 414 3
33 415 9
33 418 8
33 419 5
33 422 8
33 423 7
33 424 8
33 425 4
33 430 9
33 431 3
33 432 5
33 434 1
33 435 8
33 437 5
33 438 9
33 439 7
33 441 5
33 445 5
33 446 3
33 447 9
33 450 4
33 451 3
33 453 3
33 458 2
33 459 5
33 461 7
33 462 1
33 463 2
33 465 8
33 466 6
33 469 8
33 470 5
33 471 7
33 472 3
33 475 3
33 478 2
33 479 4
33 482 8
33 483 3
33 484 9
33 486 8
33 487 8
33 493 7
33 494 9
33 497 7
33 498 8
34 35 8
34 38 9
34 40 6
34 43 7
34 45 4
34 47 10
34 49 6
34 50 2
34 51 1
34 53 1
34 56 6
34 58 5
34 60 9
34 61 4
34 62 4
34 64 9
34 66 1
34 70 3
34 71 1
34 73 6
34 74 9
34 79 8
34 82 10
34 84 5
34 85 3
34 86 1
34 88 10
34 89 3
34 90 9
34 92 10
34 94 4
34 96 9
34 104 1
34 105 5
34 108 8
34 109 2
34 112 9
34 113 3
34 116 8
34 117 3
34 118 4
34 119 2
34 122 5
34 125 5
34 126 10
34 127 9
34 128 5
34 130 5
34 133 9
34 136 6
34 138 2
34 141 4
34 148 6
34 149 5
34 150 5
34 153 7
34 154 1
34 155 7
34 158 6
34 159 7
34 161 7
34 163 9
34 164 5
34 166 7
34 169 9
34 174 8
34 176 8
34 177 9
34 184 4
34 187 8
34 190 7
34 192 6
34 194 7
34 195 5
34 196 10
34 197 7
34 198 7
34 199 1
34 200 7
34 201 3
34 205 7
34 206 1
34 207 4
34 212 1
34 213 5
34 215 5
34 219 8
34 220 9
34 227 5
34 230 2
34 231 6
34 233 9
34 234 4
34 236 2
34 238 8
34 239 1
34 240 10
34 247 1
34 248 8
34 249 9
34 250 2
34 251 5
34 252 10
34 254 6
34 256 7
34 261 3
34 263 2
34 264 8
34 265 9
34 269 6
34 270 8
34 275 8
34 276 8
34 278 3
34 280 9
34 281 1
34 282 5
34 287 1
34 288 6
34 289 3
34 291 2
34 294 2
34 295 8
34 296 4
34 299 3
34 300 10
34 301 7
34 304 3
34 305 2
34 308 4
34 313 7
34 315 3
34 318 4
34 320 6
34 321 4
34 325 1
34 333 8
34 338 7
34 339 9
34 341 3
34 342 3
34 346 5
34 348 8
34 350 3
34 353 10
34 358 5
34 359 1
34 362 3
34 365 2
34 366 7
34 367 9
34 368 9
34 369 1
34 370 9
34 372 1
34 373 6
34 376 10
34 377 10
34 380 8
34 384 1
34 388 7
34 389 1
34 390 7
34 392 1
34 394 5
34 398 10
34 400 6
34 401 1
34 403 8
34 404 2
34 405 2
34 407 5
34 409 2
34 411 7
34 413 7
34 416 9
34 418 3
34 419 10
34 422 3
34 424 6
34 425 5
34 426 6
34 428 4
34 429 8
34 430 10
34 432 9
34 435 10
34 436 3
34 440 9
34 443 5
34 444 8
34 445 8
34 446 8
34 450 8
34 451 10
34 452 7
34 453 9
34 457 2
34 463 3
34 465 5
34 466 9
34 467 6
34 470 5
34 473 3
34 475 6
34 476 10
34 477 4
34 478 3
34 479 1
34 480 10
34 482 6
34 485 5
34 489 5
34 490 1
34 492 8
34 494 10
34 498 9
34 499 7
35 36 8
35 39 2
35 44 8
35 45 6
35 48 7
35 51 2
35 52 6
35 53 7
35 54 7
35 57 5
35 58 4
35 59 3
35 60 1
35 64 8
35 67 8
35 69 2
35 71 5
35 72 5
35 74 3
35 75 9
35 76 4
35 85 8
35 86 10
35 91 3
35 92 7
35 93 4
35 94 6
35 95 8
35 96 9
35 97 3
35 98 5
35 99 7
35 101 7
35 102 5
35 103 6
35 104 10
35 105 10
35 109 8
35 111 1
35 112 1
35 118 5
35 119 2
35 120 6
35 123 1
35 125 9
35 126 2
35 127 10
35 130 7
35 132 6
35 133 10
35 135 9
35 136 6
35 140 5
35 141 3
35 142 2
35 143 5
35 144 2
35 145 1
35 146 6
35 150 8
35 151 7
35 152 3
35 155 2
35 156 6
35 157 2
35 159 8
35 164 6
35 167 5
35 168 5
35 170 7
35 174 1
35 179 6
35 180 8
35 181 9
35 183 2
35 184 9
35 185 4
35 190 8
35 193 8
35 194 2
35 197 3
35 201 6
35 207 6
35 211 7
35 213 10
35 214 5
35 216 1
35 217 1
35 218 10
35 219 3
35 224 4
35 225 2
35 228 3
35 231 6
35 232 7
35 234 4
35 235 2
35 236 6
35 242 8
35 245 7
35 246 8
35 247 4
35 248 9
35 249 10
35 251 5
35 252 2
35 253 8
35 256 8
35 257 8
35 258 10
35 259 2
35 261 9
35 262 4
35 264 2
35 265 5
35 266 7
35 269 3
35 271 5
35 273 2
35 275 7
35 276 1
35 278 3
35 280 4
35 281 1
35 286 2
35 287 10
35 289 7
35 290 10
35 291 4
35 292 4
35 294 10
35 298 8
35 303 3
35 306 1
35 309 10
35 310 1
35 311 2
35 313 2
35 318 4
35 319 10
35 321 2
35 322 7
35 323 3
35 324 2
35 326 8
35 327 7
35 328 8
35 329 2
35 330 8
35 333 10
35 334 9
35 336 4
35 339 4
35 340 10
35 348 1
35 351 3
35 352 8
35 354 10
35 356 7
35 359 4
35 361 8
35 363 8
35 364 10
35 366 2
35 367 5
35 371 6
35 373 9
35 379 3
35 381 9
35 382 8
35 383 7
35 385 7
35 387 7
35 388 9
35 394 9
35 396 10
35 397 4
35 398 4
35 399 6
35 400 3
35 401 1
35 402 2
35 405 7
35 406 2
35 408 4
35 410 3
35 411 9
35 412 3
35 414 3
35 415 5
35 416 8
35 417 10
35 420 2
35 421 5
35 423 10
35 425 10
35 427 10
35 429 1
35 431 2
35 432 6
35 433 2
35 434 8
35 435 1
35 436 8
35 439 4
35 441 1
35 443 1
35 444 1
35 446 9
35 448 5
35 449 7
35 450 6
35 451 1
35 453 4
35 457 5
35 458 8
35 461 3
35 464 6
35 466 6
35 470 3
35 471 10
35 472 10
35 475 2
35 476 5
35 477 1
35 479 3
35 481 7
35 485 2
35 488 3
35 491 3
35 493 4
35 494 2
35 495 9
35 496 9
35 498 2
36 37 4
36 38 8
36 42 6
36 43 1
36 44 4
36 45 1
36 47 5
36 48 8
36 49 1
36 50 3
36 51 2
36 53 5
36 54 4
36 55 8
36 56 3
36 57 2
36 58 4
36 60 3
36 63 7
36 64 8
36 70 6
36 76 10
36 77 6
36 78 2
36 80 2
36 83 7
36 84 3
36 85 3
36 86 3
36 87 8
36 92 10
36 93 7
36 94 10
36 96 5
36 97 10
36 98 8
36 101 2
36 102 5
36 106 10
36 107 5
36 109 1
36 110 5
36 114 6
36 115 8
36 116 5
36 120 2
36 125 2
36 126 8
36 127 10
36 128 2
36 130 2
36 135 6
36 136 8
36 137 1
36 138 1
36 139 7
36 140 5
36 147 4
36 148 1
36 149 9
36 152 5
36 155 3
36 157 3
36 159 10
36 160 1
36 162 10
36 163 3
36 166 4
36 167 7
36 169 2
36 174 6
36 178 8
36 179 5
36 180 4
36 182 1
36 184 8
36 186 10
36 189 9
36 192 1
36 196 4
36 197 1
36 198 10
36 200 8
36 202 4
36 203 1
36 204 8
36 206 3
36 208 9
36 211 5
36 215 1
36 216 8
36 218 2
36 221 8
36 226 9
36 227 7
36 228 8
36 230 10
36 231 8
36 232 8
36 233 5
36 234 9
36 237 1
36 243 7
36 245 4
36 248 4
36 249 1
36 250 7
36 252 1
36 253 6
36 254 10
36 255 2
36 258 6
36 259 1
36 260 6
36 263 8
36 268 9
36 271 10
36 272 1
36 274 3
36 275 1
36 277 3
36 280 2
36 284 10
36 287 4
36 290 10
36 291 8
36 292 1
36 295 10
36 297 5
36 300 3
36 301 8
36 302 7
36 307 6
36 308 1
36 309 5
36 312 7
36 313 2
36 314 5
36 316 1
36 317 7
36 320 3
36 322 7
36 324 6
36 325 7
36 326 9
36 327 10
36 328 6
36 332 3
36 336 3
36 337 10
36 341 3
36 343 10
36 346 9
36 347 4
36 349 5
36 350 8
36 352 9
36 354 4
36 360 10
36 362 6
36 370 8
36 372 6
36 373 7
36 377 6
36 380 2
36 383 8
36 385 4
36 388 3
36 390 10
36 391 7
36 392 7
36 393 6
36 394 1
36 399 2
36 400 1
36 402 7
36 403 3
36 404 3
36 405 10
36 408 10
36 410 8
36 411 6
36 412 8
36 415 8
36 416 2
36 421 3
36 422 5
36 424 7
36 427 9
36 428 7
36 429 10
36 431 10
36 434 1
36 435 10
36 437 9
36 438 10
36 439 7
36 440 5
36 441 9
36 442 1
36 443 6
36 444 7
36 445 4
36 448 5
36 450 10
36 451 8
36 455 1
36 457 4
36 460 6
36 463 4
36 464 4
36 465 9
36 466 9
36 467 2
36 470 9
36 473 6
36 478 7
36 480 6
36 487 3
36 488 10
36 489 9
36 491 10
36 492 10
36 497 3
36 498 1
36 499 9
37 38 8
37 39 2
37 42 10
37 43 9
37 46 4
37 48 3
37 50 10
37 51 4
37 53 8
37 54 10
37 56 8
37 57 3
37 62 1
37 64 10
37 65 8
37 67 8
37 69 3
37 70 4
37 71 8
37 73 2
37 74 8
37 80 10
37 81 9
37 84 10
37 86 3
37 87 9
37 91 5
37 92 4
37 93 9
37 94 1
37 95 3
37 96 3
37 97 7
37 105 10
37 106 8
37 108 7
37 109 10
37 110 4
37 111 4
37 112 4
37 116 6
37 117 8
37 118 10
37 121 6
37 125 9
37 128 3
37 129 5
37 130 10
37 133 7
37 138 2
37 139 7
37 140 10
37 141 1
37 143 1
37 151 5
37 152 8
37 153 6
37 154 1
37 157 5
37 159 2
37 160 5
37 161 9
37 162 1
37 165 1
37 168 4
37 169 3
37 172 10
37 173 5
37 174 2
37 175 10
37 176 4
37 177 4
37 179 3
37 183 6
37 185 3
37 186 7
37 187 1
37 189 1
37 194 3
37 200 7
37 205 10
37 206 9
37 207 10
37 208 1
37 209 5
37 210 1
37 211 4
37 212 10
37 214 3
37 216 3
37 217 3
37 219 8
37 221 4
37 223 9
37 224 4
37 225 1
37 226 7
37 228 5
37 229 10
37 230 7
37 235 10
37 238 6
37 245 3
37 248 9
37 250 5
37 252 3
37 254 2
37 255 5
37 257 8
37 259 3
37 260 2
37 264 6
37 267 1
37 268 6
37 269 4
37 274 4
37 275 7
37 278 9
37 279 2
37 280 10
37 281 2
37 283 5
37 285 10
37 286 9
37 287 2
37 288 6
37 289 8
37 292 2
37 293 9
37 295 10
37 297 6
37 298 2
37 301 7
37 303 7
37 304 1
37 305 6
37 306 2
37 308 8
37 309 3
37 313 7
37 314 10
37 315 4
37 318 7
37 320 7
37 326 3
37 327 9
37 328 5
37 329 2
37 331 3
37 333 7
37 337 7
37 339 1
37 341 4
37 345 5
37 346 6
37 347 3
37 352 4
37 353 8
37 357 1
37 360 9
37 362 9
37 363 1
37 368 1
37 370 8
37 371 8
37 375 4
37 377 3
37 379 10
37 380 3
37 381 7
37 382 5
37 383 3
37 386 2
37 392 8
37 395 8
37 398 4
37 403 1
37 406 10
37 407 6
37 411 7
37 412 7
37 413 5
37 417 4
37 419 9
37 420 8
37 422 1
37 423 10
37 424 2
37 427 10
37 429 8
37 433 10
37 435 7
37 437 4
37 438 5
37 440 1
37 445 2
37 446 6
37 447 6
37 448 3
37 451 3
37 453 7
37 456 3
37 458 3
37 461 8
37 463 10
37 466 2
37 467 10
37 468 5
37 470 2
37 472 9
37 473 4
37 474 6
37 475 3
37 477 9
37 478 3
37 480 3
37 484 10
37 485 7
37 486 1
37 490 3
37 491 3
37 492 8
37 495 3
37 496 9
37 497 5
37 499 10
38 39 3
38 44 10
38 45 10
38 46 4
38 47 5
38 51 8
38 52 9
38 53 4
38 56 9
38 57 9
38 61 4
38 63 7
38 65 3
38 68 10
38 69 8
38 78 10
38 79 9
38 81 3
38 82 6
38 84 2
38 85 9
38 86 2
38 87 9
38 89 5
38 91 8
38 94 6
38 96 3
38 102 2
38 106 7
38 107 8
38 108 6
38 109 1
38 110 5
38 113 6
38 114 5
38 115 6
38 116 6
38 117 10
38 118 6
38 119 1
38 123 2
38 130 4
38 132 1
38 134 5
38 137 4
38 139 9
38 140 5
38 142 1
38 144 2
38 146 3
38 147 1
38 149 2
38 150 9
38 151 7
38 155 9
38 156 8
38 158 10
38 160 5
38 161 4
38 162 8
38 164 1
38 168 10
38 169 9
38 171 3
38 174 6
38 175 9
38 177 9
38 182 8
38 190 10
38 192 6
38 201 6
38 202 2
38 203 5
38 206 4
38 208 10
38 211 7
38 212 5
38 214 10
38 218 7
38 219 9
38 222 6
38 223 5
38 227 9
38 229 7
38 230 7
38 232 6
38 234 6
38 236 7
38 239 3
38 241 4
38 244 10
38 245 10
38 246 9
38 247 7
38 249 4
38 251 9
38 255 2
38 257 6
38 261 9
38 262 1
38 263 8
38 265 7
38 266 5
38 267 8
38 270 8
38 271 2
38 272 2
38 276 6
38 277 1
38 281 1
38 282 3
38 283 3
38 284 5
38 286 2
38 287 2
38 288 7
38 290 2
38 293 8
38 294 3
38 296 9
38 300 10
38 302 5
38 303 9
38 306 6
38 307 3
38 312 4
38 313 9
38 314 7
38 315 10
38 317 9
38 318 6
38 321 4
38 322 2
38 325 4
38 326 9
38 328 2
38 332 10
38 333 1
38 336 6
38 337 9
38 338 3
38 339 5
38 340 8
38 342 10
38 344 9
38 346 2
38 349 5
38 352 4
38 354 1
38 355 7
38 358 8
38 360 10
38 363 7
38 364 9
38 366 10
38 367 4
38 371 9
38 372 2
38 376 3
38 381 6
38 383 8
38 384 10
38 387 4
38 388 8
38 392 5
38 395 3
38 397 2
38 398 4
38 399 8
38 400 1
38 402 2
38 403 3
38 405 6
38 407 10
38 408 4
38 410 6
38 412 3
38 414 8
38 415 1
38 421 9
38 422 9
38 423 9
38 424 5
38 426 3
38 429 2
38 430 4
38 431 7
38 432 2
38 433 5
38 435 6
38 437 3
38 438 5
38 441 5
38 442 1
38 443 9
38 444 2
38 445 1
38 448 1
38 451 3
38 452 8
38 454 4
38 455 5
38 456 10
38 459 5
38 461 6
38 462 5
38 465 8
38 467 5
38 471 10
38 473 5
38 477 4
38 478 1
38 482 5
38 483 5
38 484 10
38 487 7
38 489 4
38 491 2
38 493 6
38 494 6
38 496 1
38 497 3
38 498 7
38 499 6
39 40 4
39 41 6
39 43 5
39 44 1
39 45 5
39 46 4
39 47 3
39 48 6
39 51 9
39 52 3
39 53 3
39 57 8
39 59 8
39 60 9
39 61 10
39 64 10
39 65 4
39 67 3
39 68 3
39 69 2
39 71 3
39 72 8
39 73 6
39 74 2
39 77 6
39 81 3
39 82 6
39 83 10
39 85 8
39 87 4
39 89 9
39 90 1
39 91 7
39 93 5
39 94 3
39 95 5
39 96 1
39 97 5
39 98 5
39 99 2
39 103 8
39 106 1
39 108 5
39 109 1
39 110 2
39 111 2
39 113 8
39 115 1
39 116 9
39 117 10
39 120 4
39 121 7
39 122 2
39 123 10
39 128 7
39 130 8
39 135 5
39 138 8
39 141 1
39 144 9
39 147 5
39 150 5
39 151 2
39 152 7
39 155 9
39 161 2
39 166 7
39 168 1
39 173 7
39 174 10
39 175 6
39 183 1
39 187 5
39 188 10
39 189 6
39 190 3
39 192 7
39 198 2
39 199 4
39 202 9
39 204 6
39 207 7
39 211 8
39 212 5
39 213 3
39 215 7
39 217 8
39 221 2
39 229 1
39 231 10
39 232 3
39 236 6
39 238 2
39 240 6
39 244 6
39 248 9
39 250 7
39 252 9
39 253 2
39 255 5
39 260 8
39 262 8
39 263 7
39 265 1
39 266 7
39 272 3
39 273 9
39 275 4
39 277 4
39 278 9
39 279 1
39 282 7
39 283 5
39 284 5
39 286 9
39 291 9
39 292 3
39 300 10
39 301 1
39 303 6
39 304 1
39 308 1
39 309 3
39 310 2
39 311 2
39 313 5
39 314 8
39 315 6
39 317 4
39 318 8
39 320 1
39 321 3
39 322 8
39 325 5
39 327 4
39 328 2
39 330 3
39 332 9
39 333 10
39 334 7
39 336 7
39 337 5
39 338 2
39 340 10
39 343 8
39 347 8
39 348 3
39 351 7
39 354 5
39 356 7
39 357 5
39 358 4
39 359 1
39 362 3
39 365 8
39 373 8
39 374 1
39 375 7
39 381 7
39 382 4
39 385 3
39 387 6
39 388 3
39 389 8
39 391 6
39 397 2
39 398 7
39 399 1
39 401 5
39 412 8
39 413 2
39 414 10
39 417 7
39 418 9
39 420 3
39 423 9
39 424 4
39 425 7
39 427 2
39 429 10
39 433 6
39 435 9
39 439 3
39 440 10
39 441 8
39 442 7
39 443 8
39 444 1
39 445 9
39 447 2
39 452 7
39 453 9
39 454 3
39 456 5
39 457 4
39 461 8
39 463 2
39 464 2
39 468 4
39 469 2
39 471 8
39 473 3
39 476 5
39 479 4
39 484 8
39 485 9
39 486 9
39 487 5
39 488 3
39 489 7
39 490 10
39 491 1
39 494 5
39 495 5
39 496 4
39 498 2
39 499 2
40 41 1
40 42 3
40 44 4
40 45 4
40 46 5
40 47 6
40 49 2
40 51 6
40 52 9
40 55 2
40 57 10
40 58 9
40 60 9
40 63 1
40 64 5
40 66 3
40 67 3
40 68 1
40 69 10
40 72 5
40 73 5
40 75 9
40 77 3
40 78 2
40 79 5
40 80 3
40 82 10
40 83 10
40 87 7
40 88 5
40 89 4
40 91 5
40 97 6
40 98 8
40 101 1
40 102 5
40 103 7
40 104 7
40 105 9
40 109 8
40 112 4
40 113 3
40 115 2
40 116 7
40 117 8
40 120 5
40 125 8
40 128 4
40 129 3
40 131 5
40 132 8
40 134 4
40 135 3
40 137 8
40 138 8
40 139 6
40 142 4
40 144 3
40 147 8
40 149 1
40 150 10
40 151 5
40 153 7
40 157 6
40 160 1
40 162 4
40 165 10
40 166 1
40 167 1
40 171 1
40 172 7
40 176 2
40 177 5
40 178 8
40 180 4
40 184 4
40 185 8
40 186 7
40 188 5
40 189 1
40 190 10
40 191 3
40 197 2
40 200 4
40 201 7
40 202 8
40 203 1
40 206 10
40 208 4
40 209 4
40 210 8
40 212 3
40 213 9
40 214 3
40 216 8
40 217 7
40 218 5
40 220 7
40 222 8
40 223 4
40 225 1
40 226 4
40 227 1
40 228 3
40 229 4
40 231 2
40 232 6
40 234 7
40 235 8
40 236 5
40 237 2
40 242 3
40 243 10
40 245 8
40 248 6
40 252 5
40 253 4
40 262 9
40 265 6
40 271 1
40 272 6
40 273 7
40 274 4
40 280 1
40 281 3
40 282 6
40 285 10
40 286 8
40 288 9
40 291 3
40 292 7
40 296 2
40 298 4
40 299 10
40 301 7
40 302 5
40 303 3
40 304 1
40 305 1
40 306 3
40 307 9
40 310 8
40 314 3
40 315 7
40 316 6
40 317 9
40 318 1
40 324 3
40 332 4
40 334 9
40 337 10
40 338 8
40 339 8
40 340 3
40 341 7
40 344 3
40 345 4
40 347 6
40 349 1
40 350 2
40 351 2
40 352 1
40 356 4
40 363 2
40 364 9
40 367 2
40 368 8
40 369 7
40 370 9
40 371 5
40 372 9
40 373 4
40 374 3
40 377 2
40 378 5
40 381 3
40 383 2
40 386 8
40 387 4
40 388 4
40 390 8
40 392 7
40 393 3
40 394 6
40 396 9
40 401 4
40 404 7
40 405 8
40 406 5
40 407 3
40 410 2
40 412 1
40 414 1
40 415 4
40 416 7
40 419 3
40 421 2
40 422 2
40 423 4
40 425 1
40 426 4
40 427 4
40 428 1
40 432 5
40 433 1
40 435 9
40 440 4
40 441 2
40 443 1
40 444 8
40 445 2
40 449 7
40 452 6
40 454 3
40 456 9
40 461 1
40 462 6
40 464 6
40 467 7
40 468 1
40 469 2
40 470 8
40 473 9
40 474 8
40 475 4
40 477 6
40 478 10
40 479 5
40 480 4
40 482 4
40 483 2
40 485 3
40 486 7
40 488 4
40 491 4
40 492 6
40 495 10
40 497 3
40 498 3
41 43 4
41 44 2
41 46 5
41 47 3
41 55 5
41 59 1
41 61 2
41 65 3
41 66 6
41 68 1
41 70 2
41 72 3
41 74 7
41 75 8
41 76 4
41 79 6
41 81 7
41 82 6
41 85 5
41 87 6
41 88 5
41 90 4
41 91 1
41 95 10
41 96 8
41 97 5
41 99 9
41 101 1
41 102 3
41 103 5
41 107 7
41 109 2
41 111 3
41 113 4
41 120 8
41 122 4
41 127 10
41 128 3
41 129 9
41 130 6
41 131 4
41 132 8
41 133 10
41 136 2
41 142 6
41 143 3
41 144 8
41 147 1
41 149 7
41 150 6
41 152 1
41 155 6
41 161 9
41 162 3
41 163 6
41 164 7
41 165 6
41 166 1
41 167 10
41 168 3
41 171 8
41 176 6
41 177 4
41 180 7
41 183 9
41 185 5
41 188 9
41 190 7
41 191 6
41 197 10
41 199 6
41 202 3
41 203 2
41 205 6
41 208 9
41 211 6
41 212 2
41 217 5
41 218 6
41 220 6
41 221 6
41 227 5
41 234 4
41 237 5
41 238 5
41 244 2
41 245 7
41 246 9
41 247 6
41 248 5
41 249 7
41 250 9
41 253 3
41 254 5
41 256 7
41 260 1
41 262 8
41 263 3
41 266 5
41 267 4
41 268 6
41 270 2
41 273 9
41 275 6
41 276 6
41 277 6
41 280 10
41 282 8
41 283 4
41 284 8
41 286 8
41 289 9
41 290 6
41 291 2
41 292 10
41 297 1
41 298 9
41 299 4
41 300 6
41 302 1
41 306 1
41 307 6
41 308 9
41 309 6
41 310 2
41 311 3
41 312 10
41 314 1
41 315 2
41 318 4
41 321 7
41 323 5
41 324 7
41 325 7
41 326 2
41 327 10
41 328 3
41 329 4
41 333 2
41 334 8
41 335 2
41 336 7
41 338 2
41 340 3
41 344 8
41 346 5
41 347 10
41 348 3
41 349 4
41 350 9
41 352 5
41 353 2
41 354 4
41 355 3
41 357 10
41 358 3
41 361 2
41 362 6
41 363 4
41 365 7
41 370 5
41 372 5
41 373 3
41 376 6
41 378 3
41 382 7
41 383 2
41 384 3
41 388 8
41 392 7
41 394 2
41 395 10
41 396 1
41 397 5
41 399 8
41 400 8
41 404 3
41 405 3
41 406 5
41 407 1
41 408 9
41 410 5
41 413 5
41 414 6
41 415 2
41 416 1
41 418 9
41 419 6
41 420 9
41 421 2
41 423 5
41 424 6
41 429 2
41 432 10
41 433 3
41 435 3
41 437 1
41 438 9
41 440 2
41 442 3
41 443 4
41 444 9
41 445 4
41 447 10
41 449 1
41 450 3
41 451 10
41 452 3
41 456 7
41 458 5
41 460 9
41 462 10
41 465 9
41 470 6
41 472 5
41 477 10
41 478 4
41 479 4
41 481 3
41 483 10
41 484 2
41 485 9
41 487 4
41 488 1
41 489 2
41 492 3
41 493 4
41 497 4
41 498 7
42 46 5
42 48 7
42 50 7
42 53 5
42 55 6
42 57 3
42 58 6
42 59 5
42 60 2
42 63 7
42 64 7
42 65 2
42 66 2
42 67 10
42 68 2
42 69 10
42 72 9
42 75 9
42 78 10
42 82 6
42 83 6
42 88 3
42 89 1
42 90 9
42 92 4
42 96 10
42 102 4
42 103 4
42 104 4
42 106 10
42 107 10
42 109 9
42 110 4
42 111 10
42 112 3
42 113 4
42 114 3
42 115 8
42 119 3
42 121 9
42 123 8
42 124 4
42 125 8
42 128 4
42 129 3
42 134 6
42 135 10
42 137 8
42 138 1
42 140 9
42 141 10
42 142 3
42 143 3
42 145 8
42 149 10
42 153 2
42 155 1
42 158 4
42 163 5
42 164 10
42 165 9
42 166 8
42 167 2
42 168 8
42 169 2
42 170 4
42 172 3
42 178 4
42 180 4
42 181 2
42 182 7
42 183 1
42 184 3
42 185 5
42 186 4
42 187 7
42 190 8
42 191 7
42 195 6
42 196 4
42 200 8
42 201 5
42 203 9
42 205 4
42 208 4
42 210 8
42 211 9
42 213 2
42 216 5
42 217 3
42 218 3
42 220 3
42 222 4
42 223 9
42 226 8
42 228 9
42 229 2
42 230 4
42 232 10
42 235 7
42 236 9
42 239 1
42 241 5
42 247 4
42 249 5
42 250 7
42 253 8
42 254 8
42 255 5
42 256 4
42 259 4
42 260 1
42 262 4
42 263 7
42 267 4
42 269 7
42 277 2
42 278 4
42 280 5
42 282 10
42 284 3
42 285 7
42 287 5
42 288 8
42 289 8
42 293 10
42 295 3
42 296 7
42 297 4
42 298 1
42 301 8
42 304 3
42 307 9
42 309 4
42 313 7
42 316 1
42 317 4
42 318 5
42 324 2
42 326 10
42 327 6
42 328 7
42 329 7
42 331 4
42 334 2
42 335 9
42 336 10
42 339 6
42 340 3
42 341 3
42 343 3
42 344 5
42 345 4
42 346 1
42 348 5
42 349 8
42 350 1
42 351 9
42 353 3
42 354 4
42 355 5
42 358 5
42 359 6
42 360 8
42 361 6
42 362 1
42 366 7
42 369 2
42 370 1
42 373 7
42 375 10
42 376 5
42 377 1
42 378 5
42 383 6
42 385 5
42 386 10
42 387 6
42 390 6
42 391 8
42 392 1
42 393 10
42 394 3
42 395 4
42 396 5
42 398 10
42 400 4
42 401 4
42 402 5
42 405 6
42 406 7
42 408 3
42 410 7
42 411 2
42 412 6
42 414 6
42 415 6
42 416 7
42 417 5
42 418 10
42 419 2
42 421 6
42 424 3
42 426 6
42 427 3
42 428 3
42 430 5
42 431 1
42 432 3
42 434 4
42 435 4
42 436 10
42 437 2
42 441 5
42 442 2
42 445 3
42 448 4
42 449 3
42 451 7
42 453 3
42 455 2
42 458 3
42 461 4
42 462 2
42 464 7
42 466 5
42 468 1
42 469 7
42 470 8
42 471 1
42 473 10
42 476 6
42 478 3
42 479 9
42 480 4
42 484 1
42 485 9
42 488 8
42 489 4
42 490 9
42 491 9
42 493 2
42 497 9
42 498 4
42 499 8
43 45 6
43 46 7
43 50 1
43 53 7
43 54 10
43 57 10
43 58 3
43 59 4
43 61 10
43 63 7
43 65 8
43 69 9
43 70 5
43 71 8
43 72 3
43 74 5
43 76 5
43 77 7
43 78 7
43 79 4
43 81 6
43 82 10
43 85 2
43 86 6
43 89 8
43 91 8
43 92 8
43 93 1
43 100 1
43 102 3
43 103 2
43 107 7
43 108 4
43 109 7
43 110 3
43 111 10
43 117 6
43 118 2
43 120 7
43 122 3
43 123 10
43 125 3
43 126 8
43 129 7
43 135 10
43 137 4
43 138 8
43 139 7
43 140 6
43 141 3
43 146 9
43 147 7
43 156 5
43 157 8
43 158 9
43 163 3
43 164 6
43 169 3
43 170 6
43 171 8
43 172 4
43 173 8
43 179 7
43 182 1
43 185 7
43 186 2
43 189 10
43 190 1
43 191 7
43 192 4
43 195 9
43 196 2
43 197 7
43 199 6
43 201 6
43 204 6
43 211 4
43 213 4
43 214 9
43 216 8
43 219 4
43 220 8
43 221 8
43 227 6
43 229 9
43 235 4
43 236 8
43 239 2
43 240 8
43 242 9
43 244 1
43 246 9
43 252 7
43 253 5
43 254 2
43 255 6
43 262 4
43 265 4
43 266 3
43 269 10
43 272 6
43 273 4
43 274 10
43 276 6
43 278 10
43 282 9
43 283 10
43 284 9
43 285 4
43 286 9
43 287 2
43 288 8
43 290 7
43 294 1
43 297 4
43 298 5
43 300 7
43 303 5
43 306 2
43 307 7
43 308 5
43 310 2
43 313 2
43 315 4
43 316 1
43 317 6
43 318 7
43 321 10
43 322 5
43 323 5
43 326 7
43 329 10
43 330 4
43 332 6
43 334 2
43 335 3
43 336 4
43 339 6
43 340 8
43 342 1
43 344 7
43 346 8
43 347 4
43 353 5
43 356 3
43 357 4
43 359 5
43 360 8
43 362 2
43 364 4
43 367 5
43 368 7
43 369 9
43 370 8
43 373 1
43 375 6
43 378 8
43 382 7
43 383 10
43 384 3
43 386 8
43 387 2
43 388 9
43 390 1
43 391 2
43 392 1
43 393 5
43 396 1
43 398 1
43 403 5
43 408 3
43 412 3
43 415 1
43 416 10
43 418 2
43 419 8
43 420 9
43 422 6
43 427 4
43 428 10
43 430 10
43 432 10
43 434 2
43 435 9
43 437 4
43 438 3
43 442 5
43 445 9
43 453 3
43 454 7
43 455 9
43 457 9
43 458 8
43 461 3
43 466 10
43 467 6
43 470 7
43 472 3
43 475 2
43 476 1
43 477 3
43 478 6
43 480 3
43 481 9
43 485 8
43 487 4
43 494 10
43 496 10
43 499 5
44 46 1
44 48 1
44 49 10
44 50 2
44 54 10
44 60 6
44 61 5
44 63 3
44 64 8
44 65 2
44 66 5
44 67 7
44 68 9
44 70 7
44 71 2
44 72 1
44 73 5
44 74 8
44 76 8
44 78 1
44 79 6
44 80 3
44 84 7
44 85 8
44 89 7
44 90 10
44 91 10
44 92 6
44 93 2
44 94 4
44 95 6
44 96 1
44 98 8
44 99 5
44 101 6
44 102 8
44 103 3
44 104 9
44 106 3
44 107 1
44 108 4
44 113 5
44 114 10
44 123 10
44 126 10
44 128 9
44 129 5
44 130 6
44 132 8
44 135 7
44 136 8
44 137 10
44 141 7
44 143 1
44 147 4
44 150 2
44 151 5
44 152 10
44 153 4
44 154 10
44 155 9
44 157 7
44 158 9
44 160 5
44 161 4
44 162 2
44 167 4
44 169 8
44 170 8
44 171 9
44 175 10
44 179 5
44 183 8
44 184 8
44 186 6
44 187 3
44 189 10
44 191 2
44 194 5
44 195 9
44 196 7
44 198 3
44 199 3
44 200 1
44 202 9
44 206 1
44 208 7
44 209 3
44 212 8
44 215 7
44 217 9
44 219 9
44 225 8
44 226 4
44 228 5
44 229 1
44 230 7
44 231 9
44 232 4
44 233 8
44 234 6
44 235 6
44 236 8
44 237 10
44 238 4
44 240 6
44 241 3
44 242 1
44 245 1
44 246 5
44 248 5
44 249 9
44 250 1
44 251 7
44 253 4
44 256 2
44 262 1
44 264 4
44 270 4
44 274 10
44 275 7
44 276 2
44 280 2
44 282 10
44 283 1
44 285 9
44 286 6
44 287 10
44 289 4
44 290 5
44 291 7
44 292 1
44 293 9
44 295 1
44 296 7
44 297 10
44 298 4
44 299 10
44 300 3
44 303 3
44 305 7
44 306 7
44 308 7
44 313 10
44 316 2
44 317 10
44 319 8
44 322 8
44 323 3
44 324 9
44 326 3
44 327 7
44 329 5
44 330 9
44 331 1
44 333 7
44 334 2
44 336 10
44 338 1
44 339 1
44 340 9
44 344 6
44 345 3
44 348 10
44 349 4
44 350 9
44 352 5
44 353 4
44 357 5
44 358 4
44 359 7
44 363 9
44 364 2
44 368 4
44 369 7
44 370 7
44 371 2
44 372 1
44 373 10
44 375 4
44 378 10
44 379 2
44 380 8
44 381 8
44 383 4
44 384 9
44 386 1
44 387 2
44 389 6
44 391 10
44 392 7
44 393 6
44 394 1
44 395 3
44 398 1
44 399 6
44 400 1
44 401 4
44 402 10
44 403 5
44 404 10
44 405 4
44 406 9
44 407 3
44 408 8
44 409 4
44 410 6
44 411 2
44 415 9
44 416 5
44 420 6
44 421 5
44 423 6
44 425 2
44 429 6
44 433 9
44 434 8
44 435 9
44 438 6
44 439 2
44 441 8
44 443 7
44 445 9
44 447 1
44 448 8
44 449 8
44 451 7
44 452 6
44 455 7
44 456 4
44 459 2
44 461 7
44 462 2
44 463 10
44 467 1
44 469 6
44 472 6
44 473 8
44 476 5
44 481 4
44 484 7
44 485 1
44 486 6
44 487 10
44 489 5
44 493 10
44 494 6
44 495 5
44 497 10
44 499 2
45 47 5
45 50 6
45 51 9
45 52 8
45 57 7
45 59 1
45 60 4
45 61 5
45 64 6
45 65 3
45 67 9
45 68 3
45 71 3
45 73 4
45 74 3
45 78 8
45 79 9
45 81 7
45 85 6
45 86 3
45 87 6
45 89 5
45 92 5
45 93 10
45 96 4
45 98 3
45 100 1
45 101 6
45 102 10
45 104 5
45 106 1
45 108 8
45 112 6
45 113 2
45 115 7
45 118 1
45 121 7
45 122 4
45 123 1
45 126 5
45 127 5
45 129 6
45 130 5
45 133 8
45 136 9
45 138 7
45 139 10
45 140 8
45 142 3
45 145 4
45 147 9
45 156 3
45 159 4
45 162 1
45 163 8
45 167 9
45 170 1
45 171 8
45 172 7
45 173 7
45 176 7
45 177 8
45 185 3
45 186 6
45 188 8
45 189 4
45 191 7
45 192 10
45 196 4
45 197 1
45 202 5
45 205 9
45 206 9
45 207 9
45 209 9
45 214 4
45 215 3
45 218 6
45 221 5
45 222 10
45 223 1
45 226 4
45 229 6
45 230 1
45 235 3
45 236 6
45 243 7
45 245 5
45 246 8
45 249 7
45 250 4
45 251 3
45 253 3
45 255 8
45 256 5
45 257 8
45 258 7
45 259 8
45 263 1
45 264 9
45 265 9
45 268 9
45 270 10
45 271 6
45 272 7
45 274 6
45 275 2
45 276 5
45 277 5
45 279 3
45 281 6
45 283 3
45 285 9
45 286 9
45 287 9
45 288 2
45 289 1
45 292 6
45 295 2
45 296 1
45 297 5
45 299 10
45 303 9
45 309 9
45 311 7
45 312 6
45 315 4
45 318 1
45 319 4
45 321 5
45 322 3
45 325 1
45 329 4
45 331 3
45 335 10
45 336 3
45 340 4
45 342 5
45 343 6
45 344 1
45 345 8
45 346 10
45 347 10
45 348 8
45 349 3
45 350 3
45 351 8
45 353 10
45 355 1
45 359 1
45 361 9
45 362 5
45 363 2
45 364 6
45 367 3
45 369 1
45 370 10
45 372 10
45 375 3
45 376 10
45 377 8
45 381 3
45 382 3
45 384 2
45 385 8
45 386 1
45 387 2
45 388 10
45 391 4
45 393 2
45 396 2
45 397 7
45 399 1
45 400 7
45 403 4
45 404 10
45 408 2
45 413 5
45 415 9
45 417 2
45 419 10
45 421 1
45 425 5
45 426 6
45 427 5
45 429 9
45 431 5
45 433 8
45 434 1
45 439 7
45 444 2
45 446 3
45 447 7
45 448 4
45 449 5
45 450 5
45 451 7
45 454 6
45 455 9
45 456 2
45 457 1
45 459 1
45 460 10
45 461 7
45 466 8
45 469 1
45 472 10
45 477 9
45 484 3
45 486 4
45 487 10
45 488 9
45 494 1
45 495 5
45 496 3
45 498 6
45 499 1
46 47 10
46 48 5
46 50 10
46 54 7
46 56 4
46 57 10
46 59 9
46 64 10
46 65 7
46 68 3
46 73 5
46 74 7
46 77 7
46 81 1
46 85 8
46 88 6
46 90 6
46 93 4
46 94 9
46 95 1
46 96 7
46 97 8
46 98 6
46 100 4
46 102 9
46 103 4
46 109 4
46 110 3
46 112 3
46 113 2
46 114 3
46 120 9
46 121 3
46 122 7
46 124 5
46 130 8
46 131 5
46 135 5
46 137 4
46 145 8
46 146 5
46 147 2
46 149 4
46 151 3
46 152 3
46 153 4
46 154 9
46 156 9
46 157 9
46 158 1
46 160 10
46 161 6
46 162 9
46 164 5
46 166 9
46 169 9
46 170 2
46 173 6
46 174 8
46 175 9
46 177 3
46 181 4
46 183 8
46 186 9
46 190 5
46 194 10
46 195 8
46 196 8
46 197 1
46 198 10
46 199 5
46 202 9
46 204 3
46 206 1
46 210 8
46 214 10
46 215 10
46 217 9
46 223 9
46 224 8
46 225 7
46 228 5
46 229 10
46 234 2
46 235 3
46 236 1
46 237 9
46 238 7
46 239 8
46 240 9
46 241 6
46 242 8
46 248 2
46 252 9
46 253 1
46 254 10
46 257 7
46 259 7
46 264 8
46 266 4
46 267 9
46 268 7
46 270 7
46 273 10
46 274 10
46 275 1
46 276 5
46 280 2
46 281 3
46 286 9
46 287 2
46 294 6
46 296 3
46 298 10
46 299 2
46 300 1
46 303 7
46 305 3
46 309 1
46 312 5
46 314 8
46 317 10
46 319 2
46 321 10
46 322 7
46 323 5
46 324 3
46 325 1
46 326 8
46 328 2
46 331 10
46 333 6
46 334 1
46 335 6
46 336 8
46 337 7
46 338 1
46 340 6
46 341 5
46 342 6
46 343 6
46 345 10
46 348 4
46 349 3
46 350 4
46 351 2
46 352 3
46 355 9
46 357 7
46 359 6
46 361 10
46 362 5
46 364 5
46 367 8
46 368 2
46 369 10
46 373 3
46 376 5
46 377 8
46 379 5
46 384 2
46 386 5
46 387 10
46 389 7
46 390 3
46 391 7
46 392 3
46 393 7
46 394 4
46 395 6
46 396 3
46 398 10
46 400 8
46 402 10
46 403 10
46 404 7
46 406 10
46 409 2
46 410 7
46 412 10
46 413 8
46 414 6
46 415 5
46 416 3
46 417 7
46 418 9
46 419 1
46 423 9
46 427 7
46 428 2
46 429 6
46 430 4
46 431 5
46 432 8
46 433 7
46 434 6
46 437 6
46 439 2
46 440 9
46 441 2
46 444 5
46 445 10
46 446 6
46 447 1
46 448 5
46 451 3
46 455 3
46 457 4
46 459 1
46 461 3
46 462 10
46 463 2
46 464 1
46 466 3
46 467 7
46 471 6
46 472 6
46 474 10
46 476 6
46 478 5
46 479 8
46 480 5
46 481 3
46 482 1
46 485 8
46 487 2
46 489 8
46 491 2
46 492 10
46 493 1
46 494 3
46 496 7
46 498 9
47 48 4
47 49 2
47 51 7
47 54 1
47 55 10
47 57 9
47 58 10
47 59 6
47 60 8
47 61 2
47 62 5
47 63 8
47 64 9
47 67 10
47 69 8
47 71 2
47 72 7
47 73 3
47 74 4
47 76 5
47 79 5
47 80 10
47 81 7
47 83 6
47 84 5
47 88 7
47 89 3
47 90 4
47 94 10
47 98 10
47 99 2
47 100 9
47 101 7
47 103 3
47 104 3
47 105 8
47 107 4
47 108 3
47 110 10
47 112 2
47 113 3
47 118 7
47 119 10
47 120 10
47 122 8
47 123 1
47 126 8
47 131 7
47 134 9
47 138 1
47 144 9
47 145 8
47 148 8
47 150 7
47 151 6
47 152 8
47 153 1
47 154 9
47 160 10
47 161 5
47 163 2
47 166 8
47 168 5
47 170 5
47 172 7
47 173 3
47 179 2
47 180 3
47 184 3
47 187 6
47 188 1
47 189 8
47 190 4
47 192 5
47 193 5
47 194 1
47 195 7
47 197 6
47 198 2
47 200 2
47 201 10
47 205 4
47 208 10
47 211 1
47 212 8
47 215 2
47 216 1
47 222 7
47 224 7
47 225 6
47 227 3
47 228 9
47 229 7
47 234 7
47 235 9
47 240 1
47 243 2
47 244 1
47 245 3
47 247 7
47 249 10
47 251 10
47 252 2
47 254 7
47 256 10
47 257 7
47 259 8
47 260 4
47 263 9
47 266 2
47 267 8
47 268 10
47 269 1
47 270 7
47 274 10
47 277 1
47 278 3
47 281 6
47 285 2
47 286 2
47 287 5
47 288 5
47 290 4
47 291 7
47 292 5
47 297 4
47 298 10
47 300 5
47 302 10
47 307 7
47 309 8
47 313 10
47 314 6
47 317 2
47 320 2
47 321 5
47 322 7
47 323 3
47 324 3
47 325 1
47 326 9
47 327 10
47 329 6
47 332 2
47 334 8
47 335 1
47 337 3
47 339 7
47 340 8
47 341 10
47 342 2
47 345 2
47 347 10
47 348 10
47 351 6
47 355 8
47 356 4
47 357 10
47 360 8
47 361 6
47 362 7
47 367 5
47 369 10
47 370 5
47 371 1
47 373 3
47 375 6
47 377 8
47 379 8
47 381 1
47 383 1
47 384 1
47 385 6
47 386 2
47 388 10
47 389 9
47 391 3
47 392 8
47 394 10
47 396 8
47 397 2
47 398 7
47 399 4
47 400 3
47 401 10
47 403 7
47 404 5
47 405 6
47 406 5
47 407 6
47 408 1
47 411 3
47 414 8
47 417 2
47 423 9
47 424 10
47 427 2
47 428 5
47 431 8
47 432 4
47 436 7
47 438 3
47 439 8
47 440 9
47 442 4
47 443 3
47 444 3
47 446 10
47 448 1
47 451 6
47 453 5
47 457 3
47 458 1
47 459 5
47 461 2
47 464 7
47 467 3
47 472 5
47 473 5
47 474 4
47 475 9
47 476 1
47 478 9
47 479 9
47 481 5
47 482 1
47 484 4
47 486 8
47 488 8
47 491 2
47 494 4
47 495 6
47 496 9
47 498 9
48 49 10
48 50 10
48 54 10
48 55 9
48 58 6
48 62 10
48 66 5
48 68 10
48 71 1
48 72 1
48 75 6
48 76 7
48 77 5
48 80 10
48 81 7
48 85 8
48 86 9
48 89 4
48 92 2
48 94 9
48 97 3
48 99 10
48 100 10
48 101 8
48 105 8
48 106 3
48 107 10
48 111 10
48 113 5
48 115 4
48 116 1
48 117 9
48 121 3
48 123 6
48 126 4
48 133 8
48 136 10
48 141 1
48 144 7
48 145 2
48 148 7
48 149 5
48 150 9
48 151 8
48 152 8
48 153 5
48 155 4
48 157 7
48 158 6
48 159 4
48 160 2
48 161 6
48 163 9
48 166 6
48 167 9
48 168 5
48 169 2
48 170 2
48 171 4
48 175 4
48 176 7
48 178 8
48 180 10
48 182 7
48 183 5
48 184 5
48 187 4
48 188 4
48 189 7
48 190 9
48 191 8
48 193 8
48 195 10
48 197 5
48 198 8
48 200 2
48 201 5
48 204 8
48 207 10
48 208 1
48 209 10
48 210 5
48 211 4
48 213 2
48 214 5
48 217 5
48 218 7
48 219 2
48 220 8
48 223 5
48 224 1
48 225 6
48 226 5
48 229 3
48 233 5
48 234 2
48 235 6
48 236 1
48 237 1
48 238 6
48 239 6
48 240 9
48 244 8
48 245 7
48 246 3
48 247 3
48 249 10
48 251 3
48 252 6
48 253 4
48 254 5
48 255 5
48 256 3
48 260 6
48 263 4
48 264 10
48 265 3
48 267 9
48 270 9
48 272 5
48 273 4
48 275 8
48 277 10
48 279 6
48 280 10
48 281 10
48 283 7
48 285 3
48 286 3
48 288 7
48 290 6
48 295 5
48 296 2
48 300 5
48 301 8
48 304 1
48 307 6
48 308 6
48 309 1
48 312 10
48 314 10
48 315 7
48 317 2
48 323 2
48 324 7
48 325 10
48 326 8
48 327 6
48 328 10
48 330 10
48 331 4
48 333 2
48 334 1
48 336 4
48 338 7
48 339 5
48 341 3
48 342 6
48 343 3
48 344 7
48 345 10
48 348 4
48 350 6
48 351 8
48 352 8
48 353 8
48 354 4
48 355 1
48 358 3
48 359 4
48 362 3
48 364 8
48 366 10
48 367 4
48 368 4
48 369 8
48 370 2
48 371 10
48 373 4
48 374 1
48 379 6
48 380 7
48 382 9
48 383 4
48 384 5
48 387 8
48 389 2
48 390 4
48 393 5
48 395 3
48 397 9
48 400 7
48 401 6
48 403 5
48 404 1
48 405 3
48 409 2
48 410 9
48 411 6
48 412 7
48 416 4
48 418 9
48 420 5
48 421 1
48 424 3
48 427 4
48 431 3
48 432 2
48 433 1
48 434 6
48 435 9
48 440 4
48 441 10
48 442 6
48 443 7
48 444 8
48 445 7
48 447 1
48 449 7
48 450 4
48 452 7
48 453 9
48 454 10
48 455 7
48 456 7
48 457 7
48 459 6
48 460 8
48 461 5
48 462 10
48 464 8
48 467 10
48 469 3
48 473 2
48 475 7
48 476 10
48 482 3
48 486 2
48 488 4
48 490 1
48 492 3
48 493 5
48 496 7
48 497 6
49 51 9
49 52 10
49 53 9
49 55 4
49 56 2
49 59 3
49 61 10
49 62 10
49 64 6
49 65 1
49 71 2
49 72 8
49 73 1
49 74 2
49 76 2
49 83 1
49 84 10
49 85 4
49 88 9
49 90 9
49 91 10
49 93 7
49 95 10
49 98 8
49 102 6
49 105 5
49 110 1
49 113 6
49 115 9
49 117 9
49 120 10
49 122 6
49 123 5
49 126 7
49 127 3
49 128 10
49 129 10
49 130 5
49 135 7
49 137 2
49 142 5
49 143 3
49 144 3
49 145 9
49 146 8
49 147 9
49 148 4
49 150 9
49 153 3
49 155 8
49 157 4
49 158 5
49 159 1
49 161 7
49 163 3
49 166 1
49 167 1
49 168 5
49 170 10
49 171 8
49 172 8
49 174 1
49 178 5
49 182 10
49 184 9
49 185 6
49 187 10
49 190 10
49 191 1
49 194 2
49 195 6
49 199 2
49 200 9
49 204 9
49 206 4
49 207 6
49 208 1
49 211 9
49 212 1
49 213 5
49 214 2
49 215 2
49 216 1
49 217 1
49 221 10
49 222 9
49 224 7
49 227 2
49 228 5
49 231 1
49 232 4
49 235 1
49 238 9
49 240 5
49 241 7
49 243 6
49 245 8
49 248 2
49 249 9
49 250 10
49 252 9
49 253 1
49 255 6
49 256 6
49 257 5
49 258 10
49 260 5
49 261 7
49 265 1
49 270 7
49 275 7
49 278 6
49 281 7
49 282 7
49 286 1
49 288 7
49 289 2
49 290 4
49 291 1
49 294 4
49 295 7
49 297 9
49 300 7
49 304 9
49 305 4
49 313 9
49 314 8
49 316 1
49 318 9
49 319 7
49 320 6
49 323 1
49 325 4
49 327 4
49 329 10
49 330 8
49 332 10
49 333 4
49 336 5
49 340 7
49 344 5
49 346 3
49 347 6
49 349 8
49 350 8
49 351 2
49 352 8
49 353 6
49 355 6
49 357 1
49 359 8
49 360 2
49 363 5
49 364 7
49 365 10
49 366 7
49 375 6
49 376 6
49 379 3
49 382 2
49 384 9
49 385 5
49 386 7
49 387 5
49 390 2
49 394 4
49 395 8
49 397 6
49 399 4
49 400 2
49 402 9
49 403 8
49 405 1
49 407 4
49 411 10
49 412 9
49 413 10
49 418 8
49 419 5
49 420 5
49 421 4
49 424 7
49 427 1
49 428 8
49 429 8
49 431 9
49 436 8
49 437 4
49 441 2
49 444 8
49 445 3
49 447 2
49 448 8
49 449 6
49 452 7
49 453 8
49 454 8
49 455 5
49 459 2
49 462 9
49 464 5
49 465 4
49 468 9
49 471 5
49 475 3
49 476 10
49 478 2
49 483 10
49 484 5
49 487 4
49 490 5
49 491 9
49 493 10
49 494 2
49 495 9
49 496 8
49 498 3
50 52 1
50 53 5
50 55 4
50 57 2
50 59 7
50 63 8
50 64 6
50 68 7
50 69 7
50 70 3
50 73 1
50 74 10
50 76 10
50 77 8
50 78 4
50 81 8
50 83 4
50 86 4
50 88 3
50 91 8
50 92 7
50 96 5
50 98 2
50 99 9
50 100 10
50 101 8
50 104 6
50 106 5
50 108 3
50 109 9
50 111 10
50 117 6
50 118 7
50 122 5
50 123 3
50 125 1
50 126 1
50 127 1
50 129 6
50 130 2
50 132 1
50 136 6
50 140 10
50 142 2
50 144 5
50 145 9
50 149 7
50 153 8
50 154 1
50 156 10
50 157 3
50 160 4
50 162 6
50 163 10
50 165 3
50 166 4
50 168 9
50 172 9
50 173 2
50 174 6
50 175 5
50 176 9
50 177 2
50 178 6
50 179 10
50 181 1
50 183 3
50 186 4
50 187 5
50 190 8
50 192 5
50 194 7
50 196 10
50 197 6
50 198 1
50 200 7
50 202 9
50 205 3
50 206 7
50 207 1
50 208 6
50 209 10
50 211 1
50 214 3
50 215 7
50 220 4
50 225 8
50 228 2
50 229 1
50 231 9
50 232 5
50 233 7
50 236 9
50 237 4
50 239 3
50 240 1
50 241 1
50 242 7
50 243 9
50 247 9
50 249 8
50 251 4
50 252 10
50 253 7
50 255 9
50 257 6
50 259 10
50 260 1
50 261 7
50 262 10
50 263 7
50 264 5
50 265 9
50 266 7
50 267 1
50 270 2
50 272 2
50 275 1
50 280 9
50 282 5
50 283 6
50 285 6
50 287 4
50 289 5
50 292 10
50 293 3
50 295 7
50 296 1
50 297 5
50 298 5
50 300 7
50 301 4
50 302 1
50 308 1
50 310 9
50 311 8
50 313 1
50 318 7
50 320 8
50 321 7
50 322 9
50 324 10
50 325 1
50 326 3
50 328 8
50 330 4
50 331 2
50 333 4
50 334 9
50 336 10
50 337 2
50 338 6
50 341 1
50 342 7
50 343 2
50 346 9
50 349 1
50 350 5
50 353 7
50 355 10
50 356 1
50 357 8
50 358 1
50 361 5
50 362 5
50 364 4
50 365 7
50 366 1
50 367 8
50 368 5
50 370 6
50 371 4
50 373 9
50 380 6
50 381 5
50 384 7
50 385 10
50 387 5
50 388 10
50 389 4
50 391 5
50 392 9
50 394 7
50 395 3
50 396 8
50 397 4
50 399 7
50 400 2
50 401 3
50 402 8
50 408 1
50 409 10
50 411 7
50 412 10
50 413 10
50 416 8
50 417 4
50 419 10
50 421 3
50 423 2
50 425 10
50 427 6
50 428 6
50 431 9
50 432 4
50 433 9
50 436 10
50 440 4
50 441 9
50 445 7
50 451 3
50 452 6
50 456 9
50 457 9
50 459 3
50 460 7
50 462 5
50 463 1
50 465 8
50 466 1
50 467 6
50 469 10
50 470 3
50 472 9
50 474 8
50 475 9
50 476 1
50 477 1
50 482 8
50 484 7
50 486 2
50 487 1
50 489 10
50 491 9
50 492 1
50 494 3
50 495 4
50 497 10
50 499 2
51 52 9
51 57 10
51 58 2
51 59 7
51 60 5
51 62 8
51 63 7
51 65 3
51 67 9
51 69 8
51 71 9
51 72 7
51 73 9
51 74 1
51 76 3
51 77 2
51 78 7
51 80 4
51 81 4
51 83 4
51 87 3
51 88 7
51 89 7
51 90 5
51 91 10
51 93 9
51 95 7
51 97 4
51 98 6
51 102 10
51 103 8
51 104 5
51 107 4
51 108 8
51 109 10
51 111 5
51 114 5
51 115 9
51 118 3
51 119 2
51 121 3
51 124 8
51 125 8
51 126 10
51 128 7
51 129 8
51 130 2
51 132 3
51 133 8
51 134 1
51 135 7
51 136 1
51 137 4
51 138 5
51 141 9
51 142 10
51 143 9
51 145 8
51 152 6
51 154 3
51 157 4
51 159 4
51 160 1
51 161 7
51 162 5
51 165 8
51 166 1
51 167 4
51 168 6
51 169 3
51 170 7
51 171 2
51 176 8
51 177 7
51 178 8
51 179 3
51 184 5
51 185 9
51 186 5
51 188 1
51 189 10
51 194 10
51 195 10
51 196 10
51 198 2
51 199 9
51 200 4
51 203 4
51 204 4
51 205 7
51 206 9
51 208 9
51 211 1
51 212 3
51 213 7
51 215 6
51 216 2
51 217 9
51 220 6
51 221 8
51 222 6
51 223 5
51 224 7
51 225 10
51 228 4
51 229 10
51 231 5
51 232 5
51 236 5
51 237 2
51 238 8
51 239 10
51 240 9
51 241 7
51 242 2
51 243 4
51 244 5
51 245 9
51 247 3
51 248 2
51 251 5
51 253 4
51 254 4
51 255 8
51 259 2
51 261 3
51 262 6
51 263 3
51 264 10
51 270 9
51 273 7
51 274 4
51 276 1
51 279 5
51 280 10
51 284 2
51 289 4
51 291 8
51 292 7
51 293 8
51 294 8
51 295 9
51 297 9
51 301 10
51 302 5
51 303 10
51 304 9
51 305 3
51 307 4
51 309 7
51 312 9
51 313 10
51 315 10
51 316 7
51 322 7
51 323 7
51 326 5
51 327 6
51 329 5
51 330 9
51 331 7
51 335 8
51 339 2
51 342 5
51 343 10
51 348 3
51 349 7
51 351 5
51 352 7
51 355 8
51 356 7
51 360 6
51 363 10
51 366 9
51 368 2
51 373 10
51 377 9
51 378 5
51 380 5
51 381 6
51 382 1
51 383 2
51 385 6
51 386 6
51 389 2
51 390 10
51 392 1
51 395 3
51 396 10
51 398 3
51 400 8
51 401 10
51 402 3
51 403 2
51 404 9
51 406 4
51 407 6
51 411 7
51 415 4
51 416 7
51 417 6
51 420 8
51 424 7
51 426 8
51 429 5
51 431 5
51 435 3
51 436 2
51 437 7
51 438 4
51 443 7
51 444 8
51 446 2
51 448 6
51 449 1
51 453 9
51 454 6
51 455 7
51 458 5
51 460 5
51 461 7
51 463 10
51 465 9
51 468 8
51 471 5
51 474 3
51 479 9
51 482 10
51 485 2
51 487 7
51 488 4
51 490 8
51 492 8
51 493 3
51 494 1
51 495 4
51 496 9
51 497 9
51 498 5
52 53 10
52 58 4
52 62 6
52 64 3
52 66 4
52 67 5
52 68 1
52 70 1
52 73 8
52 74 3
52 75 9
52 78 7
52 81 7
52 82 1
52 85 7
52 87 10
52 88 10
52 90 1
52 95 1
52 96 1
52 99 4
52 100 3
52 101 3
52 105 1
52 106 2
52 108 8
52 115 1
52 116 7
52 119 3
52 120 8
52 121 10
52 123 10
52 126 2
52 128 5
52 129 9
52 130 6
52 133 6
52 134 4
52 135 7
52 136 4
52 137 10
52 138 6
52 140 1
52 141 7
52 144 2
52 149 3
52 150 8
52 152 4
52 153 5
52 154 6
52 155 8
52 157 8
52 158 8
52 162 6
52 163 2
52 164 2
52 165 9
52 168 5
52 170 1
52 171 8
52 172 2
52 175 2
52 176 5
52 178 6
52 180 8
52 181 4
52 182 8
52 183 4
52 184 2
52 187 6
52 199 10
52 200 9
52 203 4
52 204 6
52 205 3
52 206 3
52 208 7
52 209 1
52 210 8
52 213 9
52 216 8
52 217 5
52 219 8
52 224 9
52 225 6
52 227 8
52 230 5
52 231 10
52 233 9
52 238 4
52 239 7
52 243 3
52 245 1
52 250 3
52 251 4
52 252 9
52 253 10
52 254 10
52 255 4
52 257 7
52 259 10
52 260 6
52 261 6
52 262 7
52 263 1
52 266 4
52 267 5
52 268 1
52 272 7
52 274 7
52 277 8
52 281 4
52 284 7
52 285 8
52 286 8
52 289 4
52 290 1
52 292 10
52 295 9
52 296 4
52 297 4
52 298 6
52 299 6
52 300 10
52 301 2
52 307 4
52 308 2
52 309 10
52 315 5
52 319 9
52 321 8
52 322 6
52 323 4
52 324 4
52 325 3
52 327 7
52 328 3
52 330 2
52 333 5
52 336 6
52 337 1
52 340 3
52 343 8
52 346 3
52 347 3
52 348 8
52 349 10
52 352 8
52 353 10
52 354 8
52 356 6
52 361 3
52 364 9
52 365 2
52 366 8
52 367 4
52 368 9
52 371 6
52 372 2
52 373 5
52 374 4
52 375 4
52 376 1
52 377 1
52 378 9
52 381 3
52 383 2
52 384 2
52 385 5
52 391 10
52 392 7
52 394 3
52 395 3
52 396 7
52 397 6
52 398 8
52 400 5
52 403 3
52 404 3
52 405 4
52 407 1
52 409 2
52 410 10
52 411 5
52 412 7
52 413 3
52 415 2
52 417 2
52 418 5
52 419 7
52 420 8
52 421 2
52 422 2
52 423 2
52 424 9
52 425 10
52 427 4
52 431 4
52 435 2
52 436 5
52 438 10
52 439 2
52 440 10
52 441 2
52 445 8
52 446 9
52 450 6
52 451 8
52 456 4
52 458 2
52 459 5
52 462 8
52 467 8
52 468 6
52 469 5
52 476 2
52 477 3
52 481 1
52 483 10
52 484 3
52 486 4
52 487 7
52 488 10
52 493 7
52 494 10
52 496 6
52 499 4
53 56 6
53 57 8
53 58 6
53 59 9
53 62 6
53 64 1
53 68 3
53 69 4
53 71 4
53 74 5
53 78 8
53 80 5
53 81 1
53 82 4
53 85 6
53 86 7
53 87 7
53 89 5
53 91 3
53 92 1
53 94 1
53 95 9
53 96 3
53 97 3
53 98 1
53 99 1
53 101 2
53 102 8
53 105 1
53 108 6
53 109 9
53 110 7
53 111 9
53 115 4
53 116 6
53 118 9
53 119 4
53 120 3
53 123 10
53 125 4
53 126 4
53 127 4
53 128 8
53 130 2
53 131 1
53 133 10
53 137 2
53 138 6
53 139 10
53 141 10
53 144 2
53 146 10
53 149 10
53 150 10
53 153 5
53 157 4
53 158 9
53 160 10
53 163 5
53 164 3
53 167 6
53 173 3
53 174 3
53 175 3
53 176 8
53 179 1
53 181 9
53 183 10
53 184 10
53 190 10
53 191 8
53 192 1
53 193 9
53 194 7
53 195 5
53 196 4
53 198 9
53 199 2
53 200 9
53 202 1
53 205 1
53 206 9
53 207 10
53 208 5
53 209 7
53 210 4
53 211 1
53 216 4
53 218 8
53 220 2
53 221 6
53 223 1
53 225 6
53 227 6
53 230 5
53 232 4
53 236 8
53 237 7
53 238 3
53 239 8
53 242 8
53 243 4
53 244 6
53 246 4
53 249 9
53 250 3
53 255 4
53 257 5
53 259 8
53 260 2
53 263 1
53 264 3
53 266 10
53 268 5
53 272 8
53 273 9
53 276 4
53 280 8
53 282 8
53 287 3
53 290 3
53 292 5
53 293 6
53 297 5
53 298 5
53 299 1
53 300 6
53 304 5
53 305 7
53 306 5
53 307 6
53 309 6
53 315 9
53 318 6
53 319 6
53 320 4
53 321 9
53 324 4
53 325 4
53 326 5
53 327 2
53 328 3
53 329 3
53 333 6
53 335 3
53 340 8
53 341 10
53 343 8
53 344 2
53 345 9
53 347 7
53 349 10
53 353 1
53 355 1
53 360 7
53 361 8
53 363 9
53 364 7
53 367 4
53 368 4
53 369 7
53 371 2
53 372 7
53 374 4
53 377 6
53 381 4
53 382 8
53 383 7
53 394 8
53 397 9
53 401 4
53 402 2
53 407 9
53 408 7
53 409 8
53 412 10
53 414 4
53 416 6
53 423 1
53 425 6
53 427 6
53 432 9
53 437 10
53 438 8
53 439 3
53 440 1
53 441 7
53 443 9
53 445 4
53 447 4
53 452 9
53 453 10
53 455 9
53 456 3
53 457 7
53 458 6
53 460 1
53 461 7
53 462 5
53 463 5
53 465 5
53 466 2
53 468 9
53 472 5
53 474 9
53 475 8
53 477 1
53 480 4
53 483 10
53 484 5
53 485 10
53 487 2
53 489 10
53 490 4
53 491 3
53 493 5
53 494 8
53 497 8
54 55 6
54 57 9
54 60 6
54 62 1
54 64 6
54 66 3
54 67 1
54 68 9
54 70 1
54 71 9
54 73 3
54 74 6
54 75 6
54 76 9
54 79 1
54 81 5
54 82 9
54 86 5
54 88 7
54 89 6
54 92 9
54 93 9
54 94 6
54 97 4
54 100 6
54 101 4
54 104 5
54 106 9
54 107 9
54 108 1
54 109 2
54 110 10
54 111 9
54 112 2
54 113 9
54 115 1
54 119 7
54 121 2
54 122 4
54 123 3
54 124 6
54 127 9
54 129 1
54 133 1
54 134 9
54 138 4
54 139 4
54 151 1
54 154 2
54 155 9
54 156 2
54 157 1
54 159 5
54 160 7
54 162 4
54 163 6
54 164 9
54 169 1
54 173 2
54 175 10
54 176 9
54 177 3
54 180 5
54 183 4
54 184 2
54 185 5
54 188 10
54 194 3
54 195 3
54 196 8
54 197 5
54 198 8
54 200 1
54 201 6
54 202 7
54 207 3
54 209 4
54 210 1
54 211 9
54 212 2
54 213 5
54 218 2
54 221 9
54 224 1
54 225 2
54 226 6
54 228 9
54 231 8
54 234 7
54 238 7
54 243 7
54 244 6
54 246 9
54 248 5
54 249 9
54 250 4
54 253 2
54 254 7
54 257 3
54 258 1
54 260 1
54 264 5
54 265 7
54 270 1
54 273 7
54 276 7
54 277 2
54 282 10
54 283 9
54 284 1
54 285 4
54 289 10
54 290 8
54 291 4
54 292 8
54 295 6
54 297 6
54 300 1
54 303 10
54 304 8
54 310 1
54 312 3
54 314 6
54 315 10
54 316 6
54 318 3
54 319 9
54 320 5
54 323 9
54 324 6
54 327 4
54 329 8
54 330 8
54 333 2
54 335 1
54 336 9
54 338 2
54 340 7
54 342 2
54 346 3
54 348 10
54 349 1
54 350 8
54 352 1
54 354 2
54 356 7
54 357 4
54 358 4
54 359 6
54 361 6
54 362 9
54 363 7
54 368 8
54 369 5
54 372 1
54 373 2
54 374 1
54 376 8
54 379 7
54 382 4
54 386 7
54 388 2
54 395 5
54 396 1
54 400 9
54 404 5
54 407 9
54 413 1
54 416 2
54 418 4
54 423 3
54 424 3
54 426 9
54 427 4
54 428 6
54 434 10
54 435 4
54 437 6
54 440 9
54 441 2
54 443 5
54 444 8
54 445 6
54 446 7
54 448 2
54 450 1
54 451 4
54 456 1
54 457 9
54 459 7
54 462 8
54 463 2
54 466 8
54 468 1
54 470 3
54 471 1
54 472 8
54 474 5
54 475 10
54 476 5
54 477 7
54 478 4
54 479 8
54 480 6
54 482 10
54 483 10
54 484 7
54 485 2
54 486 10
54 487 3
54 488 1
54 489 10
54 490 9
54 491 6
54 494 9
54 495 10
54 497 4
55 57 1
55 58 9
55 61 6
55 63 4
55 64 9
55 67 7
55 68 9
55 70 3
55 71 7
55 74 9
55 75 4
55 76 7
55 79 7
55 80 5
55 82 10
55 86 4
55 87 5
55 88 8
55 90 4
55 91 6
55 94 4
55 96 10
55 104 8
55 105 5
55 111 9
55 112 2
55 115 5
55 116 1
55 119 8
55 120 7
55 121 6
55 122 2
55 123 9
55 124 1
55 127 1
55 128 1
55 131 6
55 132 5
55 133 6
55 134 9
55 139 2
55 140 4
55 141 3
55 144 5
55 146 8
55 147 9
55 149 9
55 152 2
55 153 9
55 154 5
55 156 3
55 157 9
55 158 6
55 160 8
55 161 1
55 163 3
55 164 3
55 165 4
55 166 4
55 167 4
55 169 1
55 171 1
55 172 1
55 173 1
55 178 3
55 179 7
55 182 10
55 183 6
55 184 1
55 187 2
55 188 9
55 192 9
55 193 5
55 196 2
55 197 3
55 198 6
55 200 1
55 203 2
55 204 4
55 205 5
55 206 5
55 208 10
55 210 6
55 212 3
55 213 3
55 214 10
55 215 10
55 216 8
55 221 9
55 226 1
55 227 5
55 228 5
55 229 10
55 231 7
55 234 2
55 236 4
55 239 5
55 241 7
55 242 4
55 244 6
55 245 7
55 247 10
55 252 8
55 255 1
55 256 10
55 260 4
55 264 3
55 265 8
55 266 3
55 267 2
55 269 2
55 270 2
55 271 1
55 272 3
55 274 8
55 275 7
55 278 9
55 279 9
55 281 10
55 282 10
55 288 3
55 291 9
55 292 9
55 294 3
55 300 3
55 301 4
55 302 9
55 303 10
55 305 4
55 307 10
55 308 6
55 309 8
55 311 5
55 313 9
55 316 6
55 317 1
55 318 2
55 319 5
55 322 3
55 324 7
55 328 9
55 330 9
55 331 5
55 333 6
55 336 10
55 337 7
55 338 3
55 341 1
55 342 10
55 345 6
55 346 4
55 352 5
55 354 10
55 355 10
55 357 8
55 358 9
55 359 6
55 360 2
55 362 5
55 365 2
55 367 9
55 369 1
55 372 8
55 375 7
55 378 9
55 379 1
55 384 3
55 385 1
55 386 3
55 387 3
55 388 4
55 390 10
55 392 8
55 395 2
55 397 8
55 402 6
55 403 8
55 405 4
55 408 1
55 409 2
55 410 7
55 411 3
55 413 9
55 423 2
55 425 7
55 428 5
55 430 2
55 435 3
55 437 6
55 439 5
55 440 7
55 441 6
55 442 3
55 446 10
55 447 9
55 448 6
55 449 3
55 451 6
55 453 4
55 454 10
55 458 2
55 460 5
55 461 5
55 463 1
55 464 4
55 465 8
55 466 5
55 468 9
55 470 4
55 471 5
55 473 5
55 476 8
55 477 3
55 479 3
55 480 4
55 482 10
55 484 1
55 487 6
55 490 6
55 491 2
55 494 8
55 497 10
56 57 7
56 60 5
56 62 2
56 63 3
56 64 6
56 65 8
56 67 3
56 70 4
56 71 10
56 72 3
56 73 5
56 74 7
56 77 10
56 78 6
56 80 9
56 82 7
56 84 7
56 86 8
56 87 7
56 90 8
56 91 1
56 92 6
56 94 5
56 95 7
56 96 8
56 97 3
56 99 8
56 102 5
56 103 4
56 104 2
56 105 3
56 106 9
56 108 3
56 109 10
56 110 4
56 111 4
56 113 6
56 115 10
56 120 4
56 124 6
56 125 9
56 130 6
56 136 7
56 138 4
56 140 7
56 142 10
56 143 1
56 144 9
56 146 1
56 147 1
56 150 2
56 152 10
56 153 8
56 154 4
56 155 2
56 157 9
56 165 6
56 169 2
56 170 6
56 176 7
56 177 1
56 179 4
56 180 6
56 181 8
56 183 9
56 187 5
56 188 5
56 189 8
56 190 7
56 191 10
56 193 8
56 196 8
56 201 5
56 202 5
56 204 2
56 205 2
56 207 3
56 209 8
56 211 6
56 217 4
56 219 3
56 223 4
56 225 7
56 231 2
56 232 10
56 233 9
56 237 9
56 238 8
56 240 1
56 241 4
56 242 5
56 245 8
56 247 4
56 248 9
56 250 6
56 255 2
56 257 1
56 260 4
56 261 2
56 262 2
56 265 3
56 267 7
56 269 6
56 270 5
56 271 6
56 272 6
56 273 4
56 275 8
56 276 1
56 279 5
56 282 9
56 283 1
56 286 10
56 293 6
56 294 9
56 296 1
56 297 4
56 300 6
56 301 8
56 302 10
56 303 1
56 304 3
56 305 9
56 308 3
56 310 5
56 311 8
56 312 6
56 313 6
56 314 4
56 315 1
56 318 1
56 320 8
56 321 1
56 322 7
56 323 7
56 324 7
56 325 8
56 326 8
56 327 10
56 328 5
56 329 9
56 331 8
56 332 10
56 334 9
56 337 4
56 339 7
56 340 9
56 345 8
56 346 6
56 348 4
56 351 9
56 352 6
56 354 2
56 355 9
56 363 2
56 366 2
56 372 5
56 375 6
56 376 8
56 377 7
56 379 7
56 380 6
56 383 3
56 384 2
56 385 9
56 387 9
56 389 8
56 396 6
56 397 7
56 399 3
56 400 9
56 401 3
56 402 8
56 403 5
56 404 8
56 406 5
56 409 3
56 410 7
56 412 2
56 415 3
56 420 2
56 421 5
56 422 7
56 428 10
56 431 8
56 433 4
56 437 2
56 438 7
56 440 3
56 444 7
56 446 9
56 447 4
56 452 9
56 456 7
56 457 10
56 459 5
56 462 8
56 463 7
56 468 5
56 469 9
56 470 8
56 471 6
56 472 7
56 473 3
56 477 4
56 479 8
56 480 3
56 481 8
56 486 9
56 488 9
56 489 4
56 491 5
56 493 8
56 494 2
56 497 10
56 499 3
57 58 8
57 60 5
57 61 7
57 62 8
57 63 8
57 64 3
57 65 4
57 69 3
57 70 7
57 72 9
57 73 10
57 75 1
57 77 4
57 79 5
57 82 2
57 84 2
57 87 10
57 88 8
57 90 4
57 91 7
57 93 8
57 96 1
57 97 2
57 98 5
57 99 3
57 101 7
57 103 5
57 104 9
57 106 6
57 107 7
57 108 10
57 109 1
57 111 4
57 117 1
57 119 9
57 120 8
57 122 6
57 123 10
57 124 1
57 125 4
57 126 9
57 128 4
57 131 9
57 132 3
57 133 9
57 134 1
57 135 2
57 136 9
57 139 8
57 141 8
57 142 3
57 145 6
57 147 5
57 148 10
57 150 5
57 151 5
57 152 6
57 154 7
57 155 2
57 156 10
57 159 10
57 160 8
57 161 1
57 162 3
57 164 8
57 165 9
57 167 8
57 170 2
57 171 9
57 172 6
57 174 7
57 175 2
57 178 3
57 181 3
57 182 6
57 183 7
57 184 6
57 186 10
57 187 8
57 189 1
57 192 6
57 195 2
57 196 4
57 197 10
57 198 2
57 199 10
57 200 2
57 204 1
57 205 6
57 206 3
57 208 10
57 210 8
57 212 7
57 214 7
57 215 5
57 216 8
57 217 1
57 218 9
57 223 5
57 224 5
57 231 4
57 233 7
57 234 10
57 235 6
57 247 6
57 252 4
57 255 2
57 257 3
57 258 4
57 259 3
57 262 1
57 266 5
57 268 2
57 269 9
57 271 5
57 273 5
57 275 3
57 276 9
57 277 4
57 278 5
57 279 10
57 284 4
57 285 2
57 287 5
57 288 4
57 289 9
57 290 10
57 292 4
57 294 2
57 295 3
57 297 4
57 298 4
57 302 8
57 303 1
57 304 5
57 307 5
57 312 4
57 314 5
57 315 3
57 316 8
57 319 5
57 320 6
57 323 9
57 325 4
57 326 3
57 328 4
57 329 7
57 330 8
57 332 3
57 333 3
57 335 8
57 337 10
57 338 7
57 340 3
57 341 5
57 342 3
57 343 9
57 344 6
57 345 5
57 346 7
57 347 6
57 348 4
57 349 5
57 351 5
57 354 10
57 358 2
57 359 4
57 360 3
57 361 4
57 363 7
57 364 10
57 367 8
57 368 2
57 370 3
57 373 4
57 374 7
57 376 7
57 377 2
57 378 3
57 380 9
57 382 2
57 384 5
57 389 6
57 390 8
57 392 9
57 393 8
57 396 8
57 398 7
57 399 10
57 400 9
57 402 2
57 404 5
57 406 7
57 408 3
57 410 2
57 414 2
57 418 3
57 421 3
57 424 3
57 425 9
57 426 5
57 428 7
57 430 9
57 432 9
57 434 9
57 435 4
57 437 2
57 438 2
57 441 1
57 444 9
57 448 4
57 452 5
57 453 10
57 454 9
57 458 6
57 459 7
57 460 10
57 463 4
57 465 6
57 466 5
57 468 6
57 471 1
57 472 6
57 474 8
57 475 2
57 476 5
57 481 9
57 482 10
57 483 3
57 484 2
57 487 7
57 488 9
57 489 7
57 492 6
57 493 4
57 496 5
57 498 6
58 59 7
58 61 10
58 64 7
58 65 5
58 68 7
58 69 2
58 71 4
58 72 4
58 73 6
58 74 3
58 79 7
58 80 10
58 81 4
58 82 4
58 84 10
58 85 8
58 86 1
58 90 9
58 91 10
58 92 3
58 93 8
58 97 10
58 100 6
58 102 9
58 108 9
58 109 9
58 111 3
58 112 6
58 113 7
58 114 6
58 117 5
58 120 6
58 122 2
58 123 10
58 124 2
58 126 1
58 127 4
58 131 9
58 132 1
58 133 10
58 135 5
58 136 6
58 137 8
58 138 5
58 141 8
58 142 3
58 143 1
58 144 8
58 145 6
58 148 9
58 149 9
58 152 2
58 154 6
58 155 9
58 156 6
58 157 5
58 159 3
58 161 10
58 162 4
58 163 3
58 168 2
58 169 7
58 170 2
58 171 10
58 173 1
58 174 5
58 178 6
58 179 9
58 180 2
58 183 10
58 185 7
58 189 2
58 195 6
58 197 6
58 198 7
58 199 5
58 202 2
58 203 1
58 204 8
58 205 5
58 213 8
58 214 9
58 215 8
58 217 8
58 218 3
58 219 7
58 220 1
58 222 1
58 223 2
58 224 9
58 225 7
58 226 8
58 229 6
58 230 7
58 231 7
58 232 3
58 233 1
58 235 6
58 237 8
58 240 2
58 245 2
58 249 5
58 250 6
58 253 9
58 255 9
58 256 4
58 257 1
58 261 4
58 262 3
58 264 2
58 265 5
58 267 8
58 268 2
58 269 3
58 270 7
58 273 1
58 274 3
58 277 3
58 279 2
58 283 7
58 284 9
58 286 5
58 287 5
58 290 6
58 291 3
58 295 4
58 296 5
58 297 10
58 301 2
58 302 1
58 303 8
58 304 1
58 305 4
58 309 8
58 310 6
58 312 9
58 314 1
58 316 6
58 319 1
58 320 2
58 322 8
58 323 1
58 325 7
58 328 7
58 329 7
58 330 5
58 332 1
58 333 1
58 334 6
58 335 8
58 337 8
58 338 6
58 340 1
58 341 3
58 342 1
58 345 8
58 351 9
58 352 3
58 357 7
58 359 6
58 363 4
58 364 9
58 366 3
58 367 10
58 370 2
58 371 1
58 373 7
58 374 2
58 375 3
58 377 1
58 378 5
58 379 3
58 380 5
58 381 6
58 383 2
58 386 10
58 388 4
58 389 8
58 390 6
58 393 8
58 394 2
58 395 8
58 396 1
58 397 5
58 398 6
58 399 1
58 404 1
58 407 8
58 410 6
58 413 4
58 416 8
58 422 9
58 427 7
58 429 10
58 430 1
58 432 7
58 433 8
58 435 9
58 439 7
58 442 5
58 445 10
58 446 6
58 447 10
58 448 2
58 450 6
58 451 7
58 452 7
58 457 3
58 459 7
58 461 10
58 464 3
58 466 9
58 468 8
58 470 9
58 472 3
58 475 9
58 476 7
58 479 8
58 480 1
58 483 7
58 488 10
58 491 7
58 493 4
58 494 9
58 497 2
58 498 9
59 65 10
59 70 5
59 72 7
59 75 1
59 76 5
59 78 8
59 79 3
59 81 1
59 86 3
59 89 6
59 96 9
59 99 7
59 100 8
59 102 10
59 103 3
59 104 3
59 107 6
59 113 2
59 114 9
59 120 3
59 122 6
59 123 4
59 125 7
59 126 2
59 129 9
59 130 2
59 131 7
59 138 4
59 139 9
59 140 8
59 144 8
59 145 2
59 147 6
59 151 1
59 154 1
59 155 6
59 159 9
59 160 8
59 163 9
59 166 2
59 168 1
59 172 1
59 176 8
59 178 4
59 180 4
59 182 10
59 185 6
59 186 7
59 187 4
59 191 9
59 193 2
59 196 10
59 198 1
59 200 3
59 203 4
59 206 8
59 208 6
59 210 9
59 211 10
59 213 2
59 214 7
59 216 10
59 218 8
59 220 6
59 223 9
59 228 1
59 229 2
59 230 1
59 231 1
59 233 1
59 234 5
59 236 6
59 238 1
59 239 10
59 240 3
59 241 4
59 242 3
59 243 9
59 245 9
59 246 3
59 247 6
59 248 2
59 249 10
59 252 6
59 254 2
59 255 10
59 256 3
59 257 5
59 258 5
59 259 1
59 265 8
59 266 1
59 268 1
59 270 5
59 272 6
59 276 10
59 277 2
59 278 6
59 280 7
59 281 3
59 286 3
59 287 3
59 288 8
59 290 2
59 291 10
59 292 2
59 293 3
59 295 9
59 296 9
59 297 9
59 298 4
59 300 7
59 301 3
59 302 3
59 305 5
59 307 2
59 308 5
59 309 4
59 313 8
59 315 6
59 319 6
59 320 7
59 323 8
59 327 9
59 329 7
59 331 5
59 332 6
59 333 1
59 334 9
59 336 9
59 339 3
59 343 4
59 344 4
59 346 3
59 347 2
59 348 8
59 349 7
59 350 1
59 351 5
59 352 6
59 353 10
59 354 6
59 363 6
59 367 3
59 369 8
59 370 3
59 371 9
59 373 2
59 374 5
59 379 7
59 380 3
59 381 4
59 382 5
59 383 8
59 385 9
59 391 10
59 392 7
59 393 10
59 397 8
59 398 1
59 400 2
59 402 1
59 403 8
59 404 4
59 405 10
59 407 4
59 409 4
59 410 9
59 412 9
59 414 10
59 415 1
59 417 9
59 418 8
59 422 1
59 423 8
59 424 5
59 425 6
59 426 4
59 427 9
59 429 1
59 430 8
59 433 8
59 434 4
59 435 10
59 437 2
59 438 9
59 439 10
59 442 8
59 445 4
59 448 10
59 450 6
59 451 9
59 455 5
59 456 3
59 457 7
59 458 6
59 459 4
59 462 8
59 463 5
59 466 2
59 467 6
59 470 8
59 471 8
59 472 1
59 476 6
59 478 7
59 479 1
59 480 1
59 482 1
59 484 9
59 487 5
59 490 10
59 494 3
59 495 3
59 496 3
59 498 5
59 499 7
60 63 7
60 65 5
60 66 10
60 67 2
60 70 2
60 72 10
60 73 4
60 74 10
60 76 1
60 77 6
60 78 8
60 81 7
60 82 9
60 83 7
60 85 7
60 88 5
60 90 8
60 91 1
60 93 3
60 95 6
60 96 7
60 97 1
60 98 7
60 99 5
60 102 10
60 104 4
60 105 1
60 107 9
60 109 1
60 112 3
60 117 7
60 118 3
60 120 10
60 124 7
60 126 5
60 127 2
60 132 2
60 133 6
60 134 2
60 135 8
60 137 1
60 138 1
60 142 5
60 144 6
60 145 7
60 148 2
60 149 8
60 150 10
60 155 5
60 160 7
60 162 4
60 165 5
60 167 6
60 168 4
60 169 10
60 172 9
60 173 4
60 176 1
60 178 9
60 179 5
60 180 9
60 181 6
60 182 4
60 183 10
60 184 1
60 187 6
60 188 2
60 189 5
60 190 7
60 191 6
60 192 3
60 194 9
60 195 4
60 197 5
60 199 4
60 201 3
60 203 10
60 204 4
60 208 4
60 209 7
60 210 8
60 211 4
60 213 6
60 215 6
60 217 8
60 222 4
60 225 7
60 227 9
60 228 9
60 230 1
60 232 3
60 234 4
60 239 4
60 243 10
60 244 5
60 246 10
60 248 4
60 250 5
60 251 3
60 252 6
60 253 6
60 254 4
60 255 8
60 256 7
60 262 7
60 263 7
60 264 3
60 265 8
60 268 10
60 269 4
60 271 9
60 272 4
60 274 6
60 280 8
60 281 9
60 282 1
60 283 7
60 284 9
60 285 3
60 286 7
60 287 5
60 288 6
60 289 9
60 295 4
60 300 4
60 302 6
60 306 6
60 309 2
60 310 4
60 311 8
60 313 4
60 314 1
60 316 10
60 318 4
60 319 1
60 322 10
60 324 3
60 325 2
60 328 10
60 330 4
60 332 8
60 333 2
60 334 9
60 335 9
60 336 2
60 337 9
60 338 6
60 339 2
60 341 9
60 342 4
60 343 2
60 344 5
60 350 10
60 351 8
60 353 3
60 354 8
60 356 6
60 359 10
60 361 10
60 363 9
60 366 2
60 368 10
60 369 7
60 370 2
60 372 6
60 376 9
60 377 8
60 378 10
60 380 10
60 382 4
60 385 7
60 386 3
60 391 3
60 392 2
60 396 5
60 400 10
60 402 5
60 405 7
60 407 10
60 408 3
60 409 4
60 410 10
60 415 6
60 418 1
60 421 10
60 422 8
60 423 10
60 424 5
60 425 7
60 430 8
60 434 4
60 435 4
60 436 5
60 437 7
60 438 4
60 439 4
60 440 2
60 442 7
60 445 6
60 446 9
60 448 4
60 450 1
60 451 9
60 453 10
60 458 7
60 459 5
60 460 6
60 461 9
60 465 3
60 468 4
60 469 9
60 470 8
60 471 3
60 473 8
60 476 2
60 479 7
60 480 8
60 482 8
60 484 7
60 485 7
60 486 7
60 489 5
60 490 7
60 495 6
60 497 4
60 499 7
61 62 7
61 63 5
61 64 7
61 68 9
61 72 6
61 74 5
61 75 7
61 78 8
61 79 3
61 81 10
61 85 4
61 87 9
61 90 1
61 92 8
61 94 7
61 95 6
61 97 6
61 99 3
61 100 3
61 102 5
61 103 5
61 106 2
61 107 9
61 108 4
61 109 7
61 110 6
61 112 6
61 113 1
61 114 7
61 116 4
61 119 10
61 120 7
61 123 5
61 125 10
61 126 7
61 127 1
61 129 2
61 133 10
61 136 10
61 137 7
61 138 5
61 140 1
61 141 9
61 142 2
61 144 7
61 145 8
61 147 6
61 148 1
61 149 2
61 152 2
61 156 6
61 157 3
61 160 10
61 161 10
61 163 9
61 166 7
61 169 5
61 170 9
61 171 5
61 179 5
61 182 9
61 190 2
61 192 8
61 193 8
61 195 7
61 196 4
61 198 5
61 200 6
61 201 8
61 202 4
61 205 5
61 206 9
61 208 5
61 209 5
61 212 1
61 214 6
61 217 9
61 219 6
61 220 1
61 223 2
61 225 2
61 226 6
61 228 1
61 231 7
61 232 6
61 233 4
61 237 3
61 239 8
61 240 1
61 241 4
61 244 1
61 247 7
61 248 8
61 250 4
61 251 1
61 252 3
61 253 6
61 258 5
61 259 4
61 262 4
61 264 7
61 265 10
61 266 2
61 271 3
61 272 10
61 273 9
61 274 5
61 276 2
61 277 2
61 278 4
61 279 1
61 280 4
61 282 10
61 283 8
61 284 3
61 285 10
61 287 6
61 288 10
61 291 4
61 294 7
61 295 3
61 296 5
61 298 7
61 299 4
61 303 3
61 304 2
61 306 7
61 307 6
61 310 7
61 311 1
61 312 5
61 316 4
61 321 10
61 322 10
61 323 6
61 327 4
61 328 3
61 331 10
61 332 3
61 334 1
61 337 1
61 339 4
61 341 6
61 342 6
61 343 1
61 344 8
61 345 6
61 348 10
61 350 8
61 351 7
61 353 1
61 355 4
61 356 1
61 359 8
61 360 4
61 365 5
61 370 2
61 378 9
61 380 10
61 381 8
61 382 9
61 383 5
61 385 3
61 389 7
61 392 2
61 394 4
61 395 2
61 396 8
61 397 7
61 400 2
61 401 4
61 402 9
61 404 7
61 405 8
61 406 3
61 407 2
61 408 5
61 409 1
61 410 5
61 412 9
61 414 4
61 415 3
61 421 6
61 422 6
61 425 3
61 426 7
61 428 3
61 433 2
61 434 7
61 435 4
61 437 1
61 445 5
61 447 3
61 451 4
61 452 2
61 455 8
61 456 7
61 457 4
61 458 7
61 459 4
61 460 7
61 461 3
61 462 1
61 463 6
61 468 7
61 469 2
61 470 3
61 471 8
61 472 4
61 473 2
61 474 3
61 475 10
61 476 4
61 477 9
61 478 4
61 479 1
61 480 8
61 481 6
61 483 1
61 485 3
61 486 4
61 487 6
61 493 3
61 495 9
61 496 5
62 63 5
62 65 8
62 67 5
62 68 6
62 69 8
62 71 5
62 72 5
62 73 9
62 76 1
62 78 5
62 82 9
62 83 4
62 86 5
62 90 9
62 93 9
62 94 4
62 95 4
62 96 10
62 99 6
62 102 10
62 103 1
62 104 9
62 105 5
62 108 5
62 109 5
62 110 1
62 111 9
62 114 3
62 116 9
62 118 2
62 119 9
62 121 2
62 125 7
62 127 10
62 128 6
62 131 10
62 133 8
62 135 3
62 136 7
62 138 6
62 141 8
62 142 7
62 144 6
62 145 1
62 149 6
62 151 6
62 152 6
62 157 1
62 160 7
62 161 2
62 163 10
62 164 10
62 165 1
62 166 1
62 171 4
62 172 7
62 173 7
62 174 8
62 175 5
62 176 10
62 177 3
62 182 1
62 184 1
62 185 10
62 189 3
62 190 1
62 191 2
62 192 2
62 193 2
62 194 1
62 195 1
62 196 9
62 197 1
62 203 5
62 204 6
62 205 6
62 208 6
62 210 1
62 212 9
62 215 4
62 220 9
62 221 8
62 224 2
62 228 10
62 234 5
62 235 5
62 236 3
62 238 10
62 239 4
62 240 2
62 241 9
62 243 2
62 244 3
62 246 1
62 247 10
62 248 8
62 249 9
62 251 6
62 252 10
62 254 8
62 264 3
62 266 9
62 268 9
62 270 5
62 271 2
62 272 7
62 273 5
62 275 4
62 276 2
62 279 7
62 281 8
62 282 3
62 284 5
62 286 8
62 292 2
62 294 4
62 301 7
62 302 4
62 306 1
62 307 7
62 309 7
62 313 5
62 316 10
62 321 1
62 322 5
62 324 4
62 326 2
62 330 3
62 331 1
62 332 4
62 335 8
62 336 6
62 339 7
62 341 8
62 345 9
62 346 2
62 347 8
62 349 9
62 352 4
62 357 6
62 358 2
62 365 6
62 366 10
62 367 7
62 369 4
62 374 2
62 375 10
62 376 1
62 377 5
62 378 10
62 381 10
62 382 6
62 383 2
62 384 9
62 386 5
62 388 5
62 389 1
62 391 6
62 392 5
62 393 4
62 396 8
62 397 10
62 398 4
62 399 3
62 400 4
62 402 6
62 404 9
62 405 8
62 407 2
62 409 6
62 410 7
62 413 1
62 414 6
62 418 5
62 420 9
62 423 1
62 424 10
62 426 6
62 427 5
62 428 3
62 430 3
62 431 8
62 433 2
62 437 3
62 441 3
62 443 9
62 445 7
62 446 7
62 447 3
62 449 2
62 451 2
62 452 3
62 455 8
62 456 4
62 459 5
62 461 3
62 463 9
62 464 9
62 470 4
62 473 3
62 474 7
62 476 3
62 478 3
62 479 2
62 480 6
62 486 5
62 487 6
62 488 5
62 490 4
62 491 3
62 492 1
62 495 9
62 496 10
62 497 9
63 67 2
63 70 2
63 71 2
63 74 9
63 76 2
63 77 9
63 79 4
63 80 6
63 83 7
63 85 4
63 86 4
63 87 10
63 90 4
63 95 5
63 96 7
63 98 6
63 100 5
63 102 2
63 109 7
63 110 4
63 112 1
63 113 3
63 115 9
63 123 7
63 124 5
63 125 8
63 131 7
63 132 2
63 134 3
63 135 6
63 140 3
63 142 8
63 145 5
63 147 10
63 148 5
63 149 9
63 150 9
63 151 1
63 152 5
63 154 9
63 156 7
63 159 9
63 163 3
63 164 2
63 166 1
63 168 2
63 169 8
63 171 9
63 172 4
63 173 4
63 174 8
63 175 5
63 176 10
63 178 10
63 179 4
63 181 4
63 182 2
63 184 4
63 186 9
63 189 5
63 192 6
63 194 1
63 196 1
63 197 2
63 199 1
63 200 8
63 203 2
63 204 3
63 206 9
63 210 2
63 212 10
63 213 10
63 215 1
63 219 6
63 220 9
63 221 5
63 222 4
63 224 10
63 229 4
63 230 4
63 231 2
63 232 9
63 236 4
63 238 5
63 239 10
63 243 1
63 246 1
63 247 9
63 248 4
63 250 6
63 251 9
63 253 2
63 257 3
63 259 6
63 260 8
63 261 4
63 263 4
63 264 10
63 268 9
63 272 9
63 273 2
63 274 5
63 275 9
63 276 5
63 281 1
63 283 8
63 284 3
63 289 9
63 292 5
63 294 6
63 296 4
63 299 1
63 300 10
63 303 7
63 306 3
63 308 4
63 309 2
63 310 9
63 312 9
63 313 4
63 314 2
63 316 6
63 317 10
63 318 1
63 319 5
63 324 9
63 325 7
63 326 9
63 327 9
63 329 5
63 335 9
63 338 10
63 341 4
63 343 10
63 345 8
63 346 7
63 347 4
63 351 6
63 354 7
63 355 3
63 357 1
63 358 10
63 360 7
63 362 6
63 364 7
63 365 5
63 366 2
63 367 2
63 368 3
63 370 6
63 371 8
63 372 6
63 375 5
63 376 7
63 379 8
63 380 1
63 382 9
63 384 2
63 392 6
63 393 5
63 395 5
63 396 9
63 397 7
63 398 10
63 401 4
63 402 8
63 409 5
63 410 8
63 412 10
63 413 2
63 414 5
63 416 8
63 417 2
63 419 8
63 420 8
63 422 4
63 426 2
63 427 5
63 429 8
63 431 9
63 433 9
63 435 2
63 436 7
63 437 8
63 439 4
63 440 6
63 454 10
63 455 7
63 456 7
63 457 1
63 459 5
63 464 2
63 467 4
63 471 8
63 472 7
63 473 2
63 476 1
63 478 2
63 479 4
63 480 10
63 481 6
63 482 4
63 495 8
63 498 9
63 499 4
64 65 4
64 66 7
64 67 8
64 68 9
64 69 8
64 71 7
64 72 5
64 73 5
64 76 7
64 77 6
64 79 3
64 80 10
64 82 10
64 85 9
64 88 1
64 89 3
64 90 8
64 91 10
64 93 9
64 94 10
64 100 1
64 103 3
64 104 10
64 105 9
64 110 10
64 112 7
64 113 1
64 115 8
64 116 8
64 118 6
64 120 10
64 124 2
64 128 3
64 129 10
64 130 4
64 131 10
64 133 9
64 134 4
64 135 8
64 137 8
64 138 4
64 140 6
64 141 6
64 142 4
64 145 3
64 147 2
64 150 4
64 153 3
64 155 6
64 158 5
64 160 6
64 162 6
64 168 5
64 170 5
64 171 8
64 172 3
64 173 10
64 174 4
64 176 2
64 177 2
64 178 3
64 181 1
64 183 8
64 184 2
64 185 6
64 186 1
64 187 10
64 189 5
64 190 5
64 197 8
64 198 7
64 200 7
64 202 9
64 203 2
64 205 3
64 206 5
64 207 6
64 210 3
64 211 2
64 212 9
64 215 5
64 216 4
64 217 6
64 220 4
64 221 4
64 222 9
64 224 7
64 225 4
64 229 5
64 232 9
64 233 2
64 236 9
64 237 2
64 240 8
64 242 3
64 247 2
64 249 5
64 250 5
64 252 8
64 253 8
64 254 3
64 264 10
64 265 10
64 267 2
64 268 5
64 271 10
64 272 6
64 273 9
64 275 7
64 276 1
64 278 8
64 279 10
64 280 9
64 284 8
64 288 10
64 289 2
64 291 1
64 292 6
64 293 8
64 294 1
64 295 3
64 298 4
64 299 10
64 300 4
64 301 9
64 302 7
64 303 9
64 305 8
64 307 3
64 309 8
64 310 4
64 311 3
64 312 10
64 313 7
64 314 10
64 316 5
64 317 10
64 320 6
64 322 6
64 323 9
64 324 6
64 328 5
64 329 1
64 330 7
64 331 3
64 333 5
64 334 3
64 336 1
64 340 10
64 342 10
64 344 5
64 346 5
64 348 9
64 351 8
64 352 6
64 354 2
64 356 8
64 359 8
64 362 8
64 363 5
64 364 1
64 365 3
64 367 4
64 370 4
64 371 4
64 375 9
64 376 1
64 378 6
64 381 8
64 383 5
64 384 5
64 388 3
64 389 5
64 393 5
64 394 10
64 396 3
64 397 1
64 398 7
64 400 9
64 401 5
64 404 8
64 406 5
64 407 7
64 408 1
64 410 1
64 413 2
64 414 6
64 415 5
64 416 2
64 417 8
64 421 3
64 422 6
64 423 7
64 424 5
64 426 6
64 427 2
64 428 4
64 429 6
64 430 9
64 433 5
64 434 9
64 436 1
64 438 6
64 441 2
64 445 8
64 452 3
64 455 4
64 456 2
64 459 3
64 460 5
64 461 7
64 465 10
64 466 8
64 469 9
64 471 3
64 472 6
64 473 3
64 474 5
64 475 1
64 476 1
64 478 1
64 479 9
64 481 10
64 484 5
64 486 10
64 488 9
64 489 1
64 491 5
64 492 8
64 493 2
64 494 1
64 496 9
64 498 5
65 67 6
65 68 7
65 71 8
65 72 9
65 73 3
65 74 10
65 75 6
65 79 10
65 81 2
65 83 9
65 86 1
65 88 4
65 90 6
65 91 8
65 92 2
65 93 6
65 95 10
65 96 1
65 97 9
65 99 8
65 100 6
65 102 4
65 103 4
65 106 4
65 112 3
65 115 3
65 117 6
65 120 1
65 122 10
65 123 7
65 124 4
65 125 10
65 126 4
65 128 3
65 129 4
65 130 8
65 132 7
65 133 3
65 134 8
65 137 9
65 140 7
65 142 5
65 147 1
65 152 9
65 154 2
65 157 7
65 160 4
65 161 10
65 162 7
65 165 9
65 166 1
65 167 6
65 168 10
65 169 9
65 170 7
65 172 5
65 174 8
65 180 4
65 183 6
65 185 6
65 186 9
65 188 7
65 189 2
65 190 3
65 191 2
65 193 7
65 196 5
65 200 2
65 202 3
65 203 6
65 208 1
65 209 9
65 213 4
65 217 7
65 225 5
65 226 4
65 227 6
65 228 5
65 229 3
65 230 4
65 235 10
65 236 6
65 238 2
65 239 3
65 240 3
65 242 9
65 243 3
65 245 1
65 246 4
65 247 9
65 248 9
65 251 2
65 252 6
65 253 6
65 254 9
65 255 3
65 257 4
65 259 1
65 260 5
65 262 5
65 267 10
65 268 4
65 270 6
65 271 3
65 272 2
65 274 7
65 276 6
65 279 4
65 281 10
65 285 1
65 287 1
65 289 5
65 291 5
65 294 6
65 295 5
65 296 9
65 299 2
65 300 7
65 302 7
65 306 4
65 307 1
65 309 6
65 310 8
65 311 5
65 314 7
65 315 5
65 316 6
65 317 9
65 318 8
65 319 3
65 323 1
65 324 3
65 325 9
65 326 4
65 328 9
65 329 2
65 332 2
65 333 1
65 338 6
65 340 8
65 341 7
65 342 6
65 343 10
65 344 3
65 346 5
65 348 10
65 349 9
65 351 7
65 353 1
65 355 1
65 356 6
65 357 9
65 359 6
65 360 8
65 361 6
65 362 8
65 364 7
65 366 8
65 369 3
65 371 8
65 374 4
65 375 4
65 377 6
65 378 2
65 380 1
65 382 1
65 383 6
65 387 10
65 388 2
65 389 6
65 391 10
65 392 8
65 393 4
65 394 5
65 395 1
65 396 8
65 397 5
65 400 2
65 405 2
65 406 9
65 408 4
65 412 9
65 413 2
65 414 3
65 416 3
65 418 1
65 419 6
65 420 3
65 421 10
65 422 10
65 423 6
65 424 8
65 427 10
65 430 4
65 431 8
65 432 3
65 434 3
65 435 8
65 437 6
65 438 6
65 443 1
65 446 6
65 450 5
65 452 10
65 454 9
65 456 2
65 458 9
65 469 8
65 472 10
65 474 5
65 475 6
65 477 10
65 478 9
65 480 4
65 482 6
65 489 3
65 490 2
65 493 3
65 494 4
65 496 3
65 497 1
65 498 10
65 499 7
66 67 3
66 69 1
66 70 9
66 75 7
66 76 1
66 77 4
66 80 8
66 81 2
66 83 8
66 84 6
66 85 10
66 86 3
66 88 10
66 89 3
66 93 3
66 95 7
66 98 8
66 99 4
66 102 1
66 105 2
66 107 9
66 114 8
66 117 7
66 119 3
66 122 9
66 124 1
66 126 3
66 131 8
66 132 6
66 134 9
66 135 7
66 136 8
66 140 5
66 141 5
66 142 8
66 143 5
66 150 10
66 152 7
66 154 3
66 158 8
66 164 1
66 165 3
66 166 2
66 167 1
66 168 8
66 169 9
66 170 9
66 173 8
66 178 2
66 179 5
66 185 9
66 187 7
66 189 2
66 190 8
66 191 4
66 192 10
66 194 3
66 196 5
66 197 8
66 198 1
66 202 8
66 205 2
66 206 10
66 207 1
66 208 3
66 209 7
66 212 6
66 214 7
66 218 7
66 219 2
66 220 4
66 224 4
66 225 2
66 226 7
66 227 1
66 231 1
66 232 5
66 234 6
66 235 6
66 239 4
66 241 4
66 242 4
66 243 2
66 244 9
66 245 1
66 246 5
66 248 2
66 249 9
66 252 9
66 253 3
66 254 8
66 257 8
66 259 4
66 264 3
66 267 6
66 268 2
66 273 2
66 277 8
66 278 3
66 281 9
66 284 9
66 285 3
66 286 1
66 287 7
66 288 4
66 289 3
66 290 9
66 291 4
66 295 2
66 303 3
66 310 9
66 311 2
66 312 1
66 316 10
66 317 9
66 318 5
66 319 9
66 320 2
66 321 5
66 323 6
66 325 1
66 326 2
66 328 6
66 330 9
66 331 1
66 333 6
66 335 3
66 336 1
66 342 2
66 346 10
66 347 7
66 348 1
66 350 9
66 352 6
66 353 7
66 354 5
66 356 9
66 357 6
66 359 3
66 360 6
66 361 6
66 363 7
66 364 9
66 365 7
66 366 5
66 372 4
66 373 2
66 379 8
66 381 3
66 383 8
66 386 5
66 388 4
66 393 7
66 395 9
66 396 3
66 397 8
66 398 6
66 400 6
66 401 2
66 402 4
66 408 9
66 410 5
66 411 10
66 415 3
66 417 3
66 418 6
66 420 4
66 425 8
66 427 10
66 429 7
66 430 9
66 431 7
66 433 4
66 436 7
66 438 1
66 439 3
66 442 10
66 444 5
66 445 10
66 446 8
66 450 9
66 456 6
66 460 3
66 462 7
66 464 10
66 465 9
66 468 1
66 469 5
66 471 2
66 472 10
66 473 10
66 474 1
66 475 6
66 476 10
66 478 2
66 481 8
66 482 4
66 483 1
66 486 4
66 487 6
66 488 4
66 489 5
66 490 9
66 491 1
66 493 2
66 495 3
66 497 6
66 498 8
66 499 4
67 68 6
67 69 9
67 72 3
67 73 5
67 74 4
67 75 5
67 76 2
67 77 1
67 80 1
67 81 7
67 83 1
67 87 6
67 88 4
67 89 7
67 91 7
67 92 1
67 96 2
67 98 1
67 99 2
67 100 2
67 101 7
67 102 7
67 103 8
67 109 10
67 111 4
67 112 1
67 113 1
67 114 6
67 116 1
67 119 10
67 122 1
67 123 2
67 126 9
67 129 5
67 130 9
67 131 3
67 133 9
67 135 7
67 136 1
67 138 5
67 140 3
67 141 3
67 142 9
67 143 1
67 145 4
67 146 2
67 147 1
67 148 2
67 149 1
67 151 6
67 152 3
67 153 1
67 155 5
67 156 8
67 157 2
67 158 2
67 159 4
67 161 9
67 162 10
67 163 7
67 164 10
67 165 9
67 166 4
67 167 8
67 168 5
67 169 7
67 171 2
67 172 1
67 173 3
67 174 4
67 175 4
67 177 7
67 181 7
67 182 7
67 183 8
67 184 1
67 185 5
67 186 4
67 187 10
67 188 1
67 190 2
67 191 10
67 196 5
67 199 6
67 201 6
67 203 6
67 209 5
67 210 8
67 211 6
67 212 6
67 213 9
67 214 10
67 215 3
67 217 3
67 218 5
67 219 6
67 220 10
67 227 2
67 228 7
67 229 8
67 232 4
67 233 1
67 236 2
67 238 2
67 239 4
67 240 1
67 241 5
67 243 3
67 244 6
67 245 10
67 247 5
67 248 3
67 249 2
67 251 10
67 254 6
67 256 3
67 257 1
67 258 5
67 260 2
67 262 5
67 264 5
67 265 8
67 267 2
67 277 6
67 278 1
67 281 3
67 282 6
67 283 4
67 284 9
67 285 5
67 287 4
67 291 10
67 293 3
67 294 2
67 295 4
67 296 5
67 298 9
67 299 8
67 301 9
67 303 8
67 306 3
67 308 10
67 312 3
67 313 8
67 320 1
67 321 6
67 323 4
67 328 3
67 329 1
67 330 2
67 331 10
67 334 9
67 337 2
67 340 10
67 347 10
67 352 7
67 355 9
67 358 1
67 359 8
67 362 10
67 363 7
67 364 10
67 365 7
67 366 3
67 370 9
67 374 10
67 378 7
67 380 7
67 384 9
67 386 4
67 390 2
67 391 5
67 392 3
67 393 8
67 394 5
67 396 10
67 401 10
67 402 1
67 406 7
67 407 4
67 416 1
67 417 5
67 418 10
67 419 7
67 423 3
67 424 8
67 425 4
67 426 5
67 427 4
67 428 10
67 430 4
67 431 3
67 433 4
67 435 7
67 441 3
67 443 9
67 447 7
67 448 6
67 449 4
67 450 1
67 451 6
67 454 8
67 456 9
67 458 8
67 459 3
67 460 2
67 462 3
67 463 2
67 465 6
67 466 1
67 468 8
67 469 5
67 470 7
67 471 1
67 472 5
67 475 3
67 476 4
67 477 2
67 478 7
67 479 5
67 480 7
67 481 8
67 485 2
67 487 1
67 489 10
67 492 5
67 493 2
67 494 8
67 496 4
67 497 6
67 499 1
68 71 4
68 75 7
68 78 6
68 81 6
68 84 10
68 85 8
68 87 2
68 88 6
68 89 4
68 90 5
68 91 10
68 92 3
68 93 7
68 94 8
68 97 10
68 98 3
68 99 2
68 101 7
68 103 10
68 107 7
68 110 5
68 111 3
68 112 7
68 114 10
68 115 1
68 116 7
68 123 6
68 124 10
68 126 5
68 129 6
68 131 10
68 133 8
68 134 3
68 135 8
68 137 5
68 139 1
68 141 4
68 143 1
68 152 6
68 153 10
68 156 9
68 157 8
68 159 5
68 160 7
68 163 10
68 164 6
68 165 2
68 167 10
68 168 5
68 169 10
68 170 3
68 172 8
68 175 8
68 176 3
68 178 6
68 179 5
68 180 2
68 181 6
68 185 1
68 186 1
68 187 6
68 189 9
68 192 7
68 194 2
68 195 4
68 197 2
68 198 5
68 204 9
68 207 9
68 208 7
68 213 1
68 216 4
68 217 10
68 218 1
68 219 4
68 221 6
68 222 8
68 224 4
68 226 9
68 227 2
68 228 3
68 229 4
68 231 7
68 233 8
68 236 2
68 237 8
68 239 9
68 240 6
68 242 7
68 243 1
68 246 8
68 251 4
68 258 3
68 261 10
68 265 6
68 266 9
68 269 5
68 270 7
68 271 3
68 272 5
68 273 6
68 277 4
68 279 9
68 280 10
68 282 2
68 283 5
68 287 4
68 288 8
68 290 7
68 293 3
68 294 10
68 298 10
68 299 1
68 300 6
68 301 8
68 303 5
68 306 6
68 307 1
68 309 10
68 311 3
68 312 5
68 318 2
68 319 9
68 320 5
68 323 4
68 324 8
68 325 8
68 326 7
68 327 7
68 328 7
68 332 4
68 333 8
68 334 4
68 336 6
68 337 8
68 341 4
68 343 9
68 344 10
68 345 10
68 347 7
68 348 5
68 349 3
68 352 5
68 353 5
68 354 1
68 357 2
68 358 7
68 369 4
68 370 4
68 371 1
68 372 8
68 376 2
68 377 9
68 378 3
68 380 10
68 381 1
68 383 7
68 387 3
68 388 5
68 393 10
68 395 5
68 396 10
68 398 5
68 399 2
68 400 2
68 402 5
68 406 3
68 407 3
68 409 2
68 414 7
68 415 4
68 417 7
68 421 4
68 422 9
68 423 6
68 425 7
68 428 10
68 429 10
68 432 4
68 433 7
68 435 2
68 438 1
68 442 1
68 443 1
68 444 10
68 446 9
68 447 9
68 448 7
68 449 10
68 452 10
68 456 10
68 457 1
68 458 10
68 466 9
68 468 4
68 471 3
68 473 5
68 477 6
68 482 1
68 483 10
68 486 1
68 487 10
68 489 4
68 490 9
68 491 3
68 492 3
68 493 4
68 495 10
68 497 3
69 70 2
69 72 2
69 73 6
69 77 9
69 78 2
69 79 1
69 82 7
69 83 7
69 84 2
69 85 5
69 88 2
69 89 1
69 90 8
69 94 7
69 96 7
69 100 8
69 103 3
69 104 4
69 105 1
69 111 8
69 116 3
69 117 10
69 119 4
69 120 6
69 123 4
69 125 10
69 127 7
69 128 10
69 130 2
69 132 4
69 133 8
69 135 4
69 137 5
69 138 3
69 142 3
69 144 10
69 148 2
69 150 3
69 155 6
69 157 3
69 159 1
69 160 1
69 161 9
69 164 2
69 166 4
69 167 2
69 169 8
69 171 5
69 173 6
69 175 10
69 178 9
69 181 10
69 183 7
69 184 6
69 185 3
69 186 7
69 189 3
69 190 3
69 191 9
69 193 2
69 194 3
69 195 8
69 196 2
69 199 4
69 204 8
69 205 4
69 207 6
69 210 10
69 211 8
69 212 5
69 223 6
69 224 10
69 225 3
69 226 10
69 227 1
69 229 8
69 230 6
69 233 8
69 235 9
69 236 3
69 238 10
69 239 6
69 240 9
69 241 8
69 242 6
69 244 6
69 246 10
69 252 3
69 253 9
69 256 6
69 261 3
69 264 2
69 265 5
69 266 5
69 267 2
69 268 7
69 272 8
69 275 2
69 281 2
69 283 7
69 284 8
69 285 4
69 289 9
69 293 7
69 294 5
69 295 10
69 297 9
69 299 10
69 301 7
69 302 4
69 303 4
69 304 10
69 305 5
69 307 2
69 312 6
69 321 10
69 323 8
69 326 6
69 327 1
69 330 10
69 332 10
69 334 5
69 335 9
69 336 1
69 337 1
69 339 10
69 340 7
69 343 1
69 345 10
69 347 4
69 348 7
69 349 6
69 351 2
69 352 9
69 354 6
69 355 1
69 358 4
69 359 6
69 361 7
69 362 2
69 363 10
69 364 2
69 365 9
69 367 2
69 368 3
69 369 3
69 370 7
69 371 8
69 372 6
69 374 7
69 375 1
69 376 8
69 377 4
69 378 4
69 383 7
69 388 10
69 390 2
69 393 3
69 398 7
69 400 6
69 401 4
69 402 7
69 404 4
69 406 8
69 407 6
69 408 8
69 410 10
69 411 9
69 416 5
69 418 4
69 419 5
69 420 7
69 422 8
69 423 8
69 424 7
69 426 5
69 428 4
69 431 3
69 432 9
69 436 8
69 437 3
69 438 6
69 440 4
69 441 10
69 443 7
69 445 1
69 449 5
69 450 7
69 451 7
69 454 10
69 456 1
69 457 2
69 458 2
69 460 5
69 462 4
69 467 10
69 468 5
69 469 8
69 470 7
69 472 3
69 474 8
69 479 9
69 481 3
69 485 10
69 486 5
69 489 6
69 491 6
69 492 9
69 494 2
69 496 5
70 72 9
70 73 9
70 74 4
70 84 4
70 86 6
70 88 10
70 89 8
70 90 7
70 92 6
70 97 5
70 101 2
70 102 9
70 104 5
70 105 10
70 106 6
70 109 10
70 111 8
70 112 4
70 114 5
70 115 3
70 119 9
70 121 5
70 123 10
70 126 1
70 134 10
70 136 2
70 137 1
70 139 2
70 140 1
70 141 6
70 143 1
70 144 9
70 145 5
70 146 9
70 147 3
70 152 1
70 154 4
70 155 10
70 157 8
70 158 9
70 161 6
70 162 9
70 163 3
70 166 8
70 167 6
70 169 9
70 173 1
70 179 10
70 181 4
70 183 8
70 185 8
70 189 7
70 193 7
70 198 2
70 201 10
70 206 3
70 207 1
70 208 6
70 211 6
70 212 8
70 213 6
70 215 4
70 217 9
70 218 6
70 219 9
70 221 4
70 222 5
70 225 6
70 227 6
70 228 9
70 229 7
70 231 2
70 232 2
70 233 5
70 234 6
70 235 6
70 236 2
70 238 5
70 240 2
70 241 7
70 244 4
70 245 2
70 250 10
70 252 6
70 253 9
70 254 2
70 255 1
70 256 6
70 258 9
70 262 3
70 264 3
70 265 5
70 270 4
70 272 5
70 273 9
70 274 10
70 275 7
70 277 4
70 278 10
70 280 1
70 288 3
70 290 4
70 292 10
70 293 6
70 294 8
70 295 9
70 298 3
70 299 9
70 300 9
70 303 7
70 306 10
70 309 5
70 310 4
70 311 10
70 312 1
70 317 9
70 319 1
70 327 1
70 329 1
70 330 7
70 331 4
70 332 10
70 334 6
70 337 2
70 340 9
70 341 10
70 344 2
70 345 8
70 346 5
70 347 9
70 348 9
70 349 7
70 355 3
70 356 4
70 358 1
70 359 3
70 360 2
70 363 6
70 364 10
70 365 9
70 368 3
70 369 2
70 372 1
70 373 10
70 374 9
70 375 10
70 377 8
70 381 3
70 383 9
70 387 9
70 388 1
70 389 4
70 391 8
70 393 9
70 396 4
70 397 5
70 398 5
70 399 4
70 401 6
70 403 10
70 404 6
70 406 2
70 409 7
70 410 8
70 412 9
70 413 6
70 414 8
70 416 2
70 417 1
70 418 10
70 422 4
70 427 2
70 429 10
70 433 3
70 440 6
70 443 3
70 444 7
70 446 10
70 449 3
70 450 5
70 451 4
70 452 4
70 456 3
70 457 6
70 458 6
70 459 3
70 462 1
70 464 2
70 467 4
70 471 8
70 472 2
70 473 5
70 474 4
70 475 1
70 477 4
70 478 6
70 480 7
70 481 8
70 486 9
70 487 9
70 493 2
70 497 6
70 498 7
71 74 3
71 75 3
71 76 1
71 78 4
71 82 5
71 83 6
71 85 9
71 87 4
71 88 7
71 91 7
71 95 6
71 97 7
71 99 3
71 101 5
71 105 4
71 107 8
71 109 6
71 111 7
71 118 8
71 119 7
71 120 6
71 121 6
71 122 5
71 124 10
71 125 8
71 126 4
71 128 1
71 129 9
71 130 1
71 136 10
71 137 4
71 138 5
71 142 5
71 145 10
71 153 5
71 154 7
71 156 2
71 158 10
71 160 2
71 161 6
71 162 4
71 166 6
71 170 10
71 171 9
71 172 3
71 174 10
71 175 2
71 176 4
71 177 6
71 183 3
71 185 9
71 186 9
71 188 7
71 191 5
71 194 5
71 196 4
71 198 4
71 199 1
71 201 9
71 203 4
71 205 9
71 206 1
71 207 2
71 209 5
71 210 10
71 211 4
71 214 5
71 216 10
71 219 3
71 224 6
71 226 3
71 227 1
71 229 6
71 232 7
71 235 5
71 238 9
71 239 1
71 240 2
71 247 9
71 248 9
71 249 2
71 250 9
71 251 7
71 255 1
71 260 5
71 263 6
71 264 5
71 266 4
71 267 9
71 269 2
71 270 9
71 271 4
71 273 8
71 274 1
71 275 6
71 279 1
71 282 8
71 283 7
71 285 4
71 286 3
71 287 3
71 289 7
71 291 9
71 292 4
71 293 8
71 294 7
71 295 10
71 296 2
71 297 5
71 298 3
71 299 7
71 300 7
71 301 1
71 303 1
71 304 2
71 305 8
71 309 6
71 312 1
71 316 3
71 319 9
71 325 7
71 326 10
71 327 7
71 329 4
71 331 1
71 332 3
71 333 9
71 336 6
71 339 10
71 342 8
71 343 8
71 345 6
71 346 2
71 350 9
71 352 10
71 353 9
71 355 7
71 356 8
71 360 6
71 362 3
71 368 4
71 375 6
71 377 4
71 378 7
71 379 9
71 387 9
71 391 1
71 392 4
71 393 7
71 394 9
71 395 1
71 396 7
71 400 10
71 402 9
71 404 8
71 405 4
71 407 2
71 408 7
71 409 6
71 411 6
71 415 1
71 418 4
71 421 2
71 423 3
71 424 1
71 425 3
71 429 8
71 430 10
71 431 5
71 436 7
71 437 10
71 438 8
71 440 5
71 441 8
71 443 8
71 444 10
71 446 9
71 447 9
71 450 1
71 452 3
71 454 3
71 455 3
71 456 1
71 457 3
71 458 9
71 459 3
71 460 9
71 461 8
71 462 1
71 464 4
71 465 3
71 466 4
71 468 3
71 469 4
71 471 8
71 472 1
71 475 2
71 476 7
71 477 4
71 478 1
71 479 1
71 480 6
71 481 3
71 483 7
71 484 1
71 488 5
71 489 6
71 497 10
71 498 8
72 77 6
72 78 9
72 79 1
72 81 10
72 82 8
72 86 2
72 88 4
72 89 8
72 90 5
72 92 6
72 94 1
72 95 2
72 100 8
72 101 7
72 102 9
72 103 10
72 104 8
72 105 7
72 107 3
72 108 3
72 109 10
72 110 5
72 113 3
72 114 7
72 115 4
72 120 4
72 121 7
72 124 9
72 126 4
72 127 4
72 128 2
72 133 1
72 134 5
72 135 7
72 137 8
72 139 6
72 140 4
72 144 5
72 146 5
72 148 4
72 152 9
72 153 7
72 154 6
72 155 3
72 157 1
72 158 9
72 159 6
72 160 1
72 163 10
72 166 9
72 169 5
72 171 5
72 173 5
72 174 8
72 175 5
72 176 7
72 177 3
72 178 6
72 179 7
72 184 7
72 187 5
72 189 9
72 191 5
72 193 1
72 194 1
72 195 2
72 199 7
72 200 2
72 202 8
72 204 9
72 205 8
72 206 6
72 207 1
72 208 9
72 209 8
72 211 9
72 212 8
72 213 3
72 214 6
72 218 2
72 220 2
72 221 3
72 222 5
72 223 7
72 224 1
72 225 1
72 226 6
72 227 3
72 229 5
72 230 7
72 232 8
72 234 3
72 235 5
72 237 3
72 239 1
72 241 2
72 242 1
72 244 4
72 245 2
72 252 5
72 257 2
72 258 4
72 261 8
72 263 10
72 264 8
72 265 4
72 267 3
72 270 6
72 271 1
72 273 1
72 274 10
72 276 5
72 278 2
72 281 6
72 282 10
72 283 8
72 285 2
72 288 8
72 289 10
72 291 1
72 294 1
72 297 5
72 299 9
72 300 8
72 302 6
72 304 7
72 306 5
72 310 1
72 311 2
72 313 9
72 314 4
72 316 5
72 320 3
72 321 4
72 322 4
72 324 8
72 326 3
72 330 7
72 339 5
72 349 8
72 351 9
72 353 3
72 354 4
72 356 10
72 359 9
72 364 2
72 366 9
72 367 9
72 372 1
72 379 7
72 381 2
72 383 3
72 384 5
72 385 7
72 387 3
72 388 3
72 389 6
72 391 4
72 392 3
72 394 9
72 399 3
72 400 8
72 402 6
72 403 9
72 404 4
72 405 6
72 407 6
72 408 1
72 410 6
72 411 9
72 412 9
72 414 9
72 416 3
72 418 10
72 421 5
72 422 6
72 423 10
72 428 3
72 429 4
72 431 1
72 436 1
72 437 8
72 440 7
72 441 7
72 442 3
72 443 7
72 444 3
72 445 7
72 446 7
72 447 7
72 451 7
72 452 5
72 453 9
72 457 5
72 465 7
72 468 10
72 469 1
72 470 3
72 472 5
72 473 4
72 476 2
72 479 2
72 481 5
72 483 1
72 484 10
72 486 8
72 487 1
72 488 7
72 489 10
72 490 4
72 491 1
72 492 3
72 495 3
72 497 1
72 498 1
73 74 1
73 75 5
73 76 2
73 79 3
73 84 8
73 85 10
73 86 1
73 90 5
73 91 7
73 92 6
73 93 10
73 95 1
73 96 6
73 99 4
73 101 3
73 103 1
73 104 10
73 106 9
73 107 8
73 109 5
73 110 3
73 111 4
73 114 5
73 115 9
73 117 3
73 118 3
73 119 3
73 120 8
73 121 4
73 122 7
73 128 8
73 131 2
73 133 3
73 135 5
73 136 3
73 137 2
73 138 7
73 141 2
73 145 6
73 148 8
73 149 1
73 150 5
73 151 5
73 153 2
73 154 4
73 155 7
73 156 10
73 157 3
73 160 5
73 161 6
73 162 7
73 163 9
73 164 9
73 165 8
73 167 8
73 171 4
73 173 5
73 174 10
73 176 4
73 177 8
73 179 6
73 180 9
73 182 5
73 186 9
73 188 6
73 191 5
73 192 3
73 197 4
73 201 5
73 202 9
73 204 6
73 205 5
73 208 5
73 209 5
73 210 5
73 211 7
73 212 6
73 215 7
73 216 10
73 217 1
73 220 5
73 222 8
73 223 9
73 224 4
73 225 9
73 227 7
73 228 5
73 229 4
73 231 3
73 233 8
73 234 10
73 235 6
73 237 9
73 244 1
73 246 3
73 247 6
73 248 5
73 251 5
73 256 10
73 258 6
73 260 1
73 263 5
73 267 6
73 268 3
73 269 5
73 270 5
73 272 6
73 274 1
73 276 8
73 277 5
73 278 3
73 280 5
73 281 1
73 282 7
73 284 3
73 285 2
73 287 8
73 288 10
73 289 4
73 290 7
73 291 9
73 292 4
73 294 6
73 295 6
73 296 10
73 297 8
73 298 1
73 300 6
73 301 5
73 302 3
73 305 2
73 307 3
73 308 4
73 311 9
73 312 3
73 313 3
73 314 5
73 315 4
73 316 6
73 318 9
73 321 5
73 322 10
73 323 3
73 324 5
73 325 4
73 326 10
73 327 10
73 329 2
73 331 2
73 332 6
73 334 4
73 337 8
73 339 2
73 340 2
73 341 2
73 342 3
73 343 8
73 344 6
73 346 3
73 349 1
73 350 7
73 351 2
73 352 2
73 355 8
73 356 4
73 358 6
73 362 8
73 365 9
73 366 3
73 367 9
73 368 2
73 370 5
73 374 4
73 375 9
73 377 5
73 379 3
73 380 2
73 381 9
73 383 1
73 384 4
73 385 1
73 386 10
73 388 10
73 389 10
73 392 5
73 393 9
73 396 4
73 397 6
73 398 2
73 399 2
73 401 5
73 402 2
73 403 8
73 404 10
73 407 10
73 408 6
73 411 6
73 416 6
73 418 9
73 422 4
73 423 9
73 424 1
73 426 3
73 427 10
73 429 3
73 431 10
73 432 4
73 434 3
73 435 4
73 438 8
73 440 9
73 443 8
73 448 8
73 449 5
73 452 8
73 455 6
73 456 1
73 457 1
73 458 7
73 459 3
73 464 1
73 465 3
73 466 10
73 467 4
73 468 6
73 470 3
73 471 4
73 473 8
73 474 2
73 475 5
73 478 8
73 481 6
73 487 10
73 488 10
73 489 5
73 490 5
73 495 10
73 496 7
73 497 2
73 498 2
74 79 8
74 80 1
74 81 3
74 83 1
74 84 6
74 85 6
74 86 5
74 88 9
74 89 3
74 90 9
74 94 10
74 103 5
74 104 9
74 106 4
74 107 10
74 108 9
74 110 5
74 111 3
74 114 3
74 115 7
74 116 7
74 117 9
74 119 8
74 121 7
74 122 5
74 123 10
74 126 5
74 127 5
74 131 7
74 132 2
74 133 7
74 134 1
74 135 4
74 136 8
74 140 4
74 143 10
74 145 8
74 147 1
74 148 7
74 150 6
74 153 5
74 155 3
74 156 5
74 157 3
74 158 2
74 161 5
74 162 10
74 165 4
74 166 2
74 167 2
74 168 2
74 169 5
74 170 9
74 177 4
74 178 5
74 180 6
74 181 5
74 185 1
74 186 8
74 187 5
74 189 4
74 190 7
74 191 4
74 192 5
74 193 10
74 195 1
74 196 4
74 197 3
74 199 2
74 201 10
74 203 8
74 205 7
74 208 4
74 209 4
74 210 7
74 211 2
74 212 9
74 213 7
74 214 8
74 215 1
74 216 5
74 218 8
74 219 3
74 220 6
74 221 1
74 222 8
74 223 3
74 226 9
74 227 6
74 228 2
74 229 1
74 230 8
74 235 6
74 236 8
74 238 10
74 239 4
74 241 2
74 243 8
74 246 1
74 248 6
74 249 7
74 251 2
74 252 1
74 254 4
74 259 8
74 260 10
74 262 9
74 263 9
74 265 9
74 266 10
74 267 8
74 270 9
74 273 1
74 275 4
74 277 9
74 278 2
74 279 8
74 281 4
74 282 5
74 284 4
74 285 5
74 287 3
74 288 7
74 290 1
74 292 5
74 295 6
74 296 4
74 297 4
74 300 5
74 301 5
74 304 1
74 307 8
74 309 2
74 311 8
74 312 5
74 313 3
74 314 3
74 315 8
74 317 5
74 318 2
74 320 7
74 323 9
74 325 5
74 326 7
74 329 1
74 330 2
74 333 8
74 334 10
74 338 5
74 339 8
74 340 8
74 341 4
74 342 10
74 343 4
74 344 5
74 345 9
74 346 2
74 347 4
74 351 2
74 352 2
74 353 10
74 354 9
74 355 7
74 356 4
74 364 10
74 367 8
74 370 4
74 373 10
74 376 9
74 377 7
74 378 2
74 379 8
74 380 6
74 382 8
74 383 4
74 384 3
74 385 6
74 386 5
74 390 8
74 391 3
74 392 4
74 396 8
74 397 10
74 400 7
74 402 7
74 407 4
74 408 5
74 410 9
74 411 1
74 412 10
74 414 10
74 416 3
74 417 7
74 418 10
74 421 2
74 422 6
74 424 8
74 425 8
74 426 2
74 427 8
74 428 8
74 431 3
74 433 1
74 435 10
74 436 4
74 437 2
74 438 10
74 443 10
74 444 8
74 446 2
74 452 7
74 456 5
74 458 7
74 459 10
74 462 7
74 463 4
74 466 7
74 467 9
74 468 10
74 470 3
74 471 5
74 473 7
74 475 5
74 477 5
74 479 2
74 481 3
74 482 3
74 483 6
74 487 10
74 489 7
74 490 4
74 493 3
75 84 4
75 85 3
75 86 4
75 87 7
75 88 10
75 89 6
75 91 8
75 94 5
75 95 2
75 97 10
75 98 8
75 99 3
75 101 6
75 102 8
75 105 5
75 106 5
75 107 1
75 108 6
75 112 8
75 113 10
75 115 1
75 118 5
75 119 4
75 120 10
75 121 4
75 122 8
75 123 8
75 124 10
75 125 8
75 127 2
75 128 2
75 129 3
75 131 9
75 133 1
75 134 5
75 139 8
75 141 10
75 142 4
75 144 1
75 147 7
75 149 10
75 151 8
75 153 7
75 154 9
75 155 10
75 156 3
75 159 7
75 160 7
75 162 3
75 167 3
75 169 7
75 170 5
75 171 8
75 172 4
75 177 4
75 180 9
75 181 10
75 184 8
75 185 9
75 186 7
75 187 9
75 190 7
75 191 10
75 192 8
75 193 6
75 194 4
75 197 2
75 198 5
75 199 4
75 206 7
75 207 7
75 208 1
75 209 9
75 212 7
75 213 6
75 216 2
75 219 10
75 220 8
75 221 6
75 223 8
75 226 10
75 227 2
75 230 7
75 231 1
75 234 7
75 235 9
75 237 3
75 239 7
75 240 8
75 248 5
75 249 8
75 251 1
75 252 5
75 254 8
75 256 1
75 257 5
75 258 9
75 259 1
75 265 8
75 276 4
75 278 6
75 282 7
75 283 4
75 285 1
75 286 4
75 288 1
75 291 9
75 292 2
75 298 1
75 299 8
75 300 4
75 301 10
75 302 9
75 303 8
75 312 6
75 313 3
75 314 4
75 316 1
75 318 1
75 319 10
75 321 7
75 322 5
75 323 9
75 327 4
75 328 3
75 329 7
75 337 6
75 340 4
75 342 10
75 343 9
75 344 6
75 345 9
75 347 1
75 351 9
75 352 8
75 353 1
75 357 9
75 359 3
75 364 5
75 365 10
75 366 4
75 368 4
75 369 3
75 370 1
75 372 3
75 375 2
75 376 3
75 380 1
75 386 3
75 387 9
75 388 6
75 389 2
75 392 8
75 394 5
75 395 2
75 396 4
75 398 5
75 399 6
75 400 3
75 401 2
75 402 1
75 403 8
75 404 9
75 405 5
75 406 8
75 409 6
75 410 4
75 415 3
75 418 8
75 419 3
75 421 1
75 422 2
75 423 2
75 424 8
75 425 3
75 429 5
75 431 10
75 432 9
75 435 7
75 436 6
75 437 5
75 438 3
75 440 1
75 441 10
75 446 10
75 447 3
75 448 10
75 451 3
75 452 8
75 453 6
75 456 7
75 458 2
75 459 6
75 465 1
75 467 4
75 469 4
75 470 1
75 471 5
75 473 10
75 484 8
75 485 4
75 490 8
75 493 5
75 494 4
75 495 9
75 496 9
75 499 8
76 79 3
76 80 10
76 81 4
76 82 10
76 85 4
76 86 2
76 87 6
76 88 6
76 89 4
76 90 4
76 92 6
76 95 2
76 96 8
76 97 6
76 99 8
76 108 8
76 109 3
76 112 7
76 113 7
76 114 8
76 117 7
76 119 3
76 120 1
76 121 2
76 122 5
76 123 6
76 126 9
76 129 5
76 130 3
76 132 1
76 133 4
76 134 7
76 136 3
76 139 5
76 141 1
76 142 4
76 144 10
76 147 9
76 152 5
76 157 4
76 158 1
76 162 7
76 163 10
76 165 4
76 166 7
76 167 2
76 169 6
76 170 9
76 171 6
76 172 7
76 175 4
76 176 4
76 179 9
76 181 1
76 185 10
76 186 4
76 188 3
76 189 8
76 191 4
76 192 2
76 196 10
76 201 10
76 204 6
76 206 3
76 207 8
76 208 2
76 210 2
76 211 5
76 214 2
76 215 8
76 218 7
76 219 5
76 220 5
76 223 6
76 224 4
76 225 2
76 232 7
76 235 4
76 236 8
76 241 2
76 243 3
76 245 10
76 249 5
76 250 7
76 252 10
76 253 5
76 255 8
76 257 6
76 260 8
76 262 10
76 268 10
76 269 6
76 272 3
76 274 7
76 275 9
76 276 1
76 278 5
76 282 8
76 283 2
76 284 2
76 286 8
76 287 8
76 288 8
76 291 6
76 292 6
76 295 7
76 300 9
76 301 9
76 306 3
76 307 10
76 309 9
76 311 4
76 314 10
76 315 3
76 317 5
76 318 2
76 323 2
76 327 7
76 330 2
76 331 9
76 333 5
76 334 10
76 335 9
76 336 3
76 338 5
76 339 6
76 340 3
76 343 4
76 345 4
76 346 4
76 348 4
76 349 1
76 351 3
76 353 9
76 356 6
76 358 7
76 360 9
76 362 6
76 364 5
76 366 1
76 367 8
76 369 8
76 373 6
76 374 7
76 375 9
76 378 2
76 382 2
76 384 8
76 386 3
76 387 8
76 388 4
76 389 8
76 390 4
76 396 6
76 397 9
76 398 1
76 399 5
76 400 1
76 401 2
76 402 4
76 404 1
76 410 4
76 411 3
76 412 4
76 413 6
76 414 8
76 415 2
76 417 6
76 418 8
76 421 6
76 422 9
76 423 2
76 426 10
76 430 7
76 433 4
76 434 1
76 435 7
76 440 10
76 441 8
76 443 8
76 444 6
76 446 10
76 447 5
76 448 9
76 449 2
76 450 8
76 454 7
76 455 4
76 456 10
76 458 6
76 460 4
76 464 3
76 467 6
76 469 3
76 472 9
76 474 6
76 478 10
76 482 9
76 484 7
76 485 7
76 486 10
76 487 3
76 488 2
76 489 8
76 492 7
76 495 10
76 497 9
76 498 7
77 79 10
77 81 7
77 82 7
77 83 7
77 84 5
77 88 9
77 89 8
77 94 2
77 95 10
77 96 8
77 99 7
77 103 1
77 104 6
77 105 8
77 106 2
77 107 2
77 108 9
77 113 3
77 114 7
77 115 3
77 118 9
77 122 7
77 123 10
77 124 8
77 127 8
77 128 2
77 129 10
77 130 8
77 131 10
77 132 10
77 134 5
77 135 2
77 136 6
77 137 10
77 140 9
77 141 9
77 142 4
77 143 3
77 146 3
77 148 9
77 150 5
77 151 10
77 152 5
77 153 5
77 154 3
77 155 10
77 156 3
77 157 5
77 158 1
77 163 5
77 164 4
77 167 3
77 169 1
77 171 1
77 176 4
77 177 9
77 180 4
77 181 7
77 182 5
77 184 6
77 186 5
77 188 6
77 192 5
77 194 4
77 195 6
77 197 7
77 198 7
77 201 5
77 202 4
77 203 4
77 204 9
77 209 5
77 210 9
77 213 9
77 214 7
77 217 4
77 220 10
77 221 9
77 225 9
77 227 4
77 228 5
77 230 9
77 232 10
77 233 3
77 235 2
77 237 8
77 238 4
77 239 10
77 243 9
77 246 1
77 249 4
77 250 7
77 251 9
77 253 10
77 257 4
77 258 3
77 259 6
77 267 9
77 268 2
77 271 7
77 273 1
77 274 6
77 275 5
77 277 9
77 278 6
77 285 9
77 288 4
77 290 9
77 291 1
77 292 9
77 293 8
77 294 6
77 296 8
77 299 2
77 301 4
77 302 3
77 303 10
77 304 6
77 305 7
77 308 2
77 311 8
77 312 4
77 316 2
77 318 5
77 322 7
77 324 9
77 326 6
77 330 3
77 332 8
77 334 1
77 336 5
77 338 5
77 339 10
77 340 2
77 341 5
77 342 5
77 345 1
77 348 8
77 349 7
77 350 1
77 352 4
77 354 5
77 355 3
77 356 10
77 358 6
77 360 4
77 362 8
77 364 6
77 367 6
77 372 1
77 373 2
77 374 10
77 375 2
77 380 2
77 382 2
77 385 1
77 386 6
77 387 10
77 391 7
77 399 8
77 404 2
77 407 10
77 412 4
77 413 4
77 414 9
77 416 9
77 418 4
77 421 4
77 423 9
77 424 3
77 426 3
77 427 8
77 429 2
77 430 10
77 431 1
77 432 2
77 433 8
77 435 6
77 441 7
77 442 10
77 444 9
77 445 5
77 447 8
77 449 7
77 452 1
77 453 7
77 456 2
77 458 7
77 459 10
77 462 8
77 463 3
77 464 1
77 465 2
77 466 4
77 470 4
77 471 10
77 472 9
77 474 10
77 475 8
77 477 2
77 478 3
77 480 9
77 483 5
77 484 4
77 486 2
77 489 3
77 491 2
77 492 3
77 493 4
77 496 9
77 497 8
77 498 8
78 82 1
78 83 5
78 85 9
78 86 3
78 87 7
78 89 10
78 93 10
78 95 2
78 96 9
78 97 3
78 101 9
78 103 6
78 105 4
78 107 5
78 108 8
78 109 6
78 110 7
78 111 7
78 117 2
78 118 3
78 119 2
78 120 8
78 121 4
78 122 2
78 123 8
78 127 8
78 129 9
78 131 1
78 132 3
78 133 6
78 135 3
78 136 4
78 137 9
78 143 3
78 144 6
78 149 2
78 150 5
78 151 8
78 153 7
78 154 8
78 155 7
78 156 5
78 161 4
78 163 3
78 165 6
78 166 7
78 167 8
78 169 6
78 170 2
78 172 10
78 175 8
78 176 9
78 178 5
78 179 10
78 180 6
78 181 5
78 183 5
78 185 6
78 186 4
78 190 5
78 192 5
78 194 3
78 196 7
78 200 2
78 201 4
78 203 7
78 205 6
78 207 3
78 212 9
78 220 9
78 221 8
78 222 10
78 223 9
78 226 2
78 227 4
78 229 7
78 233 5
78 236 1
78 237 2
78 238 4
78 239 7
78 241 10
78 247 1
78 250 7
78 256 7
78 257 3
78 258 7
78 259 6
78 260 4
78 261 5
78 262 7
78 263 10
78 264 7
78 265 4
78 267 8
78 269 8
78 270 10
78 271 8
78 272 1
78 273 6
78 275 8
78 280 5
78 281 5
78 282 2
78 287 7
78 292 1
78 294 1
78 295 3
78 296 5
78 299 6
78 301 9
78 305 2
78 306 2
78 309 8
78 310 3
78 314 10
78 318 4
78 319 9
78 320 5
78 321 10
78 322 1
78 326 5
78 328 3
78 329 10
78 330 4
78 331 7
78 332 5
78 333 3
78 337 4
78 338 3
78 339 10
78 340 5
78 341 4
78 343 1
78 346 9
78 347 2
78 348 7
78 350 2
78 351 3
78 354 10
78 357 2
78 362 2
78 366 6
78 367 3
78 368 3
78 369 10
78 370 7
78 371 6
78 372 9
78 374 10
78 375 7
78 376 9
78 378 1
78 379 9
78 380 3
78 382 8
78 383 8
78 384 10
78 389 8
78 390 4
78 395 3
78 401 10
78 403 7
78 405 5
78 406 5
78 407 3
78 409 5
78 413 10
78 414 10
78 415 4
78 416 7
78 417 4
78 422 10
78 423 1
78 426 7
78 434 9
78 435 1
78 437 3
78 439 2
78 440 4
78 442 9
78 444 4
78 447 2
78 448 9
78 450 3
78 453 8
78 458 1
78 461 7
78 462 3
78 465 4
78 466 1
78 467 4
78 469 9
78 471 5
78 472 6
78 473 7
78 474 9
78 475 1
78 476 2
78 479 9
78 480 3
78 482 2
78 483 10
78 485 2
78 486 1
78 489 4
78 491 2
78 494 1
78 498 1
78 499 2
79 84 10
79 87 6
79 88 5
79 94 3
79 95 1
79 96 8
79 98 3
79 100 3
79 101 6
79 105 2
79 107 9
79 115 1
79 118 8
79 119 3
79 122 10
79 127 6
79 129 7
79 130 1
79 131 5
79 134 10
79 136 4
79 137 8
79 139 10
79 143 5
79 145 2
79 156 6
79 159 10
79 160 1
79 162 8
79 166 7
79 167 1
79 168 7
79 169 3
79 170 2
79 171 4
79 174 7
79 176 8
79 180 9
79 182 5
79 183 10
79 186 8
79 187 4
79 188 7
79 189 3
79 192 10
79 196 5
79 198 10
79 199 1
79 203 6
79 204 5
79 206 9
79 207 4
79 208 5
79 209 3
79 211 3
79 213 6
79 215 7
79 218 10
79 219 6
79 222 2
79 226 6
79 227 7
79 229 7
79 233 1
79 234 8
79 235 8
79 238 4
79 241 8
79 245 8
79 246 2
79 247 7
79 251 8
79 253 3
79 257 6
79 259 1
79 261 9
79 262 4
79 264 4
79 266 4
79 267 7
79 269 1
79 272 3
79 273 6
79 274 7
79 278 7
79 279 6
79 280 3
79 285 5
79 288 6
79 289 9
79 290 3
79 292 3
79 295 9
79 296 7
79 297 4
79 300 6
79 301 4
79 303 7
79 305 3
79 307 3
79 308 8
79 309 5
79 310 5
79 312 5
79 313 5
79 316 4
79 318 5
79 319 1
79 321 8
79 322 2
79 325 8
79 327 7
79 328 9
79 334 5
79 335 7
79 337 3
79 338 5
79 342 6
79 349 9
79 350 1
79 357 4
79 358 2
79 359 10
79 360 3
79 364 7
79 368 7
79 371 3
79 373 7
79 375 7
79 376 6
79 377 6
79 378 1
79 381 10
79 382 6
79 384 4
79 386 10
79 387 1
79 388 1
79 391 1
79 392 10
79 393 3
79 398 4
79 400 1
79 402 8
79 403 1
79 404 1
79 405 7
79 407 4
79 409 2
79 410 5
79 411 9
79 414 5
79 415 5
79 416 1
79 418 9
79 419 5
79 424 8
79 427 4
79 428 6
79 431 3
79 432 9
79 434 9
79 437 8
79 439 9
79 442 7
79 443 9
79 445 5
79 446 2
79 447 7
79 449 2
79 450 2
79 455 7
79 458 8
79 459 6
79 460 2
79 462 2
79 463 7
79 467 2
79 468 4
79 469 2
79 473 3
79 476 1
79 477 10
79 478 5
79 479 7
79 483 9
79 484 4
79 485 9
79 487 6
79 488 8
79 490 4
79 492 8
79 494 10
79 495 9
79 499 6
80 84 6
80 85 2
80 87 9
80 88 9
80 89 4
80 90 7
80 92 6
80 93 4
80 94 6
80 95 1
80 96 2
80 98 5
80 100 2
80 101 3
80 103 5
80 104 9
80 107 7
80 108 7
80 109 9
80 111 5
80 113 9
80 114 4
80 117 2
80 118 1
80 120 9
80 121 4
80 123 7
80 124 8
80 125 1
80 126 5
80 128 1
80 129 1
80 130 2
80 133 7
80 135 9
80 136 4
80 137 8
80 141 10
80 144 4
80 146 6
80 148 3
80 149 9
80 150 7
80 151 4
80 152 5
80 154 2
80 155 10
80 156 3
80 157 8
80 158 7
80 160 6
80 166 4
80 167 10
80 171 3
80 174 6
80 177 10
80 178 6
80 179 2
80 181 2
80 182 8
80 184 4
80 185 2
80 188 2
80 190 7
80 191 3
80 194 2
80 195 8
80 197 2
80 199 1
80 201 6
80 202 4
80 203 1
80 206 2
80 208 3
80 214 3
80 215 4
80 222 4
80 223 10
80 229 10
80 231 7
80 233 4
80 234 8
80 237 8
80 238 9
80 239 3
80 240 6
80 241 10
80 243 10
80 250 10
80 253 5
80 254 2
80 255 6
80 262 6
80 263 6
80 264 5
80 265 2
80 267 2
80 268 10
80 270 4
80 271 8
80 272 6
80 276 5
80 277 2
80 278 3
80 279 1
80 284 3
80 285 5
80 295 4
80 296 2
80 301 8
80 303 8
80 305 1
80 309 4
80 310 10
80 312 3
80 313 3
80 314 7
80 315 4
80 317 7
80 318 3
80 319 1
80 320 7
80 321 5
80 322 7
80 323 2
80 324 4
80 326 7
80 329 6
80 333 2
80 336 3
80 337 4
80 338 10
80 339 7
80 340 9
80 347 5
80 352 7
80 355 4
80 356 5
80 357 6
80 358 10
80 359 9
80 360 6
80 362 6
80 363 1
80 366 7
80 367 4
80 370 9
80 372 1
80 376 3
80 378 6
80 379 10
80 380 2
80 381 3
80 387 8
80 389 1
80 390 9
80 391 4
80 392 6
80 393 9
80 394 3
80 395 10
80 396 7
80 397 9
80 399 6
80 401 2
80 402 4
80 403 1
80 407 9
80 408 9
80 409 5
80 410 6
80 412 8
80 414 3
80 415 9
80 416 8
80 417 7
80 418 5
80 419 3
80 420 3
80 422 10
80 424 10
80 425 9
80 427 9
80 428 10
80 431 2
80 433 10
80 438 2
80 440 1
80 441 1
80 442 2
80 443 6
80 449 10
80 451 2
80 452 5
80 453 3
80 454 9
80 455 6
80 456 4
80 459 3
80 460 7
80 462 1
80 463 2
80 465 4
80 467 8
80 468 5
80 473 5
80 474 2
80 478 5
80 479 10
80 482 5
80 489 2
80 490 2
80 491 2
80 492 2
80 494 2
80 496 9
80 499 9
81 82 5
81 83 4
81 90 7
81 92 5
81 94 8
81 98 7
81 99 2
81 100 7
81 101 3
81 102 1
81 104 7
81 105 8
81 106 5
81 107 6
81 108 7
81 109 9
81 110 5
81 112 1
81 114 8
81 117 8
81 118 9
81 121 2
81 122 8
81 123 5
81 124 6
81 128 4
81 131 3
81 132 8
81 133 9
81 135 1
81 136 9
81 137 7
81 139 6
81 142 5
81 144 2
81 146 4
81 147 10
81 148 5
81 149 6
81 157 3
81 159 10
81 163 10
81 164 10
81 166 10
81 167 8
81 169 10
81 170 5
81 171 10
81 172 10
81 174 3
81 175 2
81 176 4
81 177 10
81 178 3
81 182 5
81 184 3
81 186 1
81 187 8
81 189 9
81 191 7
81 192 10
81 193 7
81 194 10
81 195 7
81 196 2
81 197 4
81 198 6
81 200 10
81 201 3
81 202 7
81 206 10
81 207 8
81 208 4
81 210 6
81 211 4
81 213 8
81 214 1
81 215 9
81 216 7
81 217 3
81 221 10
81 225 10
81 226 4
81 227 4
81 228 7
81 229 4
81 231 2
81 233 9
81 236 7
81 237 4
81 238 7
81 239 3
81 240 6
81 241 8
81 242 7
81 244 2
81 245 4
81 247 8
81 250 5
81 252 7
81 253 4
81 256 10
81 257 6
81 260 1
81 262 8
81 263 1
81 264 8
81 265 5
81 267 9
81 271 5
81 272 3
81 275 5
81 277 2
81 281 2
81 282 8
81 283 4
81 284 6
81 287 7
81 288 4
81 289 8
81 290 1
81 291 3
81 292 7
81 293 7
81 295 5
81 296 8
81 301 9
81 302 4
81 303 9
81 304 9
81 306 7
81 307 10
81 311 1
81 316 5
81 317 10
81 318 1
81 319 6
81 324 5
81 325 8
81 326 4
81 327 8
81 328 5
81 330 8
81 331 9
81 332 3
81 335 4
81 336 3
81 337 5
81 338 9
81 340 7
81 342 8
81 343 6
81 345 7
81 347 10
81 350 7
81 353 2
81 355 6
81 359 4
81 361 6
81 362 3
81 363 8
81 364 6
81 368 3
81 370 8
81 373 6
81 377 4
81 380 3
81 381 10
81 383 5
81 389 8
81 390 3
81 392 1
81 393 5
81 396 10
81 397 5
81 398 3
81 399 2
81 403 7
81 404 9
81 407 8
81 408 3
81 409 8
81 410 9
81 411 6
81 413 4
81 414 5
81 417 10
81 421 6
81 422 7
81 423 10
81 427 4
81 429 8
81 430 9
81 431 9
81 434 10
81 435 1
81 436 4
81 442 4
81 444 10
81 447 7
81 448 5
81 450 9
81 451 8
81 452 1
81 455 7
81 458 2
81 459 7
81 462 4
81 463 4
81 467 10
81 471 1
81 472 4
81 477 9
81 478 8
81 479 2
81 480 2
81 482 4
81 483 4
81 484 4
81 487 9
81 488 1
81 489 10
81 493 7
81 494 2
81 495 6
81 496 1
81 497 1
81 499 5
82 84 5
82 85 8
82 87 4
82 90 3
82 92 10
82 95 4
82 96 8
82 98 7
82 99 7
82 100 4
82 101 2
82 103 5
82 104 5
82 105 1
82 106 1
82 107 10
82 110 1
82 112 10
82 113 3
82 114 5
82 117 4
82 118 9
82 120 3
82 123 2
82 126 3
82 127 2
82 130 7
82 131 9
82 132 4
82 133 3
82 134 1
82 135 2
82 136 8
82 138 10
82 139 4
82 143 8
82 144 5
82 145 9
82 146 10
82 147 5
82 148 8
82 151 7
82 152 1
82 153 5
82 154 1
82 155 5
82 156 7
82 157 3
82 158 3
82 159 10
82 160 3
82 161 1
82 165 8
82 168 9
82 170 5
82 171 6
82 178 5
82 181 2
82 183 3
82 185 5
82 186 3
82 188 6
82 189 4
82 191 8
82 192 1
82 193 2
82 194 6
82 195 5
82 198 9
82 200 3
82 203 8
82 205 3
82 206 2
82 208 8
82 212 1
82 214 9
82 215 2
82 216 4
82 218 5
82 219 8
82 221 7
82 222 5
82 223 7
82 225 6
82 226 7
82 227 8
82 228 2
82 229 2
82 230 4
82 234 5
82 235 5
82 236 3
82 237 7
82 239 2
82 241 1
82 242 2
82 248 4
82 249 7
82 250 2
82 251 2
82 253 5
82 255 5
82 256 5
82 257 4
82 259 9
82 261 10
82 266 1
82 268 6
82 269 10
82 270 1
82 271 7
82 272 10
82 274 2
82 275 3
82 280 9
82 281 2
82 282 8
82 284 3
82 285 9
82 289 9
82 291 10
82 292 7
82 293 9
82 295 5
82 296 4
82 298 3
82 299 10
82 300 2
82 302 7
82 305 3
82 307 2
82 308 7
82 309 7
82 311 8
82 313 4
82 316 7
82 317 4
82 324 4
82 325 1
82 332 9
82 334 1
82 337 9
82 338 6
82 339 5
82 344 2
82 346 8
82 347 1
82 348 2
82 352 8
82 353 4
82 355 6
82 358 8
82 360 1
82 361 8
82 364 1
82 366 8
82 369 10
82 370 3
82 372 3
82 373 9
82 374 6
82 376 7
82 379 6
82 381 9
82 384 8
82 385 8
82 387 5
82 388 2
82 389 9
82 391 7
82 393 1
82 394 8
82 398 1
82 399 8
82 401 10
82 402 10
82 403 7
82 409 8
82 418 8
82 420 2
82 421 1
82 424 4
82 428 7
82 430 10
82 431 4
82 432 3
82 433 3
82 434 9
82 435 7
82 436 9
82 440 7
82 442 3
82 443 10
82 447 3
82 448 1
82 450 4
82 452 1
82 453 3
82 455 9
82 456 1
82 457 4
82 459 5
82 462 2
82 463 1
82 464 8
82 467 3
82 468 3
82 470 3
82 472 10
82 473 9
82 477 1
82 480 3
82 486 4
82 489 2
82 493 8
82 495 4
82 496 9
82 498 8
82 499 8
83 85 4
83 88 2
83 90 1
83 91 4
83 92 9
83 94 7
83 96 7
83 97 2
83 98 2
83 99 10
83 101 2
83 103 7
83 110 4
83 111 5
83 113 9
83 119 5
83 122 2
83 126 5
83 128 5
83 129 3
83 133 3
83 135 6
83 136 5
83 137 2
83 139 6
83 142 2
83 147 3
83 148 6
83 149 6
83 150 1
83 153 6
83 159 10
83 162 4
83 164 2
83 165 10
83 166 3
83 167 8
83 168 10
83 169 5
83 170 9
83 171 10
83 173 7
83 174 10
83 177 5
83 178 1
83 179 10
83 180 9
83 183 8
83 184 8
83 185 8
83 189 4
83 191 1
83 193 4
83 195 3
83 199 9
83 202 8
83 203 8
83 204 6
83 205 10
83 206 9
83 208 1
83 209 7
83 210 7
83 213 5
83 214 3
83 216 7
83 217 1
83 219 7
83 222 5
83 224 6
83 232 8
83 233 8
83 235 8
83 238 10
83 239 1
83 240 1
83 243 4
83 245 4
83 247 4
83 248 7
83 253 10
83 256 10
83 257 3
83 258 2
83 259 6
83 260 1
83 262 8
83 263 5
83 266 6
83 267 8
83 269 10
83 275 6
83 277 10
83 279 9
83 281 3
83 286 8
83 287 2
83 292 4
83 294 1
83 304 7
83 305 7
83 306 1
83 313 9
83 314 6
83 315 9
83 317 10
83 325 4
83 327 6
83 329 1
83 330 6
83 331 6
83 332 6
83 333 3
83 336 10
83 338 7
83 341 5
83 343 1
83 345 4
83 347 10
83 348 1
83 349 10
83 352 2
83 354 6
83 355 7
83 356 9
83 357 5
83 358 3
83 360 3
83 361 1
83 363 10
83 365 8
83 368 6
83 369 10
83 370 5
83 375 5
83 376 1
83 377 2
83 378 6
83 384 8
83 386 1
83 389 1
83 390 9
83 392 9
83 394 6
83 395 5
83 396 10
83 397 1
83 398 4
83 399 5
83 402 7
83 403 7
83 404 8
83 405 10
83 406 1
83 408 2
83 411 5
83 412 1
83 419 4
83 420 4
83 422 3
83 423 3
83 424 6
83 426 8
83 429 3
83 431 6
83 436 2
83 437 4
83 440 4
83 442 9
83 443 4
83 445 9
83 446 4
83 447 6
83 450 7
83 451 7
83 454 8
83 457 2
83 460 6
83 465 5
83 468 5
83 469 8
83 473 8
83 477 8
83 480 8
83 481 8
83 484 3
83 487 2
83 490 7
83 491 9
83 493 5
83 494 2
83 495 6
83 496 9
83 497 9
83 499 5
84 85 5
84 87 8
84 88 4
84 90 9
84 92 4
84 93 10
84 98 7
84 100 7
84 103 6
84 104 3
84 106 8
84 108 1
84 110 2
84 112 10
84 113 1
84 116 9
84 122 3
84 123 6
84 124 8
84 125 5
84 126 7
84 130 7
84 131 4
84 132 3
84 135 9
84 140 1
84 142 9
84 143 3
84 148 5
84 150 7
84 151 2
84 153 1
84 155 6
84 157 2
84 158 8
84 159 7
84 161 8
84 165 5
84 169 5
84 171 2
84 177 2
84 179 9
84 183 3
84 187 8
84 195 9
84 196 10
84 197 1
84 202 4
84 203 9
84 205 3
84 211 6
84 213 1
84 216 1
84 217 6
84 218 10
84 219 4
84 221 3
84 223 10
84 224 4
84 225 4
84 226 6
84 229 7
84 231 2
84 232 4
84 236 2
84 237 5
84 238 6
84 239 6
84 240 8
84 241 7
84 242 9
84 243 3
84 245 6
84 246 3
84 248 5
84 249 8
84 250 8
84 252 10
84 254 1
84 255 6
84 257 3
84 258 6
84 263 7
84 264 8
84 266 6
84 267 6
84 269 5
84 271 5
84 273 3
84 275 1
84 276 1
84 277 5
84 283 3
84 286 1
84 287 1
84 288 1
84 296 3
84 297 10
84 298 1
84 300 10
84 305 2
84 306 7
84 310 3
84 311 5
84 313 6
84 314 5
84 315 1
84 316 7
84 319 3
84 320 5
84 324 3
84 325 10
84 330 3
84 331 2
84 333 8
84 334 2
84 335 8
84 337 7
84 340 9
84 344 4
84 348 1
84 355 1
84 356 9
84 358 8
84 359 9
84 360 6
84 361 10
84 363 9
84 365 2
84 366 4
84 367 9
84 373 8
84 374 10
84 376 4
84 377 3
84 378 6
84 380 5
84 381 5
84 382 3
84 383 7
84 385 5
84 386 7
84 387 2
84 390 9
84 392 9
84 394 7
84 395 9
84 397 9
84 399 3
84 400 7
84 401 10
84 403 8
84 406 8
84 407 7
84 408 5
84 409 1
84 410 3
84 413 10
84 414 2
84 415 8
84 416 4
84 418 6
84 420 7
84 422 4
84 424 10
84 428 2
84 434 9
84 435 5
84 437 2
84 439 5
84 442 1
84 444 2
84 445 3
84 446 5
84 450 1
84 454 7
84 456 1
84 457 10
84 458 5
84 459 6
84 461 7
84 462 6
84 463 8
84 467 1
84 468 10
84 472 1
84 475 5
84 478 7
84 479 8
84 480 5
84 481 6
84 482 6
84 483 2
84 489 7
84 491 10
84 492 3
84 496 1
85 87 4
85 89 5
85 92 9
85 93 7
85 94 9
85 96 6
85 97 10
85 100 2
85 104 10
85 105 9
85 107 8
85 111 8
85 113 1
85 114 8
85 117 9
85 118 9
85 120 2
85 121 1
85 122 1
85 124 4
85 126 4
85 127 3
85 128 8
85 131 6
85 132 10
85 133 4
85 134 2
85 137 2
85 138 1
85 140 9
85 141 2
85 142 2
85 144 4
85 148 5
85 150 6
85 155 7
85 156 6
85 159 8
85 160 9
85 161 5
85 164 2
85 165 9
85 167 4
85 170 4
85 172 1
85 175 2
85 176 7
85 177 2
85 179 4
85 182 4
85 185 9
85 186 8
85 187 1
85 188 3
85 189 6
85 191 6
85 192 8
85 194 4
85 196 1
85 199 1
85 200 4
85 201 10
85 202 10
85 205 4
85 206 7
85 208 8
85 209 1
85 211 5
85 212 5
85 215 5
85 218 5
85 220 7
85 221 3
85 224 9
85 225 8
85 226 7
85 227 10
85 228 3
85 229 1
85 230 3
85 231 10
85 234 1
85 238 10
85 240 10
85 251 8
85 253 2
85 256 6
85 257 4
85 258 4
85 259 7
85 261 6
85 262 8
85 264 8
85 265 2
85 266 2
85 270 4
85 271 6
85 272 1
85 278 1
85 279 6
85 282 2
85 283 10
85 285 4
85 287 6
85 291 8
85 293 10
85 294 5
85 296 4
85 297 1
85 301 2
85 303 1
85 307 7
85 308 5
85 316 4
85 317 1
85 321 8
85 322 1
85 323 10
85 324 4
85 325 6
85 326 3
85 331 2
85 337 8
85 338 1
85 340 7
85 342 4
85 348 6
85 351 5
85 352 9
85 354 10
85 355 5
85 357 1
85 359 8
85 361 6
85 362 7
85 363 1
85 364 1
85 366 9
85 368 2
85 369 1
85 371 8
85 373 2
85 377 8
85 380 7
85 381 5
85 382 5
85 383 6
85 387 7
85 388 4
85 389 9
85 393 6
85 394 8
85 395 4
85 396 8
85 399 2
85 400 6
85 401 8
85 402 5
85 403 4
85 404 6
85 405 1
85 406 8
85 407 8
85 411 10
85 413 8
85 419 6
85 420 7
85 423 1
85 424 6
85 427 5
85 429 4
85 430 10
85 432 4
85 433 10
85 436 6
85 438 3
85 440 9
85 445 5
85 448 9
85 450 3
85 451 3
85 454 5
85 455 4
85 456 6
85 457 2
85 458 10
85 459 6
85 460 5
85 462 10
85 463 3
85 465 2
85 466 5
85 472 1
85 473 2
85 474 9
85 475 9
85 477 10
85 479 9
85 480 6
85 482 2
85 485 10
85 488 9
85 489 1
85 491 5
85 492 6
85 493 1
85 497 7
85 498 3
86 87 9
86 88 7
86 89 7
86 92 3
86 93 5
86 94 6
86 96 3
86 97 8
86 100 9
86 102 7
86 104 6
86 107 9
86 108 6
86 109 5
86 111 6
86 115 8
86 116 7
86 117 7
86 118 1
86 119 9
86 120 7
86 121 6
86 122 3
86 126 6
86 128 1
86 130 4
86 135 6
86 136 6
86 139 6
86 143 9
86 144 8
86 146 8
86 147 4
86 149 7
86 150 2
86 157 3
86 160 3
86 162 4
86 163 5
86 165 6
86 166 10
86 172 10
86 174 10
86 175 10
86 177 7
86 178 10
86 180 8
86 182 4
86 184 5
86 185 3
86 186 2
86 188 8
86 192 2
86 193 10
86 194 10
86 195 6
86 196 3
86 198 3
86 202 3
86 206 4
86 211 3
86 212 3
86 216 3
86 218 8
86 219 7
86 220 5
86 221 9
86 224 3
86 225 4
86 227 3
86 228 4
86 231 8
86 233 10
86 234 10
86 235 5
86 238 10
86 242 2
86 244 10
86 245 1
86 246 4
86 249 1
86 250 10
86 252 4
86 254 3
86 256 10
86 258 3
86 260 6
86 261 9
86 265 4
86 266 7
86 267 6
86 270 7
86 271 3
86 272 7
86 274 2
86 275 3
86 277 8
86 279 1
86 280 4
86 281 1
86 282 5
86 283 9
86 287 10
86 290 5
86 291 10
86 292 1
86 293 5
86 294 3
86 296 1
86 299 4
86 300 8
86 303 6
86 304 3
86 306 2
86 307 6
86 310 7
86 311 3
86 312 10
86 314 8
86 315 6
86 316 4
86 317 7
86 318 7
86 320 8
86 322 6
86 324 3
86 325 4
86 327 8
86 328 9
86 329 3
86 330 5
86 334 3
86 335 6
86 337 2
86 339 7
86 343 4
86 344 5
86 345 1
86 346 2
86 349 9
86 350 4
86 355 7
86 356 9
86 358 8
86 359 10
86 360 6
86 361 8
86 363 2
86 364 8
86 365 6
86 368 2
86 369 8
86 373 10
86 375 1
86 376 3
86 379 6
86 382 10
86 383 1
86 384 2
86 386 3
86 387 8
86 393 2
86 396 2
86 398 6
86 405 4
86 407 10
86 408 9
86 410 4
86 412 9
86 414 5
86 415 2
86 418 9
86 422 4
86 424 2
86 426 8
86 428 8
86 429 4
86 433 6
86 434 6
86 436 4
86 438 6
86 442 9
86 443 5
86 444 10
86 445 1
86 446 3
86 448 3
86 450 2
86 454 4
86 459 9
86 462 1
86 463 7
86 465 10
86 466 10
86 467 4
86 468 6
86 469 9
86 474 10
86 475 7
86 477 2
86 479 3
86 480 10
86 482 2
86 484 10
86 486 6
86 487 4
86 489 9
86 490 7
86 492 8
86 494 6
86 495 7
86 496 2
86 498 8
87 88 1
87 90 2
87 92 10
87 93 3
87 94 7
87 96 4
87 97 9
87 99 1
87 104 1
87 106 10
87 107 2
87 110 7
87 111 7
87 114 7
87 115 10
87 118 4
87 119 6
87 120 9
87 121 6
87 123 8
87 126 7
87 130 10
87 132 2
87 133 10
87 134 10
87 137 5
87 140 3
87 141 2
87 144 8
87 145 2
87 146 2
87 148 1
87 150 6
87 152 7
87 153 9
87 155 3
87 157 2
87 161 8
87 162 3
87 163 6
87 166 2
87 167 2
87 168 8
87 169 9
87 172 5
87 174 10
87 175 9
87 176 2
87 177 9
87 179 2
87 181 6
87 182 7
87 186 9
87 187 2
87 189 6
87 190 2
87 192 2
87 198 5
87 199 4
87 200 2
87 201 9
87 202 8
87 206 5
87 207 3
87 208 1
87 210 4
87 212 5
87 213 6
87 214 6
87 218 4
87 221 1
87 222 6
87 228 3
87 230 5
87 232 3
87 233 10
87 237 1
87 239 8
87 242 10
87 243 10
87 246 10
87 247 8
87 249 8
87 252 1
87 254 10
87 259 8
87 260 5
87 261 9
87 263 5
87 267 4
87 271 6
87 272 5
87 273 1
87 277 4
87 279 8
87 283 7
87 285 10
87 293 5
87 294 1
87 295 9
87 296 4
87 297 10
87 302 6
87 304 1
87 308 10
87 310 3
87 317 8
87 321 8
87 324 8
87 325 7
87 326 2
87 328 6
87 329 5
87 332 1
87 334 9
87 335 2
87 336 1
87 337 6
87 339 7
87 341 3
87 343 1
87 345 1
87 346 4
87 351 1
87 355 1
87 360 5
87 363 10
87 366 2
87 367 6
87 369 9
87 372 1
87 373 8
87 377 6
87 379 8
87 381 1
87 383 3
87 385 1
87 386 6
87 395 8
87 396 6
87 397 6
87 398 8
87 399 10
87 401 6
87 402 3
87 403 6
87 405 7
87 406 7
87 410 9
87 411 7
87 412 7
87 413 2
87 415 9
87 416 3
87 418 7
87 419 3
87 420 6
87 421 8
87 424 2
87 425 7
87 428 7
87 430 3
87 437 7
87 440 2
87 442 6
87 443 1
87 445 3
87 447 4
87 448 8
87 452 9
87 453 2
87 456 5
87 457 10
87 458 9
87 459 3
87 461 3
87 462 2
87 464 3
87 466 9
87 467 10
87 468 6
87 469 8
87 470 2
87 474 3
87 475 3
87 476 6
87 479 2
87 480 1
87 482 9
87 483 8
87 484 1
87 488 1
87 491 7
87 493 8
87 496 7
88 89 10
88 90 10
88 91 6
88 92 8
88 94 9
88 97 10
88 98 2
88 101 9
88 105 9
88 107 3
88 110 3
88 111 10
88 115 1
88 116 4
88 117 2
88 119 6
88 120 10
88 121 8
88 124 1
88 127 8
88 128 4
88 130 10
88 136 6
88 137 9
88 138 6
88 141 7
88 143 1
88 144 1
88 146 6
88 147 6
88 149 10
88 150 2
88 153 4
88 154 4
88 157 2
88 159 2
88 160 5
88 161 4
88 162 4
88 163 10
88 164 2
88 166 2
88 167 8
88 169 8
88 170 8
88 174 3
88 176 4
88 179 10
88 181 5
88 184 4
88 187 1
88 194 10
88 195 5
88 197 9
88 199 3
88 200 10
88 201 9
88 202 2
88 204 4
88 205 2
88 207 7
88 209 4
88 212 1
88 213 7
88 215 10
88 217 9
88 222 4
88 224 9
88 225 9
88 226 2
88 227 10
88 230 6
88 231 1
88 233 7
88 238 9
88 239 2
88 246 8
88 247 2
88 249 7
88 250 5
88 253 7
88 254 9
88 256 8
88 257 3
88 259 3
88 261 2
88 262 6
88 263 3
88 265 10
88 266 2
88 270 2
88 272 3
88 274 9
88 276 4
88 277 6
88 279 8
88 280 4
88 281 6
88 282 2
88 285 2
88 288 6
88 289 9
88 291 6
88 293 6
88 294 3
88 297 2
88 298 3
88 301 6
88 303 9
88 304 7
88 305 9
88 306 4
88 310 3
88 312 10
88 314 8
88 315 6
88 316 4
88 317 3
88 318 8
88 319 7
88 320 7
88 324 3
88 327 1
88 329 5
88 333 4
88 340 2
88 341 6
88 344 1
88 346 10
88 347 8
88 348 5
88 349 1
88 350 6
88 351 1
88 353 7
88 359 5
88 360 6
88 361 1
88 362 7
88 363 10
88 367 2
88 368 4
88 369 6
88 371 1
88 373 10
88 374 9
88 375 7
88 379 9
88 380 9
88 381 1
88 382 4
88 385 4
88 386 4
88 389 8
88 394 6
88 395 10
88 396 7
88 398 8
88 402 7
88 404 10
88 405 6
88 408 1
88 410 2
88 411 6
88 412 5
88 413 5
88 415 10
88 418 3
88 419 2
88 420 6
88 421 10
88 422 1
88 426 4
88 427 1
88 428 7
88 429 2
88 432 5
88 436 5
88 438 1
88 439 9
88 440 3
88 442 8
88 445 2
88 446 6
88 449 7
88 450 8
88 451 2
88 455 5
88 456 2
88 457 5
88 458 8
88 459 7
88 460 1
88 461 6
88 465 5
88 466 5
88 469 5
88 470 6
88 471 9
88 481 4
88 482 2
88 483 6
88 485 5
88 486 9
88 488 10
88 491 2
88 493 5
88 494 4
88 498 1
89 90 1
89 92 6
89 95 9
89 98 3
89 99 1
89 100 6
89 103 10
89 106 10
89 108 10
89 109 1
89 111 10
89 112 10
89 116 10
89 118 9
89 120 3
89 121 10
89 122 5
89 124 1
89 127 1
89 128 5
89 132 9
89 133 1
89 135 9
89 137 9
89 138 8
89 139 7
89 141 1
89 142 4
89 144 6
89 146 1
89 149 8
89 150 7
89 152 4
89 153 5
89 154 8
89 156 8
89 157 7
89 159 1
89 160 5
89 162 5
89 163 1
89 166 8
89 167 9
89 168 6
89 169 6
89 172 9
89 174 8
89 175 10
89 176 9
89 178 7
89 179 5
89 181 8
89 184 1
89 190 1
89 191 5
89 193 5
89 195 1
89 198 8
89 199 3
89 200 5
89 201 3
89 202 6
89 204 7
89 208 2
89 210 7
89 213 7
89 215 8
89 216 3
89 217 1
89 218 9
89 219 10
89 221 3
89 224 7
89 225 8
89 226 5
89 228 9
89 229 5
89 231 7
89 232 9
89 234 10
89 235 8
89 236 7
89 241 4
89 243 7
89 244 2
89 246 6
89 248 1
89 249 3
89 250 6
89 251 7
89 253 7
89 256 6
89 257 4
89 258 3
89 259 8
89 260 8
89 263 7
89 265 10
89 266 9
89 267 10
89 268 8
89 269 3
89 270 5
89 273 8
89 274 1
89 277 5
89 278 6
89 282 7
89 286 9
89 289 5
89 293 3
89 294 6
89 295 1
89 296 2
89 297 3
89 301 1
89 302 7
89 306 8
89 308 4
89 311 1
89 313 3
89 316 8
89 317 4
89 318 6
89 319 9
89 320 8
89 327 5
89 334 7
89 335 9
89 336 5
89 340 5
89 341 2
89 342 5
89 344 3
89 345 3
89 346 9
89 347 4
89 348 5
89 353 3
89 357 3
89 358 9
89 359 1
89 361 8
89 364 1
89 369 6
89 370 3
89 372 7
89 374 7
89 375 4
89 376 6
89 377 6
89 378 7
89 379 8
89 384 4
89 385 1
89 387 1
89 388 10
89 389 7
89 390 1
89 392 5
89 393 7
89 394 9
89 395 4
89 396 8
89 397 2
89 398 10
89 399 9
89 401 3
89 403 7
89 405 10
89 406 3
89 407 4
89 408 6
89 410 1
89 411 4
89 412 3
89 414 8
89 415 2
89 418 7
89 422 9
89 424 8
89 429 4
89 433 5
89 437 1
89 438 10
89 442 2
89 443 2
89 444 7
89 446 2
89 447 7
89 449 7
89 450 1
89 454 3
89 459 4
89 463 6
89 464 9
89 465 8
89 469 3
89 470 8
89 471 3
89 472 9
89 474 6
89 477 5
89 478 5
89 479 7
89 480 2
89 484 6
89 486 9
89 488 9
89 493 1
89 499 8
90 91 4
90 92 7
90 93 6
90 94 2
90 96 7
90 97 5
90 100 8
90 103 7
90 104 2
90 105 10
90 107 7
90 109 2
90 110 5
90 111 1
90 112 7
90 113 1
90 114 9
90 117 10
90 119 7
90 121 4
90 125 3
90 126 6
90 129 3
90 131 7
90 132 3
90 136 6
90 137 5
90 140 6
90 141 1
90 142 7
90 144 7
90 146 6
90 149 4
90 150 10
90 153 5
90 155 5
90 156 1
90 161 10
90 163 6
90 164 10
90 165 5
90 168 5
90 171 2
90 173 5
90 175 2
90 180 5
90 181 6
90 183 2
90 184 6
90 186 1
90 188 6
90 189 6
90 190 7
90 191 3
90 192 1
90 194 4
90 195 8
90 196 7
90 201 10
90 202 1
90 203 6
90 205 7
90 207 1
90 208 9
90 209 2
90 214 10
90 215 8
90 219 1
90 220 5
90 223 6
90 224 4
90 225 2
90 228 5
90 229 8
90 231 10
90 235 2
90 237 6
90 238 4
90 240 6
90 243 8
90 245 5
90 247 6
90 255 7
90 258 10
90 260 10
90 261 1
90 262 9
90 264 10
90 267 5
90 270 10
90 274 6
90 278 8
90 280 1
90 281 6
90 283 5
90 287 6
90 288 9
90 289 6
90 290 4
90 291 5
90 294 9
90 296 4
90 298 5
90 299 2
90 303 10
90 304 9
90 308 2
90 311 4
90 314 8
90 315 7
90 316 3
90 317 2
90 318 2
90 320 7
90 321 4
90 323 5
90 325 10
90 326 6
90 327 8
90 329 6
90 330 3
90 334 5
90 335 6
90 336 7
90 338 10
90 340 5
90 342 1
90 344 9
90 346 2
90 348 10
90 350 10
90 352 2
90 354 9
90 355 8
90 357 5
90 358 10
90 359 9
90 361 10
90 365 9
90 367 6
90 368 6
90 371 6
90 373 8
90 374 8
90 378 8
90 381 2
90 383 2
90 385 9
90 386 5
90 387 8
90 389 6
90 390 6
90 392 6
90 393 1
90 394 5
90 397 3
90 400 7
90 402 10
90 403 6
90 404 1
90 408 5
90 409 6
90 412 8
90 413 10
90 415 4
90 416 4
90 420 8
90 421 8
90 422 3
90 425 4
90 426 5
90 427 2
90 428 4
90 429 9
90 433 2
90 435 9
90 436 4
90 439 6
90 440 9
90 442 3
90 443 9
90 444 9
90 445 3
90 446 3
90 450 9
90 451 1
90 452 6
90 453 10
90 458 9
90 459 6
90 462 10
90 465 10
90 466 9
90 467 2
90 468 5
90 469 5
90 471 7
90 472 6
90 473 9
90 474 2
90 480 3
90 481 4
90 482 6
90 483 5
90 484 3
90 486 5
90 487 5
90 488 10
90 489 4
90 493 8
90 494 2
90 495 1
90 497 5
91 92 6
91 94 9
91 96 7
91 97 10
91 102 7
91 103 5
91 107 5
91 108 10
91 109 8
91 110 5
91 111 2
91 112 9
91 113 8
91 114 8
91 115 2
91 116 1
91 118 6
91 119 10
91 120 9
91 121 5
91 123 8
91 124 9
91 125 2
91 126 7
91 128 4
91 130 10
91 131 4
91 132 10
91 135 9
91 139 3
91 140 1
91 141 4
91 146 2
91 149 2
91 150 2
91 152 5
91 153 1
91 155 6
91 156 8
91 157 4
91 160 9
91 161 7
91 162 9
91 168 7
91 169 8
91 171 7
91 173 2
91 174 4
91 176 5
91 177 5
91 178 1
91 182 7
91 186 5
91 187 7
91 195 7
91 196 3
91 198 6
91 202 10
91 203 10
91 205 6
91 211 6
91 217 10
91 219 2
91 220 3
91 222 2
91 224 8
91 229 4
91 230 7
91 231 1
91 234 7
91 236 8
91 239 2
91 242 10
91 243 2
91 245 9
91 247 7
91 248 5
91 249 2
91 250 4
91 251 5
91 252 8
91 253 3
91 256 4
91 257 6
91 259 5
91 261 3
91 262 1
91 264 2
91 265 10
91 266 5
91 269 4
91 271 9
91 278 6
91 281 5
91 283 9
91 284 8
91 285 4
91 287 10
91 288 2
91 290 7
91 293 7
91 296 2
91 297 2
91 299 2
91 301 9
91 303 4
91 304 10
91 310 3
91 311 5
91 312 4
91 313 9
91 314 3
91 315 4
91 317 9
91 318 4
91 319 6
91 320 2
91 321 3
91 324 5
91 325 5
91 326 2
91 327 10
91 331 3
91 332 1
91 333 4
91 334 5
91 337 6
91 338 7
91 341 7
91 346 2
91 347 10
91 349 10
91 350 5
91 353 5
91 357 4
91 362 9
91 367 7
91 370 5
91 371 3
91 372 8
91 376 9
91 377 2
91 378 9
91 379 8
91 381 7
91 383 4
91 385 4
91 387 3
91 390 3
91 391 8
91 392 10
91 393 7
91 395 10
91 396 6
91 397 5
91 398 4
91 399 2
91 400 10
91 402 1
91 403 6
91 405 6
91 406 10
91 407 6
91 408 8
91 409 10
91 418 8
91 419 2
91 420 9
91 422 6
91 423 2
91 424 10
91 425 7
91 426 3
91 428 2
91 429 9
91 430 3
91 431 4
91 435 8
91 437 1
91 439 9
91 440 5
91 444 6
91 447 9
91 448 1
91 449 8
91 452 5
91 453 10
91 459 1
91 461 6
91 463 5
91 464 5
91 465 9
91 466 8
91 468 2
91 470 9
91 478 10
91 479 6
91 480 2
91 481 7
91 483 9
91 486 9
91 487 7
91 488 5
91 489 8
91 491 9
91 493 4
91 496 9
91 498 6
92 93 2
92 97 3
92 99 4
92 100 9
92 101 7
92 113 3
92 115 7
92 116 9
92 119 1
92 125 2
92 127 6
92 131 3
92 135 5
92 138 10
92 139 5
92 140 6
92 142 6
92 143 7
92 146 5
92 147 6
92 150 10
92 151 7
92 153 7
92 154 9
92 158 2
92 161 5
92 163 9
92 164 5
92 165 9
92 167 5
92 168 6
92 169 8
92 170 3
92 173 7
92 178 5
92 179 8
92 181 1
92 184 10
92 185 6
92 189 3
92 191 7
92 192 8
92 193 6
92 194 1
92 198 7
92 199 3
92 202 2
92 206 9
92 207 7
92 212 2
92 213 9
92 214 6
92 215 2
92 218 10
92 220 3
92 221 7
92 223 3
92 224 9
92 226 7
92 229 3
92 230 10
92 231 1
92 238 7
92 241 8
92 242 1
92 243 4
92 245 8
92 247 3
92 248 9
92 252 6
92 258 2
92 259 1
92 262 8
92 263 7
92 266 1
92 270 10
92 271 9
92 272 8
92 275 9
92 276 1
92 277 2
92 280 8
92 281 1
92 284 5
92 285 8
92 286 1
92 291 10
92 293 9
92 294 9
92 295 6
92 297 7
92 299 2
92 301 8
92 302 3
92 303 4
92 307 4
92 308 4
92 309 3
92 310 4
92 311 8
92 315 8
92 316 9
92 318 2
92 319 4
92 320 3
92 323 10
92 325 3
92 326 2
92 327 1
92 329 1
92 330 9
92 331 2
92 332 1
92 336 1
92 340 9
92 341 8
92 343 8
92 345 10
92 346 5
92 347 4
92 349 4
92 351 7
92 352 1
92 356 10
92 359 4
92 360 7
92 363 3
92 364 7
92 365 4
92 367 9
92 369 5
92 370 6
92 371 6
92 372 9
92 374 5
92 375 5
92 377 5
92 378 6
92 381 3
92 382 6
92 383 8
92 384 1
92 385 9
92 388 8
92 392 5
92 393 5
92 394 4
92 395 9
92 396 10
92 397 1
92 398 5
92 400 4
92 401 1
92 403 4
92 404 1
92 408 4
92 411 3
92 414 1
92 415 9
92 417 6
92 429 2
92 430 8
92 431 5
92 432 5
92 433 7
92 434 8
92 435 2
92 436 5
92 437 9
92 439 6
92 442 9
92 443 10
92 445 6
92 446 4
92 447 3
92 448 7
92 453 9
92 454 9
92 456 8
92 457 3
92 459 6
92 461 1
92 462 7
92 465 7
92 467 2
92 468 4
92 469 1
92 470 4
92 471 7
92 473 2
92 480 3
92 483 6
92 485 6
92 488 4
92 490 2
92 491 4
92 492 7
92 494 4
92 495 7
92 496 3
92 497 10
92 498 6
92 499 10
93 94 10
93 104 5
93 105 5
93 107 3
93 109 8
93 110 1
93 111 5
93 112 10
93 113 10
93 114 2
93 116 9
93 119 4
93 120 1
93 121 8
93 124 8
93 126 1
93 127 2
93 129 2
93 130 1
93 131 8
93 132 10
93 138 6
93 140 4
93 141 5
93 143 5
93 149 10
93 150 2
93 153 7
93 155 7
93 156 4
93 158 5
93 165 6
93 166 6
93 168 9
93 169 6
93 170 1
93 172 1
93 173 4
93 177 8
93 180 5
93 183 6
93 184 2
93 190 2
93 191 9
93 194 2
93 196 9
93 197 7
93 200 1
93 203 1
93 204 4
93 206 5
93 207 5
93 209 8
93 210 8
93 211 4
93 212 9
93 215 10
93 219 7
93 220 4
93 222 10
93 224 4
93 225 8
93 227 2
93 228 7
93 229 9
93 230 6
93 231 8
93 232 8
93 234 2
93 238 3
93 242 10
93 243 4
93 244 6
93 246 2
93 247 7
93 248 6
93 250 5
93 251 8
93 253 10
93 255 5
93 257 9
93 261 3
93 262 1
93 263 4
93 264 10
93 265 4
93 266 6
93 268 8
93 270 3
93 271 1
93 272 10
93 274 10
93 276 4
93 279 10
93 281 7
93 282 4
93 283 3
93 284 8
93 286 2
93 288 1
93 290 1
93 292 2
93 294 8
93 296 2
93 297 8
93 299 3
93 300 3
93 301 6
93 302 5
93 303 5
93 304 2
93 306 8
93 307 6
93 308 4
93 310 2
93 311 1
93 312 10
93 313 7
93 317 6
93 318 1
93 322 5
93 323 3
93 324 3
93 325 9
93 326 3
93 327 5
93 328 9
93 330 3
93 331 1
93 332 10
93 333 2
93 336 7
93 337 4
93 339 4
93 340 3
93 343 1
93 344 3
93 347 8
93 350 5
93 354 1
93 355 2
93 356 5
93 357 3
93 358 2
93 359 3
93 360 7
93 363 8
93 365 7
93 368 1
93 369 7
93 371 5
93 373 1
93 374 3
93 379 10
93 381 2
93 382 1
93 386 4
93 388 5
93 390 3
93 391 10
93 392 8
93 399 2
93 401 7
93 402 10
93 403 2
93 406 6
93 409 7
93 412 9
93 414 3
93 415 7
93 416 1
93 419 10
93 421 10
93 422 4
93 425 5
93 428 8
93 429 8
93 433 1
93 436 10
93 438 5
93 440 8
93 441 3
93 442 4
93 443 5
93 445 10
93 448 1
93 451 9
93 454 10
93 460 6
93 461 10
93 463 6
93 466 4
93 472 3
93 473 10
93 475 10
93 476 5
93 478 6
93 479 7
93 480 9
93 482 6
93 484 1
93 486 3
93 487 2
93 488 8
93 492 2
93 494 10
93 497 4
93 498 4
94 96 7
94 104 10
94 105 10
94 108 7
94 109 8
94 110 2
94 115 10
94 118 3
94 119 7
94 122 10
94 123 10
94 124 2
94 126 6
94 128 3
94 129 6
94 132 2
94 133 7
94 136 1
94 140 4
94 141 5
94 142 2
94 143 5
94 145 4
94 146 6
94 147 8
94 149 5
94 154 10
94 158 4
94 163 3
94 164 5
94 166 10
94 169 4
94 170 1
94 172 3
94 174 10
94 175 6
94 177 2
94 182 1
94 184 8
94 186 4
94 188 2
94 189 5
94 192 7
94 195 10
94 196 6
94 197 7
94 198 6
94 199 7
94 200 7
94 201 6
94 206 8
94 207 5
94 209 7
94 213 9
94 215 1
94 216 5
94 217 9
94 223 7
94 225 8
94 226 5
94 230 5
94 231 3
94 233 2
94 236 9
94 238 2
94 239 4
94 240 3
94 242 8
94 243 2
94 244 2
94 245 5
94 246 1
94 248 3
94 251 4
94 253 6
94 254 1
94 255 4
94 258 1
94 259 3
94 260 2
94 261 1
94 262 1
94 264 7
94 265 7
94 266 3
94 268 5
94 272 2
94 273 4
94 274 8
94 275 3
94 277 6
94 278 10
94 280 8
94 281 2
94 282 5
94 284 9
94 285 6
94 286 4
94 287 8
94 288 5
94 289 6
94 291 9
94 294 6
94 296 1
94 300 1
94 302 3
94 303 7
94 305 2
94 307 4
94 308 5
94 312 5
94 314 9
94 316 5
94 317 1
94 318 5
94 320 7
94 322 1
94 323 8
94 324 8
94 325 2
94 328 1
94 329 1
94 332 10
94 333 3
94 338 2
94 339 4
94 343 9
94 344 1
94 345 8
94 348 6
94 349 10
94 350 5
94 353 4
94 354 8
94 359 2
94 360 7
94 362 8
94 363 9
94 364 4
94 366 6
94 367 2
94 376 9
94 378 2
94 380 3
94 381 10
94 383 4
94 384 2
94 385 9
94 387 4
94 390 6
94 392 2
94 396 9
94 398 3
94 401 10
94 403 7
94 404 5
94 405 1
94 410 7
94 412 9
94 414 1
94 415 2
94 417 6
94 418 6
94 419 6
94 420 4
94 421 8
94 424 1
94 426 4
94 427 9
94 430 4
94 432 8
94 433 5
94 435 5
94 440 4
94 442 8
94 443 8
94 444 5
94 445 10
94 448 8
94 450 10
94 451 2
94 454 6
94 459 9
94 460 8
94 461 4
94 462 6
94 464 7
94 467 3
94 468 8
94 469 3
94 474 6
94 476 1
94 477 8
94 478 7
94 479 7
94 481 6
94 483 7
94 489 1
94 490 10
94 493 3
94 495 6
94 496 6
94 498 8
94 499 10
95 99 6
95 100 8
95 102 9
95 105 4
95 111 7
95 114 9
95 117 10
95 122 8
95 125 7
95 127 8
95 129 5
95 130 9
95 132 10
95 133 7
95 135 2
95 136 4
95 138 2
95 139 2
95 143 8
95 144 8
95 146 10
95 151 9
95 152 3
95 153 2
95 154 1
95 155 10
95 156 3
95 162 10
95 165 10
95 167 2
95 168 5
95 173 5
95 174 7
95 177 10
95 179 9
95 184 3
95 186 6
95 187 7
95 188 1
95 189 7
95 190 8
95 192 2
95 193 9
95 194 7
95 197 2
95 198 10
95 199 4
95 200 2
95 202 8
95 204 10
95 206 4
95 211 7
95 212 1
95 213 3
95 214 1
95 215 8
95 217 1
95 218 1
95 222 4
95 225 3
95 231 8
95 233 3
95 234 7
95 235 4
95 237 2
95 238 10
95 240 10
95 242 7
95 243 10
95 244 4
95 245 10
95 246 10
95 248 1
95 250 2
95 251 4
95 254 4
95 255 3
95 256 3
95 257 9
95 260 2
95 261 3
95 262 3
95 266 4
95 268 1
95 269 1
95 271 8
95 275 8
95 277 2
95 280 2
95 281 6
95 282 6
95 284 1
95 285 2
95 286 1
95 291 2
95 293 5
95 294 5
95 295 3
95 296 4
95 298 2
95 300 2
95 301 2
95 302 5
95 303 6
95 306 2
95 310 7
95 311 4
95 315 8
95 317 8
95 318 3
95 325 8
95 329 2
95 334 3
95 338 6
95 339 4
95 341 1
95 343 7
95 345 6
95 346 6
95 349 3
95 350 1
95 353 8
95 354 7
95 357 1
95 359 5
95 362 1
95 364 2
95 365 7
95 366 3
95 369 4
95 371 2
95 372 8
95 374 1
95 377 8
95 378 7
95 381 2
95 384 6
95 388 5
95 390 4
95 392 8
95 393 3
95 394 1
95 395 1
95 396 5
95 397 4
95 399 10
95 402 2
95 403 3
95 404 5
95 405 3
95 406 9
95 407 6
95 408 9
95 409 10
95 412 4
95 413 4
95 415 4
95 416 3
95 419 6
95 420 6
95 421 4
95 423 8
95 424 7
95 429 4
95 430 2
95 433 4
95 434 8
95 436 7
95 438 10
95 439 1
95 443 3
95 447 4
95 449 1
95 451 4
95 453 9
95 455 8
95 456 3
95 458 3
95 459 10
95 463 4
95 466 9
95 467 7
95 468 6
95 469 3
95 470 6
95 471 2
95 475 7
95 476 8
95 479 7
95 481 10
95 484 8
95 485 1
95 486 6
95 487 1
95 490 7
95 496 1
95 497 8
95 499 9
96 98 2
96 99 9
96 100 6
96 101 7
96 102 4
96 103 8
96 106 10
96 107 7
96 108 5
96 110 3
96 111 4
96 113 10
96 114 1
96 115 1
96 116 8
96 117 5
96 119 9
96 120 8
96 121 8
96 123 6
96 124 1
96 125 8
96 127 7
96 130 5
96 132 8
96 135 9
96 137 5
96 138 4
96 140 10
96 143 1
96 146 1
96 147 9
96 148 5
96 151 9
96 152 9
96 154 1
96 156 8
96 157 7
96 159 4
96 160 9
96 161 3
96 162 8
96 163 2
96 164 8
96 165 9
96 167 5
96 170 4
96 171 9
96 174 2
96 177 8
96 179 1
96 180 2
96 181 1
96 190 4
96 194 2
96 197 5
96 200 6
96 208 5
96 211 7
96 216 7
96 217 9
96 220 8
96 221 2
96 223 10
96 232 3
96 233 2
96 238 3
96 240 6
96 242 5
96 243 3
96 246 6
96 248 8
96 249 2
96 251 1
96 256 2
96 259 4
96 262 5
96 263 2
96 267 2
96 269 5
96 270 4
96 271 3
96 278 1
96 280 10
96 285 7
96 286 1
96 287 5
96 290 9
96 291 3
96 292 3
96 297 4
96 298 9
96 300 10
96 302 2
96 304 9
96 307 7
96 308 9
96 311 1
96 312 9
96 314 1
96 316 1
96 317 5
96 319 2
96 322 2
96 324 2
96 325 6
96 329 10
96 331 1
96 332 7
96 333 2
96 339 4
96 340 8
96 341 9
96 342 8
96 348 2
96 349 3
96 350 8
96 352 10
96 354 9
96 356 2
96 357 9
96 358 2
96 359 2
96 360 4
96 362 4
96 363 10
96 368 5
96 369 10
96 370 10
96 373 1
96 374 10
96 375 1
96 377 2
96 379 4
96 380 8
96 383 4
96 384 7
96 385 2
96 387 2
96 389 2
96 390 5
96 392 9
96 393 5
96 395 4
96 396 3
96 397 1
96 401 7
96 402 8
96 403 3
96 404 1
96 407 3
96 409 9
96 410 2
96 411 10
96 412 7
96 416 1
96 419 4
96 420 7
96 421 10
96 425 5
96 426 1
96 428 4
96 430 4
96 431 9
96 432 5
96 435 7
96 437 2
96 439 10
96 440 6
96 441 9
96 443 10
96 444 6
96 450 6
96 452 6
96 453 8
96 454 9
96 456 5
96 457 9
96 458 4
96 459 10
96 462 2
96 464 5
96 467 2
96 469 10
96 470 3
96 471 9
96 472 10
96 474 3
96 483 10
96 484 2
96 485 4
96 487 3
96 488 7
96 489 1
96 490 2
96 491 10
96 492 2
96 494 3
96 495 6
96 497 1
96 499 8
97 98 2
97 104 8
97 105 2
97 108 5
97 110 9
97 113 6
97 115 3
97 116 10
97 121 9
97 122 4
97 123 7
97 125 3
97 126 1
97 129 2
97 131 2
97 135 5
97 136 10
97 137 5
97 143 9
97 144 3
97 147 8
97 148 9
97 151 5
97 155 5
97 156 4
97 157 4
97 161 7
97 163 10
97 164 3
97 168 1
97 169 7
97 170 2
97 172 2
97 173 6
97 175 5
97 176 3
97 177 4
97 180 3
97 181 1
97 183 3
97 184 1
97 185 3
97 194 7
97 195 9
97 198 7
97 201 4
97 202 3
97 203 7
97 207 3
97 208 1
97 209 6
97 210 9
97 213 4
97 217 1
97 218 3
97 219 6
97 221 8
97 223 5
97 224 9
97 225 5
97 229 3
97 230 1
97 231 4
97 232 3
97 233 3
97 235 8
97 237 4
97 241 5
97 242 1
97 243 7
97 245 3
97 247 2
97 248 8
97 249 2
97 250 5
97 253 1
97 254 6
97 255 2
97 257 1
97 263 6
97 266 5
97 268 2
97 273 9
97 274 2
97 275 2
97 276 4
97 278 3
97 279 5
97 280 8
97 281 9
97 282 5
97 283 9
97 285 2
97 287 1
97 288 7
97 290 3
97 292 10
97 296 4
97 297 2
97 300 3
97 301 1
97 302 8
97 303 2
97 304 6
97 307 7
97 308 3
97 309 1
97 310 4
97 315 2
97 316 2
97 320 10
97 321 8
97 323 7
97 324 9
97 325 1
97 327 6
97 329 6
97 335 6
97 336 4
97 338 1
97 339 9
97 340 9
97 342 5
97 343 3
97 345 2
97 346 2
97 348 4
97 349 10
97 352 4
97 356 7
97 359 10
97 362 7
97 363 7
97 364 3
97 365 2
97 368 5
97 370 7
97 372 3
97 374 6
97 377 5
97 378 9
97 383 9
97 384 9
97 385 1
97 388 3
97 391 4
97 394 1
97 395 6
97 402 4
97 404 10
97 408 2
97 409 4
97 410 5
97 411 3
97 412 6
97 413 1
97 414 5
97 415 4
97 417 10
97 419 3
97 421 3
97 423 9
97 426 9
97 428 2
97 429 4
97 430 3
97 432 2
97 433 9
97 435 5
97 436 9
97 439 1
97 440 2
97 442 6
97 447 7
97 449 7
97 452 10
97 453 5
97 456 7
97 457 1
97 461 7
97 463 8
97 464 10
97 465 5
97 469 1
97 470 10
97 471 8
97 472 8
97 473 1
97 477 6
97 480 1
97 482 6
97 483 3
97 484 9
97 485 7
97 487 4
97 491 8
97 492 3
97 498 10
97 499 6
98 101 10
98 102 4
98 103 6
98 108 7
98 109 5
98 112 1
98 113 1
98 114 9
98 115 7
98 116 1
98 117 10
98 121 5
98 125 3
98 127 7
98 128 6
98 131 4
98 134 5
98 140 2
98 141 3
98 143 9
98 144 9
98 147 10
98 148 3
98 149 4
98 152 1
98 153 6
98 154 1
98 156 9
98 157 2
98 158 9
98 162 1
98 164 8
98 168 9
98 169 9
98 172 2
98 173 7
98 181 7
98 183 10
98 184 3
98 186 9
98 190 10
98 192 9
98 193 5
98 194 3
98 197 2
98 199 5
98 201 6
98 203 5
98 204 9
98 206 1
98 208 4
98 209 10
98 216 6
98 217 8
98 218 2
98 224 1
98 225 7
98 226 10
98 228 3
98 230 3
98 231 6
98 232 1
98 233 1
98 235 3
98 237 3
98 239 8
98 240 8
98 241 6
98 244 8
98 246 9
98 248 8
98 250 8
98 251 7
98 252 8
98 254 1
98 256 10
98 257 10
98 263 7
98 265 7
98 266 5
98 270 10
98 272 4
98 273 9
98 274 3
98 275 8
98 278 6
98 280 1
98 283 3
98 284 5
98 289 9
98 291 5
98 292 10
98 295 8
98 297 6
98 298 8
98 299 9
98 300 9
98 305 5
98 306 3
98 307 9
98 309 9
98 310 6
98 311 1
98 312 5
98 315 9
98 316 7
98 318 5
98 319 3
98 320 10
98 321 5
98 330 7
98 332 3
98 333 2
98 336 8
98 338 8
98 339 8
98 341 1
98 342 10
98 346 6
98 349 3
98 350 3
98 352 5
98 353 7
98 354 8
98 355 4
98 358 10
98 359 5
98 361 6
98 365 8
98 366 10
98 371 5
98 373 9
98 375 2
98 376 10
98 378 7
98 383 10
98 387 9
98 392 6
98 393 4
98 394 9
98 395 1
98 396 6
98 397 3
98 400 10
98 402 7
98 403 2
98 405 8
98 408 9
98 409 9
98 412 4
98 415 10
98 416 5
98 417 2
98 418 9
98 421 4
98 423 8
98 426 8
98 428 4
98 431 4
98 432 3
98 433 9
98 435 8
98 437 3
98 438 4
98 439 2
98 442 8
98 443 3
98 444 2
98 445 3
98 446 1
98 453 9
98 454 1
98 458 7
98 459 3
98 460 5
98 461 1
98 462 5
98 463 9
98 465 4
98 467 2
98 469 3
98 470 4
98 471 5
98 474 8
98 475 5
98 476 1
98 478 3
98 480 6
98 481 3
98 484 4
98 485 7
98 487 4
98 489 6
98 490 2
98 492 1
98 493 1
98 497 1
99 101 2
99 103 2
99 104 4
99 105 7
99 107 9
99 110 10
99 112 10
99 118 1
99 120 2
99 124 9
99 126 3
99 128 8
99 129 8
99 130 10
99 131 10
99 132 7
99 134 7
99 135 9
99 139 4
99 140 5
99 142 7
99 143 6
99 148 10
99 149 2
99 154 10
99 155 6
99 156 4
99 157 8
99 158 6
99 159 7
99 160 4
99 161 7
99 162 2
99 167 3
99 168 8
99 172 4
99 173 5
99 174 1
99 175 6
99 178 2
99 179 8
99 180 6
99 181 5
99 184 5
99 185 8
99 188 2
99 189 7
99 190 3
99 191 9
99 192 9
99 194 1
99 195 1
99 196 9
99 197 1
99 198 10
99 200 8
99 201 1
99 202 8
99 203 8
99 207 3
99 213 6
99 215 7
99 218 5
99 220 4
99 225 8
99 227 6
99 229 2
99 230 9
99 231 8
99 232 1
99 233 10
99 234 10
99 236 7
99 239 6
99 243 3
99 246 7
99 247 8
99 251 4
99 252 9
99 253 9
99 259 3
99 261 2
99 263 7
99 266 1
99 269 6
99 270 10
99 273 6
99 274 3
99 277 3
99 280 1
99 281 1
99 282 10
99 283 7
99 289 2
99 290 4
99 292 1
99 295 6
99 296 10
99 297 7
99 299 10
99 300 8
99 301 1
99 302 4
99 305 8
99 312 10
99 314 3
99 316 2
99 317 10
99 319 6
99 322 6
99 327 3
99 328 6
99 333 1
99 334 6
99 335 6
99 337 8
99 338 1
99 340 3
99 342 10
99 344 10
99 345 5
99 347 1
99 352 6
99 353 4
99 354 10
99 355 8
99 358 6
99 359 10
99 362 9
99 364 5
99 368 7
99 369 2
99 371 5
99 372 8
99 373 10
99 376 7
99 380 6
99 381 6
99 383 6
99 388 9
99 390 4
99 391 10
99 392 9
99 393 3
99 395 4
99 396 7
99 399 1
99 400 6
99 402 6
99 403 3
99 404 4
99 405 10
99 406 3
99 409 6
99 411 7
99 412 9
99 414 1
99 415 1
99 417 10
99 421 3
99 422 5
99 424 7
99 425 3
99 426 8
99 427 6
99 428 2
99 429 10
99 431 7
99 432 1
99 433 1
99 434 3
99 435 1
99 440 7
99 442 4
99 443 4
99 444 4
99 445 10
99 450 6
99 453 5
99 454 7
99 455 6
99 456 5
99 458 2
99 460 9
99 464 5
99 466 3
99 468 1
99 469 10
99 471 5
99 472 2
99 477 8
99 479 8
99 481 10
99 483 2
99 484 5
99 485 1
99 487 8
99 489 8
99 490 6
99 491 2
99 493 8
99 495 1
99 497 5
99 498 8
99 499 6
100 102 9
100 103 5
100 104 9
100 107 3
100 109 7
100 110 8
100 111 2
100 112 9
100 113 7
100 120 8
100 121 7
100 123 3
100 124 3
100 128 3
100 130 8
100 131 2
100 134 6
100 135 5
100 137 3
100 138 10
100 143 4
100 145 6
100 146 4
100 147 9
100 148 9
100 151 9
100 152 7
100 153 5
100 154 10
100 156 10
100 157 6
100 158 9
100 162 3
100 163 8
100 165 1
100 166 7
100 167 6
100 168 1
100 171 8
100 172 4
100 175 3
100 176 1
100 179 4
100 181 3
100 182 5
100 184 9
100 187 7
100 188 6
100 190 2
100 192 2
100 193 10
100 194 8
100 196 9
100 198 2
100 199 10
100 200 10
100 203 4
100 204 9
100 205 5
100 207 7
100 208 3
100 209 6
100 211 2
100 212 10
100 216 8
100 219 9
100 220 3
100 221 7
100 224 3
100 225 3
100 226 3
100 229 8
100 230 7
100 233 8
100 235 5
100 239 6
100 241 2
100 242 5
100 244 4
100 245 10
100 247 10
100 249 6
100 250 9
100 252 5
100 260 6
100 261 9
100 262 4
100 264 1
100 266 8
100 267 7
100 269 8
100 271 3
100 273 1
100 275 6
100 276 2
100 278 2
100 281 2
100 283 2
100 284 6
100 285 1
100 286 4
100 287 10
100 289 3
100 290 2
100 291 4
100 293 6
100 297 8
100 298 8
100 300 8
100 302 6
100 303 5
100 304 6
100 305 8
100 307 4
100 308 2
100 309 8
100 310 8
100 313 4
100 315 5
100 316 8
100 317 1
100 326 6
100 327 10
100 329 3
100 331 6
100 335 1
100 337 3
100 338 10
100 345 2
100 346 3
100 347 4
100 348 9
100 349 1
100 350 9
100 351 6
100 352 2
100 354 3
100 355 2
100 356 2
100 357 2
100 358 2
100 359 2
100 362 9
100 364 1
100 365 6
100 366 5
100 367 8
100 368 9
100 369 7
100 373 7
100 375 2
100 376 2
100 377 9
100 379 1
100 382 2
100 383 2
100 384 9
100 386 1
100 388 5
100 389 2
100 390 8
100 391 1
100 393 5
100 395 7
100 396 2
100 399 8
100 402 3
100 404 5
100 405 2
100 407 6
100 408 8
100 409 10
100 411 8
100 415 6
100 416 5
100 417 10
100 418 9
100 419 8
100 426 9
100 428 2
100 430 6
100 433 8
100 435 6
100 438 4
100 440 10
100 441 1
100 448 9
100 451 3
100 454 5
100 455 1
100 456 2
100 457 1
100 458 5
100 459 1
100 462 10
100 463 1
100 464 4
100 465 7
100 466 8
100 468 2
100 471 1
100 473 7
100 478 10
100 479 10
100 480 6
100 481 1
100 484 5
100 485 10
100 487 3
100 489 6
100 490 3
100 491 3
100 492 4
100 494 9
100 496 2
100 497 6
100 498 3
101 102 4
101 103 5
101 110 10
101 112 10
101 113 7
101 114 8
101 115 6
101 116 6
101 117 4
101 119 10
101 123 5
101 124 9
101 129 2
101 130 8
101 135 9
101 138 1
101 140 10
101 141 8
101 143 8
101 149 2
101 151 6
101 152 10
101 154 8
101 155 4
101 156 3
101 157 4
101 158 3
101 159 3
101 161 8
101 163 4
101 166 9
101 167 6
101 169 3
101 170 10
101 171 10
101 172 5
101 176 7
101 177 3
101 178 3
101 179 6
101 180 2
101 183 7
101 184 10
101 185 7
101 186 7
101 192 3
101 194 10
101 196 5
101 197 6
101 198 7
101 199 2
101 200 4
101 202 10
101 204 4
101 205 1
101 206 8
101 209 8
101 213 2
101 214 7
101 218 5
101 219 3
101 220 4
101 221 3
101 223 10
101 224 10
101 225 3
101 226 5
101 227 4
101 232 6
101 234 9
101 236 8
101 237 6
101 238 3
101 242 6
101 243 4
101 247 6
101 248 3
101 250 1
101 251 7
101 252 8
101 255 9
101 257 10
101 259 4
101 263 5
101 264 10
101 268 2
101 271 4
101 272 2
101 273 1
101 277 4
101 278 8
101 281 4
101 283 2
101 284 2
101 286 8
101 287 2
101 288 7
101 290 8
101 291 6
101 294 10
101 299 7
101 306 2
101 312 2
101 314 8
101 318 5
101 319 6
101 320 1
101 322 7
101 323 5
101 324 2
101 325 5
101 328 8
101 329 1
101 331 6
101 335 5
101 336 3
101 337 10
101 339 8
101 341 4
101 345 6
101 346 8
101 347 8
101 348 1
101 351 10
101 352 10
101 357 6
101 359 2
101 360 3
101 362 7
101 366 6
101 367 2
101 370 1
101 372 6
101 374 7
101 376 7
101 377 4
101 378 7
101 379 7
101 380 7
101 381 9
101 382 5
101 384 5
101 385 3
101 386 5
101 388 3
101 390 3
101 391 5
101 394 7
101 396 5
101 397 1
101 398 6
101 399 4
101 400 1
101 401 1
101 403 10
101 405 5
101 406 9
101 408 3
101 410 3
101 411 2
101 412 9
101 413 8
101 415 1
101 419 3
101 421 2
101 422 1
101 424 4
101 425 1
101 426 8
101 427 3
101 428 3
101 429 4
101 430 7
101 431 10
101 432 2
101 438 1
101 439 9
101 441 9
101 444 4
101 445 4
101 446 1
101 449 8
101 454 10
101 458 5
101 460 2
101 464 1
101 465 9
101 466 2
101 467 4
101 468 5
101 469 9
101 470 2
101 472 7
101 475 2
101 476 2
101 478 4
101 481 3
101 490 3
101 493 9
101 495 4
101 496 2
101 497 2
102 105 1
102 107 3
102 108 1
102 109 5
102 112 2
102 113 2
102 114 7
102 115 10
102 117 3
102 119 4
102 120 2
102 123 1
102 124 6
102 125 3
102 129 6
102 130 6
102 132 3
102 133 8
102 134 5
102 139 10
102 141 3
102 142 8
102 144 5
102 145 7
102 149 7
102 154 8
102 157 9
102 162 2
102 163 2
102 171 2
102 172 5
102 174 6
102 175 9
102 176 10
102 177 5
102 178 9
102 182 9
102 185 1
102 187 9
102 188 3
102 190 2
102 197 5
102 199 1
102 201 7
102 202 4
102 204 10
102 206 5
102 207 6
102 210 7
102 211 4
102 213 4
102 214 10
102 216 4
102 217 2
102 218 7
102 219 4
102 221 7
102 224 1
102 227 4
102 228 10
102 229 2
102 230 2
102 233 5
102 234 1
102 235 5
102 236 8
102 238 9
102 239 3
102 241 4
102 242 3
102 244 2
102 245 8
102 246 10
102 247 4
102 249 4
102 251 6
102 255 2
102 256 1
102 258 7
102 261 8
102 262 10
102 263 3
102 267 6
102 268 10
102 269 4
102 274 9
102 277 1
102 278 1
102 280 8
102 284 1
102 285 6
102 290 10
102 291 1
102 293 6
102 294 10
102 296 9
102 298 4
102 300 6
102 301 8
102 304 8
102 306 8
102 309 9
102 310 3
102 312 4
102 317 7
102 318 1
102 319 9
102 321 8
102 324 5
102 326 4
102 327 8
102 328 10
102 332 6
102 335 10
102 339 4
102 340 6
102 341 1
102 343 9
102 346 1
102 349 2
102 350 8
102 353 1
102 356 3
102 358 5
102 361 8
102 369 1
102 370 1
102 375 4
102 376 6
102 379 6
102 380 10
102 381 2
102 383 7
102 384 1
102 387 10
102 389 4
102 390 6
102 392 4
102 393 5
102 394 3
102 398 1
102 400 5
102 402 6
102 405 1
102 409 5
102 411 9
102 412 2
102 414 6
102 417 4
102 419 2
102 420 5
102 421 4
102 422 7
102 424 5
102 425 2
102 429 10
102 430 3
102 431 4
102 432 3
102 433 7
102 434 10
102 435 7
102 436 1
102 437 1
102 439 9
102 440 4
102 441 4
102 442 10
102 443 10
102 444 2
102 445 6
102 447 7
102 451 6
102 453 3
102 455 6
102 456 7
102 457 5
102 458 1
102 459 8
102 461 5
102 463 6
102 465 1
102 467 7
102 470 10
102 471 6
102 472 5
102 473 8
102 475 8
102 476 9
102 480 5
102 484 9
102 485 8
102 487 6
102 488 1
102 489 9
102 490 3
102 491 3
102 494 3
102 497 1
103 105 2
103 107 7
103 108 9
103 109 2
103 110 1
103 111 8
103 113 4
103 114 4
103 115 6
103 118 8
103 120 7
103 122 1
103 124 9
103 125 3
103 127 10
103 131 10
103 133 3
103 134 6
103 135 2
103 137 2
103 138 10
103 139 6
103 140 1
103 141 5
103 143 6
103 144 4
103 146 3
103 147 10
103 148 9
103 150 9
103 152 2
103 157 5
103 159 9
103 160 8
103 162 7
103 164 6
103 169 3
103 170 3
103 173 10
103 176 3
103 178 9
103 179 3
103 180 1
103 184 2
103 188 3
103 189 2
103 190 1
103 191 5
103 192 3
103 196 7
103 198 4
103 199 10
103 201 1
103 202 9
103 207 4
103 208 3
103 211 8
103 212 6
103 215 4
103 218 2
103 220 9
103 221 5
103 227 2
103 228 3
103 229 3
103 230 9
103 232 1
103 233 5
103 234 5
103 235 10
103 236 6
103 237 7
103 240 7
103 244 5
103 245 8
103 247 4
103 250 8
103 252 8
103 253 8
103 254 4
103 260 3
103 263 1
103 265 9
103 268 9
103 269 2
103 273 9
103 274 1
103 275 3
103 276 5
103 278 4
103 279 6
103 281 1
103 282 6
103 283 1
103 285 5
103 290 3
103 292 8
103 293 4
103 295 9
103 296 7
103 297 4
103 298 6
103 299 2
103 300 4
103 305 9
103 306 4
103 311 5
103 313 4
103 315 10
103 316 2
103 318 6
103 319 5
103 322 7
103 325 9
103 326 2
103 332 2
103 333 2
103 334 2
103 335 3
103 336 8
103 342 1
103 343 8
103 344 6
103 345 2
103 346 3
103 348 5
103 349 9
103 350 10
103 353 5
103 355 1
103 358 3
103 359 8
103 364 2
103 365 7
103 366 2
103 367 6
103 368 1
103 369 4
103 370 3
103 373 4
103 374 10
103 380 2
103 381 4
103 385 8
103 386 6
103 387 9
103 394 4
103 395 3
103 396 5
103 399 10
103 400 8
103 403 10
103 404 9
103 406 2
103 407 8
103 412 6
103 414 3
103 415 7
103 419 6
103 421 2
103 425 9
103 426 8
103 427 6
103 428 1
103 434 7
103 437 5
103 438 8
103 439 9
103 440 3
103 441 3
103 446 5
103 447 6
103 452 5
103 453 5
103 455 10
103 456 4
103 459 5
103 461 7
103 462 1
103 467 9
103 470 4
103 472 5
103 473 8
103 474 3
103 477 1
103 480 10
103 483 10
103 485 5
103 486 1
103 488 8
103 489 4
103 491 8
103 492 2
103 495 8
103 496 5
103 497 8
103 499 4
104 105 7
104 106 8
104 107 7
104 108 10
104 110 2
104 111 8
104 112 10
104 114 5
104 115 3
104 118 5
104 122 3
104 128 4
104 129 2
104 130 10
104 133 8
104 135 6
104 136 7
104 137 8
104 139 8
104 140 3
104 142 6
104 145 3
104 149 2
104 150 3
104 151 2
104 152 2
104 153 10
104 159 5
104 162 1
104 165 9
104 168 10
104 169 7
104 171 10
104 172 7
104 173 5
104 176 7
104 177 8
104 178 10
104 182 2
104 184 5
104 186 10
104 187 9
104 190 5
104 191 5
104 193 9
104 194 7
104 197 8
104 198 5
104 202 2
104 205 10
104 207 7
104 209 7
104 212 4
104 213 8
104 214 10
104 218 9
104 220 1
104 223 5
104 225 10
104 226 10
104 227 1
104 228 3
104 229 5
104 232 7
104 234 7
104 238 7
104 239 10
104 240 2
104 241 6
104 243 1
104 245 10
104 247 2
104 250 10
104 252 4
104 259 8
104 260 3
104 262 8
104 264 5
104 267 2
104 268 9
104 273 4
104 275 10
104 276 10
104 277 2
104 278 1
104 279 1
104 280 5
104 284 7
104 289 3
104 293 2
104 295 4
104 298 2
104 299 4
104 303 2
104 304 6
104 307 6
104 309 2
104 310 2
104 311 6
104 315 2
104 316 6
104 317 3
104 319 2
104 320 5
104 321 1
104 324 6
104 326 2
104 327 1
104 330 4
104 331 1
104 332 10
104 334 3
104 336 3
104 337 2
104 339 3
104 340 9
104 341 10
104 343 8
104 345 8
104 348 6
104 350 10
104 351 4
104 353 7
104 356 5
104 361 9
104 363 6
104 368 10
104 370 2
104 371 6
104 375 5
104 377 6
104 379 9
104 380 4
104 382 6
104 383 9
104 384 3
104 385 3
104 387 7
104 388 10
104 389 7
104 392 4
104 393 3
104 394 5
104 396 10
104 398 4
104 401 3
104 403 2
104 404 4
104 405 8
104 407 6
104 408 8
104 409 8
104 410 1
104 411 10
104 412 3
104 413 8
104 414 9
104 415 8
104 417 3
104 418 7
104 422 7
104 423 10
104 425 6
104 427 7
104 430 5
104 431 3
104 432 8
104 433 6
104 435 6
104 436 7
104 437 4
104 441 1
104 443 8
104 444 8
104 445 8
104 448 5
104 452 9
104 454 4
104 455 10
104 458 4
104 460 6
104 461 4
104 462 9
104 464 7
104 466 4
104 467 10
104 471 7
104 472 7
104 473 1
104 474 8
104 477 9
104 480 7
104 481 3
104 484 5
104 489 7
104 491 5
104 494 4
104 495 7
104 497 3
104 498 10
104 499 6
105 106 3
105 108 3
105 109 1
105 111 7
105 112 1
105 113 4
105 114 8
105 115 8
105 117 1
105 118 3
105 120 5
105 121 4
105 124 4
105 126 8
105 128 9
105 129 9
105 132 2
105 134 6
105 135 9
105 136 10
105 138 8
105 139 1
105 140 9
105 142 5
105 143 3
105 149 2
105 151 9
105 153 3
105 155 1
105 157 7
105 159 5
105 160 5
105 162 8
105 164 9
105 165 6
105 166 3
105 167 1
105 169 6
105 172 5
105 173 5
105 174 4
105 175 3
105 177 9
105 182 4
105 184 4
105 185 3
105 186 7
105 188 8
105 191 8
105 195 5
105 196 2
105 197 4
105 200 6
105 203 9
105 204 7
105 205 9
105 206 10
105 207 6
105 210 5
105 212 1
105 214 10
105 216 6
105 217 7
105 219 8
105 220 3
105 221 2
105 222 4
105 232 5
105 234 1
105 235 7
105 237 3
105 240 2
105 241 6
105 244 5
105 248 4
105 249 10
105 252 3
105 253 3
105 258 2
105 259 10
105 261 9
105 262 1
105 263 8
105 264 3
105 266 9
105 267 10
105 269 4
105 271 9
105 273 8
105 278 4
105 280 1
105 281 6
105 284 5
105 285 9
105 287 10
105 288 5
105 289 4
105 290 7
105 291 10
105 294 9
105 296 8
105 302 10
105 303 5
105 304 1
105 305 8
105 306 3
105 309 5
105 310 3
105 311 10
105 312 5
105 313 6
105 319 2
105 320 7
105 322 6
105 324 3
105 326 3
105 327 7
105 329 4
105 330 10
105 331 2
105 334 4
105 338 5
105 339 7
105 346 6
105 347 6
105 348 9
105 349 5
105 351 10
105 353 8
105 357 10
105 358 2
105 360 2
105 364 4
105 366 2
105 368 4
105 370 9
105 371 10
105 372 2
105 373 8
105 375 3
105 376 3
105 378 7
105 381 3
105 384 9
105 385 1
105 388 7
105 389 8
105 393 10
105 398 5
105 401 6
105 402 3
105 403 9
105 404 1
105 405 6
105 408 9
105 410 2
105 413 7
105 414 5
105 415 1
105 416 2
105 420 8
105 423 2
105 424 4
105 425 8
105 426 9
105 427 2
105 429 9
105 433 5
105 434 7
105 435 1
105 436 2
105 437 3
105 438 6
105 440 4
105 442 2
105 445 10
105 449 5
105 450 6
105 451 2
105 456 4
105 457 6
105 459 5
105 460 2
105 461 7
105 463 1
105 464 2
105 465 4
105 466 4
105 470 7
105 473 7
105 474 10
105 476 8
105 477 8
105 478 9
105 479 2
105 480 7
105 481 2
105 483 3
105 486 2
105 487 3
105 489 5
105 491 4
105 493 2
105 495 4
105 496 1
105 498 1
105 499 3
106 108 9
106 109 3
106 111 1
106 112 3
106 115 9
106 116 8
106 117 9
106 119 9
106 120 7
106 123 2
106 124 2
106 126 4
106 127 3
106 128 4
106 129 9
106 130 10
106 131 7
106 133 9
106 135 3
106 136 10
106 140 1
106 143 7
106 148 1
106 150 2
106 151 5
106 152 2
106 153 6
106 156 3
106 157 9
106 159 2
106 167 2
106 168 4
106 171 10
106 175 2
106 176 4
106 178 4
106 180 5
106 182 5
106 183 2
106 186 8
106 188 10
106 189 5
106 193 1
106 196 1
106 198 10
106 200 4
106 203 8
106 205 8
106 206 6
106 207 9
106 209 2
106 211 1
106 213 8
106 217 2
106 220 6
106 221 2
106 222 4
106 224 8
106 226 5
106 227 6
106 228 3
106 230 7
106 231 1
106 234 5
106 235 8
106 236 6
106 244 8
106 245 9
106 246 7
106 249 4
106 250 10
106 251 2
106 252 7
106 255 4
106 256 1
106 259 4
106 260 5
106 262 1
106 263 7
106 265 8
106 269 2
106 270 4
106 272 10
106 274 7
106 275 10
106 278 7
106 279 6
106 280 2
106 281 3
106 282 5
106 286 3
106 287 6
106 289 5
106 290 3
106 291 3
106 293 2
106 296 6
106 298 5
106 300 7
106 301 4
106 302 9
106 303 4
106 304 5
106 305 1
106 307 4
106 308 9
106 309 6
106 312 5
106 313 10
106 314 4
106 315 1
106 316 7
106 317 7
106 318 6
106 320 8
106 323 6
106 324 9
106 326 7
106 327 1
106 330 3
106 333 5
106 336 2
106 343 10
106 344 8
106 346 10
106 348 4
106 349 2
106 351 3
106 352 2
106 354 3
106 359 6
106 360 4
106 361 2
106 362 8
106 363 1
106 364 4
106 365 4
106 366 5
106 367 10
106 372 5
106 374 1
106 375 7
106 378 7
106 382 3
106 384 9
106 393 10
106 395 7
106 397 9
106 398 1
106 399 7
106 403 6
106 410 5
106 411 4
106 414 9
106 416 5
106 418 4
106 420 9
106 422 4
106 424 6
106 426 10
106 427 1
106 428 6
106 429 1
106 430 5
106 431 3
106 432 9
106 435 1
106 440 8
106 443 7
106 446 8
106 448 4
106 450 1
106 451 1
106 453 4
106 456 3
106 457 10
106 459 4
106 460 4
106 466 3
106 467 9
106 472 9
106 473 9
106 474 7
106 476 7
106 478 3
106 482 3
106 483 7
106 484 9
106 487 10
106 492 5
106 493 3
106 495 4
106 496 8
106 497 4
107 108 5
107 109 8
107 111 2
107 112 1
107 113 10
107 114 4
107 117 10
107 124 9
107 126 2
107 127 3
107 128 1
107 130 2
107 131 8
107 132 10
107 135 3
107 136 6
107 137 5
107 140 6
107 142 8
107 143 1
107 144 6
107 145 6
107 147 9
107 148 1
107 151 3
107 158 9
107 160 10
107 162 10
107 164 2
107 166 2
107 168 5
107 169 2
107 170 9
107 172 3
107 173 10
107 174 2
107 178 4
107 179 9
107 181 3
107 182 10
107 184 10
107 187 5
107 189 7
107 190 4
107 191 2
107 197 4
107 198 3
107 201 3
107 203 5
107 204 8
107 205 5
107 207 1
107 208 8
107 209 5
107 210 3
107 211 3
107 212 5
107 215 7
107 216 7
107 217 4
107 221 2
107 222 10
107 223 10
107 227 2
107 229 4
107 230 7
107 231 7
107 232 7
107 234 5
107 237 10
107 239 10
107 242 7
107 243 6
107 245 6
107 248 5
107 249 3
107 255 7
107 256 4
107 258 5
107 262 2
107 263 1
107 264 6
107 268 8
107 269 6
107 273 2
107 275 1
107 279 3
107 281 3
107 283 4
107 286 10
107 296 4
107 297 1
107 298 1
107 300 1
107 304 7
107 306 4
107 307 6
107 312 3
107 313 7
107 315 2
107 316 1
107 317 8
107 318 1
107 320 6
107 321 10
107 323 8
107 324 3
107 325 3
107 327 9
107 328 9
107 329 3
107 330 5
107 331 2
107 332 8
107 335 7
107 336 3
107 338 5
107 341 2
107 342 5
107 345 4
107 346 5
107 348 9
107 349 3
107 350 8
107 352 5
107 355 5
107 356 6
107 357 3
107 358 2
107 363 1
107 366 8
107 368 3
107 369 4
107 370 6
107 376 1
107 382 10
107 384 8
107 387 2
107 388 2
107 389 1
107 393 2
107 395 9
107 397 7
107 398 9
107 403 9
107 405 5
107 407 2
107 408 6
107 410 6
107 412 1
107 414 6
107 418 5
107 422 4
107 423 3
107 424 7
107 426 8
107 428 8
107 429 4
107 430 10
107 431 9
107 432 4
107 436 5
107 437 5
107 440 7
107 442 3
107 444 6
107 446 5
107 447 5
107 451 1
107 452 8
107 454 2
107 456 4
107 457 8
107 458 3
107 459 4
107 460 10
107 461 2
107 464 6
107 465 5
107 466 10
107 469 1
107 471 1
107 472 7
107 473 1
107 475 5
107 476 10
107 477 3
107 478 2
107 479 7
107 480 7
107 481 5
107 483 2
107 484 2
107 485 3
107 487 4
107 488 9
107 489 6
107 495 5
107 498 4
108 111 9
108 114 5
108 116 9
108 121 2
108 122 10
108 123 5
108 125 3
108 126 8
108 128 10
108 129 1
108 132 2
108 136 3
108 138 2
108 142 9
108 143 7
108 144 4
108 145 2
108 147 5
108 150 6
108 151 2
108 153 9
108 154 3
108 155 5
108 159 9
108 160 3
108 163 5
108 165 7
108 170 5
108 171 8
108 173 8
108 175 1
108 179 6
108 181 5
108 182 7
108 183 6
108 184 8
108 188 1
108 189 7
108 193 2
108 198 10
108 199 6
108 200 8
108 201 5
108 202 2
108 203 10
108 207 1
108 208 9
108 214 6
108 216 9
108 217 2
108 219 9
108 222 2
108 223 7
108 226 5
108 227 8
108 228 8
108 231 4
108 234 10
108 235 2
108 237 10
108 240 5
108 241 3
108 242 1
108 243 6
108 244 8
108 246 5
108 248 2
108 249 5
108 256 6
108 259 3
108 261 3
108 262 8
108 263 10
108 264 1
108 265 5
108 266 2
108 269 1
108 270 2
108 271 8
108 273 4
108 278 7
108 279 9
108 281 2
108 283 3
108 284 6
108 288 4
108 290 9
108 292 4
108 293 7
108 295 1
108 297 4
108 298 9
108 300 6
108 301 5
108 302 6
108 303 6
108 307 10
108 308 4
108 310 4
108 313 4
108 315 9
108 319 1
108 320 4
108 321 6
108 324 10
108 325 9
108 327 4
108 334 8
108 335 9
108 337 7
108 343 10
108 344 4
108 345 10
108 348 5
108 349 6
108 351 4
108 357 1
108 358 10
108 359 5
108 360 2
108 362 8
108 365 10
108 366 2
108 368 1
108 369 4
108 372 6
108 375 1
108 376 6
108 377 10
108 383 7
108 386 5
108 387 9
108 389 10
108 392 7
108 393 9
108 394 6
108 395 10
108 398 5
108 399 2
108 400 2
108 401 7
108 404 3
108 406 1
108 408 1
108 410 1
108 414 4
108 418 2
108 421 4
108 422 10
108 423 1
108 424 6
108 428 10
108 431 1
108 432 10
108 438 5
108 439 1
108 443 6
108 447 6
108 448 5
108 449 5
108 450 1
108 453 10
108 454 5
108 455 4
108 457 7
108 458 6
108 461 3
108 463 10
108 465 6
108 466 7
108 469 10
108 470 5
108 472 9
108 473 3
108 475 10
108 477 10
108 478 9
108 479 1
108 481 1
108 485 10
108 486 9
108 489 7
108 492 8
108 493 7
108 496 1
108 497 4
108 498 10
109 112 7
109 114 3
109 115 6
109 117 6
109 118 2
109 122 3
109 124 3
109 125 8
109 126 5
109 129 10
109 131 4
109 134 5
109 136 4
109 141 6
109 148 4
109 153 8
109 155 8
109 156 9
109 158 4
109 159 9
109 161 3
109 163 3
109 164 7
109 165 9
109 168 1
109 170 5
109 171 9
109 172 9
109 173 3
109 176 10
109 177 7
109 180 6
109 181 7
109 184 3
109 185 4
109 186 9
109 187 6
109 188 6
109 191 7
109 194 2
109 196 7
109 197 4
109 199 4
109 202 9
109 204 9
109 205 6
109 206 8
109 208 9
109 211 4
109 212 8
109 213 8
109 214 2
109 216 3
109 218 3
109 219 9
109 222 8
109 223 7
109 224 3
109 225 5
109 228 8
109 229 10
109 230 10
109 231 6
109 232 4
109 235 6
109 239 4
109 240 2
109 242 2
109 243 9
109 248 3
109 251 9
109 258 7
109 260 1
109 264 6
109 265 5
109 266 4
109 267 5
109 268 10
109 270 4
109 272 9
109 274 5
109 275 5
109 277 4
109 278 9
109 279 2
109 281 9
109 283 5
109 285 8
109 286 6
109 287 10
109 290 5
109 291 5
109 292 9
109 294 4
109 295 9
109 297 4
109 298 6
109 299 2
109 301 3
109 304 4
109 306 6
109 315 7
109 317 4
109 319 5
109 320 4
109 321 8
109 322 5
109 323 1
109 324 8
109 327 7
109 328 8
109 329 10
109 330 6
109 331 1
109 333 10
109 335 3
109 340 7
109 341 7
109 345 5
109 346 2
109 347 9
109 349 6
109 350 5
109 351 7
109 354 8
109 355 10
109 356 1
109 357 3
109 358 4
109 360 8
109 362 10
109 364 4
109 367 6
109 368 3
109 369 5
109 371 5
109 374 10
109 375 3
109 376 10
109 377 10
109 382 5
109 383 4
109 385 1
109 386 8
109 387 9
109 388 7
109 389 3
109 391 8
109 392 1
109 393 8
109 394 3
109 398 7
109 399 10
109 402 4
109 403 3
109 405 5
109 407 5
109 409 8
109 411 4
109 414 10
109 415 7
109 417 5
109 419 6
109 420 8
109 421 2
109 422 6
109 427 6
109 429 1
109 430 2
109 432 10
109 433 2
109 435 8
109 442 3
109 444 8
109 446 1
109 447 1
109 449 2
109 450 1
109 452 9
109 453 9
109 454 1
109 455 4
109 456 4
109 457 10
109 460 8
109 461 8
109 464 9
109 465 9
109 468 3
109 471 8
109 472 10
109 473 4
109 476 3
109 477 10
109 478 10
109 479 6
109 480 1
109 481 2
109 482 7
109 484 2
109 486 6
109 494 3
109 495 5
109 497 4
110 111 10
110 112 5
110 114 7
110 116 2
110 120 9
110 121 2
110 123 7
110 124 6
110 125 4
110 126 8
110 128 7
110 129 10
110 130 9
110 131 4
110 134 9
110 136 10
110 137 1
110 140 6
110 141 1
110 144 5
110 147 1
110 149 8
110 151 2
110 153 4
110 158 3
110 160 10
110 165 9
110 168 1
110 169 5
110 170 2
110 172 5
110 174 5
110 175 6
110 176 3
110 177 5
110 178 2
110 181 10
110 182 8
110 184 3
110 185 9
110 186 10
110 188 1
110 192 3
110 193 4
110 194 3
110 199 8
110 200 3
110 201 2
110 203 3
110 205 9
110 208 10
110 211 3
110 213 2
110 214 3
110 217 8
110 218 9
110 219 2
110 220 6
110 221 1
110 222 3
110 223 5
110 225 2
110 226 5
110 227 8
110 237 2
110 238 6
110 239 7
110 240 9
110 243 1
110 244 7
110 245 10
110 248 9
110 249 4
110 254 5
110 255 8
110 256 2
110 262 5
110 263 8
110 266 1
110 267 4
110 268 2
110 269 1
110 273 2
110 274 1
110 275 7
110 277 1
110 278 4
110 279 7
110 280 10
110 281 7
110 283 3
110 284 4
110 289 2
110 290 4
110 293 6
110 294 9
110 295 10
110 297 2
110 298 5
110 300 4
110 306 10
110 309 9
110 312 8
110 314 7
110 315 8
110 317 3
110 318 1
110 321 3
110 327 7
110 328 1
110 332 6
110 333 10
110 334 7
110 336 4
110 338 3
110 339 1
110 340 3
110 342 3
110 343 1
110 344 8
110 347 4
110 349 1
110 350 10
110 351 9
110 353 10
110 354 4
110 355 2
110 356 6
110 358 1
110 359 7
110 360 4
110 362 2
110 363 10
110 364 1
110 365 2
110 367 2
110 368 2
110 370 2
110 371 8
110 372 6
110 374 7
110 376 8
110 377 10
110 378 4
110 379 8
110 380 1
110 381 7
110 384 7
110 385 9
110 387 4
110 388 9
110 390 8
110 396 2
110 398 2
110 399 2
110 400 3
110 401 3
110 404 9
110 405 6
110 406 10
110 407 4
110 409 10
110 410 2
110 412 4
110 413 6
110 415 5
110 416 10
110 417 2
110 418 3
110 419 5
110 428 8
110 430 10
110 433 3
110 434 4
110 436 7
110 438 7
110 439 2
110 440 9
110 441 3
110 442 6
110 446 6
110 447 2
110 448 10
110 451 9
110 454 6
110 455 9
110 456 6
110 461 4
110 464 4
110 467 4
110 470 2
110 473 7
110 476 6
110 477 4
110 478 2
110 479 3
110 480 7
110 484 6
110 486 3
110 489 4
110 492 2
110 495 8
110 496 10
111 116 5
111 118 7
111 120 1
111 122 4
111 124 4
111 125 1
111 127 10
111 129 7
111 136 8
111 138 10
111 141 2
111 142 2
111 146 5
111 150 9
111 151 10
111 155 5
111 158 10
111 163 6
111 165 2
111 168 4
111 175 8
111 176 10
111 177 5
111 178 4
111 180 3
111 181 9
111 184 8
111 186 2
111 188 4
111 191 10
111 193 9
111 194 9
111 195 8
111 196 6
111 197 4
111 199 4
111 202 10
111 203 7
111 204 9
111 205 4
111 208 9
111 211 7
111 213 5
111 214 7
111 216 2
111 220 4
111 221 5
111 223 7
111 224 4
111 229 7
111 230 5
111 233 9
111 234 3
111 235 1
111 237 4
111 238 3
111 240 7
111 246 9
111 248 2
111 249 6
111 252 5
111 253 2
111 254 5
111 255 2
111 257 7
111 258 2
111 259 6
111 260 7
111 262 4
111 267 6
111 268 10
111 273 8
111 275 7
111 276 8
111 277 1
111 279 10
111 285 4
111 290 10
111 292 10
111 293 3
111 294 8
111 296 5
111 297 10
111 301 1
111 305 4
111 306 6
111 308 4
111 309 8
111 311 5
111 313 9
111 314 9
111 315 9
111 317 4
111 319 4
111 320 10
111 322 1
111 325 5
111 326 3
111 328 9
111 329 2
111 330 2
111 332 10
111 334 9
111 335 10
111 337 4
111 338 6
111 340 5
111 342 2
111 359 6
111 360 8
111 361 4
111 362 6
111 364 4
111 365 8
111 370 1
111 376 2
111 377 10
111 378 3
111 379 4
111 380 9
111 381 9
111 382 6
111 383 2
111 385 1
111 388 4
111 389 10
111 395 10
111 397 1
111 398 10
111 401 4
111 402 1
111 406 2
111 410 9
111 413 10
111 417 6
111 421 6
111 422 1
111 423 5
111 424 5
111 425 2
111 426 1
111 428 7
111 431 9
111 434 5
111 435 1
111 436 8
111 437 3
111 440 4
111 441 7
111 442 5
111 443 7
111 445 7
111 446 8
111 448 8
111 449 1
111 450 4
111 451 3
111 452 10
111 453 10
111 455 6
111 458 6
111 459 3
111 467 5
111 468 3
111 471 10
111 472 2
111 473 9
111 474 9
111 475 1
111 477 10
111 478 3
111 479 10
111 480 10
111 482 4
111 484 10
111 487 10
111 488 3
111 490 4
111 493 1
111 499 5
112 115 8
112 117 3
112 118 2
112 120 8
112 123 4
112 124 7
112 125 7
112 127 7
112 129 9
112 130 8
112 136 9
112 137 8
112 139 7
112 140 9
112 144 2
112 146 8
112 148 8
112 150 7
112 151 2
112 152 4
112 153 2
112 158 7
112 160 10
112 166 10
112 167 7
112 168 2
112 173 6
112 175 5
112 176 2
112 177 1
112 178 8
112 182 2
112 183 6
112 187 1
112 188 7
112 190 5
112 191 8
112 198 3
112 200 10
112 203 10
112 204 5
112 205 7
112 208 7
112 210 10
112 213 4
112 215 4
112 216 4
112 217 7
112 219 7
112 225 10
112 227 3
112 228 8
112 229 6
112 230 7
112 232 4
112 233 9
112 239 4
112 243 10
112 244 6
112 246 3
112 249 6
112 252 3
112 253 1
112 255 6
112 256 6
112 259 5
112 261 3
112 262 1
112 265 10
112 267 3
112 276 5
112 277 7
112 282 7
112 284 4
112 285 6
112 286 6
112 287 3
112 288 7
112 290 1
112 291 8
112 294 7
112 295 2
112 296 8
112 297 6
112 298 3
112 300 4
112 308 4
112 312 6
112 314 8
112 317 9
112 320 9
112 322 3
112 323 6
112 328 9
112 333 10
112 335 9
112 336 9
112 337 4
112 340 8
112 341 2
112 342 2
112 344 6
112 346 6
112 347 5
112 348 6
112 350 4
112 351 5
112 353 8
112 355 10
112 358 1
112 359 8
112 364 2
112 367 5
112 368 4
112 370 2
112 372 9
112 375 9
112 385 5
112 386 2
112 387 2
112 388 4
112 390 7
112 392 2
112 394 1
112 396 10
112 398 8
112 399 3
112 402 5
112 404 10
112 408 10
112 409 4
112 412 7
112 413 10
112 414 7
112 418 1
112 422 5
112 423 9
112 426 8
112 427 8
112 428 5
112 430 1
112 432 3
112 434 3
112 435 2
112 436 4
112 437 2
112 438 6
112 439 10
112 443 8
112 445 1
112 447 3
112 449 2
112 451 10
112 452 8
112 455 6
112 456 3
112 459 10
112 461 6
112 462 5
112 463 5
112 466 3
112 471 3
112 472 1
112 473 4
112 476 5
112 477 2
112 478 3
112 481 2
112 482 8
112 483 2
112 485 9
112 486 1
112 488 9
112 490 7
112 494 3
112 495 4
112 496 8
112 499 9
113 114 2
113 116 1
113 117 2
113 118 10
113 120 1
113 122 4
113 123 10
113 124 3
113 129 3
113 131 6
113 132 1
113 137 2
113 138 3
113 140 9
113 141 10
113 142 2
113 146 1
113 148 3
113 151 1
113 155 7
113 157 4
113 158 7
113 159 1
113 160 7
113 162 5
113 164 1
113 165 10
113 166 4
113 167 1
113 168 1
113 169 1
113 170 3
113 173 1
113 176 5
113 177 4
113 181 6
113 184 10
113 188 3
113 189 2
113 191 9
113 192 6
113 193 5
113 194 9
113 197 9
113 199 4
113 200 6
113 201 9
113 202 8
113 205 8
113 206 3
113 209 3
113 210 5
113 211 7
113 215 9
113 217 1
113 219 1
113 221 5
113 222 4
113 223 1
113 224 3
113 225 6
113 226 7
113 229 2
113 232 3
113 234 1
113 236 5
113 238 2
113 240 2
113 242 9
113 244 4
113 247 3
113 250 4
113 253 4
113 255 10
113 257 1
113 258 4
113 261 10
113 262 10
113 264 4
113 265 8
113 266 1
113 267 9
113 268 1
113 269 4
113 271 4
113 273 4
113 274 3
113 277 9
113 280 9
113 281 6
113 282 4
113 285 10
113 286 10
113 287 5
113 288 1
113 290 9
113 291 4
113 297 8
113 298 1
113 300 9
113 302 4
113 303 7
113 305 8
113 306 2
113 309 6
113 310 1
113 311 7
113 313 10
113 316 7
113 317 9
113 319 7
113 324 10
113 325 9
113 326 6
113 327 2
113 331 3
113 332 10
113 333 9
113 336 5
113 337 10
113 338 5
113 339 10
113 340 3
113 341 5
113 343 5
113 344 9
113 345 2
113 348 2
113 349 5
113 350 6
113 351 9
113 353 8
113 355 9
113 359 2
113 363 3
113 364 7
113 365 6
113 366 4
113 368 1
113 372 10
113 373 6
113 379 9
113 380 5
113 384 3
113 386 9
113 389 2
113 392 4
113 394 7
113 395 3
113 397 3
113 398 5
113 399 3
113 401 6
113 407 7
113 409 4
113 411 6
113 414 5
113 416 10
113 417 2
113 419 6
113 424 8
113 426 3
113 427 9
113 429 5
113 431 8
113 432 6
113 436 8
113 437 2
113 438 8
113 439 2
113 441 1
113 442 10
113 445 2
113 446 7
113 449 2
113 450 5
113 451 9
113 454 9
113 455 5
113 457 4
113 459 6
113 460 2
113 464 2
113 465 1
113 466 3
113 471 10
113 472 9
113 474 6
113 476 6
113 480 8
113 482 9
113 485 8
113 486 2
113 487 4
113 488 2
113 489 10
113 490 10
113 491 8
113 492 5
113 495 5
113 496 7
113 497 9
113 499 7
114 115 5
114 116 7
114 117 9
114 119 10
114 122 4
114 124 3
114 126 7
114 127 5
114 128 9
114 129 7
114 131 8
114 132 1
114 133 1
114 135 8
114 136 4
114 137 1
114 142 2
114 143 9
114 144 8
114 145 3
114 150 10
114 151 5
114 152 2
114 153 1
114 155 5
114 156 3
114 158 8
114 159 5
114 160 7
114 162 3
114 165 1
114 166 2
114 168 8
114 171 8
114 177 10
114 180 4
114 181 6
114 183 1
114 184 1
114 188 1
114 190 7
114 191 5
114 193 4
114 194 1
114 196 1
114 198 9
114 200 2
114 201 10
114 203 10
114 204 4
114 206 9
114 208 10
114 209 7
114 210 4
114 214 8
114 215 2
114 219 3
114 222 1
114 223 2
114 224 4
114 225 2
114 226 6
114 227 6
114 229 1
114 231 5
114 233 5
114 234 4
114 235 8
114 236 5
114 239 6
114 241 4
114 243 7
114 244 8
114 249 5
114 250 7
114 253 5
114 255 7
114 258 3
114 259 10
114 263 4
114 265 9
114 266 10
114 268 2
114 270 1
114 272 8
114 273 6
114 274 6
114 276 7
114 277 5
114 280 6
114 283 2
114 287 3
114 288 7
114 290 4
114 291 9
114 295 2
114 296 10
114 300 8
114 302 10
114 303 10
114 304 1
114 305 9
114 306 1
114 307 8
114 310 7
114 311 8
114 313 8
114 314 4
114 315 8
114 316 9
114 318 1
114 319 6
114 325 5
114 326 5
114 327 6
114 328 6
114 330 5
114 332 2
114 334 4
114 337 5
114 342 1
114 343 6
114 344 2
114 346 4
114 348 4
114 351 8
114 355 8
114 357 1
114 360 6
114 362 8
114 363 7
114 364 2
114 365 3
114 366 2
114 367 1
114 369 5
114 370 2
114 372 9
114 373 9
114 378 10
114 379 5
114 381 6
114 382 7
114 388 8
114 391 6
114 392 7
114 393 6
114 395 5
114 398 10
114 405 1
114 410 2
114 412 2
114 413 5
114 416 9
114 420 1
114 422 3
114 424 3
114 425 5
114 426 4
114 427 4
114 428 5
114 430 6
114 431 3
114 432 6
114 433 4
114 434 9
114 436 4
114 438 8
114 439 6
114 441 3
114 442 8
114 445 3
114 446 4
114 449 1
114 450 6
114 453 9
114 454 3
114 455 1
114 457 7
114 460 9
114 461 4
114 466 3
114 467 2
114 468 10
114 469 9
114 473 4
114 474 7
114 478 4
114 480 10
114 484 7
114 488 10
114 489 4
114 490 3
114 493 7
115 116 3
115 118 4
115 122 3
115 123 8
115 129 9
115 130 7
115 131 2
115 133 10
115 137 10
115 139 1
115 140 3
115 141 3
115 144 3
115 146 9
115 151 8
115 153 5
115 157 8
115 158 1
115 162 7
115 164 3
115 166 5
115 167 9
115 169 10
115 170 10
115 172 10
115 173 7
115 174 8
115 175 10
115 176 3
115 178 7
115 179 2
115 182 3
115 183 6
115 187 3
115 188 9
115 191 4
115 195 1
115 196 10
115 197 10
115 198 6
115 211 8
115 214 9
115 216 2
115 218 5
115 220 3
115 223 2
115 227 4
115 228 2
115 230 9
115 232 5
115 233 9
115 236 9
115 238 1
115 241 2
115 243 3
115 244 4
115 245 5
115 247 5
115 249 8
115 251 8
115 252 7
115 253 7
115 256 1
115 258 8
115 264 4
115 265 10
115 267 7
115 269 7
115 271 4
115 273 1
115 275 1
115 276 6
115 280 4
115 281 7
115 282 3
115 283 9
115 286 9
115 288 7
115 289 7
115 294 5
115 295 8
115 296 9
115 299 4
115 300 6
115 302 4
115 305 5
115 306 8
115 308 3
115 311 4
115 313 8
115 314 5
115 315 5
115 320 10
115 322 10
115 324 9
115 326 9
115 327 1
115 328 6
115 330 9
115 331 1
115 332 5
115 333 5
115 334 2
115 335 3
115 336 9
115 337 6
115 338 7
115 339 1
115 342 3
115 344 2
115 345 8
115 346 2
115 347 4
115 354 9
115 357 7
115 358 1
115 360 4
115 362 4
115 364 4
115 367 10
115 368 6
115 369 5
115 370 8
115 371 5
115 374 3
115 376 1
115 381 5
115 383 2
115 385 1
115 387 1
115 388 9
115 392 6
115 395 3
115 398 10
115 399 9
115 400 5
115 402 8
115 405 6
115 407 7
115 408 8
115 409 8
115 412 9
115 413 4
115 415 4
115 416 5
115 418 1
115 420 5
115 422 1
115 429 6
115 432 2
115 434 6
115 437 5
115 438 10
115 441 8
115 442 10
115 443 7
115 445 3
115 446 6
115 449 3
115 451 10
115 452 4
115 455 5
115 456 9
115 458 10
115 459 1
115 461 10
115 462 10
115 463 4
115 464 3
115 465 7
115 478 8
115 481 1
115 486 5
115 488 3
115 489 5
115 492 1
115 493 9
115 494 6
115 495 6
115 496 7
115 497 6
116 122 9
116 124 10
116 125 6
116 126 1
116 127 5
116 128 3
116 129 4
116 132 7
116 134 4
116 135 5
116 136 7
116 142 3
116 144 8
116 145 8
116 147 3
116 148 6
116 149 1
116 150 8
116 151 8
116 154 9
116 156 8
116 157 7
116 158 6
116 159 8
116 160 4
116 161 7
116 162 9
116 164 9
116 166 6
116 168 10
116 173 7
116 175 9
116 176 7
116 178 9
116 179 1
116 180 2
116 182 7
116 183 1
116 185 1
116 186 6
116 187 6
116 188 6
116 189 5
116 191 9
116 192 10
116 194 5
116 196 7
116 199 4
116 200 9
116 201 6
116 205 2
116 206 8
116 207 10
116 208 2
116 209 5
116 213 10
116 214 4
116 216 5
116 219 9
116 220 9
116 222 3
116 224 1
116 228 7
116 229 5
116 230 3
116 232 1
116 234 3
116 236 1
116 239 1
116 240 5
116 241 2
116 243 1
116 244 2
116 253 3
116 257 5
116 258 2
116 259 5
116 260 9
116 261 2
116 262 10
116 263 8
116 264 3
116 266 8
116 267 7
116 268 5
116 270 4
116 271 3
116 272 7
116 275 3
116 276 5
116 282 7
116 285 9
116 286 2
116 288 3
116 290 6
116 291 6
116 292 2
116 297 1
116 298 4
116 299 10
116 301 4
116 304 5
116 305 4
116 308 6
116 309 7
116 310 2
116 313 5
116 314 1
116 315 6
116 319 4
116 328 1
116 329 7
116 332 2
116 342 5
116 344 5
116 346 1
116 347 9
116 350 5
116 353 2
116 354 7
116 355 7
116 359 9
116 361 5
116 362 7
116 365 4
116 366 3
116 370 10
116 371 8
116 377 8
116 378 4
116 379 8
116 380 7
116 382 5
116 387 7
116 388 2
116 390 1
116 391 10
116 393 2
116 395 4
116 396 8
116 397 2
116 398 4
116 399 10
116 400 2
116 401 5
116 402 9
116 403 1
116 404 6
116 409 3
116 410 9
116 411 6
116 413 5
116 414 4
116 415 10
116 416 6
116 417 3
116 418 2
116 419 9
116 422 8
116 426 4
116 431 5
116 432 5
116 433 4
116 434 3
116 435 5
116 438 6
116 440 7
116 441 6
116 445 4
116 448 8
116 449 3
116 451 1
116 452 7
116 454 9
116 458 5
116 461 2
116 462 9
116 464 7
116 466 2
116 469 3
116 470 3
116 471 6
116 472 10
116 476 7
116 477 6
116 478 9
116 479 7
116 480 2
116 482 5
116 483 6
116 484 7
116 489 4
116 490 6
116 491 10
116 492 5
116 494 1
116 495 8
116 498 3
116 499 5
117 119 10
117 121 5
117 124 2
117 125 3
117 129 3
117 132 5
117 140 5
117 141 6
117 142 1
117 144 6
117 145 1
117 147 6
117 149 6
117 151 7
117 152 4
117 154 6
117 158 3
117 160 3
117 161 8
117 162 5
117 163 8
117 164 3
117 167 7
117 168 6
117 169 6
117 172 8
117 173 3
117 175 10
117 179 7
117 180 6
117 181 2
117 182 2
117 183 8
117 184 4
117 188 8
117 190 4
117 193 8
117 197 8
117 200 1
117 201 9
117 203 3
117 205 4
117 207 2
117 209 4
117 210 5
117 220 8
117 221 2
117 223 4
117 227 10
117 229 7
117 232 1
117 234 6
117 236 6
117 238 7
117 239 9
117 240 2
117 241 9
117 242 3
117 244 9
117 245 2
117 249 9
117 250 7
117 251 7
117 252 8
117 253 8
117 255 7
117 256 3
117 259 8
117 261 4
117 262 2
117 264 7
117 266 5
117 269 1
117 271 5
117 272 5
117 274 3
117 275 9
117 276 2
117 278 10
117 282 3
117 283 1
117 285 1
117 287 1
117 288 9
117 291 8
117 294 6
117 296 4
117 297 6
117 301 9
117 302 1
117 304 8
117 305 2
117 307 1
117 308 5
117 312 3
117 313 1
117 314 3
117 318 9
117 319 8
117 321 9
117 322 2
117 325 5
117 326 5
117 329 9
117 330 10
117 333 6
117 334 3
117 335 7
117 339 7
117 340 6
117 343 3
117 347 9
117 348 8
117 354 9
117 355 7
117 359 3
117 361 1
117 363 1
117 365 8
117 367 1
117 368 10
117 369 8
117 370 10
117 371 6
117 374 6
117 375 1
117 376 10
117 377 10
117 378 2
117 380 8
117 381 2
117 382 10
117 385 2
117 387 8
117 388 1
117 392 9
117 394 10
117 395 2
117 396 9
117 397 5
117 398 6
117 400 7
117 402 8
117 405 9
117 408 4
117 409 7
117 413 10
117 414 2
117 415 3
117 416 9
117 418 7
117 420 8
117 424 7
117 425 3
117 427 6
117 428 1
117 429 4
117 432 6
117 434 1
117 438 4
117 439 3
117 441 2
117 444 1
117 445 8
117 446 4
117 448 7
117 453 10
117 454 9
117 455 1
117 458 5
117 460 5
117 461 6
117 467 5
117 468 8
117 469 1
117 470 6
117 474 3
117 478 6
117 479 10
117 481 1
117 482 9
117 483 1
117 485 2
117 487 4
117 488 4
117 489 2
117 492 5
117 493 9
117 494 2
117 498 6
117 499 5
118 119 9
118 122 9
118 124 8
118 125 4
118 126 5
118 128 3
118 129 10
118 131 1
118 132 4
118 138 2
118 141 3
118 143 7
118 144 8
118 145 7
118 146 2
118 147 8
118 149 10
118 150 7
118 152 1
118 153 7
118 155 3
118 156 2
118 158 2
118 161 3
118 163 6
118 165 7
118 166 4
118 169 3
118 170 3
118 172 2
118 173 6
118 174 8
118 178 8
118 180 9
118 183 1
118 184 10
118 187 7
118 188 7
118 189 8
118 190 5
118 191 9
118 196 8
118 201 10
118 204 8
118 206 3
118 208 7
118 209 4
118 211 3
118 213 5
118 214 9
118 215 9
118 217 3
118 219 9
118 220 8
118 222 10
118 225 9
118 226 4
118 232 3
118 233 4
118 235 1
118 237 7
118 238 2
118 241 7
118 243 9
118 245 2
118 247 10
118 248 1
118 250 1
118 251 4
118 252 10
118 253 1
118 254 7
118 255 6
118 256 9
118 257 2
118 262 2
118 263 2
118 264 5
118 268 2
118 272 6
118 274 2
118 276 7
118 277 4
118 282 5
118 285 7
118 288 1
118 291 4
118 292 6
118 294 1
118 295 4
118 300 5
118 301 4
118 303 8
118 305 9
118 310 2
118 311 3
118 312 2
118 313 8
118 314 5
118 315 8
118 316 6
118 318 6
118 319 8
118 320 2
118 321 10
118 322 6
118 323 1
118 324 4
118 325 6
118 326 5
118 327 8
118 328 6
118 330 9
118 331 6
118 334 4
118 337 2
118 339 9
118 340 10
118 341 8
118 342 7
118 349 2
118 351 9
118 352 8
118 356 8
118 360 10
118 361 8
118 373 9
118 374 1
118 376 5
118 377 1
118 379 10
118 382 9
118 383 8
118 386 3
118 387 9
118 388 8
118 390 7
118 391 3
118 393 4
118 396 7
118 397 10
118 398 1
118 399 2
118 403 8
118 407 4
118 408 4
118 411 9
118 416 10
118 419 3
118 425 10
118 426 9
118 427 9
118 429 3
118 433 6
118 435 8
118 436 9
118 437 8
118 441 5
118 445 6
118 447 5
118 449 4
118 452 10
118 456 10
118 459 9
118 460 3
118 461 3
118 462 3
118 463 5
118 467 1
118 469 4
118 470 1
118 471 10
118 476 10
118 477 1
118 479 1
118 481 9
118 482 8
118 483 4
118 485 3
118 486 7
118 487 6
118 491 1
118 492 5
118 493 1
118 494 8
118 495 6
118 497 4
119 120 8
119 123 3
119 124 8
119 125 6
119 126 9
119 127 6
119 128 6
119 129 1
119 130 2
119 131 5
119 133 3
119 134 6
119 135 6
119 137 5
119 141 5
119 142 2
119 143 5
119 145 2
119 146 6
119 147 8
119 149 10
119 150 9
119 151 2
119 152 2
119 153 10
119 158 6
119 162 9
119 164 10
119 165 10
119 166 3
119 169 3
119 173 6
119 174 10
119 176 4
119 178 10
119 179 2
119 180 7
119 182 6
119 183 6
119 186 8
119 187 5
119 189 9
119 190 3
119 192 5
119 193 4
119 195 3
119 197 5
119 200 4
119 206 9
119 207 10
119 210 4
119 212 4
119 214 3
119 218 6
119 219 8
119 221 1
119 222 1
119 225 1
119 230 3
119 232 10
119 234 3
119 235 9
119 236 7
119 239 4
119 241 8
119 245 3
119 246 5
119 247 7
119 248 4
119 249 7
119 252 9
119 254 6
119 256 6
119 259 10
119 261 7
119 263 5
119 265 6
119 266 3
119 267 3
119 272 9
119 274 1
119 276 2
119 278 9
119 280 3
119 282 1
119 289 4
119 290 1
119 291 6
119 292 5
119 293 6
119 294 4
119 296 6
119 297 9
119 298 4
119 301 6
119 308 9
119 310 7
119 311 1
119 313 2
119 316 10
119 318 3
119 319 9
119 322 3
119 323 10
119 325 8
119 327 3
119 329 3
119 332 1
119 333 4
119 336 3
119 337 8
119 338 1
119 348 1
119 349 5
119 350 5
119 352 4
119 353 4
119 354 1
119 360 7
119 361 3
119 362 1
119 367 4
119 368 1
119 371 4
119 373 1
119 376 1
119 379 5
119 385 2
119 387 9
119 388 10
119 389 4
119 390 9
119 393 1
119 394 10
119 400 7
119 401 9
119 404 1
119 407 1
119 410 7
119 413 2
119 415 6
119 419 10
119 420 6
119 423 7
119 424 4
119 425 8
119 426 10
119 428 10
119 429 7
119 433 7
119 434 2
119 436 10
119 437 2
119 438 7
119 439 6
119 440 2
119 441 9
119 443 5
119 444 7
119 445 3
119 450 3
119 454 5
119 455 9
119 459 7
119 464 10
119 468 8
119 469 2
119 470 7
119 472 8
119 477 2
119 480 1
119 482 4
119 485 1
119 486 6
119 487 1
119 489 7
119 491 3
119 495 8
120 128 6
120 129 3
120 130 8
120 133 1
120 134 6
120 137 8
120 141 2
120 143 9
120 144 3
120 145 8
120 146 1
120 147 5
120 148 7
120 149 2
120 150 8
120 151 1
120 152 4
120 153 5
120 154 1
120 155 3
120 157 9
120 158 1
120 159 3
120 166 3
120 167 7
120 168 5
120 170 3
120 171 3
120 172 10
120 173 4
120 175 1
120 176 4
120 177 10
120 178 7
120 179 7
120 181 1
120 182 3
120 183 9
120 184 9
120 186 7
120 187 1
120 191 10
120 194 3
120 197 10
120 202 7
120 205 3
120 206 9
120 207 10
120 209 9
120 210 2
120 211 9
120 214 2
120 215 8
120 216 10
120 219 9
120 220 3
120 221 7
120 225 2
120 227 9
120 229 2
120 230 7
120 232 8
120 237 1
120 238 6
120 239 10
120 245 5
120 246 4
120 248 9
120 254 9
120 255 10
120 256 2
120 258 9
120 259 5
120 265 7
120 267 6
120 270 3
120 272 2
120 273 3
120 276 1
120 278 4
120 280 10
120 281 5
120 282 10
120 284 6
120 289 4
120 293 4
120 297 1
120 299 2
120 300 1
120 303 6
120 306 1
120 307 7
120 309 8
120 310 4
120 313 2
120 314 3
120 315 1
120 317 10
120 321 7
120 322 6
120 323 1
120 325 6
120 326 3
120 327 8
120 329 8
120 333 8
120 337 1
120 338 7
120 339 10
120 340 8
120 342 8
120 347 9
120 348 8
120 352 10
120 353 8
120 354 5
120 358 3
120 361 8
120 363 9
120 364 1
120 365 6
120 367 8
120 368 5
120 370 2
120 371 3
120 373 5
120 374 4
120 378 5
120 380 1
120 382 1
120 384 7
120 386 4
120 387 6
120 388 10
120 393 3
120 397 10
120 400 8
120 401 7
120 402 4
120 404 6
120 406 3
120 408 2
120 409 6
120 411 5
120 413 8
120 417 9
120 420 7
120 421 3
120 423 5
120 425 9
120 426 7
120 427 4
120 430 5
120 431 7
120 433 2
120 436 8
120 437 9
120 438 8
120 444 6
120 445 1
120 446 2
120 450 5
120 451 4
120 452 4
120 454 1
120 455 8
120 456 8
120 457 1
120 458 8
120 460 6
120 462 5
120 463 8
120 464 3
120 465 7
120 466 3
120 468 5
120 470 2
120 471 8
120 474 10
120 478 4
120 479 4
120 481 4
120 483 1
120 484 7
120 486 3
120 487 5
120 490 3
120 491 10
120 496 6
120 497 8
121 122 8
121 123 10
121 125 5
121 126 8
121 127 10
121 128 3
121 129 6
121 130 5
121 132 2
121 136 3
121 137 8
121 138 10
121 141 6
121 142 6
121 143 2
121 145 3
121 147 6
121 148 3
121 149 4
121 152 3
121 154 5
121 155 8
121 156 3
121 157 6
121 158 5
121 161 10
121 163 7
121 164 1
121 166 6
121 168 2
121 170 4
121 172 4
121 173 6
121 176 9
121 179 2
121 186 10
121 187 5
121 190 10
121 191 8
121 195 10
121 198 6
121 199 4
121 200 10
121 201 5
121 203 5
121 204 9
121 205 7
121 206 8
121 208 9
121 209 10
121 215 9
121 217 2
121 218 8
121 224 9
121 226 1
121 228 1
121 229 6
121 230 4
121 233 4
121 235 10
121 236 5
121 242 10
121 245 5
121 247 6
121 248 4
121 249 7
121 254 10
121 256 7
121 257 1
121 260 5
121 261 9
121 265 8
121 267 1
121 268 7
121 271 5
121 272 6
121 273 9
121 275 4
121 278 9
121 279 8
121 281 4
121 282 8
121 283 9
121 284 7
121 285 8
121 287 1
121 289 9
121 292 6
121 293 6
121 296 1
121 298 2
121 299 3
121 303 7
121 307 4
121 312 7
121 313 7
121 317 7
121 318 6
121 319 10
121 320 10
121 322 4
121 324 8
121 325 8
121 328 2
121 329 8
121 331 9
121 332 9
121 333 9
121 334 6
121 335 3
121 336 10
121 338 8
121 340 1
121 343 6
121 345 6
121 346 10
121 348 4
121 349 5
121 351 7
121 353 4
121 355 7
121 356 6
121 357 8
121 360 3
121 361 6
121 362 7
121 363 3
121 364 1
121 366 4
121 367 1
121 368 3
121 370 2
121 374 4
121 375 6
121 376 10
121 377 2
121 383 2
121 386 10
121 388 6
121 390 9
121 391 4
121 392 7
121 397 4
121 399 1
121 400 9
121 402 1
121 403 10
121 407 6
121 411 5
121 412 5
121 415 2
121 416 5
121 418 10
121 419 7
121 421 2
121 424 2
121 425 6
121 428 10
121 429 6
121 431 10
121 432 8
121 434 2
121 436 10
121 438 6
121 441 2
121 442 3
121 443 8
121 444 7
121 447 2
121 448 5
121 451 3
121 452 9
121 456 9
121 457 1
121 459 4
121 460 10
121 462 3
121 463 10
121 464 4
121 465 9
121 467 10
121 468 6
121 470 6
121 471 3
121 473 1
121 474 1
121 479 5
121 481 4
121 484 7
121 486 3
121 488 7
121 498 3
122 124 10
122 125 6
122 126 8
122 127 1
122 128 5
122 129 3
122 131 8
122 132 1
122 133 7
122 134 9
122 135 6
122 137 10
122 139 4
122 140 2
122 142 1
122 145 7
122 146 5
122 148 10
122 149 10
122 150 10
122 154 3
122 155 2
122 156 2
122 158 10
122 159 5
122 162 2
122 163 7
122 165 1
122 166 2
122 170 3
122 172 7
122 173 10
122 176 8
122 178 9
122 179 8
122 182 10
122 185 9
122 186 6
122 190 6
122 192 6
122 196 9
122 197 3
122 199 2
122 200 2
122 202 5
122 204 9
122 205 1
122 206 1
122 208 2
122 211 8
122 212 9
122 213 3
122 214 9
122 216 1
122 217 1
122 218 10
122 220 4
122 221 2
122 223 9
122 224 8
122 227 6
122 229 2
122 230 1
122 232 6
122 233 5
122 238 10
122 239 9
122 241 1
122 242 7
122 243 5
122 244 10
122 245 5
122 247 1
122 251 8
122 252 6
122 253 5
122 254 10
122 259 3
122 262 1
122 264 4
122 265 6
122 267 5
122 268 2
122 271 1
122 275 9
122 278 5
122 290 5
122 295 3
122 296 9
122 297 3
122 298 7
122 299 9
122 300 5
122 301 8
122 303 9
122 305 1
122 306 6
122 307 3
122 308 10
122 312 1
122 316 9
122 319 10
122 320 1
122 330 10
122 331 6
122 333 10
122 334 6
122 335 9
122 339 8
122 341 2
122 343 8
122 344 8
122 354 3
122 358 2
122 360 4
122 362 3
122 363 9
122 364 6
122 365 5
122 367 9
122 369 2
122 370 5
122 376 6
122 377 3
122 378 7
122 382 7
122 384 2
122 385 6
122 388 1
122 390 4
122 391 10
122 398 2
122 400 8
122 401 1
122 402 1
122 404 3
122 405 1
122 407 5
122 408 10
122 409 5
122 411 1
122 414 7
122 416 5
122 420 2
122 421 4
122 423 5
122 425 1
122 428 2
122 429 7
122 431 2
122 433 7
122 434 3
122 439 5
122 445 1
122 447 5
122 451 6
122 452 7
122 453 9
122 454 8
122 458 9
122 460 6
122 463 3
122 464 9
122 468 5
122 470 10
122 474 5
122 475 4
122 477 8
122 481 1
122 482 9
122 484 2
122 486 1
122 487 10
122 489 6
122 490 1
122 494 2
122 495 9
122 497 4
123 124 6
123 127 2
123 133 6
123 134 2
123 135 4
123 138 10
123 139 1
123 141 8
123 142 9
123 145 2
123 146 8
123 147 8
123 149 4
123 150 9
123 151 6
123 153 9
123 155 4
123 156 6
123 157 7
123 164 6
123 165 3
123 167 5
123 169 1
123 171 5
123 172 4
123 174 8
123 175 10
123 176 7
123 179 10
123 180 1
123 181 2
123 182 10
123 184 8
123 186 7
123 187 6
123 188 4
123 190 10
123 191 4
123 192 3
123 194 4
123 195 4
123 200 7
123 201 5
123 203 4
123 206 6
123 207 10
123 208 1
123 209 3
123 210 7
123 211 4
123 212 1
123 215 5
123 218 4
123 219 4
123 220 10
123 221 9
123 223 3
123 225 9
123 226 3
123 227 1
123 229 10
123 230 1
123 232 6
123 233 3
123 234 10
123 237 5
123 240 6
123 241 5
123 243 5
123 244 9
123 245 7
123 246 8
123 249 8
123 255 8
123 257 8
123 258 5
123 259 6
123 261 9
123 263 4
123 264 7
123 266 3
123 267 1
123 268 9
123 270 4
123 272 5
123 273 9
123 275 7
123 276 5
123 277 2
123 278 2
123 279 7
123 281 10
123 283 9
123 284 9
123 287 10
123 289 10
123 290 10
123 291 4
123 293 1
123 297 3
123 300 1
123 301 9
123 310 7
123 312 1
123 313 1
123 315 2
123 318 4
123 321 8
123 323 8
123 324 8
123 325 3
123 328 9
123 329 7
123 333 8
123 341 10
123 344 6
123 346 5
123 348 8
123 349 8
123 356 5
123 360 7
123 361 4
123 362 7
123 363 5
123 364 3
123 365 4
123 366 5
123 370 5
123 375 4
123 376 6
123 378 1
123 379 2
123 380 1
123 381 6
123 385 3
123 386 3
123 389 10
123 390 2
123 395 3
123 400 10
123 401 6
123 403 3
123 405 5
123 406 1
123 408 10
123 410 7
123 412 9
123 415 2
123 416 8
123 417 3
123 418 2
123 419 2
123 421 9
123 424 9
123 425 2
123 427 9
123 430 2
123 432 1
123 434 9
123 438 9
123 440 5
123 441 4
123 443 5
123 447 1
123 448 9
123 449 8
123 450 4
123 451 2
123 452 8
123 454 5
123 455 9
123 456 9
123 460 4
123 462 8
123 464 1
123 467 8
123 468 8
123 469 1
123 470 4
123 471 4
123 474 10
123 475 9
123 476 3
123 483 7
123 484 5
123 485 4
123 486 4
123 487 2
123 489 6
123 491 6
123 493 2
123 494 7
123 499 7
124 129 3
124 130 3
124 131 5
124 135 7
124 136 7
124 137 8
124 138 3
124 147 2
124 150 7
124 151 5
124 153 8
124 155 9
124 156 2
124 157 3
124 158 7
124 159 2
124 160 10
124 161 3
124 162 1
124 163 1
124 164 4
124 165 2
124 166 7
124 168 4
124 172 2
124 177 5
124 178 2
124 179 5
124 181 3
124 182 10
124 188 2
124 192 8
124 195 8
124 196 7
124 197 1
124 198 9
124 205 7
124 206 4
124 207 2
124 208 2
124 213 9
124 214 8
124 215 2
124 216 10
124 222 2
124 224 2
124 225 5
124 228 8
124 229 4
124 230 6
124 231 3
124 233 10
124 234 2
124 235 8
124 236 1
124 240 5
124 244 2
124 245 2
124 246 2
124 247 9
124 248 2
124 249 6
124 253 10
124 254 10
124 256 3
124 258 2
124 259 2
124 260 3
124 262 9
124 264 6
124 265 8
124 266 8
124 267 10
124 268 9
124 272 4
124 275 1
124 277 7
124 282 5
124 285 7
124 287 1
124 289 4
124 293 2
124 294 9
124 295 3
124 296 7
124 302 8
124 306 3
124 308 1
124 309 9
124 312 8
124 314 9
124 315 10
124 316 4
124 317 10
124 319 10
124 323 7
124 324 6
124 325 3
124 329 3
124 331 3
124 334 10
124 335 6
124 336 3
124 340 1
124 344 2
124 346 2
124 348 8
124 349 2
124 351 7
124 352 5
124 355 7
124 357 9
124 358 9
124 361 2
124 362 7
124 365 2
124 369 1
124 370 6
124 372 9
124 374 2
124 376 4
124 379 3
124 383 1
124 387 8
124 389 8
124 390 2
124 391 7
124 392 9
124 393 10
124 394 5
124 397 9
124 398 3
124 401 7
124 402 8
124 404 6
124 405 8
124 406 4
124 407 6
124 408 3
124 413 6
124 415 10
124 418 3
124 419 2
124 420 8
124 421 3
124 422 10
124 424 1
124 426 5
124 428 1
124 429 7
124 432 2
124 433 4
124 434 5
124 435 2
124 437 5
124 438 8
124 440 10
124 441 3
124 442 8
124 443 6
124 444 9
124 445 5
124 447 7
124 450 1
124 451 6
124 455 1
124 461 4
124 464 3
124 465 10
124 466 1
124 467 5
124 468 8
124 470 3
124 475 5
124 476 2
124 477 6
124 478 3
124 483 1
124 484 4
124 485 5
124 486 7
124 488 3
124 491 7
124 494 6
124 496 7
124 497 1
124 499 7
125 127 8
125 138 8
125 139 8
125 140 1
125 141 4
125 144 4
125 148 6
125 150 2
125 154 4
125 156 1
125 158 8
125 159 10
125 163 2
125 165 4
125 169 5
125 170 4
125 171 2
125 172 6
125 174 9
125 175 8
125 177 6
125 179 7
125 180 8
125 183 6
125 184 6
125 190 10
125 191 2
125 196 8
125 197 9
125 200 5
125 201 1
125 202 7
125 203 9
125 208 7
125 209 6
125 211 4
125 214 9
125 217 10
125 221 3
125 222 5
125 224 5
125 227 4
125 228 3
125 229 5
125 230 10
125 231 1
125 232 6
125 234 1
125 237 6
125 241 9
125 242 3
125 243 2
125 244 7
125 248 1
125 249 4
125 250 10
125 255 3
125 256 2
125 257 1
125 259 5
125 260 3
125 261 8
125 263 3
125 265 5
125 271 6
125 272 4
125 277 9
125 281 2
125 283 2
125 284 5
125 287 2
125 293 5
125 294 1
125 297 9
125 300 5
125 302 4
125 303 8
125 307 7
125 308 1
125 309 7
125 310 3
125 311 7
125 312 3
125 315 4
125 316 2
125 317 10
125 318 4
125 322 4
125 323 5
125 324 9
125 328 3
125 329 10
125 330 10
125 332 1
125 333 3
125 334 7
125 338 5
125 342 10
125 345 2
125 346 6
125 348 2
125 349 9
125 350 3
125 351 1
125 352 10
125 353 1
125 354 5
125 357 4
125 362 10
125 363 2
125 365 2
125 366 3
125 367 1
125 368 8
125 369 10
125 371 10
125 373 3
125 375 5
125 376 3
125 377 1
125 378 7
125 379 4
125 380 7
125 382 10
125 384 3
125 385 10
125 386 4
125 387 3
125 388 1
125 390 8
125 391 6
125 393 8
125 394 7
125 397 6
125 398 9
125 400 7
125 403 7
125 404 10
125 413 5
125 415 1
125 419 10
125 420 7
125 421 8
125 422 3
125 424 10
125 425 7
125 427 3
125 430 4
125 431 2
125 434 1
125 436 4
125 440 10
125 441 4
125 442 8
125 443 2
125 447 1
125 449 10
125 450 3
125 454 7
125 455 4
125 459 3
125 460 1
125 461 4
125 462 7
125 463 10
125 468 5
125 469 4
125 470 1
125 471 9
125 474 2
125 476 1
125 478 8
125 479 10
125 480 3
125 481 5
125 482 9
125 483 7
125 486 9
125 487 5
125 488 3
125 489 9
125 493 2
125 494 1
125 495 2
125 496 6
125 499 3
126 127 8
126 130 6
126 131 2
126 132 2
126 133 1
126 134 6
126 136 5
126 137 4
126 145 3
126 149 6
126 150 9
126 153 6
126 156 6
126 157 6
126 160 3
126 162 1
126 164 1
126 165 9
126 169 3
126 170 3
126 171 7
126 172 6
126 173 9
126 175 9
126 176 9
126 177 3
126 178 3
126 186 2
126 187 5
126 189 3
126 190 2
126 191 3
126 192 7
126 195 8
126 197 3
126 198 2
126 199 9
126 200 10
126 201 2
126 203 8
126 204 5
126 207 10
126 208 4
126 209 4
126 212 5
126 213 9
126 217 7
126 221 7
126 222 5
126 224 1
126 226 4
126 228 3
126 229 8
126 230 2
126 233 3
126 234 1
126 236 2
126 237 6
126 241 7
126 242 3
126 244 2
126 245 9
126 247 9
126 248 8
126 250 8
126 256 8
126 259 10
126 265 10
126 266 7
126 268 1
126 269 4
126 271 2
126 275 4
126 277 5
126 278 7
126 279 10
126 280 2
126 281 8
126 282 4
126 283 10
126 285 6
126 286 7
126 287 1
126 289 9
126 290 1
126 294 3
126 295 1
126 299 1
126 304 5
126 310 8
126 312 10
126 314 6
126 315 1
126 318 3
126 321 10
126 323 3
126 324 8
126 326 3
126 328 2
126 329 5
126 331 5
126 332 9
126 333 6
126 334 8
126 335 6
126 338 9
126 339 9
126 341 2
126 343 8
126 347 10
126 349 4
126 352 8
126 353 3
126 354 5
126 356 8
126 358 4
126 359 10
126 367 6
126 369 8
126 370 1
126 371 5
126 373 9
126 375 5
126 376 9
126 377 2
126 379 2
126 381 10
126 382 10
126 385 8
126 386 1
126 388 2
126 390 4
126 392 3
126 393 2
126 394 1
126 395 2
126 396 4
126 398 5
126 399 1
126 400 1
126 402 2
126 404 2
126 405 10
126 407 9
126 408 4
126 409 2
126 410 6
126 411 3
126 412 1
126 413 6
126 414 4
126 416 5
126 418 7
126 420 10
126 421 5
126 424 2
126 425 8
126 426 4
126 427 7
126 429 5
126 430 7
126 431 4
126 432 9
126 433 9
126 434 9
126 435 5
126 437 8
126 438 6
126 440 6
126 443 9
126 444 8
126 447 5
126 449 1
126 452 4
126 454 2
126 455 9
126 456 2
126 457 7
126 458 7
126 459 7
126 461 10
126 464 3
126 468 10
126 471 6
126 473 8
126 475 5
126 476 9
126 478 8
126 480 4
126 481 1
126 482 10
126 484 4
126 488 10
126 489 1
126 491 7
126 492 9
126 494 6
126 497 2
126 498 6
127 129 9
127 133 7
127 135 6
127 136 5
127 138 4
127 140 1
127 142 2
127 144 5
127 145 1
127 148 2
127 149 6
127 152 5
127 155 10
127 160 5
127 161 10
127 162 8
127 163 6
127 164 7
127 165 4
127 166 6
127 171 4
127 172 10
127 176 7
127 177 9
127 178 9
127 179 10
127 182 3
127 183 10
127 185 8
127 186 9
127 188 10
127 190 4
127 192 9
127 194 8
127 197 8
127 198 4
127 199 9
127 202 10
127 207 4
127 208 8
127 209 2
127 212 2
127 213 5
127 214 2
127 216 9
127 217 5
127 218 10
127 219 2
127 220 7
127 222 8
127 223 1
127 224 2
127 226 5
127 227 7
127 239 9
127 241 3
127 242 9
127 243 8
127 244 1
127 246 9
127 249 4
127 253 3
127 255 1
127 256 8
127 258 1
127 259 9
127 260 6
127 267 2
127 269 7
127 271 5
127 273 1
127 275 10
127 276 6
127 280 1
127 281 7
127 286 9
127 294 6
127 295 5
127 296 10
127 299 6
127 300 6
127 301 5
127 302 7
127 303 5
127 308 1
127 309 4
127 316 7
127 317 2
127 318 9
127 320 6
127 321 6
127 322 10
127 323 7
127 325 2
127 327 9
127 329 5
127 338 2
127 339 4
127 340 7
127 342 8
127 346 2
127 352 8
127 353 6
127 354 10
127 356 8
127 359 4
127 361 4
127 365 7
127 366 6
127 368 5
127 369 8
127 373 2
127 374 5
127 376 10
127 377 8
127 378 2
127 380 5
127 381 2
127 384 1
127 386 7
127 391 7
127 392 6
127 393 3
127 395 8
127 396 2
127 399 4
127 402 10
127 404 4
127 405 5
127 406 7
127 407 9
127 409 7
127 413 6
127 414 4
127 417 6
127 418 2
127 419 4
127 420 2
127 421 7
127 423 9
127 425 2
127 426 2
127 427 8
127 429 4
127 432 8
127 435 2
127 436 4
127 437 2
127 439 5
127 440 10
127 442 6
127 443 3
127 444 8
127 445 5
127 447 6
127 448 3
127 450 2
127 451 4
127 457 6
127 459 6
127 460 5
127 461 1
127 462 2
127 463 9
127 464 3
127 465 3
127 466 8
127 469 10
127 471 4
127 472 7
127 473 1
127 474 5
127 479 1
127 480 3
127 482 4
127 483 3
127 485 7
127 487 5
127 491 9
127 495 7
127 496 6
127 497 2
128 129 9
128 131 3
128 133 3
128 135 7
128 136 9
128 138 9
128 139 10
128 141 1
128 142 9
128 146 8
128 147 5
128 148 7
128 149 3
128 150 10
128 157 4
128 159 8
128 160 6
128 166 8
128 167 8
128 170 2
128 171 7
128 173 1
128 174 10
128 175 10
128 177 6
128 178 9
128 180 3
128 181 4
128 185 6
128 186 1
128 188 6
128 190 4
128 195 6
128 196 8
128 198 2
128 200 2
128 202 6
128 203 1
128 204 4
128 205 10
128 206 7
128 207 6
128 208 10
128 210 6
128 211 3
128 212 7
128 214 2
128 215 2
128 216 7
128 218 9
128 219 1
128 220 7
128 221 4
128 222 1
128 225 4
128 227 10
128 228 6
128 231 6
128 232 3
128 233 2
128 236 3
128 237 5
128 238 4
128 240 3
128 243 3
128 246 4
128 252 2
128 255 10
128 256 5
128 257 4
128 261 2
128 264 4
128 267 9
128 268 5
128 270 8
128 272 1
128 273 9
128 274 3
128 275 5
128 276 2
128 279 3
128 281 7
128 285 5
128 286 7
128 287 6
128 288 9
128 289 2
128 291 9
128 298 4
128 299 4
128 301 4
128 302 7
128 303 8
128 304 5
128 305 9
128 306 8
128 307 8
128 309 1
128 310 9
128 311 4
128 313 7
128 314 6
128 315 4
128 318 10
128 319 5
128 321 10
128 324 8
128 327 8
128 328 6
128 329 1
128 330 2
128 331 2
128 332 7
128 334 4
128 336 2
128 337 7
128 340 10
128 344 3
128 346 3
128 348 10
128 356 9
128 358 1
128 359 2
128 360 6
128 361 8
128 365 3
128 368 1
128 371 10
128 372 3
128 373 1
128 375 2
128 377 2
128 381 10
128 383 10
128 392 7
128 393 7
128 396 2
128 397 9
128 403 2
128 404 4
128 405 5
128 407 6
128 410 2
128 411 9
128 412 2
128 413 8
128 414 3
128 415 10
128 416 4
128 418 4
128 420 10
128 421 8
128 422 5
128 425 2
128 426 3
128 427 2
128 429 7
128 430 3
128 431 7
128 433 6
128 434 3
128 435 3
128 436 10
128 437 6
128 438 1
128 441 8
128 447 5
128 449 7
128 450 4
128 453 9
128 459 10
128 460 3
128 465 8
128 469 9
128 470 7
128 471 5
128 472 7
128 476 3
128 478 4
128 479 9
128 480 2
128 481 1
128 485 8
128 487 6
128 489 4
128 490 4
128 494 10
128 496 4
129 131 7
129 132 6
129 133 10
129 135 4
129 137 9
129 139 7
129 140 7
129 141 3
129 143 5
129 145 4
129 149 1
129 152 4
129 155 9
129 157 9
129 159 3
129 163 10
129 165 2
129 167 9
129 173 5
129 175 6
129 178 7
129 179 7
129 180 5
129 181 6
129 182 9
129 183 2
129 184 3
129 186 3
129 189 2
129 190 6
129 192 6
129 196 8
129 197 9
129 199 5
129 200 5
129 201 1
129 202 9
129 203 9
129 205 1
129 206 8
129 208 3
129 209 6
129 210 6
129 211 2
129 214 5
129 215 2
129 221 5
129 223 5
129 226 4
129 231 1
129 233 6
129 234 7
129 235 1
129 236 10
129 237 1
129 238 9
129 240 3
129 244 4
129 245 6
129 246 3
129 249 10
129 251 10
129 252 5
129 253 7
129 254 7
129 256 9
129 259 5
129 263 10
129 264 8
129 265 6
129 267 10
129 269 9
129 272 10
129 273 2
129 277 2
129 279 5
129 281 9
129 283 4
129 291 3
129 292 9
129 293 9
129 294 1
129 295 10
129 296 5
129 300 6
129 301 5
129 303 5
129 306 4
129 308 9
129 310 8
129 311 9
129 314 1
129 318 2
129 319 4
129 320 7
129 321 6
129 322 2
129 325 2
129 330 8
129 334 4
129 335 9
129 336 10
129 339 5
129 341 8
129 343 3
129 345 8
129 346 8
129 347 7
129 350 9
129 351 9
129 352 6
129 353 6
129 356 7
129 357 10
129 359 8
129 362 2
129 367 8
129 369 4
129 370 1
129 371 6
129 375 6
129 376 5
129 377 9
129 378 6
129 386 6
129 387 5
129 388 6
129 390 10
129 394 10
129 396 9
129 397 4
129 399 9
129 403 7
129 404 8
129 405 6
129 408 10
129 409 9
129 411 3
129 412 7
129 419 3
129 420 2
129 422 4
129 426 2
129 427 2
129 430 3
129 432 2
129 434 1
129 439 6
129 440 7
129 441 8
129 445 5
129 447 9
129 448 7
129 450 4
129 452 1
129 454 1
129 455 5
129 456 1
129 457 10
129 458 4
129 459 10
129 460 3
129 461 10
129 462 4
129 464 9
129 467 6
129 470 9
129 471 4
129 472 9
129 473 9
129 476 6
129 477 10
129 479 10
129 480 7
129 483 8
129 485 1
129 487 2
129 488 7
129 489 7
129 490 3
129 491 8
129 495 5
129 496 4
129 497 9
129 498 1
130 137 1
130 138 5
130 141 10
130 142 3
130 145 7
130 146 6
130 148 9
130 150 4
130 151 5
130 152 1
130 153 5
130 154 6
130 155 7
130 156 3
130 157 4
130 160 1
130 163 6
130 167 10
130 173 3
130 174 9
130 175 1
130 178 10
130 179 9
130 180 2
130 181 9
130 182 10
130 188 8
130 191 9
130 192 3
130 193 6
130 194 8
130 195 9
130 198 8
130 200 5
130 202 5
130 203 8
130 204 7
130 205 9
130 206 6
130 207 3
130 210 2
130 211 10
130 215 4
130 217 6
130 218 6
130 219 6
130 220 2
130 223 4
130 227 3
130 229 9
130 232 1
130 233 2
130 234 3
130 240 2
130 242 8
130 244 2
130 248 8
130 249 8
130 250 3
130 255 10
130 257 7
130 258 4
130 262 9
130 263 7
130 264 2
130 265 4
130 266 10
130 269 10
130 270 1
130 271 8
130 272 2
130 273 1
130 274 9
130 278 4
130 282 3
130 286 4
130 288 6
130 291 10
130 293 6
130 298 1
130 299 3
130 300 6
130 302 2
130 305 4
130 307 7
130 310 3
130 311 9
130 313 1
130 316 3
130 317 2
130 318 7
130 322 10
130 323 3
130 324 7
130 325 7
130 327 10
130 329 7
130 334 8
130 335 9
130 338 6
130 339 2
130 342 8
130 345 9
130 349 4
130 352 5
130 353 1
130 357 5
130 358 6
130 359 5
130 360 5
130 361 6
130 362 4
130 363 3
130 364 6
130 365 6
130 367 6
130 370 5
130 373 1
130 379 1
130 380 1
130 381 3
130 382 8
130 384 7
130 385 2
130 386 4
130 390 8
130 391 7
130 394 4
130 396 3
130 400 6
130 401 4
130 405 1
130 406 3
130 408 6
130 409 3
130 412 4
130 413 5
130 416 6
130 422 6
130 423 7
130 424 4
130 425 2
130 427 6
130 432 8
130 433 9
130 435 10
130 438 4
130 449 8
130 452 10
130 454 3
130 457 2
130 458 9
130 464 3
130 465 7
130 466 9
130 468 4
130 472 7
130 473 6
130 478 9
130 479 6
130 482 3
130 484 1
130 486 8
130 490 9
130 492 7
130 493 4
130 494 8
130 496 5
130 498 10
130 499 9
131 136 7
131 137 6
131 139 4
131 140 8
131 144 9
131 146 4
131 147 4
131 148 2
131 152 3
131 153 10
131 154 6
131 155 6
131 156 1
131 158 3
131 159 4
131 161 9
131 163 5
131 164 1
131 167 5
131 168 9
131 170 3
131 179 2
131 180 4
131 181 3
131 183 5
131 184 9
131 186 3
131 187 5
131 189 10
131 190 7
131 191 10
131 192 3
131 193 5
131 194 9
131 195 3
131 196 8
131 199 7
131 201 8
131 202 1
131 203 10
131 204 8
131 205 9
131 206 5
131 208 6
131 209 4
131 210 4
131 213 5
131 215 9
131 216 8
131 217 2
131 223 8
131 224 4
131 225 3
131 226 4
131 228 4
131 229 7
131 234 4
131 235 5
131 238 8
131 239 3
131 241 9
131 242 4
131 245 2
131 246 8
131 249 10
131 250 9
131 251 9
131 254 6
131 255 8
131 256 10
131 257 3
131 259 10
131 262 6
131 263 2
131 264 6
131 265 10
131 268 5
131 269 4
131 271 2
131 273 5
131 274 10
131 275 3
131 276 5
131 278 9
131 283 3
131 284 1
131 286 3
131 287 1
131 290 4
131 291 8
131 293 6
131 294 7
131 296 7
131 297 1
131 298 1
131 299 8
131 300 4
131 303 5
131 307 2
131 311 2
131 314 7
131 315 2
131 317 9
131 319 3
131 321 5
131 322 10
131 323 10
131 325 2
131 328 6
131 329 2
131 330 7
131 332 1
131 333 3
131 336 10
131 338 7
131 339 10
131 341 9
131 342 8
131 344 2
131 348 8
131 349 6
131 352 7
131 353 10
131 357 5
131 359 4
131 360 1
131 361 8
131 363 6
131 364 10
131 366 1
131 369 2
131 370 10
131 371 7
131 372 9
131 374 1
131 375 4
131 376 6
131 377 7
131 378 1
131 381 8
131 382 1
131 385 8
131 387 3
131 388 4
131 390 5
131 391 6
131 392 5
131 393 7
131 394 6
131 400 10
131 401 2
131 402 3
131 405 3
131 407 3
131 408 3
131 410 5
131 411 8
131 412 9
131 413 2
131 415 3
131 419 3
131 420 4
131 421 5
131 422 2
131 423 4
131 424 8
131 425 1
131 428 9
131 433 6
131 435 9
131 437 7
131 441 1
131 442 6
131 443 1
131 444 10
131 448 1
131 450 9
131 452 9
131 453 7
131 462 2
131 463 6
131 465 1
131 468 3
131 471 9
131 473 2
131 474 4
131 475 4
131 477 3
131 481 8
131 482 9
131 484 9
131 485 9
131 486 6
131 487 6
131 490 6
131 492 5
131 493 9
131 497 3
131 498 9
131 499 8
132 134 3
132 135 10
132 138 9
132 141 5
132 143 10
132 145 10
132 146 9
132 147 4
132 148 3
132 150 2
132 156 10
132 157 1
132 159 1
132 160 2
132 161 7
132 162 10
132 167 10
132 169 9
132 172 6
132 173 4
132 174 5
132 177 2
132 182 6
132 183 8
132 184 7
132 186 2
132 187 2
132 189 1
132 190 7
132 191 1
132 192 9
132 193 8
132 194 9
132 195 6
132 196 6
132 197 4
132 198 5
132 203 2
132 207 2
132 208 8
132 210 1
132 211 8
132 212 10
132 214 3
132 215 4
132 217 2
132 220 8
132 221 6
132 222 3
132 223 3
132 225 6
132 226 1
132 227 5
132 229 2
132 231 2
132 234 7
132 236 9
132 240 10
132 244 6
132 245 5
132 246 2
132 249 9
132 255 7
132 256 7
132 260 9
132 262 8
132 263 6
132 266 8
132 267 9
132 269 7
132 273 9
132 281 2
132 282 4
132 283 3
132 285 7
132 288 5
132 289 6
132 291 5
132 292 9
132 296 1
132 297 10
132 298 10
132 300 1
132 301 8
132 302 6
132 305 8
132 307 1
132 309 10
132 310 3
132 314 8
132 317 7
132 318 2
132 320 1
132 321 7
132 324 8
132 328 10
132 329 4
132 330 10
132 331 8
132 333 1
132 335 7
132 337 10
132 338 3
132 339 9
132 341 8
132 343 1
132 344 10
132 346 8
132 347 6
132 348 4
132 349 9
132 350 2
132 352 1
132 355 7
132 358 8
132 359 4
132 360 3
132 363 1
132 364 4
132 367 4
132 369 3
132 373 4
132 375 4
132 376 2
132 378 8
132 379 4
132 381 7
132 383 5
132 384 6
132 387 5
132 390 3
132 394 4
132 398 5
132 399 2
132 402 9
132 405 2
132 406 9
132 411 9
132 413 5
132 414 7
132 418 2
132 419 1
132 421 1
132 423 4
132 426 1
132 428 5
132 429 6
132 431 8
132 436 2
132 437 3
132 438 9
132 441 1
132 442 7
132 443 1
132 444 2
132 445 7
132 448 1
132 449 5
132 452 1
132 453 10
132 454 1
132 455 3
132 458 9
132 460 2
132 463 5
132 466 4
132 470 1
132 473 2
132 476 9
132 479 5
132 481 10
132 482 3
132 485 4
132 488 5
132 489 9
132 490 10
132 493 7
132 494 8
132 495 3
132 496 8
133 134 9
133 135 10
133 136 3
133 137 2
133 141 8
133 142 1
133 143 9
133 147 6
133 148 10
133 149 3
133 151 9
133 153 2
133 154 1
133 156 6
133 157 8
133 162 10
133 163 7
133 164 3
133 165 5
133 166 2
133 168 9
133 169 10
133 170 2
133 172 5
133 174 7
133 176 7
133 177 10
133 181 6
133 182 9
133 183 10
133 184 2
133 187 9
133 189 10
133 192 1
133 193 4
133 194 4
133 195 8
133 197 2
133 199 2
133 201 9
133 202 10
133 203 7
133 205 10
133 208 8
133 211 8
133 214 5
133 215 9
133 216 10
133 217 9
133 219 10
133 221 10
133 222 2
133 223 9
133 224 6
133 226 6
133 228 1
133 231 8
133 235 3
133 237 1
133 238 3
133 247 8
133 250 3
133 251 7
133 252 9
133 255 9
133 256 8
133 257 5
133 258 3
133 259 1
133 262 1
133 263 4
133 264 2
133 265 2
133 266 3
133 268 8
133 269 8
133 272 7
133 275 5
133 276 2
133 278 8
133 281 8
133 283 9
133 284 8
133 285 7
133 286 4
133 287 4
133 290 8
133 291 9
133 292 5
133 294 7
133 297 9
133 298 9
133 299 4
133 305 1
133 307 3
133 310 9
133 312 7
133 314 1
133 315 7
133 318 7
133 320 1
133 321 7
133 323 10
133 327 3
133 328 6
133 329 5
133 335 4
133 338 8
133 339 5
133 340 8
133 343 2
133 348 8
133 350 10
133 351 8
133 353 2
133 355 7
133 358 6
133 359 3
133 360 4
133 361 2
133 362 5
133 363 1
133 364 1
133 365 5
133 367 6
133 368 9
133 370 9
133 371 1
133 375 4
133 376 8
133 377 4
133 379 8
133 380 10
133 382 5
133 383 6
133 385 4
133 386 7
133 388 8
133 392 4
133 395 1
133 397 10
133 398 3
133 399 7
133 400 9
133 403 9
133 405 1
133 406 6
133 407 1
133 408 7
133 409 8
133 411 5
133 413 1
133 414 5
133 423 3
133 424 5
133 426 2
133 428 10
133 429 7
133 432 1
133 433 4
133 434 1
133 438 10
133 439 7
133 443 9
133 445 2
133 446 7
133 450 4
133 451 8
133 452 10
133 453 5
133 454 2
133 458 10
133 459 6
133 460 10
133 462 10
133 465 7
133 467 5
133 468 7
133 470 10
133 473 8
133 474 1
133 475 4
133 477 7
133 478 7
133 479 9
133 480 10
133 481 1
133 486 8
133 488 2
133 494 1
133 495 7
133 496 8
133 497 10
133 499 1
134 135 4
134 138 7
134 141 10
134 142 3
134 143 6
134 144 9
134 146 10
134 148 9
134 149 6
134 151 1
134 154 6
134 155 1
134 156 8
134 158 5
134 161 3
134 162 4
134 163 1
134 164 3
134 166 9
134 167 9
134 170 8
134 172 7
134 173 2
134 175 10
134 179 3
134 181 2
134 184 6
134 187 6
134 189 10
134 194 6
134 195 9
134 197 1
134 200 9
134 202 6
134 205 1
134 208 8
134 210 8
134 211 4
134 212 3
134 214 10
134 215 4
134 217 9
134 218 2
134 219 2
134 220 9
134 221 9
134 222 7
134 224 6
134 225 2
134 226 5
134 227 10
134 231 1
134 232 4
134 233 10
134 234 6
134 235 8
134 238 9
134 239 4
134 243 2
134 244 10
134 245 10
134 246 4
134 247 5
134 248 9
134 249 1
134 250 8
134 253 5
134 254 6
134 255 3
134 256 2
134 258 9
134 259 7
134 260 7
134 262 5
134 263 7
134 268 3
134 269 9
134 271 4
134 273 1
134 279 1
134 280 3
134 281 5
134 283 9
134 284 5
134 285 6
134 287 3
134 288 5
134 289 5
134 290 8
134 292 9
134 294 3
134 295 5
134 296 2
134 297 6
134 299 8
134 300 3
134 301 4
134 302 2
134 304 8
134 305 8
134 309 2
134 311 10
134 314 9
134 315 2
134 316 8
134 317 5
134 319 7
134 326 6
134 327 7
134 329 3
134 333 3
134 335 10
134 337 7
134 342 10
134 344 9
134 345 10
134 346 8
134 347 10
134 353 2
134 354 6
134 356 9
134 357 6
134 358 2
134 359 3
134 360 6
134 361 4
134 365 5
134 368 3
134 369 7
134 370 6
134 378 4
134 381 1
134 382 8
134 384 7
134 385 5
134 386 8
134 387 4
134 388 3
134 389 8
134 390 2
134 391 10
134 393 3
134 396 2
134 399 9
134 400 2
134 401 10
134 403 4
134 405 3
134 410 4
134 411 6
134 412 10
134 413 5
134 415 9
134 419 10
134 423 6
134 426 7
134 436 6
134 437 3
134 440 3
134 443 10
134 445 2
134 447 1
134 450 4
134 451 1
134 453 9
134 454 10
134 458 5
134 460 7
134 461 5
134 462 8
134 463 2
134 464 7
134 468 7
134 471 3
134 475 1
134 477 7
134 478 8
134 479 3
134 486 1
134 487 2
134 488 5
134 491 9
134 492 5
134 498 7
134 499 9
135 138 5
135 139 3
135 147 5
135 148 6
135 151 9
135 152 8
135 153 6
135 154 3
135 158 3
135 159 9
135 161 6
135 163 7
135 165 3
135 167 9
135 168 1
135 169 4
135 175 1
135 182 10
135 183 10
135 184 6
135 186 4
135 187 9
135 195 7
135 197 2
135 198 6
135 199 4
135 200 10
135 202 4
135 205 6
135 207 6
135 208 6
135 209 5
135 210 4
135 211 10
135 212 7
135 215 10
135 216 10
135 219 3
135 224 5
135 225 3
135 226 7
135 228 7
135 229 2
135 232 3
135 233 8
135 235 9
135 238 5
135 241 8
135 242 10
135 243 2
135 246 3
135 248 1
135 253 4
135 255 7
135 256 8
135 258 4
135 260 3
135 261 5
135 265 5
135 266 5
135 270 1
135 273 10
135 274 3
135 278 9
135 279 9
135 280 8
135 282 2
135 284 9
135 285 6
135 287 7
135 288 4
135 289 3
135 290 1
135 291 3
135 294 7
135 296 6
135 297 3
135 298 6
135 299 4
135 303 1
135 304 7
135 308 1
135 309 9
135 311 8
135 315 6
135 316 3
135 317 3
135 320 3
135 321 9
135 324 5
135 331 4
135 332 7
135 334 4
135 340 7
135 341 7
135 342 6
135 346 9
135 348 7
135 351 8
135 353 1
135 356 5
135 358 2
135 359 8
135 361 6
135 364 7
135 365 1
135 368 8
135 370 7
135 373 2
135 374 6
135 375 1
135 376 8
135 378 10
135 380 9
135 382 4
135 383 8
135 384 10
135 385 3
135 386 7
135 387 5
135 391 2
135 392 9
135 393 9
135 396 8
135 397 6
135 399 1
135 400 3
135 402 9
135 404 2
135 407 5
135 408 4
135 410 5
135 412 4
135 414 8
135 416 8
135 421 6
135 423 2
135 424 8
135 428 9
135 432 5
135 437 9
135 439 4
135 441 9
135 444 7
135 445 6
135 449 4
135 450 6
135 451 9
135 453 4
135 454 8
135 456 3
135 460 5
135 462 2
135 464 10
135 470 1
135 474 9
135 475 5
135 476 8
135 477 6
135 478 3
135 480 3
135 488 6
135 489 9
135 490 4
135 491 4
135 492 10
135 494 7
135 496 8
135 497 2
136 138 5
136 139 9
136 140 8
136 143 3
136 145 9
136 147 6
136 149 8
136 152 3
136 156 1
136 157 3
136 158 6
136 160 6
136 162 10
136 163 8
136 170 2
136 172 2
136 173 10
136 174 6
136 175 2
136 177 4
136 182 7
136 185 2
136 187 6
136 188 7
136 190 5
136 191 6
136 198 4
136 200 8
136 201 5
136 202 3
136 203 4
136 206 8
136 207 1
136 211 5
136 213 2
136 215 8
136 216 8
136 217 1
136 218 9
136 220 4
136 222 7
136 224 8
136 231 4
136 233 8
136 236 8
136 237 3
136 240 8
136 243 1
136 244 1
136 247 8
136 249 6
136 250 4
136 253 6
136 255 3
136 257 1
136 258 9
136 259 4
136 260 3
136 261 2
136 263 1
136 264 10
136 266 2
136 270 7
136 271 5
136 272 9
136 274 2
136 279 3
136 280 5
136 284 8
136 285 2
136 286 5
136 288 3
136 290 6
136 293 2
136 294 4
136 295 7
136 301 10
136 305 7
136 306 9
136 310 10
136 313 2
136 314 1
136 317 5
136 320 1
136 323 10
136 324 8
136 325 9
136 327 10
136 330 8
136 332 4
136 333 7
136 334 2
136 337 2
136 340 2
136 341 5
136 342 4
136 343 6
136 344 1
136 347 9
136 348 5
136 349 9
136 351 1
136 353 10
136 354 5
136 359 4
136 361 4
136 362 5
136 366 9
136 369 4
136 370 1
136 371 1
136 372 7
136 373 1
136 374 3
136 377 2
136 378 4
136 379 5
136 381 5
136 383 2
136 384 2
136 385 4
136 386 5
136 391 2
136 392 7
136 393 3
136 396 8
136 397 2
136 398 6
136 399 5
136 400 2
136 401 9
136 406 9
136 407 5
136 410 3
136 411 3
136 412 10
136 413 7
136 414 7
136 420 7
136 421 2
136 422 9
136 423 9
136 427 1
136 428 7
136 429 2
136 430 5
136 431 8
136 433 2
136 434 8
136 436 4
136 438 3
136 440 10
136 441 9
136 442 1
136 443 5
136 447 1
136 451 4
136 452 10
136 454 5
136 457 3
136 458 10
136 459 8
136 460 4
136 461 4
136 463 9
136 471 10
136 476 9
136 480 5
136 481 9
136 482 8
136 483 1
136 484 10
136 485 5
136 486 6
136 487 10
136 488 10
136 490 6
136 492 2
136 493 1
136 494 6
136 497 5
136 498 4
137 140 4
137 141 10
137 142 9
137 144 4
137 145 3
137 148 5
137 151 6
137 152 5
137 153 2
137 161 1
137 162 5
137 163 4
137 165 2
137 171 4
137 173 4
137 174 7
137 175 9
137 177 5
137 180 5
137 181 5
137 184 7
137 185 2
137 186 3
137 191 7
137 193 9
137 194 1
137 195 4
137 199 4
137 200 3
137 202 2
137 203 8
137 204 10
137 205 6
137 206 8
137 207 4
137 208 4
137 211 7
137 214 4
137 215 4
137 216 9
137 219 3
137 220 1
137 222 5
137 223 1
137 224 8
137 227 7
137 229 8
137 230 2
137 234 10
137 237 3
137 239 7
137 241 6
137 243 1
137 247 4
137 248 2
137 249 1
137 251 3
137 254 5
137 258 4
137 260 8
137 265 4
137 270 1
137 271 1
137 272 7
137 276 7
137 278 3
137 282 8
137 285 7
137 288 9
137 289 4
137 290 8
137 291 5
137 292 2
137 293 3
137 294 7
137 295 7
137 302 4
137 303 6
137 308 4
137 313 1
137 314 5
137 316 8
137 318 3
137 320 8
137 321 9
137 322 10
137 327 5
137 330 5
137 332 2
137 334 4
137 337 5
137 341 8
137 342 3
137 343 6
137 344 5
137 345 8
137 349 5
137 350 9
137 351 1
137 352 2
137 353 9
137 355 8
137 357 10
137 360 3
137 361 4
137 363 2
137 364 2
137 365 6
137 368 8
137 372 1
137 373 2
137 374 1
137 375 5
137 376 2
137 377 3
137 378 2
137 381 6
137 384 2
137 388 5
137 392 10
137 394 10
137 395 8
137 396 10
137 400 8
137 403 6
137 406 10
137 407 2
137 409 5
137 411 6
137 419 2
137 421 5
137 423 2
137 424 5
137 427 5
137 428 10
137 429 7
137 431 2
137 432 8
137 436 1
137 437 10
137 439 7
137 442 9
137 445 5
137 447 10
137 448 8
137 452 2
137 453 7
137 456 7
137 458 2
137 460 7
137 461 9
137 464 2
137 465 2
137 467 2
137 469 3
137 471 6
137 472 2
137 473 6
137 478 1
137 481 5
137 483 1
137 484 5
137 485 1
137 487 9
137 488 5
137 490 7
137 491 4
137 492 9
137 493 3
137 494 9
137 496 4
137 499 1
138 139 10
138 141 3
138 144 3
138 155 10
138 156 2
138 157 7
138 158 1
138 160 5
138 161 7
138 168 1
138 169 3
138 172 10
138 173 4
138 174 1
138 177 9
138 178 6
138 180 10
138 182 6
138 186 4
138 187 5
138 188 2
138 189 3
138 190 3
138 191 9
138 192 4
138 193 2
138 197 3
138 200 3
138 202 1
138 204 6
138 209 7
138 210 10
138 211 10
138 212 7
138 216 6
138 217 10
138 219 3
138 224 7
138 225 10
138 226 9
138 231 9
138 234 4
138 236 2
138 245 9
138 248 6
138 250 3
138 253 10
138 255 1
138 257 3
138 261 9
138 262 6
138 266 10
138 268 7
138 269 7
138 270 5
138 272 5
138 274 6
138 276 7
138 279 4
138 281 8
138 283 5
138 286 9
138 290 4
138 293 7
138 294 3
138 295 4
138 299 9
138 306 7
138 307 10
138 308 5
138 309 4
138 312 10
138 314 5
138 315 8
138 320 5
138 323 10
138 324 9
138 326 2
138 335 10
138 337 10
138 338 3
138 340 1
138 342 4
138 344 1
138 345 10
138 346 6
138 347 2
138 352 7
138 353 5
138 354 8
138 355 7
138 356 3
138 358 8
138 361 7
138 364 9
138 367 8
138 369 10
138 371 5
138 374 4
138 376 9
138 377 5
138 378 10
138 380 8
138 383 7
138 388 9
138 391 9
138 392 8
138 393 8
138 394 6
138 396 7
138 398 9
138 399 5
138 400 10
138 401 9
138 404 2
138 405 7
138 408 5
138 409 5
138 410 9
138 411 8
138 416 10
138 417 4
138 418 4
138 419 6
138 423 5
138 426 2
138 428 8
138 431 3
138 433 5
138 434 8
138 435 3
138 436 6
138 437 6
138 440 8
138 441 1
138 443 1
138 446 9
138 447 1
138 448 1
138 449 9
138 450 8
138 457 2
138 458 6
138 460 8
138 461 7
138 462 3
138 466 4
138 468 10
138 471 8
138 472 6
138 473 6
138 474 10
138 478 3
138 479 2
138 481 7
138 482 9
138 483 3
138 484 5
138 485 7
138 487 4
138 494 1
138 495 1
138 496 7
138 497 9
139 140 2
139 141 10
139 145 5
139 147 9
139 150 1
139 151 10
139 152 1
139 155 8
139 157 2
139 158 1
139 160 10
139 163 9
139 165 8
139 167 6
139 170 3
139 171 4
139 172 6
139 173 9
139 174 7
139 176 2
139 178 7
139 180 6
139 182 8
139 183 6
139 185 9
139 197 10
139 200 9
139 201 6
139 202 3
139 203 1
139 204 1
139 208 5
139 210 4
139 213 3
139 214 1
139 218 7
139 219 3
139 220 2
139 223 3
139 224 2
139 225 3
139 228 3
139 230 10
139 234 3
139 235 2
139 236 6
139 238 6
139 239 7
139 240 2
139 242 10
139 245 10
139 247 3
139 248 5
139 250 4
139 251 9
139 253 7
139 255 9
139 256 6
139 257 2
139 259 5
139 260 10
139 263 8
139 264 7
139 266 8
139 267 2
139 269 3
139 271 10
139 272 7
139 273 10
139 275 2
139 276 10
139 278 8
139 288 2
139 289 2
139 290 9
139 291 9
139 293 1
139 295 5
139 296 9
139 297 3
139 304 7
139 306 9
139 308 8
139 310 4
139 312 3
139 317 9
139 318 7
139 321 5
139 323 9
139 330 6
139 331 8
139 336 10
139 338 3
139 341 1
139 342 1
139 343 4
139 347 9
139 348 8
139 349 5
139 350 5
139 352 3
139 355 4
139 357 5
139 358 8
139 359 5
139 363 4
139 366 3
139 367 7
139 368 3
139 369 7
139 371 5
139 373 4
139 374 9
139 375 6
139 376 4
139 381 1
139 383 6
139 387 1
139 388 1
139 391 3
139 392 1
139 393 5
139 397 1
139 401 8
139 402 1
139 403 2
139 404 6
139 405 2
139 406 5
139 407 10
139 408 8
139 409 9
139 411 1
139 412 6
139 413 4
139 415 10
139 419 2
139 420 5
139 421 4
139 424 2
139 425 5
139 426 7
139 430 6
139 431 3
139 432 2
139 433 1
139 434 8
139 436 3
139 438 5
139 442 2
139 444 7
139 445 6
139 447 4
139 448 8
139 452 7
139 462 8
139 464 10
139 465 2
139 467 2
139 468 5
139 473 9
139 475 10
139 478 10
139 479 5
139 480 7
139 482 4
139 483 1
139 484 5
139 487 5
139 488 8
139 489 10
139 491 8
139 492 7
139 493 7
139 495 4
139 498 9
139 499 7
140 141 4
140 146 6
140 148 9
140 150 2
140 151 1
140 152 8
140 155 9
140 156 8
140 157 5
140 159 10
140 160 5
140 163 7
140 164 2
140 167 10
140 170 4
140 173 6
140 174 9
140 177 5
140 178 6
140 180 8
140 183 1
140 186 9
140 188 6
140 190 1
140 192 10
140 193 3
140 194 4
140 195 10
140 196 1
140 197 7
140 198 3
140 202 5
140 204 2
140 207 4
140 208 8
140 209 1
140 210 4
140 214 7
140 216 9
140 218 1
140 221 10
140 222 2
140 223 6
140 226 7
140 227 5
140 230 6
140 231 9
140 232 5
140 235 10
140 237 5
140 238 10
140 240 8
140 242 1
140 246 4
140 248 4
140 250 9
140 252 10
140 253 10
140 257 1
140 262 3
140 264 8
140 265 1
140 269 8
140 271 3
140 276 10
140 281 1
140 284 10
140 285 4
140 286 9
140 288 1
140 289 7
140 293 6
140 296 3
140 298 1
140 299 3
140 300 5
140 301 6
140 303 5
140 304 2
140 305 6
140 307 2
140 308 1
140 309 1
140 310 7
140 314 3
140 316 7
140 319 5
140 322 7
140 323 3
140 326 7
140 327 4
140 329 7
140 331 1
140 332 2
140 333 4
140 335 9
140 336 9
140 337 8
140 338 2
140 340 7
140 342 8
140 343 9
140 344 4
140 345 3
140 347 3
140 348 4
140 349 8
140 354 5
140 355 6
140 356 1
140 357 7
140 359 10
140 363 7
140 364 1
140 366 7
140 367 6
140 370 3
140 372 9
140 373 3
140 374 3
140 378 6
140 379 1
140 381 5
140 382 9
140 384 2
140 388 10
140 389 6
140 390 4
140 392 2
140 397 8
140 398 10
140 399 4
140 401 2
140 402 8
140 403 1
140 404 1
140 407 2
140 409 10
140 410 4
140 412 6
140 413 10
140 414 9
140 419 6
140 420 1
140 422 8
140 424 5
140 425 10
140 426 9
140 430 9
140 431 8
140 432 3
140 433 10
140 434 8
140 437 3
140 441 4
140 444 9
140 448 8
140 449 9
140 450 5
140 451 10
140 452 5
140 454 10
140 455 5
140 458 2
140 460 2
140 463 6
140 464 9
140 465 5
140 469 8
140 471 6
140 475 9
140 476 6
140 477 1
140 479 5
140 482 5
140 485 6
140 488 5
140 489 3
140 491 4
140 492 10
140 495 7
140 499 3
141 146 7
141 148 6
141 149 1
141 150 2
141 152 7
141 153 8
141 155 6
141 158 8
141 166 10
141 169 6
141 171 4
141 173 2
141 174 8
141 176 1
141 178 9
141 180 5
141 183 6
141 186 1
141 189 1
141 190 4
141 191 1
141 192 1
141 196 6
141 197 2
141 198 10
141 199 8
141 200 5
141 203 5
141 205 5
141 207 7
141 212 8
141 215 3
141 217 10
141 218 8
141 219 10
141 221 7
141 222 3
141 225 7
141 226 8
141 227 10
141 229 1
141 230 9
141 231 5
141 232 4
141 234 7
141 239 10
141 241 5
141 242 9
141 243 2
141 244 4
141 245 1
141 247 10
141 249 6
141 250 5
141 251 1
141 254 2
141 256 4
141 258 8
141 264 10
141 266 9
141 270 6
141 271 3
141 272 4
141 279 6
141 280 3
141 282 6
141 283 2
141 284 9
141 286 5
141 287 4
141 289 6
141 290 2
141 292 2
141 293 3
141 295 4
141 296 3
141 299 4
141 300 10
141 301 1
141 302 2
141 306 6
141 307 2
141 308 8
141 309 7
141 312 9
141 314 4
141 315 4
141 316 9
141 320 5
141 324 4
141 326 6
141 328 6
141 329 3
141 330 7
141 335 5
141 336 3
141 341 3
141 346 3
141 348 8
141 349 7
141 353 1
141 355 8
141 357 3
141 361 10
141 362 1
141 365 10
141 366 6
141 368 5
141 370 10
141 373 3
141 375 9
141 376 3
141 377 2
141 381 4
141 382 4
141 389 7
141 390 6
141 392 3
141 394 4
141 395 2
141 397 1
141 399 6
141 401 1
141 402 7
141 404 9
141 409 8
141 411 5
141 412 3
141 414 9
141 417 10
141 418 9
141 419 7
141 420 7
141 421 7
141 423 1
141 425 3
141 427 4
141 428 3
141 429 2
141 430 5
141 431 3
141 432 9
141 433 8
141 435 4
141 437 4
141 438 4
141 439 5
141 440 1
141 441 8
141 445 4
141 446 10
141 448 1
141 449 5
141 450 3
141 456 9
141 458 6
141 464 3
141 465 3
141 466 3
141 467 10
141 468 3
141 470 8
141 476 10
141 477 5
141 478 4
141 483 4
141 484 8
141 487 2
141 489 7
141 491 3
141 492 5
141 493 4
141 495 3
141 497 1
141 498 8
141 499 1
142 147 1
142 148 8
142 149 7
142 152 3
142 154 9
142 155 2
142 156 1
142 157 10
142 158 4
142 161 6
142 162 2
142 163 5
142 165 4
142 167 6
142 169 7
142 170 5
142 171 6
142 172 9
142 175 3
142 176 10
142 178 4
142 180 2
142 182 3
142 184 8
142 185 2
142 186 2
142 187 3
142 195 7
142 196 7
142 197 4
142 198 10
142 199 1
142 202 7
142 203 1
142 204 1
142 207 9
142 208 4
142 213 8
142 215 5
142 219 6
142 221 2
142 222 5
142 225 3
142 228 3
142 232 10
142 233 5
142 235 10
142 239 6
142 240 7
142 241 7
142 242 9
142 243 1
142 246 1
142 247 1
142 249 4
142 250 1
142 253 5
142 254 10
142 255 3
142 257 8
142 260 3
142 261 7
142 262 6
142 265 9
142 267 4
142 268 3
142 270 6
142 274 3
142 275 9
142 278 7
142 281 1
142 286 7
142 290 7
142 291 9
142 292 4
142 293 10
142 294 10
142 295 9
142 296 10
142 297 6
142 298 2
142 301 8
142 302 6
142 303 7
142 304 1
142 307 1
142 309 6
142 312 1
142 315 3
142 316 6
142 318 1
142 319 1
142 320 7
142 321 1
142 323 2
142 326 3
142 331 3
142 334 3
142 337 6
142 338 4
142 340 3
142 344 4
142 347 4
142 348 5
142 349 5
142 350 7
142 354 7
142 356 2
142 361 5
142 364 5
142 365 6
142 368 10
142 369 4
142 371 5
142 373 8
142 376 4
142 378 6
142 381 9
142 382 6
142 385 10
142 386 9
142 388 3
142 390 6
142 393 7
142 395 10
142 396 9
142 399 9
142 401 2
142 403 5
142 404 1
142 408 7
142 410 7
142 412 8
142 413 10
142 415 10
142 416 3
142 420 10
142 424 9
142 425 8
142 433 2
142 434 5
142 436 1
142 437 4
142 440 4
142 441 4
142 443 7
142 446 10
142 448 5
142 449 6
142 450 1
142 451 2
142 452 9
142 453 6
142 454 7
142 455 2
142 457 3
142 460 5
142 461 4
142 463 7
142 468 7
142 471 10
142 472 8
142 475 10
142 478 7
142 479 8
142 481 1
142 483 8
142 485 3
142 487 3
142 490 4
142 491 2
142 492 5
142 493 5
142 494 4
142 495 7
142 496 7
142 497 9
142 498 2
143 144 5
143 145 10
143 146 10
143 147 10
143 151 8
143 152 2
143 153 7
143 157 10
143 160 7
143 161 5
143 166 5
143 169 4
143 170 3
143 171 6
143 173 10
143 175 8
143 176 5
143 177 9
143 180 8
143 182 2
143 183 6
143 184 1
143 187 6
143 192 7
143 194 4
143 197 6
143 199 1
143 200 8
143 204 8
143 206 6
143 208 10
143 209 1
143 210 5
143 212 2
143 214 7
143 216 1
143 218 6
143 219 10
143 220 2
143 221 3
143 222 4
143 223 8
143 226 9
143 227 3
143 229 7
143 233 2
143 235 2
143 238 6
143 242 3
143 246 6
143 247 1
143 248 4
143 249 8
143 252 3
143 253 6
143 259 3
143 260 10
143 262 4
143 269 9
143 271 4
143 272 3
143 273 8
143 274 8
143 276 2
143 277 9
143 278 4
143 280 3
143 281 2
143 283 1
143 286 5
143 287 3
143 288 4
143 290 8
143 291 6
143 294 10
143 295 10
143 296 9
143 298 2
143 300 2
143 301 8
143 308 3
143 309 4
143 311 9
143 312 1
143 313 7
143 314 3
143 316 7
143 318 9
143 320 3
143 322 8
143 324 2
143 325 7
143 326 9
143 327 3
143 329 5
143 333 3
143 335 1
143 336 7
143 339 1
143 340 9
143 346 6
143 347 3
143 349 8
143 350 7
143 354 1
143 356 7
143 357 9
143 358 3
143 359 1
143 363 7
143 364 2
143 372 6
143 374 1
143 375 6
143 378 4
143 379 5
143 380 4
143 382 4
143 387 2
143 389 7
143 392 3
143 395 9
143 405 9
143 406 10
143 408 5
143 410 1
143 411 6
143 412 3
143 415 9
143 418 8
143 420 2
143 421 3
143 424 3
143 426 5
143 427 8
143 430 9
143 432 3
143 435 10
143 436 6
143 437 8
143 438 1
143 440 7
143 441 1
143 442 2
143 443 8
143 446 1
143 447 3
143 448 10
143 451 6
143 452 1
143 453 6
143 454 4
143 457 1
143 458 3
143 461 7
143 464 10
143 465 9
143 468 5
143 469 6
143 470 6
143 472 1
143 473 9
143 479 3
143 481 6
143 483 10
143 486 4
143 487 9
143 488 6
143 490 9
143 491 8
143 498 7
144 145 1
144 147 10
144 148 6
144 151 6
144 152 7
144 153 7
144 155 8
144 156 1
144 158 7
144 161 4
144 163 4
144 164 8
144 170 9
144 171 7
144 172 3
144 173 2
144 174 6
144 176 7
144 178 7
144 179 3
144 180 5
144 185 8
144 189 10
144 190 10
144 192 8
144 194 10
144 195 10
144 196 3
144 203 2
144 204 7
144 205 3
144 206 9
144 207 9
144 209 7
144 210 8
144 211 5
144 212 8
144 214 3
144 215 9
144 217 7
144 218 3
144 220 5
144 222 4
144 224 6
144 225 2
144 226 5
144 231 10
144 232 4
144 233 10
144 235 8
144 238 2
144 240 5
144 242 3
144 243 10
144 244 10
144 247 4
144 248 2
144 249 3
144 253 2
144 256 3
144 257 7
144 258 10
144 260 1
144 261 4
144 262 3
144 264 8
144 266 10
144 267 7
144 268 10
144 273 4
144 274 3
144 276 4
144 277 5
144 278 4
144 279 1
144 280 1
144 283 9
144 286 10
144 288 10
144 289 2
144 293 4
144 299 9
144 302 5
144 305 10
144 309 10
144 311 2
144 312 10
144 314 4
144 316 7
144 318 9
144 320 5
144 321 9
144 324 9
144 327 10
144 328 1
144 329 2
144 330 8
144 331 5
144 332 5
144 333 9
144 334 1
144 337 10
144 339 7
144 341 9
144 342 5
144 343 3
144 344 4
144 345 7
144 346 9
144 348 3
144 350 3
144 351 5
144 352 6
144 356 10
144 357 5
144 361 4
144 363 5
144 364 9
144 365 1
144 366 8
144 372 3
144 375 4
144 376 3
144 377 5
144 379 3
144 380 1
144 381 5
144 383 5
144 384 5
144 388 3
144 389 8
144 390 8
144 391 7
144 394 7
144 395 4
144 396 3
144 399 7
144 401 4
144 402 7
144 405 4
144 406 7
144 407 3
144 408 2
144 411 9
144 413 8
144 414 3
144 415 1
144 416 1
144 418 10
144 422 3
144 423 5
144 424 10
144 426 8
144 427 2
144 428 2
144 430 6
144 432 5
144 433 1
144 434 8
144 435 8
144 436 6
144 437 2
144 438 10
144 444 7
144 447 5
144 449 1
144 450 1
144 451 4
144 453 5
144 454 1
144 455 5
144 456 7
144 459 8
144 462 7
144 466 5
144 469 8
144 470 1
144 471 8
144 472 5
144 475 6
144 477 8
144 480 1
144 481 1
144 482 4
144 483 9
144 484 4
144 487 3
144 490 7
144 493 8
144 494 10
144 497 8
144 498 9
145 146 4
145 147 9
145 149 3
145 150 5
145 152 5
145 153 5
145 154 7
145 155 6
145 157 3
145 160 3
145 161 4
145 163 7
145 164 4
145 169 7
145 170 1
145 173 5
145 180 10
145 184 8
145 187 10
145 189 4
145 190 2
145 191 4
145 193 4
145 194 3
145 197 6
145 199 2
145 200 2
145 201 8
145 207 6
145 208 1
145 209 3
145 210 1
145 212 10
145 215 4
145 217 2
145 220 7
145 221 2
145 222 7
145 224 8
145 225 5
145 227 1
145 228 1
145 229 3
145 230 2
145 232 6
145 235 3
145 237 5
145 239 1
145 241 1
145 243 10
145 244 1
145 245 4
145 247 5
145 251 8
145 252 10
145 253 7
145 254 9
145 255 5
145 257 10
145 259 6
145 263 2
145 264 1
145 265 7
145 268 3
145 269 9
145 270 7
145 272 1
145 275 7
145 276 8
145 277 3
145 278 1
145 279 4
145 281 7
145 284 3
145 285 10
145 287 8
145 293 10
145 300 10
145 301 9
145 303 8
145 305 9
145 306 5
145 308 4
145 309 8
145 313 8
145 314 10
145 321 3
145 322 4
145 326 6
145 328 4
145 330 2
145 332 6
145 333 2
145 338 10
145 340 2
145 342 6
145 343 1
145 345 9
145 346 4
145 347 5
145 348 9
145 349 4
145 354 5
145 355 10
145 357 3
145 361 1
145 363 10
145 370 8
145 376 2
145 377 5
145 379 3
145 380 4
145 381 10
145 382 5
145 383 8
145 384 4
145 391 4
145 393 5
145 394 6
145 395 5
145 397 3
145 398 4
145 402 6
145 405 8
145 408 1
145 411 2
145 412 1
145 413 4
145 415 4
145 418 2
145 422 2
145 424 7
145 427 3
145 428 7
145 429 5
145 430 5
145 436 10
145 437 5
145 438 10
145 446 7
145 449 4
145 451 5
145 453 9
145 454 8
145 458 2
145 459 6
145 460 6
145 461 5
145 463 10
145 464 1
145 466 10
145 469 2
145 470 8
145 471 4
145 472 2
145 473 3
145 474 3
145 477 6
145 479 1
145 480 8
145 482 4
145 483 3
145 484 9
145 488 8
145 492 10
145 494 2
145 495 2
146 147 5
146 148 9
146 149 3
146 150 4
146 151 2
146 153 2
146 154 8
146 155 5
146 156 10
146 157 4
146 158 4
146 160 4
146 161 3
146 164 8
146 165 1
146 166 7
146 167 7
146 169 1
146 172 8
146 176 4
146 177 8
146 178 8
146 180 9
146 181 8
146 184 3
146 185 7
146 186 7
146 187 10
146 190 6
146 192 9
146 196 4
146 197 2
146 199 5
146 201 7
146 202 5
146 203 1
146 204 10
146 205 8
146 207 8
146 214 3
146 215 8
146 217 4
146 218 5
146 221 4
146 225 10
146 227 4
146 229 5
146 231 3
146 234 2
146 235 6
146 236 4
146 241 3
146 243 10
146 244 1
146 248 8
146 251 2
146 253 1
146 255 9
146 256 9
146 261 6
146 262 9
146 263 8
146 264 10
146 265 2
146 269 3
146 270 4
146 271 7
146 272 1
146 273 4
146 279 6
146 280 5
146 281 1
146 283 1
146 284 9
146 286 6
146 288 5
146 294 8
146 296 7
146 300 4
146 302 8
146 303 9
146 304 5
146 305 6
146 307 9
146 311 1
146 312 8
146 313 10
146 314 5
146 315 8
146 317 1
146 319 3
146 320 5
146 322 2
146 323 6
146 324 1
146 325 4
146 326 3
146 327 2
146 329 4
146 331 8
146 332 7
146 334 8
146 336 10
146 343 4
146 344 1
146 345 8
146 347 9
146 351 5
146 352 2
146 354 8
146 355 5
146 356 1
146 357 4
146 358 8
146 361 6
146 362 7
146 363 6
146 365 2
146 367 5
146 369 8
146 370 7
146 371 7
146 372 6
146 373 3
146 375 3
146 376 7
146 377 10
146 378 5
146 380 5
146 382 5
146 383 7
146 384 3
146 385 1
146 386 1
146 387 8
146 388 10
146 391 7
146 392 4
146 393 1
146 394 9
146 396 4
146 397 5
146 400 10
146 401 5
146 403 1
146 404 5
146 405 3
146 406 8
146 407 6
146 411 10
146 414 5
146 416 5
146 418 5
146 420 8
146 424 1
146 426 3
146 427 9
146 429 9
146 430 7
146 433 3
146 434 4
146 439 2
146 440 7
146 441 6
146 442 7
146 443 2
146 446 7
146 450 2
146 453 5
146 454 10
146 455 1
146 458 5
146 459 7
146 460 6
146 462 3
146 463 1
146 464 10
146 466 4
146 468 7
146 473 10
146 474 5
146 477 4
146 478 7
146 480 9
146 481 2
146 483 1
146 484 3
146 488 9
146 489 7
146 493 8
146 494 10
146 495 1
146 496 7
146 499 6
147 148 3
147 152 2
147 153 3
147 155 4
147 158 1
147 160 5
147 162 7
147 169 1
147 171 2
147 174 7
147 175 10
147 176 9
147 177 10
147 178 6
147 179 7
147 180 10
147 181 1
147 183 9
147 185 3
147 190 9
147 194 1
147 199 1
147 200 9
147 201 2
147 202 8
147 203 4
147 204 3
147 210 4
147 211 3
147 219 1
147 222 8
147 223 9
147 224 4
147 225 10
147 226 2
147 227 9
147 232 7
147 237 8
147 240 3
147 243 3
147 244 7
147 245 1
147 248 10
147 249 7
147 251 2
147 255 4
147 256 2
147 258 9
147 260 9
147 261 5
147 262 2
147 263 6
147 265 7
147 268 9
147 271 10
147 278 9
147 281 4
147 282 3
147 283 7
147 287 5
147 289 8
147 291 8
147 300 10
147 301 4
147 302 2
147 304 10
147 307 8
147 308 9
147 309 3
147 310 9
147 311 4
147 312 4
147 314 1
147 316 7
147 318 2
147 322 6
147 325 8
147 326 5
147 327 7
147 329 2
147 332 8
147 334 4
147 335 2
147 338 6
147 339 10
147 342 2
147 343 5
147 347 6
147 348 3
147 352 7
147 354 3
147 357 1
147 358 7
147 360 8
147 361 8
147 362 10
147 364 9
147 365 5
147 368 7
147 373 1
147 377 8
147 378 9
147 380 2
147 385 9
147 389 10
147 390 4
147 392 4
147 395 9
147 397 2
147 398 1
147 399 7
147 401 5
147 403 9
147 404 3
147 406 4
147 408 8
147 409 8
147 411 3
147 412 10
147 418 5
147 419 8
147 420 4
147 421 2
147 425 5
147 426 1
147 427 2
147 433 4
147 434 3
147 436 1
147 439 7
147 441 9
147 443 1
147 446 9
147 448 2
147 451 5
147 458 6
147 460 10
147 461 2
147 462 5
147 464 5
147 466 4
147 468 3
147 469 7
147 478 9
147 480 2
147 481 7
147 482 9
147 483 7
147 486 3
147 490 9
147 491 9
147 492 5
147 493 5
147 494 2
147 497 8
148 150 4
148 156 10
148 158 5
148 161 7
148 162 5
148 164 10
148 165 9
148 167 9
148 168 1
148 169 9
148 170 8
148 171 9
148 172 10
148 173 10
148 174 6
148 175 8
148 178 6
148 180 9
148 181 8
148 182 10
148 185 6
148 186 5
148 187 4
148 188 9
148 189 9
148 190 2
148 192 9
148 193 9
148 194 1
148 195 5
148 198 6
148 201 9
148 203 9
148 205 5
148 207 4
148 208 3
148 211 3
148 214 8
148 215 8
148 217 9
148 222 10
148 225 6
148 227 2
148 229 7
148 230 9
148 231 9
148 235 3
148 239 1
148 241 3
148 242 3
148 243 4
148 249 10
148 250 1
148 251 7
148 252 5
148 253 8
148 257 4
148 259 4
148 260 8
148 261 5
148 269 9
148 270 1
148 272 9
148 274 4
148 275 3
148 276 9
148 278 1
148 281 5
148 283 9
148 286 8
148 288 4
148 290 1
148 292 7
148 294 7
148 297 4
148 300 2
148 304 1
148 305 4
148 307 9
148 309 1
148 311 8
148 312 2
148 315 3
148 316 1
148 317 1
148 319 6
148 322 3
148 323 5
148 324 10
148 329 1
148 330 7
148 331 1
148 334 1
148 336 6
148 337 5
148 338 2
148 339 6
148 344 7
148 345 4
148 347 3
148 349 7
148 351 3
148 354 7
148 356 1
148 357 3
148 358 7
148 359 5
148 361 2
148 363 5
148 365 4
148 367 10
148 369 10
148 370 5
148 371 5
148 373 6
148 374 5
148 375 10
148 376 3
148 377 8
148 384 10
148 389 2
148 390 6
148 392 1
148 396 2
148 397 3
148 398 10
148 400 1
148 402 4
148 403 6
148 404 4
148 405 10
148 406 4
148 407 5
148 408 6
148 410 2
148 413 10
148 414 8
148 419 10
148 420 7
148 422 1
148 424 7
148 426 2
148 428 8
148 431 7
148 432 7
148 433 3
148 434 9
148 435 4
148 437 2
148 439 8
148 440 10
148 441 1
148 442 4
148 443 2
148 445 8
148 446 3
148 447 1
148 449 3
148 450 1
148 451 4
148 454 10
148 455 3
148 456 3
148 457 9
148 461 1
148 462 6
148 464 6
148 468 10
148 471 9
148 474 10
148 475 7
148 477 1
148 480 3
148 481 10
148 484 9
148 485 2
148 487 9
148 488 5
148 489 9
148 492 8
148 495 6
148 496 5
148 498 1
148 499 1
149 151 4
149 156 7
149 158 9
149 160 3
149 164 8
149 167 1
149 168 4
149 169 8
149 170 4
149 171 4
149 173 6
149 175 8
149 176 7
149 178 4
149 181 7
149 183 2
149 184 2
149 185 10
149 189 6
149 190 7
149 191 1
149 193 10
149 195 5
149 196 9
149 201 6
149 202 6
149 203 5
149 205 9
149 206 5
149 208 7
149 211 5
149 213 9
149 214 6
149 215 3
149 223 4
149 224 4
149 225 6
149 226 1
149 227 9
149 230 6
149 233 5
149 234 8
149 239 1
149 240 1
149 250 8
149 251 4
149 253 5
149 255 5
149 256 7
149 257 7
149 259 2
149 261 3
149 263 3
149 264 1
149 265 1
149 268 10
149 269 4
149 270 9
149 274 9
149 276 5
149 277 10
149 278 10
149 279 6
149 280 10
149 281 1
149 283 4
149 284 1
149 287 2
149 290 8
149 291 2
149 292 6
149 293 8
149 295 4
149 299 1
149 302 6
149 306 6
149 309 10
149 310 2
149 311 10
149 312 7
149 318 7
149 319 5
149 321 2
149 324 7
149 327 6
149 328 9
149 335 9
149 339 5
149 341 2
149 342 5
149 344 7
149 345 3
149 346 10
149 347 5
149 348 10
149 349 5
149 350 2
149 351 2
149 352 9
149 354 3
149 355 10
149 356 5
149 358 9
149 362 6
149 365 3
149 366 7
149 367 3
149 368 6
149 369 6
149 370 2
149 371 7
149 373 6
149 376 1
149 378 4
149 379 7
149 381 2
149 383 2
149 386 8
149 388 4
149 389 9
149 394 9
149 395 5
149 398 2
149 402 8
149 403 4
149 404 5
149 405 2
149 406 6
149 408 5
149 411 10
149 413 1
149 416 8
149 417 8
149 419 6
149 421 8
149 422 2
149 423 9
149 425 4
149 429 10
149 431 5
149 432 5
149 433 7
149 440 8
149 443 4
149 446 9
149 447 1
149 448 5
149 449 4
149 452 5
149 454 8
149 455 5
149 456 7
149 464 4
149 468 3
149 470 6
149 472 6
149 473 3
149 475 2
149 480 1
149 484 6
149 487 9
149 489 8
149 494 3
149 495 10
149 496 4
149 497 9
149 499 9
150 151 7
150 155 10
150 156 7
150 157 9
150 158 5
150 161 10
150 162 5
150 164 1
150 166 10
150 167 9
150 168 10
150 170 6
150 172 7
150 174 1
150 175 8
150 176 8
150 181 8
150 188 6
150 191 10
150 192 5
150 195 4
150 196 1
150 197 4
150 198 3
150 202 9
150 205 3
150 206 8
150 208 2
150 209 4
150 210 1
150 211 7
150 213 8
150 214 9
150 216 7
150 218 4
150 221 8
150 222 9
150 224 1
150 229 10
150 233 4
150 234 9
150 235 4
150 237 10
150 238 8
150 240 6
150 242 4
150 245 5
150 247 1
150 248 10
150 249 4
150 251 7
150 252 6
150 254 7
150 259 5
150 261 7
150 263 3
150 264 8
150 265 8
150 266 3
150 268 3
150 272 4
150 273 8
150 274 3
150 278 10
150 280 9
150 281 2
150 282 8
150 283 10
150 284 6
150 285 1
150 286 4
150 288 7
150 290 1
150 291 1
150 293 1
150 294 2
150 297 7
150 298 8
150 299 2
150 302 9
150 303 9
150 306 10
150 308 4
150 312 5
150 314 7
150 315 10
150 316 3
150 317 3
150 318 3
150 320 6
150 325 4
150 326 8
150 334 7
150 336 5
150 337 9
150 340 10
150 341 4
150 342 1
150 343 2
150 349 10
150 351 8
150 352 2
150 354 7
150 355 10
150 357 8
150 358 6
150 360 9
150 362 7
150 363 1
150 364 7
150 365 9
150 367 6
150 368 6
150 369 5
150 370 4
150 373 1
150 374 4
150 375 5
150 377 2
150 379 4
150 380 6
150 382 1
150 383 10
150 384 5
150 385 1
150 386 5
150 387 5
150 388 3
150 389 9
150 392 6
150 393 8
150 394 1
150 395 7
150 397 6
150 400 7
150 405 2
150 411 10
150 418 9
150 421 10
150 422 1
150 424 6
150 425 2
150 426 4
150 427 9
150 428 10
150 434 1
150 436 8
150 437 9
150 439 9
150 440 8
150 442 1
150 443 7
150 445 2
150 447 8
150 448 1
150 449 1
150 450 1
150 455 2
150 457 10
150 458 10
150 462 10
150 464 4
150 465 7
150 467 3
150 468 6
150 469 6
150 472 8
150 473 6
150 474 3
150 476 6
150 477 2
150 478 4
150 480 3
150 481 9
150 482 7
150 484 5
150 485 9
150 487 1
150 489 4
150 494 9
150 495 1
150 496 2
150 498 5
151 152 5
151 155 10
151 158 2
151 161 2
151 165 3
151 167 10
151 168 7
151 171 4
151 176 5
151 177 4
151 178 1
151 180 8
151 182 5
151 183 10
151 188 6
151 189 7
151 190 6
151 192 6
151 194 3
151 195 5
151 196 7
151 202 10
151 204 7
151 206 3
151 211 4
151 213 1
151 214 6
151 216 10
151 220 5
151 221 10
151 226 6
151 229 6
151 231 7
151 232 2
151 236 1
151 237 6
151 239 3
151 240 9
151 241 10
151 242 10
151 244 10
151 247 2
151 248 7
151 249 8
151 250 5
151 251 7
151 252 1
151 254 5
151 256 6
151 257 5
151 260 10
151 261 6
151 262 7
151 263 1
151 264 4
151 266 2
151 267 3
151 270 7
151 271 3
151 272 10
151 273 1
151 274 4
151 277 10
151 282 2
151 283 9
151 285 6
151 286 4
151 287 6
151 289 5
151 295 4
151 300 3
151 301 7
151 306 9
151 307 7
151 308 1
151 309 5
151 310 1
151 312 10
151 313 3
151 314 7
151 316 3
151 321 5
151 322 9
151 323 2
151 324 6
151 325 2
151 326 7
151 327 2
151 328 10
151 330 5
151 331 5
151 333 10
151 336 1
151 338 4
151 340 6
151 347 5
151 348 10
151 350 4
151 353 10
151 356 10
151 357 4
151 358 1
151 361 4
151 362 5
151 364 4
151 365 6
151 366 6
151 369 2
151 372 4
151 373 10
151 376 10
151 377 3
151 379 1
151 382 3
151 384 10
151 388 1
151 389 4
151 390 2
151 394 2
151 396 8
151 398 10
151 400 4
151 404 7
151 405 1
151 409 6
151 411 7
151 413 8
151 416 4
151 420 2
151 424 8
151 426 4
151 429 5
151 431 10
151 432 3
151 433 4
151 434 10
151 437 3
151 438 2
151 440 4
151 442 5
151 444 3
151 446 2
151 447 6
151 449 5
151 450 6
151 451 8
151 453 9
151 457 3
151 459 3
151 460 6
151 461 4
151 463 9
151 467 1
151 469 8
151 473 6
151 474 3
151 475 10
151 476 1
151 477 8
151 478 1
151 480 3
151 481 3
151 482 4
151 485 1
151 487 9
151 488 3
151 489 4
151 490 6
151 491 8
151 493 6
151 494 7
151 495 4
152 156 5
152 159 2
152 160 9
152 163 4
152 164 7
152 166 4
152 167 9
152 169 1
152 170 10
152 172 8
152 174 3
152 176 3
152 182 2
152 183 6
152 188 10
152 193 6
152 195 9
152 196 8
152 200 3
152 205 9
152 206 4
152 207 10
152 208 3
152 209 6
152 211 4
152 214 8
152 215 4
152 216 9
152 217 5
152 218 2
152 219 2
152 222 3
152 223 4
152 224 5
152 225 6
152 226 10
152 230 5
152 231 8
152 232 7
152 233 9
152 234 6
152 235 8
152 236 1
152 237 3
152 238 10
152 239 4
152 240 2
152 242 1
152 243 8
152 245 3
152 246 3
152 251 8
152 252 1
152 253 8
152 255 7
152 257 8
152 258 1
152 259 6
152 260 6
152 261 8
152 262 1
152 264 5
152 265 1
152 266 1
152 267 5
152 269 5
152 271 9
152 275 6
152 276 5
152 281 6
152 282 5
152 285 6
152 286 4
152 287 8
152 289 2
152 290 5
152 291 8
152 296 4
152 297 5
152 299 6
152 300 7
152 306 10
152 307 5
152 308 10
152 309 9
152 312 4
152 315 7
152 318 10
152 319 6
152 320 1
152 323 7
152 325 10
152 329 2
152 330 9
152 331 1
152 333 1
152 335 4
152 337 1
152 338 6
152 339 7
152 341 8
152 344 9
152 345 1
152 348 7
152 350 8
152 351 4
152 352 2
152 353 7
152 354 6
152 356 8
152 357 5
152 358 2
152 359 9
152 360 3
152 361 7
152 362 6
152 365 4
152 368 5
152 372 10
152 373 6
152 374 5
152 376 6
152 377 3
152 378 9
152 379 3
152 380 6
152 382 6
152 383 2
152 386 4
152 390 5
152 391 6
152 393 2
152 394 10
152 395 10
152 396 6
152 403 3
152 404 6
152 407 4
152 412 5
152 415 9
152 417 7
152 418 10
152 420 3
152 421 1
152 422 6
152 425 7
152 426 2
152 427 5
152 428 5
152 433 8
152 434 3
152 437 7
152 438 5
152 439 10
152 441 6
152 442 1
152 446 2
152 449 8
152 450 2
152 453 1
152 458 10
152 462 9
152 464 10
152 465 1
152 469 9
152 470 5
152 471 5
152 472 6
152 474 10
152 476 1
152 478 7
152 479 2
152 480 4
152 481 2
152 482 1
152 484 2
152 485 5
152 486 7
152 487 6
152 489 7
152 490 10
152 494 10
152 495 9
152 497 10
153 156 4
153 157 1
153 158 6
153 159 10
153 160 3
153 163 4
153 164 10
153 165 6
153 167 2
153 171 7
153 173 7
153 174 10
153 176 6
153 178 1
153 179 1
153 180 6
153 182 3
153 184 2
153 186 8
153 190 2
153 193 10
153 196 3
153 197 8
153 199 1
153 200 8
153 202 9
153 204 10
153 207 4
153 209 10
153 210 8
153 211 1
153 218 9
153 219 6
153 224 4
153 227 9
153 229 9
153 231 7
153 232 3
153 239 2
153 242 6
153 243 3
153 244 8
153 246 2
153 247 4
153 248 4
153 249 1
153 251 4
153 252 8
153 253 10
153 255 6
153 256 4
153 257 7
153 266 10
153 268 2
153 270 9
153 272 2
153 274 4
153 284 1
153 286 3
153 288 7
153 289 5
153 290 6
153 291 4
153 292 5
153 295 3
153 296 4
153 297 9
153 298 5
153 299 5
153 300 10
153 302 10
153 310 2
153 311 5
153 312 2
153 314 1
153 315 7
153 317 9
153 320 8
153 321 7
153 322 8
153 323 5
153 324 9
153 325 3
153 326 7
153 328 4
153 329 9
153 330 9
153 331 4
153 335 7
153 337 2
153 340 1
153 341 1
153 342 1
153 343 10
153 347 8
153 350 9
153 352 10
153 354 7
153 355 2
153 356 6
153 357 10
153 362 2
153 363 7
153 366 4
153 368 8
153 370 8
153 372 8
153 373 6
153 379 7
153 387 8
153 389 7
153 390 7
153 391 4
153 397 7
153 399 10
153 400 6
153 404 5
153 405 7
153 406 9
153 409 9
153 410 5
153 412 6
153 419 1
153 422 6
153 427 1
153 428 5
153 430 7
153 431 3
153 433 3
153 434 3
153 435 3
153 439 10
153 441 4
153 443 9
153 446 4
153 447 9
153 448 2
153 449 5
153 451 1
153 453 1
153 454 3
153 455 4
153 457 8
153 458 4
153 459 5
153 460 4
153 462 8
153 465 7
153 467 6
153 468 1
153 469 9
153 470 1
153 471 2
153 473 3
153 475 6
153 477 3
153 478 9
153 480 5
153 481 1
153 482 5
153 483 4
153 484 6
153 485 10
153 486 7
153 488 7
153 491 4
153 493 4
153 494 5
153 495 9
153 496 5
153 497 1
154 155 8
154 157 8
154 159 2
154 162 4
154 164 2
154 165 7
154 166 3
154 167 8
154 168 3
154 170 3
154 178 4
154 179 9
154 181 10
154 183 4
154 184 3
154 185 6
154 186 1
154 190 9
154 191 8
154 194 4
154 195 4
154 196 4
154 199 7
154 201 8
154 202 6
154 204 4
154 206 8
154 207 9
154 209 9
154 210 8
154 211 6
154 212 1
154 213 10
154 215 10
154 216 4
154 217 3
154 218 10
154 219 6
154 221 8
154 228 9
154 229 8
154 230 7
154 234 10
154 235 5
154 236 6
154 237 10
154 243 7
154 244 6
154 245 10
154 246 4
154 248 7
154 250 8
154 251 10
154 255 10
154 256 2
154 257 6
154 259 7
154 260 9
154 261 7
154 264 6
154 265 3
154 267 9
154 269 7
154 270 7
154 272 4
154 274 7
154 275 3
154 276 9
154 278 6
154 283 1
154 285 8
154 286 9
154 289 8
154 290 5
154 291 5
154 292 6
154 293 10
154 298 8
154 299 6
154 301 6
154 302 1
154 305 3
154 306 9
154 308 4
154 311 7
154 312 6
154 313 7
154 314 10
154 315 6
154 317 2
154 319 4
154 320 9
154 322 6
154 325 3
154 326 5
154 329 10
154 337 9
154 339 7
154 340 1
154 342 3
154 344 2
154 347 3
154 350 4
154 352 6
154 353 3
154 354 9
154 356 4
154 358 8
154 361 5
154 362 9
154 363 8
154 366 9
154 370 7
154 373 9
154 375 5
154 378 1
154 379 8
154 383 3
154 386 7
154 387 4
154 389 8
154 390 3
154 391 7
154 396 7
154 397 10
154 398 2
154 401 1
154 402 10
154 406 8
154 407 4
154 408 2
154 410 8
154 412 10
154 414 4
154 423 9
154 424 3
154 425 6
154 428 3
154 430 2
154 431 10
154 432 10
154 433 10
154 434 5
154 435 5
154 436 10
154 439 9
154 440 9
154 441 3
154 442 4
154 445 9
154 446 4
154 447 7
154 448 5
154 450 6
154 452 3
154 453 8
154 454 1
154 455 7
154 456 3
154 457 8
154 458 6
154 459 6
154 462 10
154 465 3
154 467 4
154 471 6
154 473 5
154 475 4
154 479 1
154 480 7
154 483 7
154 484 4
154 486 2
154 487 8
154 488 1
154 493 1
154 494 8
154 495 9
154 498 9
155 156 8
155 157 4
155 158 5
155 159 1
155 163 9
155 167 4
155 170 7
155 174 4
155 176 2
155 178 5
155 179 9
155 180 3
155 183 10
155 184 6
155 185 5
155 186 7
155 187 5
155 189 3
155 190 5
155 191 8
155 192 1
155 193 9
155 194 5
155 198 8
155 199 3
155 200 7
155 201 3
155 202 8
155 203 4
155 204 10
155 205 6
155 208 7
155 211 3
155 214 6
155 215 5
155 216 5
155 218 1
155 220 5
155 222 8
155 223 3
155 228 3
155 230 3
155 233 2
155 234 10
155 235 5
155 237 5
155 240 6
155 245 10
155 246 5
155 247 5
155 248 4
155 252 4
155 254 5
155 255 9
155 256 4
155 258 2
155 260 5
155 261 6
155 267 4
155 269 10
155 270 5
155 272 3
155 274 5
155 276 7
155 278 9
155 280 9
155 285 5
155 287 8
155 289 7
155 291 7
155 292 5
155 293 2
155 296 7
155 297 5
155 300 3
155 302 5
155 303 2
155 304 7
155 308 6
155 309 1
155 311 6
155 313 3
155 314 10
155 316 8
155 317 8
155 319 6
155 321 5
155 322 5
155 325 1
155 327 2
155 328 1
155 330 10
155 331 8
155 332 4
155 333 2
155 335 3
155 336 1
155 338 10
155 339 8
155 340 3
155 342 8
155 344 3
155 345 6
155 346 10
155 347 6
155 349 6
155 353 5
155 355 1
155 358 10
155 360 2
155 361 10
155 363 8
155 365 10
155 367 10
155 369 7
155 370 1
155 371 1
155 373 5
155 379 5
155 380 10
155 381 1
155 383 4
155 384 10
155 385 1
155 386 8
155 387 3
155 388 1
155 389 4
155 390 7
155 393 9
155 396 8
155 398 10
155 401 8
155 405 10
155 407 8
155 411 8
155 412 1
155 413 7
155 414 4
155 415 6
155 417 9
155 419 10
155 422 2
155 425 3
155 427 3
155 428 3
155 429 7
155 430 9
155 432 3
155 435 6
155 438 5
155 442 9
155 447 4
155 448 8
155 452 6
155 454 4
155 456 3
155 459 1
155 460 3
155 461 9
155 462 9
155 466 3
155 467 9
155 469 6
155 470 4
155 473 10
155 474 9
155 479 5
155 481 2
155 482 5
155 484 6
155 486 7
155 488 9
155 490 10
155 491 3
155 493 6
155 495 9
155 496 4
155 497 7
155 499 5
156 159 2
156 160 5
156 162 1
156 164 4
156 165 8
156 168 9
156 174 3
156 179 9
156 180 9
156 181 4
156 182 6
156 184 3
156 185 4
156 186 6
156 187 10
156 188 4
156 190 9
156 191 3
156 192 8
156 194 2
156 197 7
156 198 7
156 199 4
156 200 7
156 202 4
156 203 1
156 204 3
156 205 5
156 207 1
156 215 5
156 218 4
156 221 5
156 222 9
156 224 3
156 225 7
156 228 5
156 229 10
156 238 1
156 239 1
156 240 9
156 241 2
156 244 2
156 245 2
156 247 7
156 248 8
156 249 1
156 250 5
156 255 6
156 259 5
156 260 9
156 261 9
156 262 7
156 264 8
156 265 10
156 267 5
156 268 2
156 270 8
156 275 1
156 276 7
156 279 2
156 283 10
156 284 9
156 287 8
156 289 4
156 290 2
156 292 6
156 298 1
156 299 2
156 300 7
156 301 7
156 302 7
156 303 7
156 304 4
156 306 8
156 308 4
156 309 6
156 311 9
156 312 9
156 314 3
156 316 3
156 317 6
156 322 4
156 323 10
156 324 3
156 326 1
156 330 2
156 334 4
156 336 4
156 337 8
156 339 7
156 341 8
156 342 1
156 343 2
156 345 5
156 346 5
156 347 4
156 348 2
156 349 9
156 350 8
156 351 4
156 352 5
156 355 8
156 356 6
156 361 4
156 363 6
156 364 3
156 365 6
156 367 3
156 369 9
156 371 3
156 375 5
156 378 1
156 385 1
156 387 9
156 389 5
156 390 3
156 393 3
156 394 3
156 396 10
156 397 7
156 398 3
156 405 8
156 409 3
156 410 8
156 411 7
156 412 6
156 413 1
156 415 5
156 417 5
156 419 6
156 422 5
156 426 7
156 427 7
156 428 3
156 429 10
156 430 3
156 431 1
156 434 6
156 435 1
156 440 3
156 443 3
156 444 1
156 445 6
156 448 8
156 449 2
156 453 1
156 455 9
156 456 8
156 458 7
156 460 5
156 462 3
156 464 6
156 465 7
156 467 7
156 471 4
156 476 5
156 479 5
156 482 4
156 484 5
156 486 9
156 488 10
156 489 4
156 490 10
156 493 3
156 495 1
156 496 5
157 160 5
157 161 9
157 162 5
157 164 8
157 165 10
157 166 8
157 167 6
157 168 4
157 169 3
157 170 3
157 172 9
157 177 9
157 178 4
157 179 4
157 180 7
157 181 6
157 188 10
157 190 5
157 193 10
157 195 8
157 202 4
157 204 6
157 205 8
157 208 3
157 210 6
157 215 4
157 216 4
157 218 6
157 221 2
157 223 8
157 224 3
157 225 4
157 226 4
157 231 8
157 233 5
157 234 2
157 236 9
157 237 2
157 238 1
157 239 8
157 241 4
157 242 1
157 244 1
157 245 8
157 246 8
157 247 5
157 248 4
157 249 10
157 251 10
157 252 3
157 256 10
157 258 2
157 260 10
157 264 7
157 265 6
157 266 4
157 269 10
157 270 4
157 276 5
157 279 3
157 283 8
157 284 2
157 287 8
157 289 8
157 291 7
157 292 10
157 294 8
157 296 9
157 298 9
157 299 3
157 301 6
157 304 9
157 305 8
157 306 2
157 307 10
157 310 1
157 316 7
157 318 5
157 320 7
157 321 3
157 323 3
157 325 6
157 326 1
157 328 2
157 329 8
157 332 6
157 335 2
157 340 1
157 343 6
157 344 7
157 346 7
157 350 9
157 351 5
157 352 6
157 354 10
157 355 5
157 356 6
157 361 1
157 362 6
157 363 6
157 365 8
157 366 10
157 370 6
157 374 2
157 378 2
157 379 4
157 382 7
157 383 8
157 385 1
157 387 5
157 388 1
157 390 10
157 393 5
157 396 7
157 397 8
157 399 5
157 401 5
157 403 6
157 405 8
157 408 3
157 410 8
157 411 6
157 412 8
157 414 10
157 418 10
157 419 7
157 420 10
157 424 5
157 425 3
157 426 7
157 427 1
157 428 4
157 433 8
157 434 5
157 438 4
157 439 8
157 443 3
157 444 1
157 445 6
157 447 9
157 448 10
157 450 7
157 451 3
157 455 8
157 458 2
157 459 7
157 462 9
157 463 9
157 465 3
157 466 3
157 468 9
157 475 8
157 478 5
157 479 9
157 481 4
157 482 3
157 483 1
157 486 2
157 489 9
157 490 8
157 493 1
157 494 1
157 496 6
157 497 4
157 498 1
158 159 9
158 160 2
158 161 1
158 168 10
158 169 1
158 170 3
158 171 4
158 177 1
158 179 9
158 182 4
158 184 10
158 185 5
158 188 5
158 189 7
158 191 6
158 193 5
158 195 1
158 196 10
158 199 5
158 200 3
158 201 4
158 202 10
158 204 10
158 208 5
158 209 3
158 211 3
158 214 4
158 217 8
158 220 5
158 225 8
158 227 2
158 228 1
158 231 8
158 232 8
158 233 2
158 236 3
158 237 10
158 238 9
158 239 6
158 244 4
158 245 10
158 250 1
158 251 7
158 252 8
158 254 1
158 255 1
158 257 7
158 258 9
158 260 9
158 261 5
158 262 7
158 263 1
158 264 9
158 268 8
158 269 3
158 271 7
158 274 8
158 275 6
158 276 4
158 279 10
158 280 2
158 281 8
158 285 6
158 287 2
158 288 9
158 291 10
158 293 1
158 294 6
158 296 8
158 297 9
158 301 2
158 302 1
158 303 7
158 304 7
158 305 5
158 307 3
158 312 7
158 313 1
158 315 3
158 319 9
158 320 8
158 324 4
158 326 9
158 327 4
158 328 8
158 331 5
158 335 1
158 336 7
158 337 6
158 338 1
158 341 6
158 342 8
158 343 10
158 346 5
158 347 5
158 350 7
158 351 4
158 352 4
158 353 4
158 356 5
158 357 10
158 358 8
158 360 10
158 362 3
158 364 6
158 365 3
158 366 9
158 367 1
158 368 4
158 369 2
158 370 10
158 374 10
158 378 3
158 381 8
158 384 3
158 385 7
158 388 2
158 390 4
158 392 9
158 395 10
158 398 1
158 402 5
158 403 4
158 406 9
158 407 10
158 415 2
158 416 9
158 419 5
158 421 8
158 425 7
158 426 4
158 427 7
158 430 9
158 432 4
158 434 7
158 435 5
158 436 10
158 437 10
158 438 8
158 442 9
158 444 1
158 448 10
158 450 9
158 456 9
158 460 10
158 464 7
158 465 4
158 466 9
158 467 1
158 475 3
158 479 9
158 481 5
158 484 1
158 486 10
158 487 7
158 489 10
158 491 10
158 492 3
158 494 8
158 498 1
159 160 3
159 163 4
159 164 10
159 166 10
159 167 1
159 169 3
159 171 9
159 173 5
159 175 4
159 177 4
159 178 6
159 180 3
159 181 3
159 182 1
159 183 6
159 184 9
159 188 10
159 191 10
159 192 2
159 194 4
159 195 2
159 198 9
159 199 4
159 200 1
159 202 3
159 204 7
159 208 1
159 209 9
159 210 7
159 212 1
159 213 5
159 214 4
159 221 7
159 222 4
159 224 7
159 226 1
159 227 4
159 228 9
159 229 10
159 230 2
159 231 10
159 233 6
159 237 3
159 240 6
159 241 3
159 246 2
159 247 10
159 248 2
159 252 7
159 254 5
159 256 7
159 258 10
159 260 9
159 262 6
159 263 8
159 264 10
159 268 8
159 270 6
159 273 8
159 274 7
159 276 7
159 277 1
159 280 6
159 281 2
159 282 9
159 283 7
159 285 1
159 287 8
159 290 4
159 291 4
159 292 1
159 295 8
159 296 7
159 298 1
159 299 9
159 302 8
159 305 3
159 306 5
159 307 3
159 309 10
159 311 1
159 315 9
159 319 10
159 320 5
159 322 2
159 323 1
159 324 9
159 326 2
159 327 7
159 329 4
159 330 1
159 331 8
159 333 5
159 334 6
159 338 3
159 341 10
159 342 2
159 343 10
159 344 8
159 347 7
159 350 1
159 351 7
159 352 9
159 359 10
159 360 2
159 363 9
159 364 4
159 366 2
159 369 3
159 372 4
159 374 7
159 378 6
159 379 4
159 382 9
159 383 1
159 384 6
159 385 5
159 386 8
159 387 1
159 388 8
159 389 10
159 390 10
159 392 3
159 393 4
159 396 5
159 397 7
159 398 10
159 399 5
159 403 1
159 405 1
159 410 6
159 411 1
159 412 5
159 414 6
159 415 7
159 416 3
159 419 9
159 420 2
159 423 10
159 425 1
159 426 1
159 427 7
159 429 8
159 432 8
159 434 5
159 436 5
159 437 5
159 438 10
159 439 2
159 444 7
159 446 2
159 449 9
159 452 9
159 453 1
159 457 7
159 460 3
159 461 7
159 463 8
159 465 4
159 467 10
159 468 1
159 470 3
159 471 10
159 472 9
159 477 9
159 478 5
159 481 4
159 482 6
159 484 1
159 485 1
159 486 5
159 487 5
159 490 8
159 493 8
159 499 5
160 163 9
160 165 5
160 167 1
160 169 9
160 170 10
160 174 2
160 175 3
160 176 8
160 178 5
160 180 9
160 182 3
160 184 7
160 185 7
160 186 3
160 187 3
160 189 8
160 190 2
160 192 4
160 193 1
160 194 1
160 200 8
160 201 6
160 206 3
160 211 8
160 213 5
160 215 2
160 216 1
160 219 10
160 220 2
160 221 7
160 222 3
160 223 6
160 224 2
160 225 7
160 228 2
160 229 4
160 230 1
160 231 9
160 233 6
160 234 2
160 235 5
160 236 2
160 237 4
160 238 2
160 239 2
160 240 7
160 243 5
160 244 4
160 245 9
160 246 2
160 247 4
160 249 3
160 250 1
160 251 1
160 253 2
160 254 3
160 255 10
160 258 9
160 260 10
160 261 4
160 263 1
160 264 2
160 265 5
160 266 1
160 268 5
160 269 6
160 272 2
160 276 3
160 277 5
160 278 4
160 279 7
160 280 9
160 282 7
160 284 2
160 286 4
160 288 7
160 289 5
160 292 8
160 294 6
160 296 4
160 297 3
160 299 10
160 301 8
160 303 8
160 306 8
160 312 9
160 318 2
160 321 10
160 323 3
160 324 4
160 326 6
160 327 3
160 328 10
160 329 3
160 332 4
160 333 8
160 335 2
160 337 4
160 340 3
160 344 9
160 351 2
160 354 9
160 355 10
160 356 8
160 358 3
160 360 3
160 361 3
160 362 6
160 363 7
160 364 7
160 368 9
160 370 8
160 371 3
160 372 10
160 373 6
160 374 9
160 377 3
160 379 4
160 383 5
160 384 4
160 386 4
160 389 1
160 392 1
160 394 3
160 395 10
160 396 3
160 397 3
160 398 7
160 400 3
160 401 6
160 403 6
160 405 8
160 406 8
160 409 10
160 410 6
160 413 5
160 417 3
160 418 7
160 419 5
160 420 8
160 423 4
160 424 7
160 426 8
160 430 6
160 434 5
160 438 8
160 440 9
160 441 7
160 442 2
160 443 10
160 448 8
160 450 3
160 452 3
160 454 10
160 455 5
160 457 10
160 458 4
160 459 8
160 460 5
160 461 1
160 463 8
160 466 1
160 467 1
160 468 2
160 473 9
160 477 3
160 479 5
160 480 5
160 482 10
160 486 9
160 488 6
160 490 10
160 491 7
160 492 10
160 495 10
160 496 3
160 499 6
161 162 5
161 165 2
161 166 6
161 167 6
161 170 1
161 171 7
161 173 4
161 176 7
161 178 9
161 180 9
161 181 8
161 184 5
161 186 7
161 188 1
161 189 7
161 191 2
161 195 4
161 197 9
161 199 3
161 200 7
161 201 1
161 202 4
161 204 10
161 208 8
161 209 9
161 210 10
161 212 10
161 213 2
161 215 6
161 220 2
161 221 6
161 222 8
161 224 8
161 225 1
161 229 8
161 231 7
161 233 2
161 234 5
161 238 9
161 239 7
161 240 5
161 243 4
161 245 5
161 246 2
161 247 3
161 249 5
161 251 1
161 253 4
161 254 5
161 255 3
161 256 1
161 257 1
161 265 2
161 266 7
161 267 1
161 268 7
161 270 2
161 272 4
161 275 10
161 280 3
161 284 7
161 285 3
161 286 2
161 287 5
161 291 9
161 292 2
161 294 6
161 295 10
161 299 7
161 300 10
161 301 1
161 303 9
161 305 2
161 308 8
161 309 3
161 311 6
161 314 10
161 315 5
161 316 3
161 326 8
161 327 7
161 330 8
161 332 8
161 334 3
161 335 3
161 336 6
161 337 3
161 340 2
161 341 9
161 343 7
161 344 10
161 352 6
161 355 1
161 356 6
161 358 5
161 359 2
161 361 8
161 363 8
161 364 8
161 366 5
161 367 3
161 368 6
161 369 9
161 370 2
161 371 6
161 372 8
161 374 10
161 375 9
161 377 8
161 379 3
161 381 10
161 382 10
161 383 8
161 385 5
161 387 10
161 391 1
161 392 6
161 393 3
161 395 2
161 399 7
161 403 1
161 404 3
161 405 7
161 406 6
161 408 8
161 411 2
161 414 5
161 416 3
161 419 4
161 420 9
161 421 2
161 425 2
161 426 10
161 427 10
161 428 6
161 432 9
161 435 5
161 438 6
161 439 7
161 440 8
161 442 5
161 444 7
161 447 9
161 455 7
161 459 5
161 460 3
161 465 7
161 466 3
161 468 8
161 471 3
161 473 1
161 477 1
161 478 4
161 479 9
161 480 4
161 481 3
161 482 2
161 484 2
161 485 2
161 487 1
161 488 3
161 492 1
161 493 9
161 495 1
161 498 2
161 499 4
162 167 6
162 168 10
162 169 10
162 174 5
162 176 2
162 177 3
162 178 5
162 179 10
162 182 3
162 183 10
162 188 4
162 191 9
162 192 7
162 196 5
162 197 2
162 198 6
162 200 6
162 201 5
162 202 8
162 204 9
162 205 8
162 206 8
162 207 9
162 209 6
162 210 2
162 212 8
162 213 4
162 215 5
162 217 9
162 218 7
162 219 7
162 220 3
162 224 8
162 226 3
162 229 1
162 230 4
162 233 7
162 234 9
162 237 4
162 243 6
162 244 7
162 249 2
162 250 6
162 252 8
162 254 6
162 258 8
162 267 6
162 269 2
162 272 4
162 275 6
162 276 10
162 279 8
162 280 1
162 281 7
162 283 9
162 285 9
162 289 9
162 291 1
162 294 2
162 295 7
162 296 8
162 298 7
162 300 5
162 301 4
162 303 9
162 305 6
162 307 5
162 311 8
162 314 4
162 322 7
162 325 5
162 327 4
162 329 9
162 330 1
162 332 5
162 336 6
162 341 9
162 346 1
162 348 4
162 349 3
162 350 1
162 351 5
162 352 5
162 353 9
162 357 9
162 358 7
162 359 4
162 361 2
162 363 10
162 366 10
162 369 8
162 371 4
162 372 4
162 374 8
162 375 2
162 376 4
162 378 7
162 380 4
162 382 10
162 383 2
162 386 8
162 387 6
162 390 8
162 391 1
162 394 6
162 397 7
162 398 10
162 401 10
162 404 6
162 406 10
162 411 5
162 412 5
162 417 4
162 418 8
162 420 5
162 422 9
162 423 10
162 428 10
162 429 3
162 431 8
162 434 9
162 437 6
162 440 3
162 441 6
162 442 5
162 443 4
162 445 10
162 446 1
162 450 1
162 452 4
162 454 1
162 456 2
162 457 9
162 459 1
162 462 5
162 463 4
162 467 7
162 469 3
162 472 1
162 476 3
162 477 8
162 480 2
162 481 7
162 482 2
162 485 2
162 486 10
162 490 2
162 491 7
162 492 4
162 494 10
162 496 10
162 498 10
163 166 2
163 170 1
163 171 9
163 173 10
163 174 7
163 175 2
163 176 5
163 181 1
163 182 6
163 183 9
163 188 3
163 189 5
163 193 10
163 195 5
163 196 1
163 197 5
163 199 2
163 200 10
163 204 7
163 205 5
163 208 1
163 209 4
163 210 8
163 213 2
163 217 9
163 218 3
163 219 7
163 222 7
163 223 7
163 226 3
163 227 6
163 228 5
163 229 5
163 230 2
163 231 3
163 237 6
163 238 7
163 240 9
163 241 1
163 242 9
163 243 9
163 244 3
163 245 8
163 248 9
163 250 7
163 251 7
163 257 9
163 260 4
163 263 2
163 264 8
163 265 4
163 266 6
163 267 2
163 268 8
163 269 2
163 271 7
163 273 6
163 276 9
163 277 8
163 280 9
163 283 7
163 284 8
163 286 3
163 287 3
163 292 10
163 295 8
163 296 7
163 297 10
163 299 1
163 304 7
163 308 2
163 309 4
163 311 3
163 312 7
163 313 7
163 314 7
163 315 8
163 316 1
163 318 1
163 319 6
163 321 1
163 326 2
163 329 10
163 330 10
163 331 2
163 332 3
163 335 8
163 336 8
163 337 5
163 338 6
163 340 2
163 346 2
163 349 1
163 350 7
163 351 2
163 352 5
163 358 10
163 359 5
163 360 2
163 362 1
163 363 1
163 366 8
163 368 1
163 369 4
163 372 3
163 374 3
163 376 10
163 378 3
163 379 10
163 380 5
163 382 5
163 383 4
163 384 9
163 385 3
163 388 7
163 389 2
163 390 1
163 391 8
163 394 4
163 397 10
163 398 2
163 401 5
163 403 7
163 404 7
163 405 2
163 407 1
163 408 8
163 409 8
163 410 10
163 411 2
163 412 2
163 413 10
163 414 5
163 415 1
163 417 5
163 418 8
163 421 6
163 422 1
163 424 2
163 425 10
163 427 7
163 428 1
163 432 7
163 434 2
163 436 5
163 439 6
163 441 7
163 445 3
163 446 8
163 447 5
163 450 1
163 451 4
163 454 7
163 455 6
163 456 7
163 457 8
163 459 9
163 460 8
163 461 6
163 462 6
163 463 6
163 467 1
163 468 10
163 470 1
163 471 9
163 476 7
163 479 9
163 481 8
163 482 10
163 486 3
163 487 7
163 488 10
163 490 9
163 491 5
163 492 1
163 493 2
163 494 7
163 495 8
163 496 8
163 498 5
164 165 2
164 168 9
164 169 6
164 170 8
164 172 6
164 173 8
164 175 3
164 176 6
164 177 10
164 179 10
164 180 3
164 181 10
164 183 7
164 184 5
164 185 4
164 187 2
164 189 7
164 191 2
164 192 3
164 196 7
164 197 3
164 201 7
164 204 2
164 207 3
164 210 9
164 211 5
164 217 8
164 218 4
164 219 6
164 220 6
164 221 7
164 223 4
164 225 5
164 226 5
164 227 1
164 233 9
164 235 1
164 236 4
164 237 8
164 239 6
164 243 8
164 244 9
164 245 4
164 248 10
164 250 4
164 251 7
164 253 5
164 255 2
164 256 4
164 258 5
164 259 6
164 264 5
164 266 10
164 268 6
164 271 1
164 273 4
164 274 2
164 275 3
164 276 3
164 279 4
164 280 6
164 281 3
164 286 1
164 287 3
164 288 9
164 289 7
164 291 1
164 292 8
164 293 7
164 296 9
164 299 1
164 300 6
164 301 1
164 302 2
164 303 4
164 307 8
164 308 4
164 309 5
164 311 1
164 314 10
164 315 10
164 317 10
164 318 1
164 319 2
164 327 4
164 328 1
164 329 3
164 334 7
164 335 5
164 339 2
164 340 5
164 341 6
164 343 10
164 344 3
164 346 5
164 349 6
164 350 9
164 352 5
164 353 1
164 355 10
164 356 9
164 357 2
164 358 4
164 360 1
164 361 9
164 362 6
164 364 10
164 365 1
164 368 1
164 372 2
164 373 10
164 375 10
164 379 5
164 381 10
164 383 8
164 384 7
164 385 7
164 388 1
164 389 5
164 390 7
164 391 10
164 392 9
164 393 8
164 396 10
164 398 2
164 400 5
164 402 9
164 406 2
164 407 1
164 408 3
164 410 3
164 411 5
164 412 1
164 414 6
164 415 4
164 416 3
164 418 9
164 421 6
164 422 10
164 426 4
164 431 6
164 432 3
164 435 6
164 437 5
164 439 4
164 440 8
164 442 3
164 443 7
164 444 4
164 446 8
164 449 4
164 450 1
164 452 1
164 456 2
164 457 4
164 458 1
164 460 7
164 463 6
164 466 7
164 468 4
164 469 6
164 470 1
164 472 1
164 473 10
164 476 8
164 478 10
164 479 7
164 483 9
164 488 2
164 490 1
164 491 8
164 493 7
164 495 5
164 496 1
164 498 2
164 499 4
165 167 2
165 173 6
165 174 7
165 177 6
165 178 3
165 181 9
165 182 4
165 183 8
165 184 1
165 186 2
165 191 8
165 197 7
165 200 7
165 204 6
165 206 7
165 209 4
165 210 1
165 211 8
165 213 7
165 216 10
165 220 6
165 221 8
165 224 2
165 228 4
165 231 2
165 232 5
165 242 5
165 243 4
165 244 8
165 245 2
165 247 3
165 248 5
165 249 2
165 250 9
165 251 9
165 253 2
165 254 5
165 258 6
165 259 6
165 260 4
165 265 8
165 266 1
165 268 2
165 269 4
165 270 2
165 271 8
165 272 9
165 276 4
165 277 2
165 278 4
165 279 4
165 282 3
165 283 1
165 285 5
165 289 5
165 291 3
165 292 7
165 293 1
165 295 2
165 296 4
165 297 7
165 299 1
165 304 10
165 306 7
165 307 9
165 308 10
165 309 4
165 312 9
165 314 6
165 317 9
165 318 2
165 319 9
165 320 1
165 322 9
165 323 4
165 324 10
165 326 7
165 328 2
165 330 6
165 332 5
165 333 9
165 334 3
165 336 1
165 339 9
165 340 8
165 341 6
165 342 8
165 344 4
165 345 6
165 346 8
165 347 7
165 348 3
165 349 5
165 350 10
165 351 2
165 356 10
165 359 9
165 360 4
165 362 6
165 367 10
165 368 4
165 369 2
165 371 3
165 373 5
165 375 3
165 376 10
165 377 2
165 378 4
165 379 1
165 381 3
165 382 4
165 383 5
165 384 10
165 386 1
165 387 7
165 388 7
165 390 10
165 391 5
165 392 6
165 393 4
165 394 6
165 395 5
165 398 10
165 401 7
165 403 9
165 404 9
165 405 5
165 406 1
165 407 6
165 410 1
165 412 10
165 415 9
165 420 3
165 421 1
165 425 7
165 426 2
165 430 8
165 431 4
165 432 10
165 434 4
165 435 2
165 438 3
165 440 10
165 441 6
165 448 4
165 449 10
165 450 1
165 452 3
165 453 7
165 454 4
165 456 4
165 460 2
165 461 6
165 462 4
165 464 4
165 469 8
165 470 3
165 473 9
165 476 6
165 477 3
165 479 10
165 480 1
165 484 6
165 486 6
165 493 7
165 495 3
166 168 2
166 169 9
166 170 10
166 175 3
166 176 7
166 177 8
166 178 3
166 179 3
166 180 10
166 182 10
166 184 7
166 185 5
166 187 2
166 192 10
166 193 2
166 195 1
166 199 6
166 200 9
166 205 7
166 207 4
166 208 3
166 209 4
166 210 6
166 217 3
166 218 7
166 221 8
166 224 5
166 229 6
166 230 3
166 232 1
166 234 10
166 237 1
166 238 1
166 240 5
166 243 8
166 244 1
166 246 6
166 247 10
166 250 9
166 255 6
166 257 4
166 262 3
166 264 5
166 265 4
166 266 8
166 267 2
166 271 10
166 272 8
166 273 3
166 277 5
166 280 9
166 282 10
166 285 3
166 288 3
166 292 6
166 294 8
166 297 7
166 299 1
166 304 1
166 305 2
166 307 4
166 309 1
166 313 9
166 320 3
166 321 3
166 322 4
166 323 3
166 326 6
166 327 7
166 330 3
166 331 3
166 333 6
166 334 6
166 335 7
166 336 8
166 337 2
166 339 1
166 340 2
166 342 5
166 344 6
166 346 6
166 348 3
166 349 4
166 350 9
166 352 4
166 353 7
166 354 4
166 357 10
166 358 3
166 359 10
166 360 4
166 363 6
166 367 7
166 368 9
166 369 1
166 370 5
166 371 6
166 373 7
166 374 2
166 375 3
166 378 6
166 383 6
166 384 2
166 385 2
166 387 1
166 388 3
166 390 3
166 394 9
166 398 6
166 400 8
166 401 5
166 403 10
166 406 8
166 408 2
166 410 4
166 411 2
166 413 5
166 414 2
166 416 6
166 424 6
166 425 6
166 434 5
166 435 5
166 436 6
166 440 6
166 443 7
166 445 1
166 446 1
166 447 8
166 448 6
166 451 1
166 453 3
166 454 4
166 455 1
166 456 7
166 457 8
166 458 1
166 461 3
166 464 1
166 465 5
166 467 9
166 469 4
166 471 1
166 476 5
166 482 3
166 483 4
166 487 9
166 488 7
166 489 8
166 490 5
166 491 2
166 492 9
166 494 4
166 496 3
166 497 1
167 170 3
167 174 3
167 175 3
167 176 8
167 182 6
167 185 6
167 187 4
167 189 3
167 190 1
167 195 7
167 196 1
167 198 9
167 199 4
167 200 6
167 203 3
167 204 7
167 205 1
167 206 8
167 207 7
167 208 4
167 209 10
167 210 7
167 214 8
167 215 7
167 217 2
167 218 6
167 219 5
167 221 5
167 223 6
167 229 3
167 230 6
167 232 8
167 237 6
167 239 6
167 240 10
167 241 1
167 244 1
167 246 10
167 247 3
167 250 2
167 251 1
167 252 2
167 253 7
167 254 2
167 255 4
167 257 6
167 259 10
167 263 9
167 264 4
167 265 8
167 266 1
167 268 2
167 269 2
167 276 6
167 278 5
167 281 9
167 283 9
167 284 5
167 288 10
167 289 2
167 290 2
167 292 8
167 294 2
167 297 7
167 298 4
167 299 4
167 301 6
167 303 3
167 307 10
167 308 3
167 310 3
167 311 3
167 314 2
167 318 5
167 321 1
167 325 1
167 327 3
167 328 1
167 329 10
167 330 4
167 332 7
167 334 9
167 335 1
167 336 1
167 338 10
167 341 10
167 343 6
167 345 7
167 349 1
167 350 3
167 353 3
167 355 2
167 356 4
167 357 4
167 358 5
167 361 1
167 363 9
167 368 9
167 370 10
167 372 8
167 374 10
167 380 5
167 385 3
167 388 10
167 393 10
167 395 6
167 397 5
167 398 2
167 399 9
167 400 1
167 401 7
167 403 5
167 404 7
167 405 6
167 406 9
167 409 8
167 411 9
167 412 8
167 413 8
167 414 8
167 415 3
167 418 8
167 420 6
167 421 9
167 424 7
167 425 4
167 428 4
167 429 4
167 430 6
167 431 2
167 432 7
167 433 10
167 434 7
167 436 1
167 437 7
167 439 1
167 441 2
167 444 2
167 447 1
167 449 4
167 451 3
167 452 6
167 453 4
167 454 8
167 455 3
167 457 3
167 460 4
167 461 2
167 462 5
167 464 2
167 465 4
167 467 7
167 468 3
167 471 8
167 473 10
167 474 1
167 475 7
167 477 7
167 478 6
167 486 8
167 487 1
167 488 9
167 489 2
167 491 1
167 493 1
167 498 5
167 499 5
168 170 7
168 171 3
168 172 7
168 174 7
168 177 7
168 179 8
168 180 7
168 181 5
168 183 2
168 184 8
168 185 4
168 186 4
168 187 4
168 191 1
168 192 10
168 193 9
168 195 9
168 196 2
168 198 10
168 204 9
168 206 10
168 210 4
168 212 4
168 215 7
168 216 6
168 219 7
168 220 4
168 221 9
168 222 9
168 227 2
168 228 8
168 229 4
168 230 10
168 236 5
168 239 6
168 241 8
168 242 6
168 243 6
168 245 10
168 248 9
168 249 8
168 252 10
168 253 2
168 254 7
168 256 5
168 257 7
168 258 7
168 261 1
168 263 7
168 265 4
168 273 5
168 275 7
168 277 6
168 278 3
168 279 9
168 281 5
168 282 9
168 284 4
168 285 7
168 291 3
168 294 6
168 295 1
168 296 8
168 297 10
168 298 1
168 301 6
168 302 7
168 304 4
168 306 2
168 308 3
168 311 10
168 312 5
168 314 2
168 315 4
168 320 7
168 325 5
168 326 2
168 327 7
168 332 4
168 336 6
168 339 1
168 340 6
168 341 3
168 342 1
168 343 9
168 345 10
168 346 10
168 347 1
168 349 10
168 351 9
168 353 1
168 354 8
168 355 7
168 357 1
168 358 10
168 359 1
168 362 5
168 363 6
168 364 1
168 367 7
168 369 3
168 370 1
168 371 8
168 372 5
168 373 9
168 376 5
168 377 2
168 382 7
168 383 3
168 384 4
168 386 7
168 387 5
168 392 6
168 397 3
168 401 7
168 404 2
168 405 1
168 406 5
168 407 2
168 408 3
168 410 1
168 412 8
168 413 6
168 414 4
168 415 1
168 418 6
168 419 7
168 421 7
168 423 6
168 426 1
168 427 6
168 428 4
168 429 8
168 430 6
168 431 7
168 436 3
168 438 10
168 439 6
168 441 8
168 443 3
168 444 4
168 446 2
168 447 3
168 448 6
168 449 5
168 452 6
168 453 10
168 455 9
168 456 1
168 460 2
168 461 7
168 465 1
168 466 6
168 468 9
168 469 1
168 471 5
168 477 7
168 478 5
168 482 9
168 484 7
168 488 1
168 490 4
168 491 10
168 493 4
168 495 4
168 497 1
169 172 7
169 173 8
169 175 6
169 177 7
169 178 9
169 179 8
169 181 2
169 183 7
169 184 2
169 186 7
169 187 4
169 188 9
169 189 10
169 190 6
169 195 9
169 198 10
169 201 9
169 203 2
169 206 4
169 207 8
169 209 3
169 212 3
169 215 5
169 217 7
169 218 6
169 220 10
169 224 10
169 226 10
169 228 7
169 235 1
169 238 6
169 240 1
169 241 7
169 242 8
169 245 3
169 246 9
169 248 9
169 249 9
169 250 9
169 255 9
169 256 8
169 261 7
169 262 9
169 263 5
169 264 7
169 266 9
169 270 2
169 271 10
169 272 9
169 274 10
169 283 1
169 284 1
169 292 6
169 293 8
169 295 5
169 297 4
169 298 7
169 300 6
169 302 7
169 304 10
169 306 5
169 307 10
169 308 5
169 311 3
169 312 8
169 313 8
169 317 9
169 318 4
169 319 9
169 320 2
169 323 7
169 325 8
169 327 4
169 328 7
169 332 9
169 335 5
169 336 1
169 342 9
169 345 1
169 346 5
169 347 4
169 348 7
169 352 6
169 353 3
169 354 10
169 363 3
169 364 6
169 365 4
169 368 8
169 369 7
169 371 3
169 372 4
169 375 6
169 376 6
169 377 4
169 379 7
169 382 9
169 385 9
169 386 6
169 388 1
169 389 6
169 390 10
169 392 3
169 393 8
169 394 6
169 395 6
169 396 6
169 397 5
169 399 6
169 400 6
169 407 9
169 408 4
169 411 4
169 413 4
169 414 4
169 415 9
169 416 10
169 420 1
169 422 5
169 423 1
169 425 6
169 427 4
169 428 2
169 429 5
169 430 9
169 431 6
169 432 4
169 435 9
169 436 5
169 437 9
169 440 1
169 442 5
169 443 5
169 446 9
169 447 4
169 448 7
169 449 1
169 452 10
169 454 7
169 455 10
169 456 6
169 459 10
169 460 3
169 465 1
169 468 5
169 472 9
169 474 10
169 480 2
169 482 7
169 483 5
169 485 9
169 486 9
169 487 8
169 488 8
169 489 8
169 490 3
169 492 8
169 493 9
169 494 3
169 495 4
170 171 7
170 174 10
170 176 10
170 178 2
170 180 10
170 181 7
170 182 10
170 184 3
170 186 8
170 187 3
170 191 7
170 192 10
170 194 1
170 195 10
170 196 8
170 197 4
170 203 2
170 206 3
170 207 6
170 210 9
170 211 7
170 213 1
170 214 6
170 215 9
170 216 2
170 217 9
170 220 10
170 222 3
170 224 8
170 225 5
170 229 10
170 230 5
170 231 5
170 233 6
170 234 10
170 235 9
170 236 1
170 237 5
170 238 4
170 242 8
170 244 5
170 246 7
170 248 8
170 249 1
170 250 8
170 251 6
170 253 8
170 255 6
170 256 5
170 257 1
170 258 1
170 260 10
170 261 8
170 263 1
170 266 3
170 267 9
170 269 9
170 272 10
170 277 4
170 280 6
170 282 4
170 283 4
170 288 6
170 289 1
170 293 3
170 296 3
170 297 2
170 299 6
170 300 5
170 306 3
170 307 5
170 308 1
170 310 8
170 312 10
170 315 9
170 316 3
170 317 6
170 321 8
170 323 8
170 326 6
170 327 2
170 328 1
170 332 7
170 338 6
170 342 8
170 344 8
170 345 9
170 347 1
170 349 9
170 351 10
170 352 8
170 353 9
170 354 9
170 356 10
170 357 7
170 358 5
170 361 1
170 362 8
170 365 8
170 366 6
170 367 7
170 368 4
170 369 3
170 370 8
170 372 3
170 373 1
170 374 9
170 375 8
170 376 3
170 378 3
170 379 9
170 380 6
170 381 8
170 383 2
170 387 6
170 388 7
170 390 6
170 392 6
170 394 9
170 396 10
170 399 3
170 402 4
170 407 4
170 408 2
170 409 1
170 414 3
170 416 7
170 417 9
170 425 7
170 427 4
170 430 9
170 431 7
170 432 10
170 433 8
170 435 10
170 436 9
170 441 6
170 442 2
170 443 5
170 444 4
170 447 5
170 451 1
170 453 4
170 454 2
170 458 2
170 459 1
170 462 6
170 463 4
170 464 7
170 465 8
170 466 3
170 469 6
170 470 3
170 472 8
170 475 3
170 478 8
170 479 6
170 480 5
170 481 7
170 483 9
170 485 5
170 487 9
170 489 1
170 491 3
170 493 2
170 494 1
170 498 1
171 173 9
171 174 4
171 175 6
171 176 2
171 183 8
171 186 8
171 187 3
171 188 1
171 191 8
171 195 9
171 196 7
171 198 1
171 201 5
171 202 8
171 205 7
171 207 9
171 208 8
171 209 8
171 210 4
171 214 4
171 216 10
171 217 10
171 218 9
171 219 3
171 220 4
171 223 6
171 225 4
171 228 8
171 230 7
171 233 2
171 237 5
171 238 3
171 239 1
171 240 10
171 241 4
171 242 8
171 246 3
171 248 2
171 251 3
171 254 3
171 257 7
171 258 3
171 259 7
171 260 4
171 262 9
171 263 9
171 264 6
171 265 1
171 268 1
171 269 2
171 270 1
171 271 2
171 274 8
171 278 1
171 280 6
171 281 6
171 282 10
171 284 2
171 288 5
171 290 3
171 293 7
171 296 6
171 298 9
171 299 6
171 302 8
171 303 3
171 308 3
171 309 9
171 310 5
171 312 7
171 320 3
171 321 10
171 325 2
171 327 4
171 328 6
171 329 2
171 330 6
171 332 9
171 335 6
171 336 8
171 337 3
171 339 4
171 340 8
171 343 9
171 344 7
171 346 1
171 347 5
171 348 1
171 349 6
171 350 9
171 352 10
171 353 6
171 357 4
171 358 8
171 361 1
171 365 4
171 366 10
171 370 5
171 375 4
171 376 3
171 377 8
171 378 4
171 379 3
171 380 9
171 382 7
171 383 10
171 384 4
171 385 6
171 388 9
171 390 4
171 391 8
171 393 6
171 395 3
171 396 1
171 397 5
171 398 9
171 400 3
171 404 1
171 405 5
171 409 2
171 410 2
171 411 5
171 412 8
171 415 7
171 417 2
171 418 5
171 419 6
171 423 3
171 424 2
171 427 4
171 429 1
171 431 8
171 433 10
171 436 8
171 437 3
171 439 1
171 441 9
171 443 6
171 444 8
171 445 1
171 446 9
171 450 3
171 451 8
171 455 3
171 456 9
171 457 7
171 458 8
171 460 4
171 463 3
171 465 6
171 466 7
171 471 10
171 472 9
171 473 9
171 474 6
171 475 2
171 476 2
171 478 7
171 481 5
171 483 9
171 493 3
171 494 1
171 495 5
171 497 9
171 499 4
172 173 7
172 174 3
172 179 1
172 180 8
172 181 1
172 183 6
172 184 6
172 189 7
172 194 4
172 195 1
172 196 5
172 201 6
172 203 2
172 205 7
172 207 7
172 208 1
172 209 8
172 211 8
172 212 10
172 213 7
172 215 1
172 220 2
172 221 7
172 225 9
172 227 10
172 228 10
172 230 4
172 232 9
172 234 8
172 238 10
172 239 1
172 240 9
172 241 2
172 243 8
172 244 9
172 245 6
172 246 6
172 249 2
172 251 2
172 254 3
172 255 6
172 256 7
172 260 7
172 261 10
172 262 5
172 263 5
172 264 1
172 269 1
172 270 10
172 272 8
172 273 7
172 274 8
172 275 1
172 277 8
172 279 7
172 284 2
172 285 4
172 287 10
172 289 9
172 300 3
172 306 8
172 308 7
172 311 2
172 314 3
172 318 6
172 319 2
172 322 6
172 323 8
172 324 9
172 327 3
172 328 3
172 329 7
172 330 3
172 333 10
172 335 4
172 337 2
172 342 7
172 346 9
172 347 3
172 348 4
172 349 3
172 350 7
172 353 6
172 355 9
172 357 5
172 359 4
172 360 10
172 361 9
172 363 10
172 365 1
172 369 3
172 370 10
172 371 1
172 372 1
172 375 2
172 376 2
172 378 4
172 381 4
172 383 9
172 384 9
172 385 9
172 387 7
172 389 5
172 391 4
172 392 9
172 393 8
172 394 8
172 395 10
172 396 4
172 397 2
172 398 1
172 400 3
172 401 2
172 404 6
172 405 9
172 407 8
172 410 6
172 412 10
172 413 5
172 414 10
172 415 1
172 423 3
172 425 4
172 429 8
172 431 4
172 432 10
172 435 9
172 438 8
172 440 2
172 442 9
172 444 2
172 446 4
172 448 8
172 451 5
172 452 8
172 454 10
172 462 6
172 463 7
172 465 1
172 466 2
172 467 8
172 470 1
172 471 9
172 472 3
172 473 4
172 476 10
172 477 8
172 479 1
172 484 4
172 486 9
172 488 1
172 490 3
172 491 8
172 494 7
172 496 1
172 499 4
173 174 7
173 177 6
173 183 2
173 187 10
173 188 2
173 189 8
173 191 10
173 195 2
173 197 8
173 198 9
173 199 10
173 200 4
173 202 2
173 205 2
173 206 4
173 207 2
173 211 1
173 214 2
173 217 1
173 218 2
173 220 6
173 222 1
173 224 6
173 227 7
173 228 2
173 232 2
173 233 1
173 234 10
173 240 7
173 243 1
173 244 5
173 248 7
173 249 2
173 250 2
173 251 7
173 252 6
173 253 10
173 255 7
173 256 9
173 260 6
173 261 7
173 262 3
173 263 6
173 264 8
173 265 2
173 266 9
173 269 1
173 270 10
173 271 3
173 272 10
173 273 6
173 274 7
173 278 7
173 279 7
173 281 3
173 287 2
173 289 5
173 290 3
173 291 4
173 292 3
173 293 2
173 294 6
173 296 8
173 297 3
173 298 3
173 299 2
173 304 9
173 307 1
173 308 5
173 311 9
173 315 5
173 316 6
173 318 3
173 320 4
173 326 2
173 329 2
173 334 7
173 337 5
173 344 8
173 345 7
173 346 4
173 349 9
173 350 2
173 352 6
173 353 9
173 354 5
173 355 10
173 359 8
173 360 4
173 361 5
173 364 8
173 367 7
173 368 7
173 372 9
173 373 7
173 375 1
173 376 5
173 378 4
173 380 5
173 382 7
173 385 3
173 386 2
173 387 3
173 393 2
173 395 2
173 396 4
173 397 6
173 399 9
173 400 3
173 402 2
173 403 7
173 404 5
173 405 9
173 406 2
173 407 8
173 408 7
173 412 4
173 415 3
173 417 10
173 419 1
173 421 9
173 422 7
173 424 3
173 430 2
173 434 4
173 436 1
173 437 10
173 438 3
173 439 10
173 440 7
173 442 4
173 443 1
173 444 2
173 446 9
173 447 5
173 448 8
173 450 8
173 453 8
173 456 10
173 457 8
173 460 10
173 461 8
173 467 7
173 468 8
173 471 8
173 473 8
173 475 2
173 478 8
173 480 2
173 483 10
173 484 8
173 485 3
173 486 10
173 489 8
173 490 6
173 491 4
173 492 1
173 495 6
173 496 6
173 498 10
173 499 8
174 175 8
174 177 3
174 183 2
174 184 2
174 190 1
174 191 5
174 192 9
174 194 7
174 196 6
174 197 2
174 204 6
174 205 8
174 208 5
174 210 7
174 211 4
174 216 5
174 217 3
174 218 1
174 219 5
174 221 5
174 223 1
174 224 6
174 227 8
174 229 8
174 230 1
174 231 8
174 232 8
174 234 4
174 235 1
174 236 7
174 237 4
174 241 5
174 243 4
174 245 2
174 246 6
174 247 5
174 250 8
174 251 10
174 252 10
174 253 1
174 256 5
174 258 8
174 260 6
174 261 2
174 262 2
174 265 6
174 267 8
174 268 9
174 271 4
174 272 9
174 275 8
174 277 8
174 278 9
174 281 6
174 282 4
174 285 9
174 286 10
174 288 1
174 289 10
174 290 4
174 292 7
174 293 7
174 294 4
174 298 5
174 299 3
174 300 6
174 302 3
174 305 1
174 307 4
174 313 2
174 316 8
174 318 8
174 320 8
174 323 2
174 324 4
174 325 2
174 328 1
174 329 3
174 330 7
174 331 5
174 332 10
174 333 5
174 334 1
174 336 9
174 339 10
174 340 8
174 341 6
174 342 3
174 343 1
174 347 1
174 349 3
174 353 9
174 354 9
174 355 8
174 356 6
174 357 10
174 358 9
174 360 2
174 363 2
174 366 5
174 373 6
174 374 5
174 377 7
174 379 3
174 380 10
174 384 3
174 385 4
174 387 3
174 388 9
174 390 3
174 392 10
174 395 3
174 398 9
174 399 2
174 400 10
174 402 5
174 403 2
174 406 3
174 407 6
174 409 6
174 411 4
174 412 3
174 413 10
174 418 5
174 420 9
174 421 3
174 423 1
174 425 4
174 429 6
174 430 10
174 431 9
174 433 7
174 438 5
174 439 9
174 442 10
174 443 5
174 445 3
174 447 10
174 449 8
174 450 8
174 455 10
174 456 7
174 459 6
174 460 1
174 462 6
174 463 10
174 464 2
174 465 8
174 466 7
174 469 10
174 470 8
174 472 8
174 474 4
174 481 6
174 482 4
174 483 1
174 484 6
174 486 6
174 488 9
174 490 8
174 492 6
174 494 5
174 495 2
174 496 10
175 176 9
175 182 3
175 183 7
175 186 3
175 188 3
175 189 6
175 191 1
175 192 10
175 193 5
175 195 1
175 199 10
175 200 4
175 201 8
175 202 10
175 203 9
175 204 4
175 208 5
175 210 1
175 219 7
175 224 7
175 225 3
175 226 4
175 228 1
175 230 9
175 231 3
175 232 5
175 233 2
175 234 4
175 236 5
175 240 10
175 241 5
175 244 6
175 245 10
175 246 7
175 250 8
175 251 10
175 253 1
175 254 3
175 255 8
175 259 8
175 260 4
175 263 5
175 266 9
175 268 5
175 270 1
175 273 4
175 274 9
175 276 10
175 279 10
175 280 3
175 283 4
175 284 1
175 285 10
175 286 3
175 288 10
175 289 5
175 292 1
175 296 2
175 300 2
175 301 7
175 302 1
175 303 8
175 306 6
175 309 7
175 311 4
175 313 10
175 314 4
175 315 2
175 316 10
175 317 1
175 318 5
175 319 1
175 320 6
175 322 7
175 323 6
175 328 8
175 335 6
175 336 5
175 342 6
175 344 6
175 351 8
175 355 6
175 357 3
175 359 10
175 361 10
175 362 10
175 363 10
175 364 7
175 365 1
175 368 3
175 371 9
175 372 8
175 373 5
175 374 8
175 376 4
175 379 6
175 387 2
175 391 8
175 392 8
175 393 2
175 395 4
175 396 7
175 398 6
175 399 7
175 401 8
175 402 3
175 403 8
175 404 8
175 408 5
175 410 8
175 415 7
175 417 9
175 419 8
175 421 2
175 422 10
175 424 4
175 431 10
175 434 8
175 435 1
175 439 4
175 440 5
175 444 8
175 445 7
175 447 4
175 448 3
175 452 6
175 453 3
175 455 3
175 456 4
175 457 6
175 458 2
175 459 7
175 460 4
175 462 1
175 465 2
175 466 7
175 467 10
175 470 10
175 472 6
175 476 3
175 478 4
175 482 3
175 483 9
175 484 6
175 485 10
175 486 7
175 488 3
175 489 1
175 494 4
175 495 9
175 496 10
175 497 3
175 499 8
176 179 2
176 180 10
176 182 2
176 183 2
176 185 4
176 188 6
176 192 5
176 193 7
176 194 10
176 196 2
176 197 5
176 199 3
176 200 3
176 204 8
176 205 3
176 206 6
176 209 9
176 212 3
176 213 9
176 214 10
176 216 4
176 217 8
176 218 4
176 223 1
176 224 8
176 226 6
176 227 5
176 232 5
176 234 3
176 235 4
176 236 7
176 237 2
176 238 7
176 239 7
176 240 6
176 244 5
176 245 1
176 250 9
176 251 5
176 252 6
176 254 5
176 257 8
176 258 1
176 262 4
176 263 2
176 266 2
176 268 4
176 269 10
176 272 3
176 273 5
176 275 9
176 277 4
176 278 9
176 279 9
176 283 6
176 289 9
176 290 3
176 291 10
176 294 3
176 295 7
176 297 2
176 299 10
176 300 3
176 301 6
176 304 7
176 308 2
176 310 5
176 314 3
176 316 1
176 317 4
176 318 5
176 319 9
176 323 3
176 326 9
176 327 4
176 328 3
176 335 3
176 337 7
176 340 2
176 342 6
176 343 4
176 344 4
176 346 9
176 351 8
176 354 2
176 356 1
176 357 9
176 358 6
176 359 4
176 363 2
176 364 10
176 368 10
176 370 1
176 371 6
176 373 10
176 375 7
176 376 6
176 377 6
176 378 7
176 379 4
176 380 4
176 384 10
176 385 9
176 391 3
176 392 2
176 395 1
176 398 2
176 402 2
176 407 4
176 409 4
176 410 8
176 414 8
176 416 2
176 418 5
176 419 9
176 420 3
176 421 9
176 424 1
176 426 1
176 428 6
176 430 5
176 431 4
176 434 9
176 435 5
176 436 1
176 437 9
176 438 3
176 440 6
176 441 8
176 443 1
176 445 8
176 446 9
176 447 1
176 449 6
176 452 7
176 454 8
176 455 8
176 459 3
176 461 7
176 462 7
176 463 9
176 464 5
176 465 10
176 466 5
176 468 3
176 472 9
176 475 7
176 476 7
176 479 5
176 480 8
176 481 2
176 484 1
176 486 1
176 487 1
176 489 1
176 495 2
176 496 6
176 498 7
177 178 2
177 181 4
177 182 8
177 184 7
177 187 1
177 188 6
177 189 7
177 190 7
177 191 4
177 194 6
177 197 7
177 198 9
177 202 3
177 204 10
177 205 8
177 206 3
177 207 9
177 208 4
177 209 5
177 212 6
177 213 8
177 214 2
177 215 2
177 216 1
177 218 6
177 219 10
177 220 6
177 221 8
177 223 8
177 225 6
177 226 10
177 228 9
177 229 9
177 230 2
177 231 8
177 232 5
177 233 2
177 237 6
177 238 4
177 239 6
177 241 2
177 246 4
177 247 9
177 249 9
177 250 1
177 251 4
177 253 1
177 255 8
177 256 7
177 258 5
177 260 6
177 262 7
177 264 6
177 266 5
177 267 5
177 268 8
177 269 3
177 270 3
177 272 2
177 273 3
177 274 7
177 275 1
177 276 9
177 277 4
177 279 5
177 281 4
177 283 6
177 284 10
177 286 1
177 287 6
177 288 5
177 290 7
177 292 4
177 297 10
177 298 2
177 299 6
177 300 8
177 301 1
177 303 9
177 304 9
177 305 1
177 306 2
177 307 2
177 310 10
177 311 2
177 312 4
177 315 8
177 316 8
177 318 1
177 320 2
177 322 5
177 327 5
177 329 5
177 331 5
177 332 10
177 333 8
177 339 8
177 340 6
177 341 9
177 343 10
177 347 2
177 349 9
177 350 1
177 351 6
177 354 6
177 358 6
177 359 4
177 360 7
177 362 4
177 364 7
177 365 3
177 368 8
177 369 2
177 370 4
177 371 9
177 374 1
177 375 9
177 378 6
177 379 5
177 380 2
177 384 5
177 387 6
177 388 4
177 391 3
177 392 5
177 393 2
177 399 9
177 400 2
177 401 3
177 402 7
177 407 3
177 408 9
177 409 6
177 410 8
177 413 9
177 415 7
177 417 2
177 421 8
177 423 1
177 424 10
177 425 5
177 426 8
177 427 7
177 428 1
177 429 9
177 431 10
177 432 2
177 433 9
177 434 1
177 445 4
177 446 6
177 447 9
177 448 7
177 449 1
177 450 2
177 453 5
177 454 2
177 456 3
177 459 2
177 460 1
177 466 1
177 468 5
177 469 1
177 470 7
177 473 6
177 475 3
177 477 6
177 478 3
177 480 3
177 484 4
177 487 3
177 488 8
177 493 8
177 498 5
177 499 1
178 183 5
178 185 6
178 187 10
178 188 6
178 190 8
178 192 8
178 195 1
178 198 10
178 200 7
178 203 2
178 204 7
178 205 10
178 206 2
178 212 3
178 214 10
178 215 2
178 216 7
178 217 1
178 222 2
178 223 9
178 224 5
178 229 9
178 230 3
178 234 4
178 237 7
178 238 1
178 241 9
178 242 1
178 243 1
178 244 2
178 245 3
178 247 8
178 249 7
178 252 5
178 253 6
178 254 9
178 257 3
178 258 7
178 260 6
178 261 5
178 263 4
178 264 3
178 266 9
178 267 5
178 268 3
178 270 6
178 271 7
178 272 7
178 276 4
178 277 1
178 278 6
178 282 10
178 284 5
178 286 6
178 288 3
178 292 9
178 293 4
178 298 2
178 301 8
178 302 2
178 304 8
178 305 6
178 307 10
178 308 10
178 313 3
178 314 7
178 317 2
178 318 1
178 319 8
178 320 8
178 321 6
178 324 4
178 325 6
178 330 3
178 332 4
178 335 2
178 338 2
178 339 7
178 340 6
178 343 7
178 344 8
178 346 7
178 347 3
178 350 5
178 354 6
178 356 4
178 360 9
178 361 3
178 362 7
178 364 8
178 365 5
178 366 5
178 367 3
178 372 5
178 373 6
178 374 4
178 375 2
178 377 9
178 384 8
178 388 7
178 389 3
178 397 1
178 403 1
178 405 10
178 409 4
178 411 1
178 412 2
178 417 1
178 418 9
178 419 8
178 422 2
178 423 8
178 427 7
178 432 8
178 433 8
178 434 7
178 437 2
178 439 4
178 441 2
178 450 10
178 451 2
178 453 2
178 454 4
178 455 10
178 457 9
178 458 7
178 460 10
178 462 7
178 466 5
178 469 3
178 471 1
178 473 3
178 474 7
178 475 1
178 476 2
178 477 4
178 478 6
178 482 8
178 484 5
178 485 5
178 486 4
178 487 9
178 489 6
178 494 3
178 495 5
178 496 6
178 499 9
179 180 10
179 187 3
179 188 8
179 193 2
179 194 10
179 195 4
179 197 2
179 198 9
179 199 6
179 202 2
179 203 1
179 205 5
179 206 8
179 208 1
179 209 8
179 213 10
179 214 4
179 215 2
179 216 4
179 219 2
179 221 6
179 228 10
179 229 10
179 230 9
179 231 9
179 233 1
179 235 10
179 236 7
179 237 4
179 238 5
179 239 7
179 240 6
179 241 5
179 242 2
179 243 4
179 248 3
179 250 7
179 252 9
179 256 9
179 257 2
179 258 6
179 263 3
179 264 7
179 266 8
179 268 5
179 270 10
179 271 4
179 274 4
179 275 4
179 277 2
179 278 8
179 279 9
179 282 6
179 290 3
179 293 10
179 297 8
179 299 5
179 307 8
179 308 3
179 309 6
179 310 7
179 314 8
179 315 3
179 316 4
179 317 1
179 318 1
179 319 2
179 320 2
179 321 7
179 324 6
179 327 1
179 330 7
179 335 10
179 336 8
179 337 2
179 338 4
179 341 10
179 344 5
179 345 5
179 346 9
179 348 2
179 351 4
179 356 5
179 359 7
179 364 9
179 365 5
179 366 4
179 368 10
179 370 5
179 371 4
179 373 3
179 375 8
179 376 7
179 378 6
179 381 7
179 382 9
179 386 2
179 390 1
179 393 6
179 394 8
179 395 5
179 396 6
179 399 1
179 402 3
179 405 9
179 409 10
179 410 3
179 411 3
179 413 9
179 415 6
179 416 1
179 419 3
179 420 7
179 423 7
179 424 3
179 427 3
179 430 2
179 431 6
179 432 10
179 433 3
179 434 3
179 437 10
179 441 9
179 442 2
179 443 8
179 448 1
179 449 1
179 455 4
179 456 7
179 458 10
179 459 6
179 460 7
179 463 3
179 464 2
179 465 4
179 466 5
179 468 1
179 471 7
179 476 4
179 478 3
179 481 8
179 482 5
179 483 5
179 488 1
179 490 2
179 492 7
179 499 3
180 182 3
180 183 9
180 184 2
180 187 8
180 189 5
180 190 4
180 192 9
180 194 8
180 196 9
180 199 2
180 201 8
180 204 2
180 205 10
180 209 9
180 211 1
180 212 4
180 216 4
180 218 4
180 219 3
180 220 6
180 222 10
180 223 9
180 227 9
180 230 7
180 231 9
180 241 9
180 242 2
180 244 9
180 245 6
180 248 8
180 249 6
180 253 6
180 254 2
180 256 2
180 260 6
180 261 10
180 263 4
180 269 7
180 271 5
180 275 2
180 277 5
180 281 1
180 286 8
180 287 7
180 295 7
180 296 6
180 298 10
180 301 2
180 302 1
180 303 6
180 304 10
180 306 10
180 307 9
180 308 10
180 309 2
180 313 1
180 314 8
180 315 10
180 316 10
180 317 9
180 320 6
180 322 6
180 326 9
180 327 8
180 328 9
180 330 7
180 332 2
180 337 3
180 338 3
180 339 7
180 341 10
180 346 4
180 349 8
180 351 10
180 352 2
180 353 1
180 354 9
180 356 3
180 358 4
180 361 6
180 363 8
180 365 6
180 366 9
180 367 6
180 370 9
180 372 3
180 376 7
180 381 3
180 382 7
180 385 2
180 386 6
180 387 10
180 389 5
180 391 7
180 392 8
180 393 6
180 396 1
180 398 6
180 401 5
180 402 4
180 403 9
180 404 6
180 405 7
180 407 7
180 408 10
180 411 9
180 413 5
180 415 1
180 416 1
180 421 8
180 424 3
180 425 1
180 426 10
180 427 5
180 428 5
180 429 2
180 432 3
180 436 10
180 437 7
180 438 6
180 439 4
180 440 3
180 443 5
180 444 7
180 445 10
180 446 9
180 451 1
180 454 9
180 457 8
180 460 1
180 462 3
180 463 4
180 465 3
180 466 8
180 467 4
180 468 10
180 470 4
180 473 7
180 474 3
180 476 6
180 481 5
180 483 2
180 484 2
180 487 6
180 488 3
180 492 7
180 497 3
180 498 2
180 499 6
181 182 5
181 184 1
181 187 4
181 188 8
181 190 2
181 193 5
181 194 8
181 196 8
181 197 2
181 199 9
181 200 2
181 201 2
181 204 5
181 205 5
181 207 2
181 210 8
181 211 4
181 214 3
181 215 9
181 216 6
181 217 6
181 220 2
181 221 2
181 222 9
181 225 10
181 226 2
181 228 1
181 229 8
181 230 7
181 231 4
181 232 1
181 233 10
181 240 6
181 241 1
181 242 1
181 245 9
181 247 6
181 252 8
181 254 6
181 255 5
181 256 3
181 257 4
181 258 4
181 259 2
181 260 9
181 261 8
181 262 9
181 263 4
181 264 8
181 265 8
181 267 5
181 269 2
181 271 1
181 273 2
181 274 7
181 275 1
181 279 7
181 280 9
181 281 6
181 282 6
181 283 9
181 284 6
181 287 5
181 289 6
181 290 7
181 291 6
181 292 10
181 295 2
181 296 1
181 298 2
181 299 9
181 301 1
181 302 8
181 303 8
181 304 6
181 305 9
181 306 4
181 307 10
181 308 1
181 310 2
181 311 2
181 312 5
181 313 7
181 315 6
181 321 8
181 323 3
181 324 6
181 325 3
181 328 7
181 330 7
181 334 8
181 335 7
181 336 6
181 337 3
181 338 9
181 343 8
181 344 5
181 345 3
181 346 6
181 348 9
181 349 2
181 352 5
181 353 4
181 355 3
181 356 6
181 357 5
181 358 9
181 359 2
181 363 5
181 365 2
181 368 4
181 370 6
181 374 7
181 375 8
181 376 4
181 377 10
181 378 2
181 379 4
181 381 5
181 383 10
181 387 2
181 392 4
181 393 1
181 394 9
181 396 9
181 400 4
181 401 1
181 403 2
181 405 9
181 406 1
181 408 3
181 409 7
181 410 5
181 411 3
181 412 7
181 414 3
181 415 10
181 416 2
181 418 1
181 421 6
181 423 8
181 425 1
181 427 9
181 429 7
181 430 9
181 437 8
181 439 10
181 446 9
181 448 3
181 449 8
181 451 5
181 453 10
181 454 1
181 455 10
181 459 10
181 462 1
181 463 4
181 466 7
181 467 4
181 468 9
181 469 10
181 472 8
181 481 4
181 482 2
181 483 1
181 487 4
181 490 6
181 491 6
181 492 4
181 497 1
182 183 7
182 184 10
182 187 8
182 190 7
182 192 7
182 194 10
182 197 1
182 202 4
182 206 7
182 207 1
182 208 8
182 209 10
182 210 1
182 211 6
182 212 5
182 214 2
182 216 10
182 217 6
182 218 8
182 219 6
182 220 6
182 221 6
182 224 2
182 229 2
182 230 4
182 231 6
182 232 1
182 233 3
182 234 7
182 236 4
182 239 5
182 240 4
182 244 2
182 246 4
182 249 4
182 254 9
182 255 3
182 256 7
182 258 6
182 267 9
182 271 5
182 272 1
182 273 6
182 276 6
182 277 8
182 278 2
182 279 9
182 283 10
182 285 1
182 286 7
182 287 1
182 290 2
182 292 7
182 294 9
182 296 5
182 298 4
182 300 9
182 304 8
182 306 8
182 307 2
182 313 4
182 315 3
182 318 1
182 319 3
182 320 1
182 322 3
182 324 3
182 326 6
182 328 4
182 330 6
182 332 1
182 333 6
182 334 4
182 336 5
182 341 10
182 342 6
182 343 1
182 344 2
182 345 5
182 346 4
182 349 8
182 352 6
182 354 3
182 355 7
182 356 9
182 358 6
182 359 1
182 364 9
182 367 9
182 370 1
182 371 1
182 372 7
182 375 1
182 376 3
182 378 2
182 381 4
182 382 10
182 383 3
182 385 2
182 386 4
182 387 9
182 389 3
182 392 5
182 399 5
182 400 3
182 401 2
182 402 1
182 403 10
182 404 6
182 405 10
182 407 8
182 410 4
182 414 7
182 419 3
182 421 8
182 424 1
182 425 8
182 428 4
182 429 1
182 431 9
182 439 4
182 440 3
182 442 8
182 446 1
182 449 8
182 451 6
182 453 4
182 454 7
182 457 4
182 458 5
182 460 7
182 461 10
182 462 1
182 463 3
182 464 6
182 465 2
182 466 1
182 468 5
182 469 6
182 471 8
182 476 4
182 477 1
182 478 8
182 479 4
182 481 5
182 483 3
182 486 10
182 489 2
182 491 9
182 492 3
182 495 4
182 498 8
182 499 9
183 184 1
183 185 7
183 186 1
183 192 7
183 194 5
183 196 3
183 199 4
183 200 10
183 202 10
183 203 8
183 204 10
183 205 7
183 207 4
183 208 7
183 211 9
183 217 10
183 218 4
183 219 8
183 224 7
183 229 7
183 231 9
183 232 6
183 234 3
183 237 6
183 242 6
183 244 4
183 246 7
183 247 3
183 250 9
183 251 10
183 255 8
183 256 5
183 259 7
183 261 10
183 262 8
183 264 5
183 265 3
183 269 2
183 274 2
183 276 3
183 277 3
183 280 6
183 281 9
183 284 10
183 285 4
183 287 10
183 289 3
183 290 10
183 291 4
183 292 2
183 293 7
183 294 6
183 296 9
183 297 3
183 299 6
183 302 2
183 305 2
183 306 1
183 307 9
183 309 4
183 310 5
183 311 4
183 314 6
183 316 9
183 317 2
183 323 1
183 326 10
183 327 1
183 328 8
183 331 9
183 333 1
183 335 7
183 336 6
183 339 1
183 342 8
183 345 7
183 347 4
183 348 10
183 349 6
183 351 3
183 352 1
183 355 3
183 357 6
183 359 1
183 360 1
183 364 1
183 365 4
183 366 8
183 367 10
183 370 2
183 371 2
183 372 1
183 373 7
183 375 6
183 376 7
183 378 7
183 379 5
183 386 2
183 387 3
183 388 7
183 389 3
183 390 10
183 392 7
183 397 2
183 398 1
183 399 8
183 401 3
183 404 2
183 405 5
183 406 4
183 410 5
183 412 6
183 415 4
183 416 10
183 419 4
183 420 4
183 421 9
183 423 3
183 426 1
183 428 3
183 430 10
183 431 10
183 432 4
183 434 10
183 440 7
183 441 3
183 442 3
183 444 9
183 445 7
183 447 4
183 450 1
183 453 4
183 454 5
183 458 4
183 462 9
183 465 6
183 469 3
183 470 7
183 471 10
183 472 9
183 475 10
183 478 2
183 482 5
183 488 6
183 491 8
183 492 9
183 494 1
183 495 8
183 496 8
184 185 9
184 186 2
184 187 8
184 189 8
184 191 3
184 192 8
184 193 8
184 194 7
184 195 3
184 196 1
184 197 6
184 198 9
184 199 10
184 205 5
184 208 2
184 209 7
184 213 4
184 214 2
184 216 7
184 217 2
184 219 9
184 224 4
184 227 9
184 229 9
184 232 5
184 234 4
184 236 4
184 237 4
184 238 3
184 239 8
184 240 6
184 242 8
184 243 2
184 244 5
184 246 1
184 247 7
184 249 6
184 250 4
184 251 9
184 252 9
184 253 5
184 258 8
184 259 8
184 260 1
184 262 4
184 268 10
184 270 5
184 271 4
184 273 5
184 275 1
184 276 1
184 277 6
184 280 10
184 281 3
184 282 8
184 290 10
184 291 4
184 292 5
184 293 7
184 295 3
184 296 7
184 299 4
184 300 8
184 301 1
184 302 8
184 304 2
184 305 4
184 307 4
184 311 4
184 312 2
184 313 4
184 314 5
184 316 4
184 319 7
184 321 5
184 323 5
184 325 2
184 328 2
184 330 8
184 331 8
184 334 7
184 335 9
184 336 4
184 341 1
184 342 8
184 346 1
184 347 5
184 348 8
184 350 5
184 353 4
184 354 7
184 358 10
184 361 9
184 362 3
184 365 10
184 366 3
184 369 8
184 370 1
184 373 7
184 376 1
184 377 3
184 379 2
184 382 3
184 384 2
184 386 8
184 388 8
184 390 1
184 391 5
184 392 2
184 394 9
184 395 8
184 398 5
184 400 2
184 402 6
184 403 9
184 404 8
184 408 7
184 409 2
184 411 6
184 412 3
184 413 10
184 414 2
184 417 9
184 418 5
184 419 2
184 423 1
184 425 10
184 426 3
184 427 1
184 432 4
184 434 9
184 436 5
184 440 2
184 441 5
184 447 9
184 448 2
184 449 10
184 452 1
184 457 7
184 458 2
184 460 6
184 461 2
184 463 6
184 466 7
184 468 9
184 469 5
184 470 4
184 472 6
184 474 5
184 475 10
184 477 10
184 478 2
184 479 7
184 480 8
184 483 4
184 488 10
184 490 10
184 493 7
184 496 7
184 498 6
185 186 8
185 188 4
185 189 3
185 190 6
185 192 3
185 193 6
185 195 8
185 196 3
185 200 10
185 201 10
185 202 5
185 203 8
185 204 8
185 205 3
185 207 1
185 210 5
185 213 8
185 214 9
185 218 7
185 221 6
185 223 6
185 224 5
185 225 2
185 228 5
185 229 6
185 231 10
185 233 6
185 234 8
185 235 7
185 236 7
185 237 4
185 238 3
185 239 5
185 240 6
185 241 4
185 247 6
185 248 9
185 250 1
185 252 4
185 253 5
185 257 2
185 258 1
185 260 2
185 264 2
185 265 4
185 266 1
185 268 8
185 269 3
185 270 5
185 272 6
185 274 6
185 275 4
185 276 6
185 282 6
185 286 10
185 287 4
185 288 1
185 292 3
185 293 6
185 295 2
185 296 8
185 298 8
185 299 2
185 300 9
185 302 8
185 303 6
185 304 4
185 310 2
185 312 2
185 314 9
185 315 10
185 316 5
185 317 5
185 319 2
185 323 1
185 324 3
185 327 6
185 328 2
185 330 4
185 333 10
185 336 4
185 340 2
185 342 7
185 343 5
185 344 4
185 345 1
185 348 5
185 352 1
185 353 1
185 354 8
185 357 4
185 359 8
185 360 1
185 361 1
185 363 4
185 366 10
185 367 3
185 368 3
185 369 1
185 371 2
185 375 3
185 376 1
185 382 1
185 386 2
185 390 1
185 393 10
185 397 4
185 399 7
185 404 9
185 405 3
185 406 3
185 409 6
185 411 2
185 413 9
185 415 3
185 416 9
185 417 4
185 421 6
185 423 9
185 427 5
185 431 3
185 432 2
185 436 5
185 438 1
185 439 3
185 441 6
185 442 1
185 443 10
185 445 8
185 446 10
185 447 6
185 450 5
185 452 8
185 453 8
185 454 10
185 458 10
185 461 4
185 464 7
185 466 2
185 469 9
185 471 9
185 477 3
185 480 10
185 481 10
185 483 9
185 485 7
185 490 5
185 491 5
185 492 9
185 493 4
185 495 1
186 187 10
186 188 6
186 189 1
186 195 4
186 199 10
186 200 6
186 202 3
186 204 10
186 205 5
186 207 7
186 210 6
186 212 7
186 214 7
186 216 9
186 219 9
186 221 9
186 223 2
186 232 6
186 233 4
186 239 10
186 240 3
186 242 2
186 243 2
186 244 9
186 245 3
186 246 1
186 247 9
186 249 1
186 250 1
186 253 4
186 256 3
186 259 3
186 260 5
186 262 7
186 263 5
186 264 4
186 267 5
186 268 4
186 272 1
186 274 7
186 275 6
186 276 3
186 277 7
186 283 8
186 286 7
186 287 3
186 288 4
186 289 5
186 292 9
186 293 2
186 294 8
186 295 4
186 297 6
186 300 10
186 301 2
186 302 2
186 303 5
186 304 6
186 309 8
186 317 7
186 319 1
186 320 3
186 321 2
186 322 9
186 323 1
186 324 2
186 325 2
186 326 2
186 328 8
186 329 2
186 330 4
186 331 7
186 333 3
186 334 2
186 335 8
186 337 1
186 339 7
186 341 5
186 343 3
186 344 5
186 347 5
186 348 8
186 349 10
186 350 3
186 358 2
186 359 4
186 362 10
186 365 2
186 367 6
186 371 5
186 372 2
186 373 2
186 377 1
186 382 5
186 383 6
186 385 2
186 387 3
186 395 7
186 396 4
186 398 10
186 400 3
186 402 7
186 403 3
186 404 1
186 407 8
186 412 9
186 413 2
186 414 5
186 415 5
186 419 1
186 423 6
186 425 8
186 426 1
186 428 8
186 429 4
186 431 3
186 432 2
186 435 4
186 437 9
186 438 4
186 439 4
186 441 2
186 442 7
186 446 7
186 448 2
186 450 6
186 453 4
186 454 2
186 456 5
186 457 9
186 458 7
186 459 8
186 460 10
186 461 4
186 466 6
186 468 5
186 471 5
186 472 3
186 473 1
186 476 3
186 477 4
186 480 2
186 481 3
186 488 9
186 495 1
186 496 7
186 498 6
186 499 2
187 190 9
187 192 5
187 196 10
187 202 5
187 206 10
187 208 3
187 209 4
187 210 5
187 211 5
187 212 2
187 213 7
187 216 7
187 217 7
187 219 5
187 221 5
187 222 3
187 223 10
187 229 3
187 231 6
187 232 6
187 233 7
187 236 9
187 237 8
187 238 2
187 240 4
187 241 4
187 242 7
187 243 2
187 244 5
187 245 5
187 246 3
187 247 9
187 248 3
187 254 9
187 257 3
187 260 3
187 262 3
187 265 9
187 268 1
187 269 6
187 272 7
187 273 6
187 274 2
187 277 3
187 278 6
187 279 3
187 283 8
187 285 7
187 286 10
187 287 1
187 288 3
187 291 2
187 292 6
187 294 9
187 296 5
187 298 6
187 302 10
187 303 6
187 305 4
187 306 7
187 307 7
187 308 7
187 309 7
187 314 4
187 315 1
187 317 9
187 319 8
187 322 1
187 323 10
187 324 9
187 325 5
187 329 7
187 330 9
187 332 7
187 335 6
187 336 4
187 337 2
187 339 7
187 340 5
187 341 10
187 342 8
187 343 4
187 345 6
187 346 1
187 347 3
187 348 8
187 351 10
187 354 7
187 356 1
187 358 7
187 360 6
187 361 9
187 362 5
187 364 4
187 366 3
187 368 7
187 370 3
187 371 10
187 372 9
187 374 5
187 375 4
187 376 6
187 379 5
187 380 2
187 381 6
187 383 7
187 384 9
187 385 10
187 387 8
187 388 10
187 393 7
187 397 6
187 401 10
187 403 4
187 405 3
187 410 7
187 411 2
187 412 4
187 415 9
187 416 3
187 417 9
187 418 1
187 421 2
187 422 7
187 425 3
187 426 6
187 427 6
187 428 1
187 429 7
187 430 7
187 431 6
187 434 6
187 436 3
187 438 8
187 439 8
187 440 10
187 442 9
187 446 2
187 447 5
187 448 5
187 450 9
187 451 3
187 454 4
187 455 9
187 457 7
187 458 6
187 461 3
187 463 9
187 468 8
187 469 7
187 471 5
187 472 10
187 473 6
187 476 10
187 477 5
187 478 7
187 484 9
187 488 2
187 489 5
187 491 10
187 495 5
187 496 4
187 497 6
188 193 4
188 196 3
188 197 6
188 198 5
188 201 9
188 212 1
188 214 10
188 215 5
188 219 10
188 220 6
188 221 1
188 224 1
188 227 1
188 230 4
188 233 9
188 236 4
188 239 1
188 240 9
188 242 2
188 243 2
188 244 9
188 245 5
188 246 5
188 247 6
188 249 10
188 251 10
188 253 10
188 254 8
188 257 4
188 259 9
188 263 7
188 264 9
188 265 4
188 268 10
188 270 10
188 271 1
188 273 6
188 275 4
188 277 10
188 280 3
188 282 10
188 283 5
188 284 2
188 285 7
188 286 8
188 288 8
188 295 5
188 296 5
188 297 9
188 299 6
188 300 9
188 301 7
188 302 1
188 304 5
188 305 10
188 308 4
188 309 9
188 310 10
188 312 5
188 313 10
188 314 7
188 315 5
188 320 2
188 322 7
188 323 9
188 324 8
188 328 1
188 330 2
188 331 10
188 332 7
188 333 1
188 334 2
188 335 2
188 336 7
188 337 10
188 338 2
188 339 6
188 341 9
188 342 6
188 343 3
188 346 8
188 347 1
188 348 6
188 352 5
188 354 2
188 355 2
188 357 4
188 358 10
188 362 5
188 363 7
188 366 8
188 368 8
188 369 5
188 372 2
188 373 5
188 374 10
188 375 5
188 380 2
188 384 8
188 385 10
188 387 6
188 388 1
188 389 1
188 391 4
188 393 8
188 394 8
188 397 2
188 399 10
188 400 8
188 404 2
188 405 8
188 408 9
188 409 1
188 410 5
188 411 4
188 412 9
188 417 7
188 419 8
188 420 4
188 422 1
188 423 1
188 425 8
188 428 6
188 431 10
188 432 7
188 433 7
188 437 3
188 438 8
188 440 5
188 443 1
188 444 9
188 445 1
188 446 10
188 447 6
188 452 1
188 453 2
188 456 5
188 457 4
188 458 9
188 459 7
188 460 7
188 463 4
188 464 3
188 468 2
188 469 4
188 472 2
188 473 9
188 474 10
188 479 6
188 480 4
188 481 5
188 486 1
188 487 10
188 488 6
188 490 7
188 492 9
188 493 10
188 496 4
188 499 4
189 191 2
189 192 2
189 194 3
189 195 8
189 197 5
189 199 9
189 201 9
189 207 4
189 208 6
189 209 2
189 210 8
189 211 8
189 215 7
189 220 6
189 221 10
189 223 2
189 224 4
189 225 10
189 226 7
189 228 9
189 229 2
189 232 5
189 233 4
189 235 4
189 236 5
189 237 9
189 238 5
189 239 8
189 241 2
189 242 5
189 243 7
189 245 8
189 247 9
189 249 8
189 250 6
189 251 9
189 255 9
189 257 6
189 258 2
189 259 8
189 260 1
189 261 3
189 269 4
189 273 2
189 274 2
189 281 2
189 282 7
189 283 1
189 284 10
189 286 4
189 291 1
189 295 3
189 296 6
189 297 8
189 299 9
189 306 1
189 308 5
189 309 10
189 310 2
189 312 1
189 314 9
189 317 7
189 320 4
189 321 5
189 324 7
189 329 5
189 330 2
189 333 1
189 334 9
189 335 8
189 340 7
189 341 7
189 342 10
189 343 8
189 345 7
189 347 5
189 350 5
189 353 3
189 354 9
189 358 6
189 360 1
189 365 6
189 366 4
189 368 5
189 369 6
189 370 10
189 372 10
189 373 2
189 374 6
189 376 2
189 377 8
189 379 9
189 382 3
189 387 6
189 388 2
189 391 8
189 393 3
189 394 2
189 399 3
189 401 4
189 402 1
189 403 9
189 406 9
189 411 1
189 412 6
189 414 6
189 415 6
189 416 7
189 417 7
189 421 8
189 428 8
189 429 10
189 431 10
189 434 7
189 437 8
189 438 2
189 440 8
189 443 5
189 445 9
189 449 7
189 451 8
189 452 2
189 453 2
189 456 5
189 458 8
189 460 8
189 465 2
189 468 9
189 469 1
189 471 2
189 472 4
189 474 6
189 475 5
189 476 5
189 477 9
189 478 6
189 480 6
189 481 1
189 482 5
189 485 4
189 486 3
189 487 2
189 488 2
189 489 10
189 491 6
189 493 10
189 494 7
189 496 4
189 497 7
189 498 2
190 192 6
190 195 8
190 196 7
190 198 6
190 199 8
190 201 7
190 202 3
190 203 9
190 207 7
190 208 1
190 209 10
190 212 9
190 215 4
190 216 7
190 217 4
190 219 10
190 222 4
190 223 7
190 225 2
190 226 8
190 228 8
190 229 1
190 230 9
190 231 5
190 233 1
190 236 8
190 239 8
190 243 10
190 248 5
190 249 10
190 250 4
190 251 1
190 254 10
190 255 6
190 256 5
190 257 10
190 263 6
190 265 8
190 266 9
190 267 7
190 268 5
190 269 4
190 273 2
190 274 10
190 276 5
190 277 1
190 280 10
190 282 1
190 284 3
190 285 6
190 286 3
190 287 5
190 290 1
190 291 2
190 292 7
190 293 4
190 294 5
190 296 9
190 297 4
190 301 7
190 304 1
190 305 1
190 311 1
190 313 10
190 317 5
190 319 4
190 320 4
190 322 7
190 328 2
190 329 7
190 332 10
190 337 2
190 340 9
190 341 2
190 345 8
190 347 6
190 348 9
190 349 7
190 350 9
190 351 7
190 353 2
190 354 10
190 356 3
190 357 2
190 358 6
190 359 5
190 363 1
190 364 8
190 366 7
190 369 7
190 371 8
190 372 1
190 373 4
190 375 2
190 376 7
190 377 4
190 378 6
190 379 7
190 380 5
190 384 8
190 386 1
190 387 9
190 388 1
190 389 5
190 390 10
190 392 4
190 394 2
190 396 6
190 397 1
190 398 1
190 400 3
190 401 3
190 405 3
190 406 2
190 413 1
190 414 4
190 416 10
190 417 9
190 419 8
190 421 9
190 422 4
190 423 3
190 424 10
190 430 1
190 431 5
190 435 3
190 436 4
190 437 9
190 441 4
190 442 3
190 444 7
190 446 2
190 447 9
190 448 1
190 449 4
190 450 10
190 451 8
190 452 3
190 453 2
190 454 6
190 457 8
190 458 7
190 461 2
190 473 8
190 474 1
190 476 4
190 478 10
190 482 8
190 485 6
190 487 1
190 493 6
190 494 6
190 495 4
190 496 3
191 197 4
191 198 8
191 200 9
191 201 8
191 202 7
191 204 6
191 205 10
191 206 5
191 207 4
191 210 3
191 212 2
191 214 10
191 215 1
191 217 7
191 218 6
191 221 10
191 223 10
191 224 6
191 226 4
191 227 7
191 229 7
191 230 10
191 231 1
191 241 4
191 242 10
191 244 8
191 245 6
191 249 4
191 251 9
191 253 9
191 255 3
191 256 2
191 258 7
191 260 4
191 261 2
191 262 10
191 265 8
191 267 10
191 269 6
191 270 2
191 271 9
191 275 2
191 277 7
191 278 4
191 279 6
191 288 5
191 290 5
191 292 3
191 296 8
191 299 1
191 301 8
191 303 1
191 304 5
191 309 1
191 312 3
191 314 8
191 316 6
191 321 9
191 323 3
191 324 7
191 325 3
191 329 1
191 331 1
191 333 2
191 338 5
191 341 6
191 342 3
191 344 7
191 354 2
191 359 5
191 360 2
191 361 8
191 362 2
191 365 1
191 366 2
191 367 5
191 373 7
191 374 3
191 376 10
191 378 3
191 382 4
191 383 5
191 384 7
191 387 7
191 388 9
191 390 10
191 393 10
191 395 6
191 396 8
191 398 10
191 399 10
191 401 2
191 402 8
191 403 5
191 404 3
191 405 5
191 406 1
191 407 10
191 408 4
191 409 2
191 412 4
191 413 9
191 414 1
191 416 1
191 417 5
191 420 10
191 422 1
191 423 5
191 424 5
191 427 3
191 429 3
191 431 9
191 432 8
191 434 9
191 436 4
191 437 8
191 439 10
191 441 7
191 443 9
191 445 1
191 448 6
191 449 1
191 450 10
191 453 10
191 454 3
191 455 9
191 457 7
191 459 1
191 460 9
191 461 10
191 462 2
191 465 5
191 466 10
191 467 7
191 468 4
191 470 8
191 471 10
191 476 4
191 479 5
191 481 4
191 482 8
191 484 5
191 485 6
191 487 9
191 488 8
191 489 9
191 491 1
191 493 3
191 495 2
191 496 5
191 498 5
191 499 5
192 193 3
192 194 3
192 195 3
192 199 8
192 200 2
192 201 7
192 206 10
192 213 3
192 214 2
192 220 6
192 222 4
192 223 5
192 224 4
192 231 9
192 232 5
192 236 10
192 237 8
192 239 1
192 240 3
192 241 5
192 242 10
192 243 1
192 244 8
192 245 4
192 247 2
192 248 7
192 250 4
192 253 5
192 256 7
192 258 9
192 260 9
192 262 9
192 263 3
192 264 3
192 265 9
192 266 8
192 268 2
192 269 2
192 271 7
192 272 5
192 276 5
192 278 5
192 279 10
192 280 8
192 281 7
192 282 10
192 283 5
192 284 6
192 285 9
192 287 10
192 288 7
192 290 3
192 291 4
192 292 7
192 295 4
192 296 7
192 297 5
192 298 5
192 301 10
192 302 2
192 303 5
192 305 4
192 306 8
192 310 4
192 311 3
192 312 10
192 313 2
192 316 8
192 318 1
192 319 4
192 326 5
192 327 7
192 328 7
192 330 2
192 331 2
192 332 9
192 337 2
192 339 1
192 341 10
192 343 6
192 346 7
192 347 8
192 348 8
192 349 8
192 350 3
192 353 6
192 354 9
192 357 10
192 358 10
192 359 1
192 360 1
192 362 8
192 364 5
192 365 6
192 367 5
192 368 10
192 370 6
192 371 10
192 372 2
192 376 2
192 377 10
192 379 3
192 381 6
192 382 7
192 386 2
192 390 3
192 391 6
192 395 10
192 402 1
192 403 1
192 404 10
192 406 5
192 409 10
192 412 10
192 414 9
192 415 7
192 416 9
192 418 10
192 419 3
192 420 4
192 422 8
192 424 6
192 425 1
192 427 10
192 429 6
192 433 2
192 434 9
192 435 10
192 436 10
192 445 9
192 447 1
192 449 2
192 454 6
192 455 4
192 457 4
192 458 9
192 459 4
192 460 2
192 462 7
192 466 8
192 467 4
192 468 10
192 470 4
192 475 6
192 479 9
192 480 3
192 483 5
192 486 3
192 488 2
192 489 6
192 491 6
192 494 2
192 497 3
192 498 2
193 194 7
193 195 10
193 197 2
193 199 2
193 200 1
193 202 2
193 203 6
193 204 7
193 206 1
193 207 1
193 208 9
193 209 2
193 210 4
193 212 9
193 213 8
193 214 5
193 217 6
193 218 3
193 220 2
193 221 5
193 223 6
193 224 6
193 225 3
193 234 10
193 235 2
193 236 4
193 240 8
193 241 10
193 243 8
193 245 10
193 246 6
193 249 2
193 251 2
193 252 10
193 254 3
193 255 9
193 257 6
193 260 2
193 266 5
193 267 5
193 268 4
193 270 8
193 277 8
193 280 9
193 282 4
193 283 5
193 286 3
193 289 8
193 292 10
193 293 7
193 295 4
193 296 5
193 297 9
193 298 2
193 299 9
193 300 7
193 303 3
193 304 5
193 306 5
193 307 10
193 308 6
193 309 5
193 310 8
193 312 10
193 317 1
193 318 10
193 322 5
193 325 3
193 326 8
193 328 5
193 330 4
193 336 1
193 337 7
193 340 3
193 341 8
193 342 8
193 343 6
193 344 5
193 345 7
193 346 8
193 348 10
193 352 3
193 354 1
193 356 4
193 359 10
193 360 8
193 362 9
193 364 2
193 366 6
193 369 3
193 371 4
193 374 10
193 375 6
193 376 5
193 378 8
193 380 5
193 384 2
193 388 2
193 390 3
193 393 9
193 396 10
193 397 10
193 400 7
193 401 5
193 402 5
193 403 8
193 405 3
193 406 10
193 408 4
193 409 9
193 411 1
193 413 1
193 414 8
193 416 9
193 417 10
193 422 2
193 424 9
193 426 1
193 427 2
193 428 8
193 430 2
193 433 2
193 434 10
193 435 1
193 437 1
193 438 1
193 439 3
193 440 5
193 442 5
193 444 10
193 445 7
193 447 4
193 450 6
193 454 2
193 457 1
193 458 2
193 460 7
193 461 8
193 466 8
193 467 8
193 470 3
193 471 2
193 473 2
193 476 2
193 477 5
193 480 6
193 481 6
193 483 1
193 484 2
193 486 1
193 490 9
193 491 6
193 492 2
193 495 4
193 496 3
193 497 2
194 196 2
194 198 2
194 202 5
194 204 9
194 205 9
194 207 6
194 208 7
194 212 1
194 214 9
194 219 4
194 221 5
194 222 5
194 223 7
194 224 4
194 227 10
194 228 6
194 229 8
194 233 9
194 242 6
194 243 8
194 245 10
194 247 10
194 251 9
194 253 7
194 255 6
194 257 3
194 259 1
194 260 3
194 267 10
194 268 8
194 274 4
194 275 9
194 276 10
194 279 3
194 282 6
194 284 4
194 286 10
194 287 9
194 288 5
194 293 6
194 294 5
194 295 3
194 296 4
194 297 4
194 298 7
194 300 10
194 301 8
194 302 3
194 303 3
194 304 4
194 305 9
194 307 1
194 310 5
194 313 7
194 314 9
194 315 2
194 316 3
194 317 8
194 320 10
194 327 4
194 328 1
194 329 10
194 331 9
194 333 9
194 335 8
194 340 7
194 343 4
194 349 8
194 350 3
194 351 7
194 353 8
194 354 7
194 356 9
194 360 5
194 361 1
194 365 1
194 366 6
194 367 9
194 369 5
194 370 8
194 371 8
194 372 2
194 373 3
194 375 5
194 376 4
194 378 3
194 379 1
194 380 4
194 381 9
194 382 10
194 383 3
194 387 7
194 388 9
194 392 3
194 397 6
194 399 9
194 402 9
194 403 8
194 404 8
194 406 7
194 408 6
194 414 9
194 416 7
194 417 5
194 419 10
194 420 3
194 421 1
194 422 8
194 426 4
194 427 2
194 430 4
194 434 4
194 436 8
194 437 1
194 438 8
194 439 9
194 440 10
194 441 9
194 442 2
194 443 6
194 446 3
194 448 7
194 450 9
194 451 9
194 452 3
194 455 8
194 459 2
194 460 3
194 462 1
194 464 6
194 465 3
194 467 5
194 469 9
194 470 5
194 471 10
194 474 1
194 476 8
194 482 2
194 485 5
194 487 6
194 488 4
194 491 5
194 492 6
194 495 1
194 499 7
195 198 2
195 201 6
195 202 7
195 205 4
195 206 9
195 210 9
195 212 3
195 213 4
195 214 4
195 216 8
195 218 5
195 222 8
195 223 7
195 226 2
195 228 10
195 230 3
195 235 9
195 239 2
195 240 7
195 245 5
195 246 1
195 247 5
195 248 5
195 249 1
195 251 7
195 252 2
195 253 6
195 256 8
195 257 10
195 258 8
195 263 2
195 264 4
195 265 3
195 266 5
195 267 9
195 271 10
195 273 3
195 275 10
195 276 3
195 278 3
195 279 4
195 280 4
195 281 5
195 282 3
195 285 3
195 288 1
195 289 8
195 292 9
195 293 5
195 294 2
195 297 4
195 298 7
195 301 4
195 303 3
195 304 5
195 308 10
195 311 4
195 312 8
195 313 2
195 314 10
195 316 9
195 317 1
195 318 8
195 319 4
195 321 3
195 322 8
195 326 3
195 328 10
195 331 2
195 334 5
195 337 6
195 338 4
195 340 9
195 341 7
195 342 3
195 343 5
195 345 9
195 350 1
195 351 4
195 354 6
195 357 9
195 358 8
195 359 10
195 362 10
195 365 10
195 366 7
195 367 9
195 368 5
195 370 9
195 371 4
195 373 7
195 374 8
195 376 4
195 379 10
195 381 2
195 383 10
195 390 8
195 392 9
195 393 8
195 395 10
195 396 9
195 397 6
195 400 8
195 401 9
195 402 8
195 404 10
195 405 2
195 410 7
195 411 1
195 412 4
195 421 2
195 423 4
195 424 6
195 425 5
195 426 4
195 427 7
195 428 10
195 433 1
195 434 4
195 435 1
195 437 10
195 438 1
195 442 9
195 444 6
195 446 5
195 450 9
195 454 8
195 455 9
195 457 2
195 458 8
195 462 10
195 464 2
195 465 3
195 467 7
195 468 5
195 469 5
195 470 3
195 472 3
195 474 9
195 478 3
195 481 2
195 483 7
195 485 1
195 486 5
195 490 1
195 491 1
195 492 3
195 493 6
195 495 2
195 496 2
195 497 4
195 498 3
196 197 8
196 198 9
196 199 3
196 200 7
196 204 4
196 206 3
196 208 3
196 211 8
196 212 3
196 214 5
196 218 3
196 221 6
196 222 2
196 225 10
196 227 2
196 228 4
196 231 6
196 239 4
196 241 8
196 243 1
196 246 10
196 247 7
196 250 5
196 255 2
196 256 3
196 260 1
196 263 9
196 264 9
196 268 2
196 270 3
196 271 5
196 274 2
196 281 4
196 283 7
196 286 5
196 287 8
196 288 9
196 289 3
196 290 5
196 295 1
196 300 1
196 302 6
196 303 1
196 304 8
196 306 8
196 308 3
196 311 1
196 312 7
196 313 3
196 314 2
196 315 5
196 318 8
196 319 7
196 320 6
196 322 7
196 323 6
196 325 7
196 326 7
196 330 1
196 332 7
196 333 5
196 334 8
196 335 5
196 336 7
196 337 4
196 340 9
196 341 8
196 343 7
196 345 2
196 346 3
196 349 3
196 351 2
196 352 3
196 353 5
196 354 3
196 355 10
196 357 9
196 358 7
196 360 8
196 361 3
196 363 8
196 364 6
196 367 4
196 369 4
196 371 2
196 373 3
196 374 8
196 375 1
196 376 5
196 378 3
196 380 7
196 381 1
196 382 5
196 383 2
196 386 6
196 391 5
196 395 3
196 397 7
196 401 10
196 403 5
196 406 8
196 408 1
196 412 7
196 413 3
196 414 3
196 415 3
196 416 10
196 417 9
196 418 8
196 420 6
196 423 3
196 425 9
196 428 7
196 429 3
196 433 10
196 434 5
196 435 5
196 439 6
196 440 5
196 441 3
196 444 8
196 445 2
196 447 1
196 449 5
196 456 2
196 457 8
196 461 2
196 463 9
196 465 10
196 466 8
196 469 4
196 473 3
196 474 5
196 475 4
196 476 3
196 477 3
196 481 9
196 483 6
196 484 3
196 485 8
196 487 8
196 488 1
196 491 9
196 492 3
196 493 2
196 494 8
196 495 6
196 496 8
196 499 2
197 199 3
197 201 10
197 203 10
197 206 9
197 210 7
197 211 7
197 212 7
197 213 10
197 214 1
197 218 7
197 219 4
197 220 3
197 221 4
197 222 10
197 226 1
197 227 7
197 229 3
197 231 3
197 232 8
197 233 8
197 234 7
197 242 8
197 245 6
197 246 8
197 247 8
197 248 5
197 249 3
197 252 5
197 253 2
197 254 4
197 255 3
197 258 8
197 259 2
197 260 6
197 266 1
197 268 9
197 269 6
197 274 10
197 275 7
197 277 9
197 278 10
197 280 4
197 282 10
197 283 5
197 284 1
197 285 6
197 291 8
197 292 6
197 293 1
197 294 4
197 295 4
197 296 3
197 298 8
197 299 5
197 300 7
197 302 4
197 304 6
197 305 3
197 306 4
197 307 9
197 313 2
197 314 4
197 317 4
197 323 7
197 325 1
197 327 7
197 336 1
197 343 4
197 345 6
197 346 1
197 353 3
197 354 7
197 355 5
197 357 8
197 359 9
197 360 5
197 361 1
197 362 6
197 367 9
197 369 8
197 370 3
197 371 1
197 372 4
197 373 3
197 375 2
197 377 5
197 379 6
197 381 2
197 382 1
197 384 2
197 386 1
197 390 10
197 392 5
197 394 5
197 397 7
197 398 3
197 399 5
197 401 8
197 403 10
197 404 6
197 405 3
197 406 1
197 408 9
197 409 7
197 414 4
197 415 9
197 416 6
197 417 7
197 420 2
197 422 9
197 427 8
197 428 6
197 430 9
197 431 2
197 432 1
197 437 2
197 441 9
197 446 4
197 448 10
197 451 10
197 453 2
197 454 8
197 455 1
197 457 10
197 458 10
197 463 6
197 467 3
197 471 10
197 472 5
197 475 3
197 477 2
197 479 6
197 481 10
197 483 4
197 484 5
197 485 10
197 487 7
197 488 4
197 491 8
197 492 10
197 494 6
197 495 4
197 497 7
197 498 10
197 499 9
198 200 5
198 201 9
198 203 3
198 204 10
198 205 3
198 209 1
198 212 7
198 213 6
198 214 10
198 215 2
198 216 10
198 218 1
198 221 7
198 222 6
198 224 9
198 225 4
198 228 1
198 232 3
198 234 3
198 236 10
198 238 4
198 242 9
198 243 6
198 244 8
198 246 2
198 247 5
198 248 7
198 249 1
198 250 10
198 252 5
198 253 2
198 255 1
198 256 5
198 260 3
198 262 3
198 265 2
198 267 2
198 270 5
198 271 7
198 272 1
198 275 7
198 276 8
198 277 6
198 279 3
198 280 2
198 282 4
198 286 3
198 288 9
198 291 8
198 292 2
198 295 7
198 296 10
198 298 10
198 301 3
198 303 7
198 305 2
198 307 10
198 308 2
198 309 1
198 312 8
198 315 7
198 316 9
198 318 6
198 322 1
198 323 1
198 325 1
198 327 4
198 329 2
198 333 6
198 334 4
198 336 1
198 337 6
198 340 4
198 341 6
198 342 2
198 344 4
198 345 1
198 346 5
198 348 10
198 349 3
198 350 1
198 351 7
198 353 7
198 354 6
198 355 8
198 358 9
198 361 6
198 362 5
198 363 4
198 364 2
198 365 9
198 366 3
198 369 7
198 370 8
198 371 3
198 372 4
198 373 3
198 374 8
198 375 9
198 376 8
198 377 3
198 378 9
198 379 8
198 382 9
198 385 2
198 386 7
198 387 2
198 389 1
198 396 9
198 397 9
198 399 10
198 400 1
198 401 2
198 405 9
198 408 5
198 409 5
198 410 7
198 411 6
198 415 2
198 417 7
198 419 1
198 420 10
198 423 10
198 424 3
198 426 3
198 431 1
198 435 3
198 436 3
198 438 4
198 441 7
198 442 10
198 443 10
198 445 9
198 447 3
198 448 6
198 449 7
198 450 1
198 451 6
198 452 9
198 457 7
198 458 4
198 459 7
198 463 5
198 464 3
198 466 6
198 467 3
198 468 10
198 469 7
198 472 4
198 475 10
198 479 10
198 480 9
198 481 7
198 483 3
198 485 2
198 486 3
198 488 3
198 489 9
198 491 6
198 492 3
198 493 3
198 496 10
198 498 4
198 499 4
199 202 6
199 204 4
199 205 1
199 207 5
199 208 8
199 211 6
199 214 2
199 218 9
199 219 9
199 222 3
199 224 7
199 225 9
199 227 8
199 231 3
199 237 3
199 240 2
199 243 5
199 247 7
199 249 8
199 250 10
199 252 6
199 253 3
199 256 7
199 257 5
199 258 3
199 259 1
199 262 5
199 264 3
199 265 6
199 266 7
199 268 10
199 269 6
199 270 3
199 279 3
199 280 5
199 281 2
199 283 2
199 284 3
199 287 3
199 289 4
199 291 6
199 292 10
199 293 9
199 294 1
199 295 1
199 297 3
199 298 1
199 300 5
199 301 6
199 303 7
199 305 3
199 310 8
199 313 4
199 318 1
199 319 9
199 322 5
199 323 10
199 326 7
199 327 7
199 336 8
199 337 8
199 339 3
199 341 5
199 342 9
199 343 6
199 344 9
199 346 2
199 347 10
199 349 10
199 351 10
199 352 5
199 353 5
199 355 1
199 357 4
199 359 1
199 360 7
199 361 4
199 362 4
199 366 5
199 367 5
199 368 7
199 370 8
199 371 9
199 380 3
199 382 9
199 385 5
199 386 1
199 387 9
199 393 3
199 396 6
199 397 7
199 399 6
199 401 8
199 403 1
199 407 10
199 410 4
199 411 5
199 413 10
199 414 9
199 415 1
199 416 3
199 417 6
199 419 10
199 423 1
199 426 3
199 427 8
199 431 8
199 432 8
199 434 5
199 435 7
199 439 7
199 441 9
199 442 1
199 443 3
199 445 5
199 446 7
199 447 2
199 451 6
199 452 1
199 454 5
199 455 5
199 456 2
199 457 2
199 458 4
199 461 2
199 463 5
199 464 4
199 465 8
199 466 10
199 467 4
199 469 4
199 470 1
199 480 4
199 486 7
199 488 6
199 491 1
199 493 9
199 495 3
199 499 1
200 201 1
200 202 7
200 206 3
200 207 4
200 209 6
200 213 5
200 214 5
200 216 2
200 217 3
200 220 10
200 222 1
200 225 6
200 228 2
200 232 9
200 234 2
200 235 9
200 238 8
200 241 10
200 243 9
200 244 7
200 245 1
200 246 7
200 247 6
200 249 6
200 252 7
200 254 8
200 256 8
200 257 10
200 258 8
200 260 5
200 261 8
200 263 8
200 264 7
200 265 4
200 269 10
200 270 1
200 272 1
200 275 10
200 278 8
200 279 6
200 288 4
200 291 3
200 292 2
200 293 3
200 295 9
200 296 3
200 297 10
200 299 6
200 300 7
200 304 10
200 305 3
200 312 10
200 314 6
200 318 2
200 324 8
200 325 3
200 326 1
200 327 5
200 328 5
200 331 10
200 332 9
200 333 3
200 334 7
200 338 9
200 340 2
200 342 2
200 343 6
200 344 8
200 345 1
200 346 10
200 347 8
200 349 5
200 352 6
200 353 3
200 354 10
200 356 4
200 357 3
200 359 9
200 360 3
200 364 4
200 367 3
200 370 5
200 372 6
200 373 10
200 375 9
200 376 10
200 377 2
200 378 4
200 380 7
200 381 8
200 386 8
200 389 5
200 390 2
200 392 4
200 394 2
200 397 7
200 398 4
200 399 7
200 402 9
200 404 3
200 406 7
200 407 3
200 408 10
200 411 2
200 412 3
200 414 9
200 416 2
200 418 7
200 419 1
200 424 6
200 425 9
200 426 2
200 428 3
200 430 2
200 431 7
200 432 8
200 433 5
200 434 8
200 435 8
200 437 3
200 439 8
200 440 5
200 445 9
200 446 1
200 447 7
200 448 8
200 449 10
200 451 1
200 453 5
200 456 3
200 457 4
200 458 2
200 460 9
200 462 4
200 463 9
200 465 1
200 466 10
200 468 5
200 469 2
200 472 9
200 473 10
200 475 10
200 476 7
200 477 2
200 479 5
200 480 3
200 482 10
200 483 1
200 484 6
200 485 6
200 486 5
200 487 10
200 488 7
200 489 7
200 492 8
200 495 7
201 204 7
201 205 4
201 206 10
201 207 4
201 208 5
201 212 6
201 214 1
201 215 2
201 216 6
201 217 9
201 219 6
201 220 3
201 223 1
201 224 9
201 226 9
201 227 9
201 231 4
201 232 1
201 235 3
201 239 5
201 240 4
201 241 7
201 244 2
201 246 9
201 250 1
201 251 1
201 252 8
201 258 10
201 263 5
201 267 9
201 269 8
201 277 1
201 279 7
201 281 10
201 285 3
201 287 8
201 291 7
201 293 1
201 294 8
201 297 10
201 299 6
201 305 8
201 306 7
201 307 10
201 308 9
201 309 1
201 311 2
201 312 4
201 315 7
201 317 7
201 318 2
201 319 7
201 320 9
201 321 8
201 322 9
201 324 5
201 325 3
201 326 4
201 327 3
201 330 8
201 331 1
201 333 7
201 335 4
201 339 10
201 340 9
201 341 7
201 344 7
201 345 1
201 348 9
201 349 10
201 352 5
201 353 4
201 354 2
201 355 2
201 356 8
201 357 5
201 359 6
201 360 10
201 361 8
201 362 9
201 363 3
201 366 10
201 372 10
201 374 6
201 378 8
201 379 3
201 380 1
201 381 2
201 383 1
201 389 2
201 391 3
201 392 7
201 397 7
201 398 4
201 399 1
201 401 6
201 404 5
201 406 4
201 410 10
201 416 10
201 417 10
201 420 5
201 421 2
201 422 5
201 423 10
201 427 1
201 429 10
201 430 1
201 431 1
201 432 5
201 437 5
201 438 7
201 440 3
201 441 5
201 444 3
201 446 8
201 447 10
201 450 2
201 457 2
201 460 7
201 461 1
201 462 8
201 464 8
201 465 2
201 467 3
201 471 5
201 472 4
201 474 9
201 475 2
201 481 1
201 482 4
201 483 1
201 484 5
201 488 4
201 490 1
201 491 10
201 493 1
201 496 3
201 497 8
201 498 5
201 499 6
202 206 4
202 208 2
202 210 8
202 212 5
202 213 8
202 214 1
202 215 10
202 216 2
202 217 1
202 220 8
202 221 9
202 222 5
202 224 9
202 228 1
202 229 7
202 230 9
202 231 9
202 232 6
202 234 8
202 235 1
202 237 6
202 238 7
202 239 2
202 240 10
202 243 1
202 246 2
202 248 4
202 249 1
202 250 2
202 253 10
202 256 1
202 257 8
202 258 2
202 262 9
202 263 6
202 265 4
202 267 10
202 271 1
202 274 1
202 277 8
202 278 3
202 279 4
202 280 4
202 281 3
202 284 8
202 285 7
202 286 2
202 287 1
202 288 4
202 291 10
202 294 3
202 295 7
202 296 3
202 297 9
202 298 9
202 299 3
202 302 4
202 303 5
202 304 9
202 305 1
202 310 10
202 317 9
202 318 7
202 319 8
202 320 3
202 321 1
202 322 1
202 325 10
202 327 9
202 331 1
202 334 10
202 339 7
202 345 10
202 346 9
202 348 4
202 349 4
202 351 4
202 356 3
202 358 8
202 361 8
202 362 4
202 363 5
202 367 2
202 368 2
202 369 6
202 370 10
202 372 5
202 373 1
202 374 6
202 376 4
202 377 4
202 380 2
202 381 2
202 385 7
202 386 4
202 387 7
202 388 9
202 389 10
202 390 3
202 393 6
202 395 4
202 397 6
202 398 8
202 401 7
202 402 6
202 406 6
202 410 8
202 411 8
202 414 7
202 417 5
202 418 8
202 419 2
202 420 1
202 421 8
202 428 3
202 429 7
202 432 1
202 433 5
202 435 6
202 438 8
202 439 7
202 440 2
202 442 8
202 443 1
202 445 7
202 447 9
202 448 5
202 449 5
202 450 9
202 451 4
202 453 5
202 458 6
202 459 2
202 460 1
202 462 6
202 464 5
202 465 1
202 466 9
202 467 3
202 468 3
202 469 8
202 470 7
202 472 3
202 474 4
202 477 1
202 479 10
202 482 10
202 484 2
202 485 5
202 486 7
202 489 1
202 490 4
202 492 7
202 493 5
202 496 9
202 497 8
203 204 4
203 206 4
203 208 5
203 209 2
203 212 2
203 213 5
203 217 2
203 219 6
203 220 7
203 222 3
203 223 1
203 227 1
203 228 10
203 231 2
203 232 10
203 235 6
203 236 3
203 239 1
203 245 10
203 251 10
203 254 9
203 256 3
203 259 6
203 260 4
203 265 8
203 266 1
203 267 4
203 277 4
203 281 1
203 283 6
203 285 1
203 287 4
203 290 9
203 293 5
203 294 3
203 295 10
203 297 4
203 300 1
203 302 4
203 303 10
203 305 1
203 307 3
203 308 3
203 309 5
203 314 2
203 316 10
203 318 2
203 320 5
203 321 9
203 322 10
203 325 6
203 326 10
203 327 7
203 328 7
203 331 10
203 336 2
203 344 4
203 345 9
203 346 5
203 349 7
203 352 6
203 353 3
203 357 5
203 361 1
203 362 2
203 363 8
203 365 10
203 366 3
203 371 4
203 372 7
203 373 6
203 375 8
203 384 9
203 385 1
203 390 10
203 393 9
203 395 9
203 397 2
203 399 8
203 400 7
203 402 9
203 405 1
203 406 3
203 408 2
203 411 3
203 412 1
203 413 2
203 415 8
203 416 4
203 417 8
203 420 9
203 421 5
203 424 10
203 425 6
203 427 7
203 428 1
203 429 1
203 430 3
203 431 8
203 432 5
203 433 2
203 435 2
203 440 10
203 441 5
203 442 8
203 443 4
203 444 2
203 446 10
203 451 2
203 452 3
203 453 3
203 454 4
203 459 1
203 460 9
203 461 2
203 464 3
203 466 7
203 467 3
203 469 5
203 473 8
203 475 1
203 477 8
203 479 7
203 480 5
203 482 4
203 483 10
203 485 4
203 487 7
203 491 4
203 492 4
203 493 5
203 495 3
203 497 7
204 206 7
204 211 1
204 212 10
204 213 1
204 218 9
204 221 1
204 225 5
204 226 9
204 227 7
204 229 7
204 231 10
204 232 1
204 234 5
204 237 5
204 239 8
204 241 7
204 242 10
204 244 5
204 245 1
204 246 3
204 247 8
204 249 3
204 253 1
204 256 6
204 261 10
204 262 5
204 264 1
204 268 8
204 274 5
204 277 7
204 278 1
204 279 6
204 280 8
204 281 1
204 285 1
204 287 4
204 289 5
204 291 6
204 295 5
204 300 6
204 302 10
204 304 2
204 306 6
204 307 7
204 308 3
204 310 10
204 311 2
204 318 6
204 322 6
204 326 3
204 327 3
204 329 7
204 333 6
204 336 9
204 340 7
204 345 10
204 347 8
204 348 4
204 349 1
204 350 2
204 351 3
204 352 5
204 353 10
204 355 9
204 356 1
204 357 10
204 359 7
204 361 8
204 364 5
204 365 1
204 367 7
204 368 4
204 370 3
204 371 7
204 376 6
204 379 10
204 382 1
204 385 6
204 387 4
204 389 6
204 390 10
204 397 7
204 401 10
204 404 4
204 405 8
204 406 8
204 409 7
204 410 3
204 412 7
204 416 7
204 418 8
204 419 7
204 424 9
204 425 1
204 427 9
204 428 10
204 429 10
204 431 10
204 433 5
204 440 9
204 442 8
204 443 5
204 445 4
204 446 2
204 447 4
204 450 2
204 454 6
204 456 3
204 460 8
204 461 10
204 462 10
204 464 4
204 465 3
204 466 7
204 468 8
204 471 9
204 473 8
204 476 9
204 479 9
204 481 4
204 482 7
204 484 1
204 486 1
204 487 3
204 491 7
204 495 7
204 497 5
204 498 6
204 499 5
205 210 5
205 211 7
205 212 9
205 213 5
205 214 10
205 216 6
205 217 2
205 219 10
205 220 10
205 223 9
205 224 3
205 231 10
205 232 10
205 240 8
205 243 2
205 245 10
205 248 1
205 250 7
205 251 8
205 252 8
205 253 8
205 254 9
205 257 7
205 258 4
205 259 10
205 260 5
205 261 5
205 264 10
205 270 8
205 273 7
205 274 1
205 277 5
205 278 2
205 279 6
205 284 4
205 285 2
205 287 8
205 288 5
205 291 3
205 293 7
205 295 10
205 296 3
205 297 5
205 298 1
205 300 1
205 304 7
205 306 2
205 307 8
205 311 6
205 312 3
205 313 7
205 318 3
205 319 6
205 322 4
205 323 10
205 324 1
205 331 5
205 335 7
205 336 6
205 337 10
205 340 6
205 341 1
205 342 9
205 344 3
205 347 8
205 349 8
205 350 9
205 351 7
205 356 5
205 357 9
205 358 9
205 359 8
205 361 8
205 362 6
205 364 9
205 365 8
205 367 10
205 368 7
205 370 10
205 372 6
205 373 6
205 374 5
205 377 6
205 379 8
205 381 4
205 385 9
205 386 5
205 388 6
205 389 8
205 390 10
205 393 6
205 396 10
205 397 8
205 401 3
205 403 8
205 408 8
205 410 2
205 414 5
205 415 2
205 418 2
205 419 10
205 420 10
205 421 3
205 422 3
205 423 10
205 424 9
205 426 2
205 427 4
205 428 7
205 430 10
205 433 3
205 438 1
205 439 4
205 441 2
205 448 8
205 449 7
205 453 8
205 454 5
205 455 3
205 457 4
205 458 2
205 460 6
205 462 6
205 463 9
205 464 5
205 467 10
205 468 10
205 469 10
205 471 10
205 472 4
205 473 7
205 475 9
205 476 9
205 477 8
205 479 6
205 483 9
205 486 7
205 488 4
205 491 8
205 492 4
205 494 9
205 495 1
205 496 8
205 498 1
206 207 8
206 209 2
206 212 6
206 219 10
206 222 2
206 223 1
206 225 3
206 226 6
206 229 5
206 230 5
206 232 6
206 234 7
206 236 8
206 237 10
206 238 9
206 239 7
206 241 10
206 242 8
206 243 9
206 245 5
206 246 7
206 248 10
206 249 8
206 251 5
206 253 7
206 260 4
206 261 1
206 265 10
206 268 5
206 272 5
206 273 5
206 274 4
206 275 3
206 278 2
206 280 7
206 284 1
206 285 4
206 286 8
206 291 6
206 293 6
206 296 9
206 297 9
206 299 9
206 300 9
206 302 10
206 305 6
206 307 9
206 318 6
206 319 6
206 320 8
206 323 7
206 324 8
206 327 10
206 328 3
206 329 3
206 331 10
206 334 3
206 335 9
206 337 7
206 341 6
206 348 1
206 349 3
206 350 4
206 353 6
206 356 8
206 359 3
206 360 9
206 364 2
206 365 6
206 366 10
206 367 2
206 368 9
206 369 1
206 372 8
206 375 5
206 376 9
206 381 4
206 382 10
206 384 8
206 386 7
206 387 2
206 391 3
206 393 10
206 395 3
206 401 5
206 402 7
206 404 7
206 405 6
206 407 6
206 408 5
206 413 8
206 414 2
206 417 5
206 419 8
206 422 3
206 423 8
206 424 9
206 425 4
206 426 4
206 427 10
206 429 3
206 432 10
206 433 8
206 435 5
206 436 5
206 438 5
206 440 8
206 442 8
206 444 3
206 445 6
206 446 8
206 447 10
206 449 3
206 450 5
206 452 8
206 453 2
206 454 10
206 455 4
206 456 10
206 457 7
206 458 2
206 459 4
206 460 7
206 463 6
206 466 10
206 470 9
206 473 4
206 475 4
206 476 10
206 482 10
206 483 10
206 484 8
206 485 3
206 488 3
206 490 5
206 491 5
206 492 1
206 494 2
206 495 9
206 497 10
206 499 7
207 209 10
207 212 3
207 213 5
207 214 5
207 216 10
207 219 9
207 220 8
207 221 4
207 222 10
207 224 9
207 232 9
207 236 10
207 238 7
207 239 2
207 241 7
207 243 9
207 249 9
207 250 9
207 254 9
207 257 6
207 258 2
207 259 3
207 262 10
207 264 1
207 265 8
207 268 2
207 269 1
207 271 3
207 272 1
207 273 4
207 276 7
207 278 3
207 280 9
207 281 7
207 282 8
207 284 7
207 285 3
207 287 8
207 290 1
207 293 8
207 294 3
207 299 10
207 300 5
207 303 9
207 304 8
207 305 6
207 307 5
207 310 5
207 312 3
207 313 3
207 317 5
207 318 4
207 319 1
207 320 8
207 321 2
207 324 1
207 326 6
207 328 10
207 333 2
207 334 5
207 335 5
207 336 7
207 337 10
207 340 1
207 341 6
207 344 10
207 346 4
207 347 6
207 348 8
207 349 5
207 352 1
207 354 8
207 356 6
207 358 9
207 361 1
207 362 3
207 364 8
207 366 7
207 371 3
207 373 5
207 374 9
207 375 9
207 377 3
207 378 9
207 383 4
207 385 7
207 386 7
207 387 1
207 395 10
207 397 4
207 399 8
207 402 10
207 404 10
207 405 8
207 407 2
207 408 2
207 410 7
207 415 3
207 418 9
207 420 5
207 422 5
207 424 1
207 428 3
207 430 1
207 432 6
207 435 9
207 436 1
207 437 9
207 438 2
207 440 2
207 441 8
207 442 6
207 447 3
207 448 1
207 449 10
207 450 1
207 451 3
207 453 10
207 454 5
207 456 3
207 459 8
207 463 3
207 464 10
207 468 4
207 469 10
207 471 8
207 472 9
207 473 2
207 476 9
207 480 2
207 481 10
207 483 7
207 484 8
207 485 5
207 487 4
207 488 7
207 493 5
207 494 4
208 210 9
208 211 1
208 221 9
208 222 10
208 225 10
208 229 3
208 231 5
208 232 5
208 233 9
208 237 9
208 238 4
208 239 10
208 240 10
208 243 8
208 252 2
208 254 5
208 256 3
208 257 4
208 260 3
208 261 7
208 262 1
208 263 3
208 268 9
208 270 9
208 271 8
208 272 9
208 275 8
208 283 6
208 286 2
208 287 6
208 288 2
208 291 3
208 294 10
208 296 6
208 299 7
208 301 3
208 304 3
208 308 9
208 309 1
208 312 9
208 313 3
208 316 4
208 318 2
208 320 1
208 322 7
208 325 5
208 328 5
208 330 2
208 331 6
208 334 3
208 336 10
208 337 10
208 338 10
208 341 7
208 342 1
208 343 7
208 344 2
208 347 5
208 350 6
208 351 5
208 357 7
208 359 5
208 362 1
208 364 6
208 365 10
208 366 1
208 367 5
208 369 4
208 370 6
208 372 3
208 373 9
208 374 6
208 376 4
208 377 4
208 380 4
208 381 5
208 388 2
208 389 10
208 390 6
208 392 3
208 393 10
208 396 2
208 397 1
208 398 4
208 399 7
208 401 6
208 402 1
208 403 1
208 409 1
208 410 6
208 413 5
208 420 6
208 421 5
208 422 6
208 424 1
208 425 1
208 426 1
208 431 9
208 433 2
208 438 4
208 439 1
208 440 9
208 443 7
208 446 6
208 447 6
208 448 2
208 449 8
208 450 8
208 453 3
208 455 3
208 456 4
208 459 7
208 461 3
208 463 3
208 467 5
208 470 10
208 471 4
208 475 5
208 476 5
208 477 2
208 478 7
208 479 3
208 482 8
208 483 4
208 484 3
208 485 6
208 486 9
208 488 1
208 489 4
208 496 1
208 497 7
208 498 10
208 499 3
209 213 8
209 214 1
209 218 3
209 220 4
209 225 3
209 234 7
209 236 4
209 238 8
209 244 9
209 245 7
209 248 3
209 249 1
209 250 7
209 251 2
209 253 10
209 255 2
209 256 4
209 257 2
209 258 2
209 259 6
209 262 8
209 265 3
209 266 4
209 268 7
209 269 7
209 275 4
209 277 2
209 278 10
209 280 5
209 282 7
209 283 7
209 284 3
209 287 7
209 291 8
209 294 4
209 298 2
209 299 1
209 300 2
209 302 4
209 306 7
209 308 6
209 310 2
209 312 5
209 314 7
209 316 5
209 317 4
209 319 9
209 321 7
209 323 9
209 326 4
209 328 3
209 330 5
209 333 7
209 334 5
209 338 1
209 340 9
209 341 5
209 344 1
209 347 5
209 348 10
209 350 3
209 352 8
209 354 5
209 356 5
209 357 4
209 360 2
209 363 6
209 364 2
209 366 6
209 369 5
209 370 8
209 373 10
209 374 8
209 376 6
209 379 7
209 380 3
209 383 8
209 386 3
209 387 3
209 393 4
209 396 1
209 397 6
209 405 9
209 406 7
209 409 9
209 410 6
209 411 8
209 419 8
209 420 8
209 421 9
209 423 3
209 425 5
209 426 7
209 429 4
209 430 1
209 434 9
209 436 6
209 441 4
209 442 2
209 444 10
209 446 2
209 447 4
209 448 8
209 451 7
209 452 5
209 453 2
209 457 5
209 458 2
209 459 4
209 461 8
209 463 8
209 464 1
209 465 10
209 466 6
209 467 6
209 469 8
209 471 2
209 473 8
209 476 1
209 478 10
209 479 3
209 485 10
209 486 10
209 488 5
209 489 3
209 490 2
209 491 1
209 493 8
209 495 9
209 496 10
209 498 8
209 499 5
210 212 8
210 213 1
210 214 5
210 219 2
210 222 8
210 223 10
210 224 6
210 229 3
210 230 8
210 232 7
210 234 7
210 236 2
210 237 2
210 238 7
210 242 4
210 243 2
210 247 4
210 249 8
210 250 8
210 253 5
210 254 8
210 256 9
210 257 5
210 258 6
210 260 10
210 262 2
210 263 3
210 266 10
210 267 8
210 269 1
210 275 10
210 278 3
210 281 8
210 282 9
210 287 2
210 289 10
210 290 4
210 291 10
210 292 2
210 293 5
210 294 7
210 295 2
210 299 5
210 300 10
210 301 1
210 305 10
210 309 1
210 311 10
210 312 7
210 313 10
210 316 7
210 319 2
210 322 4
210 323 1
210 324 8
210 326 6
210 327 9
210 328 6
210 332 3
210 335 4
210 336 3
210 342 10
210 345 4
210 347 5
210 348 3
210 353 4
210 355 5
210 356 2
210 357 2
210 358 9
210 359 8
210 360 2
210 363 10
210 364 7
210 366 5
210 367 10
210 370 9
210 371 2
210 372 2
210 374 7
210 376 7
210 377 2
210 385 3
210 386 6
210 389 6
210 391 7
210 393 9
210 395 7
210 396 7
210 397 1
210 401 8
210 406 6
210 407 10
210 408 1
210 410 7
210 412 1
210 416 2
210 419 10
210 422 9
210 423 8
210 425 2
210 426 2
210 430 9
210 436 6
210 438 5
210 439 7
210 440 2
210 443 8
210 448 5
210 450 10
210 451 6
210 452 5
210 457 8
210 461 6
210 464 5
210 466 5
210 467 1
210 468 5
210 469 2
210 470 8
210 473 7
210 474 3
210 475 1
210 477 9
210 480 7
210 483 1
210 486 6
210 489 5
210 491 8
210 493 2
210 498 6
210 499 4
211 212 8
211 213 6
211 215 10
211 217 8
211 218 9
211 219 9
211 223 2
211 224 7
211 226 6
211 228 4
211 231 1
211 235 9
211 236 3
211 239 3
211 240 1
211 241 1
211 242 2
211 243 10
211 244 1
211 247 10
211 248 4
211 249 10
211 252 4
211 254 4
211 258 1
211 260 8
211 262 2
211 263 3
211 264 4
211 266 4
211 267 7
211 268 6
211 269 7
211 270 7
211 275 1
211 276 8
211 277 10
211 279 7
211 283 10
211 284 10
211 285 3
211 286 3
211 287 1
211 288 4
211 292 7
211 294 2
211 295 8
211 298 9
211 299 8
211 300 2
211 301 3
211 302 4
211 306 10
211 307 5
211 308 3
211 309 5
211 311 5
211 312 9
211 314 4
211 315 2
211 317 9
211 319 9
211 320 4
211 322 7
211 324 7
211 325 6
211 326 7
211 329 2
211 330 7
211 331 5
211 335 2
211 336 1
211 337 10
211 338 5
211 341 10
211 342 7
211 344 7
211 348 6
211 349 9
211 350 1
211 351 1
211 352 5
211 353 3
211 354 10
211 355 9
211 358 1
211 359 9
211 362 2
211 364 3
211 365 3
211 366 4
211 367 2
211 369 9
211 372 9
211 373 9
211 374 7
211 375 7
211 376 5
211 377 5
211 379 3
211 380 7
211 381 10
211 384 5
211 385 1
211 387 7
211 389 8
211 390 8
211 392 5
211 395 6
211 396 6
211 397 7
211 398 10
211 400 9
211 405 2
211 408 10
211 409 10
211 410 9
211 411 3
211 412 9
211 413 5
211 414 9
211 415 1
211 422 2
211 424 8
211 426 4
211 429 6
211 430 6
211 431 7
211 432 4
211 433 2
211 435 6
211 440 9
211 442 10
211 445 6
211 447 2
211 448 6
211 450 10
211 452 10
211 454 3
211 456 8
211 459 4
211 461 5
211 462 6
211 463 8
211 464 9
211 465 8
211 466 4
211 468 1
211 469 8
211 470 7
211 471 9
211 472 4
211 474 4
211 476 2
211 477 10
211 478 10
211 482 10
211 483 9
211 484 5
211 485 4
211 489 8
211 490 1
211 491 5
211 493 3
211 494 10
211 497 6
211 498 9
211 499 5
212 217 5
212 223 3
212 225 3
212 226 5
212 227 9
212 229 5
212 230 9
212 232 4
212 236 3
212 240 3
212 241 9
212 242 5
212 243 3
212 244 6
212 245 8
212 247 10
212 252 5
212 253 7
212 254 10
212 255 2
212 256 7
212 257 7
212 258 1
212 260 4
212 261 7
212 262 7
212 263 4
212 267 2
212 268 6
212 271 2
212 282 10
212 288 1
212 289 9
212 290 6
212 291 4
212 292 3
212 293 5
212 294 8
212 295 6
212 296 5
212 301 9
212 302 2
212 306 4
212 307 10
212 308 2
212 310 3
212 312 3
212 319 3
212 320 2
212 322 4
212 324 5
212 331 1
212 334 10
212 340 7
212 343 2
212 345 6
212 346 8
212 347 3
212 349 5
212 351 7
212 353 6
212 355 4
212 357 6
212 358 6
212 359 7
212 360 6
212 362 9
212 369 10
212 371 9
212 372 3
212 375 8
212 376 4
212 377 3
212 379 9
212 380 8
212 381 2
212 382 5
212 383 9
212 384 1
212 387 5
212 391 10
212 392 2
212 393 8
212 394 1
212 398 3
212 399 2
212 400 1
212 402 10
212 406 7
212 407 10
212 410 9
212 411 8
212 412 1
212 413 4
212 414 9
212 416 5
212 418 5
212 421 8
212 422 4
212 426 5
212 427 2
212 432 8
212 433 5
212 438 3
212 440 8
212 442 4
212 443 1
212 448 3
212 449 2
212 457 2
212 459 2
212 461 10
212 462 1
212 463 1
212 464 7
212 465 10
212 471 8
212 474 7
212 477 4
212 482 8
212 484 10
212 485 8
212 488 5
212 489 9
212 492 5
212 496 1
212 498 9
212 499 9
213 214 10
213 215 1
213 220 8
213 221 9
213 222 1
213 224 2
213 226 5
213 228 4
213 229 10
213 232 8
213 238 2
213 239 9
213 243 5
213 244 3
213 246 6
213 250 10
213 251 3
213 252 1
213 253 2
213 255 7
213 256 2
213 257 10
213 258 2
213 259 8
213 263 10
213 265 10
213 266 8
213 267 8
213 270 10
213 272 7
213 273 10
213 275 7
213 280 2
213 283 8
213 286 1
213 288 10
213 290 4
213 294 7
213 295 10
213 297 9
213 298 10
213 300 2
213 301 3
213 302 2
213 305 6
213 306 7
213 309 1
213 311 6
213 312 8
213 316 7
213 317 10
213 318 8
213 319 10
213 321 4
213 323 7
213 325 9
213 327 2
213 328 6
213 330 1
213 332 4
213 334 8
213 339 7
213 342 6
213 343 6
213 344 1
213 347 3
213 348 5
213 350 10
213 351 7
213 356 6
213 358 8
213 360 6
213 364 7
213 365 7
213 367 1
213 368 3
213 369 7
213 370 7
213 371 1
213 372 5
213 373 1
213 376 10
213 380 9
213 381 5
213 384 7
213 388 4
213 391 4
213 392 2
213 394 10
213 395 8
213 398 9
213 400 8
213 401 9
213 402 1
213 405 5
213 406 1
213 407 4
213 409 8
213 411 6
213 412 4
213 413 3
213 415 10
213 417 10
213 419 5
213 421 1
213 422 5
213 423 8
213 425 8
213 426 2
213 431 1
213 432 6
213 438 2
213 441 2
213 442 4
213 444 7
213 445 4
213 446 6
213 448 3
213 450 10
213 451 8
213 452 1
213 453 2
213 454 1
213 455 9
213 457 5
213 459 6
213 461 4
213 462 8
213 464 9
213 466 5
213 470 7
213 473 3
213 474 6
213 475 8
213 477 3
213 478 5
213 479 5
213 480 10
213 481 1
213 482 3
213 483 4
213 485 10
213 486 8
213 488 9
213 489 5
213 490 9
213 491 3
213 493 8
213 494 6
213 496 2
213 499 1
214 216 7
214 219 8
214 224 4
214 225 9
214 230 6
214 232 9
214 233 5
214 234 10
214 235 2
214 236 6
214 237 1
214 238 8
214 245 1
214 246 3
214 247 7
214 249 5
214 251 1
214 259 6
214 260 8
214 261 4
214 262 4
214 264 8
214 267 8
214 268 9
214 271 1
214 272 8
214 274 7
214 275 3
214 276 4
214 277 8
214 278 7
214 280 6
214 281 10
214 284 5
214 286 10
214 289 2
214 290 3
214 293 9
214 294 4
214 295 5
214 296 6
214 298 7
214 299 9
214 300 2
214 302 3
214 306 7
214 308 4
214 309 4
214 311 4
214 312 9
214 315 7
214 318 5
214 319 8
214 322 2
214 323 9
214 325 8
214 327 8
214 329 3
214 330 6
214 331 1
214 332 7
214 333 7
214 334 7
214 335 9
214 336 10
214 337 7
214 343 7
214 344 6
214 345 1
214 346 5
214 347 3
214 348 8
214 349 5
214 350 8
214 354 1
214 355 2
214 356 2
214 358 9
214 359 4
214 362 1
214 365 2
214 366 9
214 367 7
214 369 3
214 371 8
214 372 4
214 377 1
214 379 9
214 381 3
214 382 3
214 385 2
214 386 2
214 388 4
214 389 5
214 390 5
214 392 4
214 394 3
214 395 7
214 397 7
214 398 7
214 399 8
214 401 8
214 406 3
214 408 5
214 409 4
214 411 2
214 412 6
214 414 8
214 415 1
214 417 7
214 418 1
214 419 9
214 420 10
214 423 6
214 425 9
214 429 4
214 430 9
214 434 3
214 435 5
214 436 6
214 438 4
214 440 1
214 443 10
214 445 1
214 448 5
214 451 7
214 453 1
214 454 9
214 455 3
214 456 5
214 457 5
214 458 4
214 459 3
214 462 4
214 464 1
214 465 4
214 469 9
214 471 3
214 472 6
214 473 8
214 474 1
214 475 6
214 476 7
214 478 10
214 479 10
214 480 4
214 482 4
214 483 1
214 484 10
214 485 5
214 487 8
214 488 6
214 490 3
214 491 5
214 496 3
214 497 5
214 498 10
214 499 10
215 216 3
215 217 9
215 219 5
215 221 3
215 222 7
215 226 7
215 227 2
215 229 3
215 230 5
215 234 9
215 236 4
215 237 5
215 238 3
215 239 1
215 241 3
215 243 6
215 244 1
215 245 5
215 246 4
215 248 4
215 249 4
215 251 9
215 252 9
215 255 6
215 259 3
215 264 4
215 268 2
215 269 5
215 270 6
215 271 2
215 272 3
215 275 9
215 276 6
215 278 7
215 280 6
215 286 2
215 287 2
215 288 6
215 289 7
215 290 6
215 292 6
215 293 3
215 295 2
215 301 8
215 303 8
215 304 2
215 305 8
215 306 6
215 308 5
215 309 2
215 310 1
215 311 7
215 312 10
215 314 8
215 322 5
215 323 2
215 326 3
215 327 7
215 328 9
215 331 3
215 333 7
215 336 1
215 338 8
215 343 8
215 347 4
215 349 9
215 351 10
215 352 5
215 353 4
215 354 2
215 361 4
215 362 1
215 365 9
215 366 6
215 367 5
215 369 2
215 370 10
215 371 6
215 372 6
215 373 7
215 375 6
215 377 8
215 384 3
215 385 9
215 386 10
215 388 9
215 390 2
215 391 6
215 392 2
215 394 7
215 395 9
215 397 7
215 400 7
215 404 3
215 405 9
215 406 3
215 407 2
215 409 4
215 410 2
215 412 5
215 415 1
215 416 4
215 419 5
215 421 10
215 422 2
215 424 6
215 427 4
215 428 3
215 431 10
215 433 10
215 434 8
215 436 1
215 438 6
215 444 7
215 446 7
215 447 10
215 450 1
215 453 8
215 454 7
215 456 4
215 458 7
215 459 7
215 461 6
215 465 2
215 466 2
215 468 7
215 469 4
215 473 2
215 477 1
215 479 6
215 482 6
215 486 2
215 487 1
215 488 5
215 489 6
215 491 7
215 492 5
215 493 3
215 495 7
215 496 7
215 497 3
215 498 3
216 218 7
216 219 10
216 221 5
216 226 4
216 227 6
216 229 4
216 232 8
216 233 8
216 238 5
216 240 8
216 241 9
216 242 5
216 243 10
216 245 10
216 246 5
216 247 7
216 248 10
216 249 6
216 252 8
216 253 7
216 256 10
216 258 7
216 259 8
216 260 1
216 261 7
216 262 10
216 263 6
216 264 7
216 266 9
216 269 6
216 270 2
216 272 3
216 276 10
216 279 10
216 281 10
216 283 9
216 284 6
216 285 5
216 286 8
216 288 8
216 290 5
216 291 4
216 296 10
216 297 6
216 300 8
216 302 5
216 307 2
216 311 5
216 313 5
216 315 4
216 316 7
216 317 8
216 318 2
216 320 4
216 321 4
216 325 3
216 326 7
216 328 6
216 329 2
216 330 10
216 331 4
216 333 6
216 335 3
216 339 2
216 340 2
216 341 9
216 344 2
216 345 8
216 348 5
216 349 10
216 350 3
216 353 5
216 355 9
216 357 3
216 361 4
216 363 6
216 366 10
216 369 2
216 371 6
216 378 2
216 380 6
216 381 7
216 382 8
216 383 5
216 385 8
216 390 3
216 392 5
216 393 2
216 395 8
216 398 7
216 401 10
216 402 8
216 405 10
216 407 5
216 409 5
216 410 1
216 414 1
216 416 5
216 419 10
216 421 1
216 423 9
216 424 6
216 427 5
216 430 8
216 432 7
216 434 4
216 438 3
216 443 4
216 444 4
216 445 9
216 446 1
216 447 4
216 448 1
216 449 1
216 450 1
216 452 7
216 455 4
216 456 2
216 457 10
216 460 8
216 461 3
216 463 10
216 464 3
216 471 6
216 472 10
216 473 4
216 474 2
216 476 8
216 478 5
216 479 8
216 482 5
216 483 3
216 485 8
216 486 4
216 487 2
216 489 1
216 491 2
216 494 8
216 496 9
216 497 1
216 499 6
217 219 7
217 220 8
217 221 9
217 226 7
217 227 10
217 229 1
217 231 6
217 233 1
217 235 6
217 236 8
217 237 7
217 238 8
217 240 1
217 241 7
217 242 10
217 243 9
217 244 5
217 245 2
217 246 6
217 247 6
217 249 9
217 257 5
217 259 6
217 262 3
217 263 9
217 264 5
217 265 3
217 266 4
217 268 8
217 270 4
217 271 4
217 273 3
217 274 1
217 275 1
217 278 5
217 279 6
217 280 2
217 284 5
217 288 7
217 293 1
217 294 2
217 296 7
217 297 4
217 298 6
217 299 5
217 301 2
217 302 3
217 303 3
217 306 10
217 308 5
217 309 5
217 310 9
217 311 6
217 316 9
217 317 8
217 319 3
217 326 4
217 327 7
217 328 1
217 333 9
217 336 9
217 337 5
217 340 9
217 341 8
217 342 10
217 343 1
217 345 2
217 347 4
217 348 8
217 349 2
217 350 6
217 352 3
217 353 1
217 354 3
217 355 9
217 357 2
217 362 1
217 364 4
217 365 9
217 366 9
217 367 9
217 368 7
217 370 4
217 376 8
217 383 3
217 384 2
217 385 8
217 389 10
217 391 7
217 393 6
217 394 10
217 395 10
217 397 10
217 399 10
217 400 3
217 401 2
217 402 10
217 403 9
217 404 4
217 405 5
217 406 4
217 407 2
217 408 10
217 410 9
217 411 10
217 412 1
217 413 3
217 414 2
217 419 2
217 421 9
217 422 8
217 423 10
217 426 8
217 427 3
217 429 4
217 430 3
217 432 8
217 434 1
217 435 3
217 436 8
217 446 6
217 448 4
217 449 1
217 451 1
217 452 1
217 453 5
217 461 7
217 463 6
217 465 8
217 466 4
217 467 10
217 469 4
217 471 7
217 474 2
217 475 5
217 476 9
217 480 9
217 482 1
217 486 3
217 487 1
217 488 7
217 491 4
217 492 3
217 495 3
217 496 8
217 497 8
217 499 7
218 219 5
218 222 8
218 229 8
218 230 9
218 232 10
218 233 5
218 236 9
218 238 5
218 241 9
218 242 8
218 245 9
218 246 9
218 248 7
218 251 9
218 254 10
218 258 6
218 259 1
218 262 1
218 264 8
218 265 2
218 267 8
218 270 5
218 271 4
218 272 8
218 273 9
218 279 7
218 280 10
218 283 6
218 286 5
218 287 10
218 288 4
218 289 9
218 291 4
218 292 8
218 295 1
218 299 4
218 300 1
218 304 7
218 305 2
218 306 7
218 307 9
218 311 3
218 312 8
218 313 1
218 316 1
218 319 7
218 323 1
218 325 5
218 328 6
218 329 9
218 330 9
218 331 5
218 334 1
218 335 10
218 336 3
218 338 5
218 340 5
218 343 5
218 344 5
218 345 2
218 346 8
218 347 9
218 351 3
218 352 10
218 353 10
218 357 4
218 359 1
218 362 5
218 364 6
218 365 6
218 366 9
218 370 9
218 372 9
218 373 1
218 375 2
218 378 10
218 379 4
218 381 10
218 383 3
218 385 10
218 388 7
218 390 8
218 391 4
218 392 8
218 395 3
218 396 3
218 397 3
218 400 10
218 403 8
218 407 3
218 408 9
218 417 7
218 418 9
218 419 3
218 422 7
218 424 8
218 425 3
218 427 10
218 428 4
218 430 8
218 431 3
218 432 8
218 436 9
218 437 8
218 438 9
218 440 2
218 444 8
218 445 5
218 450 3
218 453 2
218 455 7
218 456 2
218 457 4
218 458 10
218 459 10
218 460 5
218 464 2
218 465 5
218 466 7
218 471 7
218 472 3
218 474 2
218 478 3
218 479 7
218 480 3
218 481 9
218 482 10
218 483 10
218 486 6
218 487 2
218 488 7
218 490 1
218 491 10
218 492 3
218 495 3
218 497 7
218 498 1
219 221 5
219 222 8
219 224 8
219 228 3
219 230 10
219 231 4
219 232 1
219 234 4
219 237 10
219 238 8
219 240 10
219 241 9
219 242 2
219 243 10
219 249 3
219 260 1
219 264 7
219 265 8
219 267 10
219 270 7
219 271 5
219 272 5
219 273 7
219 276 7
219 277 9
219 281 1
219 283 9
219 286 4
219 287 6
219 288 10
219 289 4
219 291 9
219 293 9
219 295 1
219 296 2
219 297 4
219 298 2
219 301 6
219 303 5
219 304 6
219 305 1
219 310 8
219 312 1
219 313 7
219 317 1
219 318 7
219 319 7
219 321 9
219 322 9
219 323 7
219 324 3
219 325 2
219 326 4
219 333 10
219 335 3
219 336 9
219 337 2
219 338 5
219 339 7
219 340 9
219 341 7
219 342 3
219 343 2
219 344 9
219 346 7
219 347 3
219 349 5
219 350 8
219 351 7
219 354 8
219 356 10
219 358 9
219 359 3
219 360 1
219 361 2
219 362 8
219 365 9
219 367 9
219 370 10
219 371 3
219 372 7
219 376 5
219 382 9
219 383 7
219 384 10
219 387 8
219 389 9
219 394 7
219 396 6
219 400 7
219 401 1
219 404 1
219 409 9
219 411 4
219 412 7
219 416 3
219 417 2
219 420 9
219 422 1
219 424 9
219 425 7
219 431 7
219 432 8
219 434 10
219 437 9
219 438 8
219 439 2
219 440 5
219 442 7
219 443 3
219 444 5
219 445 2
219 446 1
219 448 1
219 449 4
219 452 5
219 454 9
219 456 9
219 459 8
219 460 10
219 462 5
219 466 5
219 469 6
219 472 1
219 473 7
219 475 4
219 477 8
219 478 1
219 480 10
219 481 8
219 484 6
219 485 2
219 486 10
219 487 4
219 491 5
219 497 5
219 498 2
219 499 9
220 221 7
220 224 10
220 226 2
220 228 5
220 235 6
220 239 10
220 241 5
220 244 9
220 246 2
220 247 3
220 248 1
220 251 5
220 254 5
220 257 6
220 262 8
220 263 9
220 264 6
220 268 7
220 269 6
220 270 5
220 271 3
220 273 9
220 275 3
220 281 3
220 282 6
220 286 5
220 287 5
220 288 8
220 289 5
220 293 1
220 296 6
220 297 8
220 298 10
220 303 1
220 304 6
220 307 9
220 311 2
220 313 2
220 315 4
220 316 6
220 318 6
220 320 7
220 321 5
220 324 10
220 327 1
220 328 6
220 330 9
220 331 3
220 332 5
220 333 6
220 334 10
220 339 5
220 340 3
220 341 9
220 343 8
220 344 2
220 345 2
220 348 4
220 350 10
220 351 9
220 353 4
220 354 4
220 358 7
220 362 8
220 363 9
220 364 7
220 365 9
220 367 1
220 371 2
220 372 6
220 373 6
220 374 5
220 375 10
220 376 4
220 378 9
220 381 7
220 384 9
220 389 1
220 390 6
220 391 2
220 393 5
220 395 2
220 396 10
220 398 9
220 400 6
220 401 2
220 402 3
220 403 10
220 404 9
220 405 10
220 406 10
220 407 4
220 409 7
220 410 8
220 411 2
220 412 6
220 418 8
220 419 5
220 420 7
220 423 5
220 427 5
220 428 4
220 431 6
220 432 4
220 436 7
220 438 1
220 439 10
220 441 10
220 444 9
220 445 1
220 446 4
220 447 1
220 448 8
220 450 4
220 451 8
220 454 3
220 462 4
220 463 8
220 466 8
220 467 7
220 469 3
220 470 5
220 473 5
220 474 5
220 475 4
220 476 4
220 477 9
220 478 4
220 479 4
220 481 5
220 483 10
220 484 6
220 485 2
220 486 4
220 487 2
220 489 3
220 491 2
220 493 2
220 494 7
220 495 3
220 499 5
221 223 2
221 224 1
221 225 3
221 227 2
221 230 4
221 232 9
221 234 5
221 236 2
221 238 9
221 239 4
221 241 1
221 244 10
221 245 10
221 246 7
221 251 1
221 254 10
221 255 2
221 256 7
221 258 4
221 259 5
221 260 2
221 262 2
221 263 10
221 265 2
221 267 2
221 269 7
221 271 9
221 273 5
221 276 2
221 279 9
221 281 5
221 283 4
221 284 1
221 286 10
221 287 4
221 289 8
221 293 9
221 296 7
221 298 7
221 300 10
221 301 2
221 302 2
221 306 5
221 307 2
221 309 10
221 312 8
221 313 6
221 316 7
221 318 7
221 319 6
221 320 3
221 323 7
221 324 3
221 327 6
221 328 7
221 330 7
221 331 10
221 332 7
221 334 2
221 336 4
221 337 5
221 338 2
221 339 7
221 340 2
221 342 3
221 343 1
221 345 9
221 346 6
221 351 9
221 352 3
221 354 3
221 355 2
221 356 7
221 357 5
221 359 7
221 360 2
221 361 7
221 362 4
221 364 1
221 366 10
221 369 1
221 371 4
221 372 6
221 374 8
221 375 8
221 378 5
221 381 2
221 386 1
221 387 6
221 393 7
221 397 10
221 400 3
221 401 9
221 402 8
221 403 9
221 405 8
221 408 1
221 409 9
221 410 8
221 415 1
221 416 8
221 417 8
221 420 3
221 421 9
221 426 8
221 428 1
221 430 4
221 431 6
221 434 6
221 439 9
221 440 10
221 443 9
221 447 3
221 448 2
221 450 3
221 451 7
221 452 6
221 454 9
221 455 1
221 456 10
221 457 8
221 458 8
221 460 4
221 461 3
221 463 1
221 464 5
221 465 1
221 466 7
221 467 6
221 468 6
221 469 9
221 470 5
221 471 5
221 473 2
221 474 1
221 476 9
221 477 1
221 478 3
221 479 7
221 480 1
221 481 4
221 483 8
221 489 10
221 490 5
221 493 10
221 494 10
221 495 4
221 496 8
221 497 5
222 223 7
222 227 7
222 230 1
222 231 2
222 233 7
222 236 8
222 240 10
222 242 7
222 244 8
222 247 3
222 249 7
222 253 6
222 255 7
222 258 4
222 267 5
222 268 4
222 269 2
222 273 2
222 276 4
222 277 1
222 278 10
222 284 1
222 286 7
222 288 7
222 289 5
222 291 9
222 293 3
222 294 7
222 296 6
222 298 4
222 299 5
222 300 2
222 301 2
222 302 6
222 303 7
222 306 9
222 308 3
222 309 10
222 311 3
222 312 4
222 314 7
222 317 8
222 321 3
222 322 2
222 323 1
222 324 8
222 325 5
222 328 4
222 329 5
222 332 8
222 333 5
222 334 8
222 337 10
222 338 8
222 339 10
222 340 9
222 342 5
222 343 6
222 346 4
222 347 6
222 350 7
222 351 5
222 352 5
222 354 3
222 355 7
222 356 4
222 357 1
222 358 8
222 361 1
222 364 4
222 367 2
222 375 7
222 377 9
222 378 3
222 379 5
222 380 1
222 381 2
222 382 2
222 384 9
222 386 9
222 387 7
222 388 4
222 392 9
222 395 9
222 396 8
222 397 5
222 400 7
222 401 10
222 402 2
222 403 7
222 404 2
222 405 3
222 407 5
222 408 4
222 409 2
222 410 2
222 412 7
222 413 3
222 414 3
222 415 2
222 426 7
222 429 7
222 431 4
222 432 6
222 433 8
222 435 1
222 437 9
222 438 10
222 439 8
222 444 6
222 445 6
222 447 4
222 452 4
222 453 7
222 454 1
222 455 2
222 457 10
222 458 10
222 459 8
222 463 1
222 464 7
222 465 6
222 468 9
222 469 9
222 470 3
222 471 10
222 472 3
222 475 9
222 477 1
222 481 10
222 485 9
222 486 3
222 489 2
222 491 6
222 493 7
222 495 1
222 496 6
222 497 5
222 498 3
223 227 4
223 228 5
223 230 1
223 233 5
223 234 2
223 235 1
223 241 6
223 243 4
223 244 5
223 245 3
223 247 10
223 248 3
223 250 1
223 256 5
223 257 1
223 259 1
223 260 1
223 264 4
223 265 9
223 266 5
223 268 10
223 269 10
223 272 9
223 278 7
223 280 7
223 281 8
223 286 3
223 287 9
223 288 9
223 289 6
223 292 5
223 293 5
223 297 6
223 300 9
223 301 2
223 304 7
223 307 3
223 309 9
223 310 1
223 314 6
223 316 2
223 318 7
223 319 6
223 320 6
223 322 8
223 323 4
223 325 1
223 327 2
223 329 8
223 335 1
223 336 2
223 338 3
223 340 9
223 344 3
223 346 8
223 347 3
223 350 1
223 352 10
223 353 2
223 357 8
223 359 8
223 361 9
223 363 9
223 364 5
223 368 10
223 371 7
223 373 5
223 374 6
223 375 1
223 376 6
223 380 3
223 383 4
223 384 1
223 386 7
223 388 4
223 389 1
223 391 4
223 392 1
223 393 8
223 394 8
223 396 9
223 401 5
223 406 7
223 407 2
223 410 2
223 411 2
223 413 2
223 415 7
223 416 6
223 417 6
223 419 1
223 421 3
223 422 4
223 423 8
223 425 10
223 426 4
223 427 3
223 434 10
223 437 2
223 438 4
223 441 3
223 443 1
223 444 2
223 445 3
223 451 9
223 452 6
223 453 9
223 454 7
223 457 3
223 459 1
223 460 8
223 461 2
223 464 4
223 467 3
223 468 4
223 469 8
223 473 9
223 474 8
223 475 10
223 476 10
223 479 10
223 483 3
223 485 8
223 488 2
223 490 6
223 492 1
223 493 8
223 494 4
223 497 5
223 498 6
224 225 6
224 227 1
224 228 8
224 229 6
224 231 1
224 233 3
224 234 4
224 235 1
224 237 9
224 238 1
224 239 1
224 240 10
224 242 6
224 244 4
224 245 5
224 247 3
224 248 3
224 250 8
224 251 8
224 252 10
224 254 1
224 256 7
224 257 4
224 258 7
224 260 7
224 262 8
224 263 5
224 264 5
224 265 10
224 266 4
224 267 6
224 272 5
224 273 7
224 274 3
224 276 1
224 277 4
224 279 6
224 281 8
224 283 7
224 284 6
224 285 7
224 287 2
224 289 3
224 291 3
224 293 10
224 296 2
224 298 5
224 299 5
224 307 3
224 308 5
224 316 6
224 317 4
224 319 9
224 320 8
224 321 5
224 324 6
224 325 8
224 328 6
224 329 10
224 330 10
224 331 2
224 332 5
224 333 3
224 336 2
224 337 7
224 338 2
224 339 5
224 340 8
224 341 10
224 343 2
224 347 10
224 348 8
224 351 2
224 353 4
224 354 6
224 357 9
224 358 4
224 359 10
224 361 4
224 362 5
224 363 9
224 364 7
224 368 8
224 369 8
224 372 10
224 373 7
224 374 7
224 377 4
224 380 7
224 381 9
224 382 6
224 383 3
224 386 5
224 387 8
224 390 4
224 391 4
224 392 3
224 394 5
224 396 1
224 402 7
224 403 6
224 409 8
224 410 6
224 412 6
224 417 8
224 422 8
224 423 9
224 425 6
224 426 7
224 427 9
224 429 4
224 431 6
224 433 2
224 434 4
224 437 2
224 438 3
224 441 10
224 445 2
224 446 6
224 449 8
224 450 3
224 452 9
224 454 10
224 455 6
224 458 7
224 459 6
224 460 7
224 461 1
224 462 7
224 464 9
224 465 5
224 468 9
224 469 8
224 471 4
224 473 1
224 474 5
224 475 3
224 477 1
224 479 8
224 480 1
224 481 7
224 484 1
224 486 1
224 487 7
224 490 10
224 491 7
224 492 2
224 493 10
224 494 3
224 496 8
224 498 1
225 227 6
225 230 9
225 231 10
225 234 2
225 235 1
225 237 5
225 238 10
225 239 5
225 242 10
225 246 3
225 247 7
225 249 8
225 250 6
225 251 2
225 256 7
225 259 5
225 260 3
225 261 1
225 263 9
225 264 9
225 265 8
225 268 8
225 272 2
225 273 2
225 274 5
225 275 3
225 278 10
225 279 5
225 280 9
225 281 1
225 282 5
225 283 2
225 284 7
225 286 1
225 288 5
225 292 1
225 293 2
225 294 4
225 301 1
225 303 3
225 306 10
225 309 4
225 310 2
225 311 6
225 313 8
225 316 3
225 320 8
225 321 3
225 322 10
225 325 3
225 328 3
225 329 8
225 330 8
225 331 2
225 332 5
225 333 1
225 337 5
225 338 7
225 339 1
225 340 6
225 341 9
225 342 6
225 346 9
225 347 6
225 350 10
225 352 7
225 355 10
225 356 6
225 361 9
225 364 5
225 365 1
225 366 7
225 369 8
225 370 3
225 371 8
225 373 7
225 374 10
225 376 8
225 384 9
225 385 8
225 386 4
225 388 2
225 390 2
225 391 9
225 394 6
225 395 2
225 396 10
225 399 7
225 400 9
225 401 8
225 405 6
225 408 8
225 409 5
225 411 7
225 412 8
225 414 4
225 415 4
225 416 2
225 418 10
225 427 6
225 429 6
225 430 7
225 432 7
225 433 3
225 434 10
225 440 10
225 441 2
225 443 5
225 444 9
225 445 3
225 446 6
225 447 9
225 449 2
225 451 1
225 453 2
225 455 8
225 456 6
225 457 4
225 458 7
225 459 5
225 461 4
225 462 10
225 465 3
225 468 6
225 472 4
225 473 2
225 474 10
225 475 10
225 477 8
225 478 2
225 481 1
225 482 8
225 483 10
225 484 5
225 485 4
225 486 2
225 487 2
225 488 7
225 489 5
225 495 10
225 496 10
225 497 6
225 498 9
225 499 2
226 231 2
226 233 10
226 237 1
226 239 1
226 240 5
226 241 9
226 242 8
226 243 5
226 244 3
226 246 10
226 248 5
226 251 10
226 255 3
226 256 5
226 257 8
226 258 2
226 259 1
226 261 1
226 262 9
226 263 4
226 265 8
226 267 6
226 268 7
226 269 6
226 272 2
226 273 10
226 275 2
226 277 3
226 281 4
226 282 3
226 283 6
226 284 4
226 285 5
226 286 8
226 287 8
226 288 3
226 291 1
226 294 1
226 296 7
226 297 1
226 298 4
226 302 5
226 303 1
226 304 10
226 309 5
226 311 10
226 315 3
226 317 5
226 318 9
226 321 4
226 323 6
226 324 1
226 327 2
226 335 6
226 336 10
226 338 1
226 341 6
226 345 3
226 346 7
226 348 2
226 349 10
226 353 7
226 354 4
226 355 10
226 359 9
226 360 7
226 361 4
226 362 6
226 363 6
226 365 8
226 369 7
226 370 7
226 371 6
226 374 8
226 376 3
226 377 3
226 381 4
226 385 8
226 389 2
226 390 1
226 391 3
226 394 7
226 395 3
226 400 9
226 401 5
226 402 9
226 408 2
226 413 4
226 414 2
226 415 4
226 418 5
226 419 6
226 421 8
226 423 7
226 424 9
226 429 9
226 430 3
226 431 6
226 432 10
226 433 3
226 434 6
226 436 6
226 438 7
226 439 5
226 440 3
226 441 10
226 444 3
226 447 5
226 448 1
226 449 1
226 450 8
226 455 5
226 456 6
226 464 6
226 465 6
226 470 9
226 472 2
226 473 9
226 474 5
226 475 8
226 477 5
226 482 10
226 483 10
226 485 1
226 486 3
226 487 1
226 489 8
226 490 4
226 492 9
226 496 9
226 497 6
227 230 10
227 233 5
227 235 3
227 236 2
227 237 5
227 238 3
227 239 3
227 242 6
227 243 9
227 244 4
227 249 1
227 253 2
227 257 8
227 258 2
227 260 5
227 261 1
227 263 5
227 264 8
227 268 6
227 274 10
227 276 9
227 278 2
227 280 8
227 281 2
227 282 3
227 286 3
227 287 10
227 291 2
227 292 2
227 295 4
227 296 5
227 297 9
227 298 6
227 301 8
227 304 10
227 306 7
227 308 10
227 309 10
227 310 3
227 313 5
227 315 6
227 316 9
227 317 5
227 320 3
227 325 5
227 326 7
227 327 6
227 329 1
227 332 6
227 336 3
227 337 7
227 339 4
227 340 5
227 347 2
227 348 9
227 351 4
227 353 8
227 354 8
227 355 7
227 356 8
227 359 3
227 360 10
227 361 2
227 363 3
227 367 2
227 370 2
227 371 5
227 374 8
227 376 10
227 377 9
227 378 10
227 381 7
227 384 3
227 386 10
227 387 3
227 388 9
227 389 5
227 390 8
227 394 10
227 397 9
227 401 1
227 402 9
227 404 5
227 405 1
227 406 10
227 408 1
227 409 9
227 410 4
227 411 7
227 412 9
227 414 2
227 415 5
227 416 4
227 417 4
227 421 6
227 422 8
227 423 3
227 425 3
227 428 9
227 429 8
227 433 7
227 434 5
227 437 2
227 440 10
227 442 10
227 444 5
227 446 1
227 448 3
227 450 7
227 451 6
227 455 4
227 456 10
227 458 8
227 459 5
227 466 9
227 467 9
227 468 8
227 469 3
227 470 6
227 476 7
227 477 9
227 478 5
227 480 3
227 482 7
227 490 1
227 492 4
227 493 3
227 495 4
227 497 10
227 498 5
227 499 5
228 232 1
228 236 9
228 237 2
228 238 10
228 239 5
228 240 1
228 242 1
228 249 7
228 252 3
228 253 1
228 260 8
228 262 9
228 264 6
228 265 4
228 266 9
228 267 10
228 270 10
228 271 10
228 272 7
228 273 1
228 275 9
228 276 2
228 278 5
228 280 5
228 281 5
228 282 6
228 283 9
228 284 7
228 286 6
228 289 8
228 290 4
228 291 2
228 293 7
228 295 10
228 296 4
228 299 9
228 306 9
228 307 9
228 309 6
228 313 6
228 316 6
228 317 1
228 318 2
228 319 3
228 324 8
228 326 7
228 329 2
228 330 2
228 331 1
228 333 3
228 335 10
228 336 7
228 338 6
228 344 9
228 347 7
228 350 1
228 351 4
228 355 9
228 356 8
228 359 8
228 360 5
228 362 5
228 364 7
228 365 2
228 367 9
228 369 6
228 370 7
228 373 8
228 374 5
228 375 3
228 376 9
228 378 7
228 379 10
228 381 7
228 383 4
228 385 5
228 386 4
228 388 7
228 389 10
228 390 1
228 391 4
228 392 5
228 394 5
228 395 1
228 396 8
228 397 2
228 399 4
228 401 10
228 402 5
228 403 4
228 405 9
228 409 6
228 412 3
228 413 7
228 415 1
228 418 10
228 419 10
228 420 1
228 421 8
228 423 2
228 426 10
228 430 10
228 433 3
228 439 6
228 440 4
228 442 2
228 444 7
228 449 10
228 455 7
228 456 6
228 460 3
228 467 9
228 472 8
228 477 9
228 485 8
228 487 1
228 489 10
228 490 6
228 492 6
228 493 10
228 495 1
228 496 1
228 499 6
229 231 3
229 233 5
229 234 8
229 236 3
229 239 3
229 240 9
229 245 8
229 246 3
229 247 1
229 249 5
229 251 6
229 254 2
229 255 9
229 256 4
229 257 6
229 258 10
229 259 7
229 261 4
229 265 10
229 266 3
229 269 8
229 271 9
229 273 5
229 276 4
229 277 7
229 280 9
229 281 7
229 282 3
229 283 7
229 284 7
229 287 8
229 288 8
229 290 9
229 291 10
229 293 4
229 295 4
229 297 9
229 299 5
229 300 2
229 302 5
229 309 5
229 311 5
229 314 7
229 315 1
229 316 4
229 318 7
229 319 7
229 321 1
229 323 7
229 325 8
229 326 2
229 329 4
229 332 6
229 335 8
229 336 3
229 339 5
229 340 9
229 342 1
229 345 6
229 346 5
229 347 5
229 349 5
229 352 9
229 354 4
229 355 7
229 356 4
229 357 6
229 358 2
229 361 6
229 362 8
229 363 1
229 367 5
229 370 1
229 372 4
229 373 3
229 374 8
229 375 9
229 376 7
229 377 8
229 378 8
229 379 6
229 382 10
229 383 7
229 387 9
229 388 3
229 389 4
229 390 4
229 391 7
229 392 6
229 393 10
229 394 5
229 395 9
229 396 2
229 398 1
229 399 3
229 401 10
229 402 4
229 405 5
229 406 8
229 407 9
229 408 6
229 409 5
229 410 5
229 411 5
229 412 9
229 416 7
229 417 2
229 418 6
229 421 9
229 422 7
229 424 9
229 426 6
229 427 1
229 428 4
229 429 5
229 431 9
229 433 10
229 434 1
229 435 1
229 438 4
229 439 6
229 441 7
229 442 2
229 443 2
229 444 8
229 445 4
229 450 4
229 452 1
229 455 1
229 458 2
229 459 4
229 460 9
229 461 4
229 464 6
229 465 3
229 467 7
229 468 1
229 469 3
229 470 10
229 471 1
229 473 8
229 475 6
229 477 2
229 478 3
229 480 1
229 482 8
229 484 1
229 489 9
229 495 8
229 496 9
229 497 8
229 499 5
230 231 3
230 232 4
230 233 4
230 235 9
230 238 6
230 240 5
230 241 7
230 242 4
230 246 5
230 253 1
230 254 7
230 257 2
230 258 1
230 262 4
230 263 2
230 264 3
230 265 3
230 269 1
230 272 8
230 274 2
230 275 4
230 278 4
230 279 5
230 280 5
230 282 6
230 283 6
230 285 3
230 287 9
230 288 6
230 289 10
230 291 3
230 292 4
230 293 2
230 295 9
230 296 3
230 297 4
230 298 8
230 299 1
230 301 8
230 302 7
230 303 8
230 304 6
230 306 7
230 307 6
230 309 6
230 310 2
230 312 10
230 313 1
230 314 1
230 316 2
230 317 9
230 325 1
230 327 9
230 329 1
230 331 1
230 333 5
230 334 10
230 335 2
230 337 7
230 338 1
230 339 6
230 341 1
230 343 6
230 344 5
230 345 9
230 346 2
230 347 7
230 350 7
230 351 4
230 354 10
230 355 9
230 357 8
230 358 6
230 359 4
230 362 9
230 363 6
230 364 3
230 365 1
230 369 8
230 374 7
230 376 1
230 377 2
230 378 9
230 379 5
230 380 8
230 381 6
230 393 5
230 394 7
230 395 6
230 396 6
230 397 7
230 398 4
230 399 4
230 404 5
230 407 8
230 408 2
230 410 7
230 411 8
230 412 9
230 417 8
230 418 1
230 422 2
230 425 8
230 426 9
230 433 7
230 434 2
230 435 2
230 436 3
230 437 3
230 438 8
230 440 10
230 441 4
230 442 7
230 443 8
230 445 4
230 446 4
230 447 4
230 450 6
230 452 3
230 453 2
230 455 7
230 456 6
230 457 7
230 460 3
230 463 10
230 464 2
230 465 4
230 466 10
230 467 5
230 468 9
230 469 2
230 472 2
230 475 5
230 476 2
230 477 7
230 478 3
230 479 4
230 483 8
230 484 8
230 485 9
230 487 3
230 488 9
230 491 2
230 493 9
230 495 7
230 497 4
231 232 7
231 233 8
231 235 2
231 236 1
231 240 1
231 242 7
231 244 7
231 246 8
231 247 4
231 251 1
231 254 4
231 256 3
231 261 4
231 262 5
231 264 9
231 268 2
231 271 10
231 272 3
231 274 4
231 276 5
231 277 10
231 278 4
231 279 1
231 280 10
231 281 4
231 282 3
231 283 9
231 284 10
231 285 2
231 287 9
231 288 7
231 289 7
231 291 7
231 293 6
231 295 7
231 296 2
231 298 9
231 300 2
231 301 2
231 303 9
231 304 6
231 305 4
231 307 1
231 310 4
231 313 10
231 314 7
231 316 6
231 318 5
231 319 4
231 321 2
231 328 4
231 330 8
231 332 6
231 333 3
231 334 2
231 335 2
231 338 4
231 339 1
231 344 6
231 346 10
231 348 1
231 351 10
231 352 8
231 356 6
231 357 3
231 358 8
231 362 7
231 364 2
231 365 9
231 366 8
231 367 4
231 370 9
231 371 4
231 373 5
231 375 2
231 379 9
231 380 4
231 381 8
231 382 6
231 384 6
231 385 3
231 387 1
231 389 7
231 393 3
231 396 1
231 398 5
231 401 5
231 402 7
231 403 5
231 408 7
231 414 8
231 416 1
231 421 4
231 424 9
231 426 10
231 429 1
231 431 7
231 432 1
231 433 2
231 435 3
231 437 3
231 440 5
231 441 2
231 443 1
231 444 5
231 447 8
231 448 4
231 449 4
231 450 7
231 451 10
231 452 9
231 455 8
231 458 5
231 459 1
231 463 5
231 464 7
231 466 3
231 469 5
231 471 1
231 472 6
231 473 4
231 477 3
231 480 10
231 482 2
231 484 2
231 485 2
231 487 7
231 488 10
231 490 3
231 491 8
231 492 7
231 494 6
231 495 5
231 496 10
231 497 7
231 498 9
232 235 9
232 237 8
232 239 1
232 243 3
232 245 3
232 250 5
232 253 1
232 254 4
232 255 9
232 263 6
232 265 8
232 266 1
232 268 6
232 270 5
232 272 9
232 274 5
232 277 3
232 279 8
232 280 10
232 282 7
232 283 10
232 285 9
232 287 3
232 289 10
232 290 2
232 294 3
232 295 3
232 297 8
232 300 1
232 302 10
232 303 4
232 305 7
232 307 9
232 308 1
232 309 10
232 312 8
232 313 6
232 316 10
232 317 4
232 318 2
232 319 8
232 322 5
232 323 9
232 324 10
232 325 2
232 326 9
232 327 2
232 328 1
232 329 1
232 336 2
232 337 7
232 340 4
232 341 8
232 342 9
232 343 4
232 345 2
232 347 10
232 348 1
232 350 6
232 351 2
232 355 3
232 361 5
232 362 9
232 363 3
232 366 6
232 369 4
232 374 8
232 375 7
232 381 4
232 382 7
232 383 10
232 386 5
232 387 3
232 390 3
232 391 8
232 394 9
232 398 1
232 400 4
232 402 9
232 403 10
232 404 9
232 405 5
232 408 6
232 409 3
232 411 7
232 412 4
232 413 9
232 414 7
232 415 3
232 416 6
232 418 10
232 419 4
232 421 2
232 422 5
232 425 1
232 428 8
232 429 1
232 430 7
232 435 9
232 437 9
232 438 6
232 439 9
232 442 9
232 448 8
232 449 5
232 451 1
232 453 8
232 456 4
232 458 3
232 459 9
232 460 5
232 461 6
232 463 8
232 464 4
232 466 4
232 467 10
232 468 9
232 473 10
232 475 8
232 476 4
232 478 9
232 483 1
232 484 5
232 486 3
232 488 2
232 489 4
232 490 6
232 494 7
232 497 2
232 498 1
232 499 5
233 237 3
233 240 5
233 242 3
233 244 1
233 245 8
233 246 7
233 247 2
233 248 7
233 249 9
233 251 8
233 254 9
233 256 8
233 258 8
233 262 4
233 263 10
233 266 6
233 267 5
233 269 5
233 272 7
233 274 8
233 275 8
233 279 3
233 280 2
233 281 1
233 283 5
233 285 5
233 287 2
233 293 6
233 294 6
233 296 1
233 298 5
233 299 4
233 300 4
233 301 6
233 302 7
233 303 2
233 305 4
233 307 2
233 308 4
233 309 2
233 310 1
233 311 1
233 315 1
233 321 3
233 322 10
233 324 1
233 325 6
233 328 10
233 331 9
233 333 7
233 334 3
233 335 2
233 336 10
233 339 10
233 340 2
233 344 1
233 345 6
233 346 9
233 347 6
233 349 10
233 351 1
233 356 10
233 357 3
233 358 4
233 360 9
233 364 9
233 366 8
233 367 1
233 370 10
233 371 9
233 373 5
233 375 10
233 379 3
233 381 4
233 382 4
233 383 9
233 384 8
233 386 1
233 387 7
233 392 7
233 397 10
233 399 9
233 403 2
233 404 10
233 405 8
233 406 9
233 408 3
233 409 4
233 410 2
233 411 7
233 413 8
233 417 8
233 418 8
233 419 6
233 420 4
233 425 2
233 427 4
233 428 1
233 429 1
233 430 10
233 431 3
233 432 6
233 434 8
233 435 2
233 439 4
233 440 2
233 441 3
233 442 5
233 443 9
233 444 4
233 446 10
233 447 5
233 450 10
233 452 8
233 454 7
233 455 6
233 456 6
233 457 6
233 459 2
233 460 6
233 461 10
233 463 2
233 464 3
233 466 4
233 470 6
233 471 3
233 474 2
233 477 7
233 479 2
233 480 5
233 483 1
233 484 8
233 485 5
233 486 10
233 487 7
233 489 6
233 490 9
233 494 5
233 495 3
233 496 10
233 499 5
234 237 1
234 238 9
234 239 1
234 244 1
234 246 2
234 247 1
234 249 4
234 252 10
234 254 7
234 258 1
234 260 6
234 262 4
234 268 2
234 269 5
234 271 9
234 272 1
234 274 3
234 275 8
234 277 2
234 279 9
234 280 4
234 283 9
234 285 8
234 286 4
234 287 10
234 288 3
234 294 1
234 295 5
234 296 4
234 297 6
234 299 7
234 301 4
234 302 5
234 303 1
234 304 3
234 306 8
234 310 7
234 317 7
234 318 2
234 319 10
234 320 8
234 321 8
234 325 7
234 327 9
234 328 1
234 331 8
234 332 5
234 333 8
234 335 2
234 339 3
234 340 3
234 341 3
234 342 1
234 343 9
234 344 2
234 345 5
234 346 6
234 347 2
234 348 1
234 351 6
234 353 3
234 356 8
234 357 6
234 358 9
234 360 4
234 365 9
234 366 7
234 370 7
234 371 2
234 372 1
234 376 5
234 378 8
234 381 4
234 383 2
234 385 10
234 386 2
234 387 6
234 396 6
234 397 3
234 398 7
234 402 6
234 403 10
234 404 10
234 405 5
234 406 9
234 409 5
234 411 4
234 412 4
234 413 5
234 414 4
234 418 2
234 419 3
234 420 8
234 423 8
234 424 10
234 425 4
234 428 6
234 430 3
234 433 5
234 434 4
234 435 3
234 437 6
234 441 2
234 442 2
234 443 4
234 445 3
234 446 4
234 447 7
234 448 10
234 450 7
234 453 3
234 455 10
234 456 4
234 457 8
234 458 10
234 459 1
234 461 4
234 462 6
234 463 10
234 465 4
234 466 2
234 469 2
234 470 10
234 471 1
234 473 1
234 474 3
234 475 7
234 477 9
234 480 8
234 482 2
234 483 10
234 484 6
234 485 1
234 486 2
234 487 3
234 488 3
234 489 7
234 491 5
234 492 6
234 496 10
234 498 8
235 236 9
235 238 5
235 240 1
235 242 7
235 243 6
235 245 6
235 246 9
235 247 7
235 248 9
235 249 7
235 250 2
235 253 2
235 254 10
235 256 2
235 262 7
235 263 10
235 264 9
235 265 2
235 266 9
235 267 4
235 271 5
235 272 2
235 273 4
235 277 8
235 278 10
235 279 5
235 280 2
235 282 2
235 284 6
235 285 4
235 286 9
235 291 6
235 292 1
235 295 10
235 296 6
235 297 5
235 298 10
235 299 8
235 300 4
235 301 2
235 302 4
235 304 9
235 307 3
235 308 3
235 309 10
235 310 9
235 312 9
235 315 6
235 316 8
235 318 8
235 320 2
235 321 4
235 322 7
235 323 7
235 324 8
235 327 1
235 332 10
235 333 9
235 335 5
235 337 1
235 338 3
235 339 10
235 341 9
235 342 2
235 344 8
235 345 5
235 348 5
235 349 8
235 352 8
235 353 1
235 356 6
235 357 8
235 358 3
235 359 7
235 360 5
235 361 1
235 364 5
235 365 9
235 366 5
235 367 8
235 368 7
235 369 8
235 370 10
235 372 8
235 377 5
235 379 4
235 382 9
235 388 5
235 389 5
235 391 1
235 393 8
235 395 10
235 397 6
235 398 10
235 401 6
235 402 6
235 403 10
235 404 10
235 405 9
235 408 9
235 409 3
235 411 6
235 412 5
235 414 8
235 419 1
235 424 1
235 426 1
235 427 9
235 429 4
235 431 6
235 434 5
235 437 9
235 438 5
235 442 7
235 443 9
235 446 8
235 447 1
235 448 4
235 450 5
235 453 1
235 454 8
235 457 7
235 459 7
235 460 9
235 463 1
235 464 5
235 465 2
235 467 2
235 468 6
235 469 5
235 473 3
235 474 7
235 475 7
235 476 5
235 477 10
235 482 2
235 487 6
235 489 5
235 491 9
235 493 3
235 496 1
235 499 1
236 237 5
236 239 1
236 241 2
236 242 6
236 245 6
236 246 9
236 251 1
236 253 8
236 254 8
236 255 7
236 256 1
236 257 3
236 258 1
236 267 5
236 269 9
236 270 3
236 271 8
236 272 1
236 274 3
236 275 4
236 276 4
236 279 7
236 280 4
236 281 10
236 284 1
236 285 8
236 286 2
236 288 2
236 289 8
236 290 4
236 291 1
236 294 5
236 295 3
236 297 7
236 299 4
236 300 5
236 302 1
236 303 7
236 306 6
236 309 9
236 310 2
236 311 8
236 312 7
236 313 4
236 317 6
236 318 10
236 321 5
236 325 8
236 328 1
236 330 8
236 333 6
236 334 9
236 335 9
236 336 4
236 339 1
236 340 8
236 342 3
236 344 7
236 347 7
236 350 8
236 352 3
236 357 1
236 360 6
236 366 3
236 367 6
236 369 10
236 375 2
236 377 9
236 379 10
236 380 1
236 381 1
236 386 5
236 387 6
236 390 2
236 391 4
236 393 1
236 394 6
236 396 10
236 399 7
236 400 3
236 401 10
236 403 3
236 404 8
236 408 7
236 409 2
236 410 2
236 412 9
236 413 2
236 415 6
236 416 3
236 417 8
236 418 8
236 419 9
236 420 1
236 421 7
236 424 7
236 425 1
236 426 1
236 427 9
236 428 9
236 431 5
236 433 8
236 437 4
236 438 7
236 439 2
236 440 3
236 441 9
236 444 7
236 445 3
236 446 1
236 448 3
236 449 8
236 451 9
236 460 7
236 464 9
236 465 2
236 468 1
236 472 1
236 475 2
236 476 9
236 477 3
236 478 2
236 480 2
236 481 9
236 482 2
236 483 7
236 488 1
236 489 5
236 491 7
236 492 9
236 494 8
236 495 9
236 498 4
237 238 10
237 240 8
237 242 8
237 243 4
237 244 6
237 247 3
237 248 5
237 249 1
237 250 7
237 255 5
237 258 2
237 259 1
237 260 10
237 261 3
237 262 1
237 263 9
237 265 3
237 267 10
237 271 3
237 276 6
237 277 10
237 279 10
237 280 7
237 286 2
237 288 4
237 290 8
237 291 6
237 295 3
237 296 1
237 297 3
237 298 10
237 299 10
237 300 5
237 304 10
237 305 2
237 306 1
237 310 8
237 311 10
237 313 1
237 315 5
237 318 6
237 320 9
237 323 4
237 324 1
237 325 2
237 327 8
237 331 9
237 332 4
237 333 3
237 334 9
237 335 2
237 337 3
237 338 2
237 340 9
237 341 5
237 345 2
237 346 5
237 347 3
237 348 4
237 350 1
237 352 2
237 353 4
237 356 9
237 357 4
237 359 2
237 361 4
237 364 4
237 368 6
237 370 4
237 371 7
237 372 6
237 373 5
237 374 4
237 375 7
237 377 3
237 381 6
237 383 8
237 384 3
237 385 6
237 386 6
237 388 8
237 389 3
237 390 10
237 392 1
237 393 7
237 398 10
237 399 2
237 400 4
237 404 4
237 405 8
237 406 1
237 411 4
237 412 1
237 414 5
237 415 4
237 416 8
237 417 8
237 418 4
237 420 7
237 421 1
237 422 5
237 425 9
237 428 9
237 430 1
237 431 8
237 432 2
237 439 8
237 441 7
237 443 6
237 444 6
237 446 4
237 451 9
237 452 8
237 453 8
237 460 8
237 463 1
237 465 6
237 471 8
237 476 9
237 477 4
237 479 6
237 488 3
237 489 10
237 490 2
237 491 7
237 493 9
238 244 9
238 246 3
238 247 7
238 254 4
238 256 8
238 257 4
238 259 9
238 261 3
238 262 4
238 264 6
238 265 4
238 266 7
238 271 2
238 275 3
238 276 3
238 277 6
238 278 2
238 279 8
238 280 10
238 281 10
238 282 8
238 284 1
238 286 3
238 290 10
238 292 3
238 296 7
238 299 8
238 300 6
238 301 9
238 303 7
238 304 3
238 305 8
238 307 2
238 309 3
238 311 10
238 313 6
238 314 2
238 315 6
238 318 7
238 319 8
238 323 4
238 324 10
238 326 3
238 327 10
238 328 7
238 329 4
238 330 6
238 331 2
238 332 9
238 333 6
238 334 3
238 335 4
238 340 4
238 341 2
238 342 6
238 348 10
238 350 3
238 351 8
238 352 5
238 354 4
238 358 5
238 359 1
238 360 5
238 361 5
238 363 10
238 364 3
238 366 2
238 371 9
238 376 2
238 379 1
238 380 8
238 385 6
238 388 1
238 389 4
238 391 3
238 393 10
238 396 4
238 398 9
238 400 5
238 401 1
238 404 9
238 407 9
238 408 5
238 411 3
238 412 5
238 414 9
238 416 8
238 417 1
238 418 8
238 420 2
238 422 2
238 423 1
238 427 6
238 433 8
238 435 2
238 436 6
238 437 1
238 441 7
238 442 3
238 443 8
238 444 8
238 446 7
238 447 8
238 450 1
238 452 2
238 453 2
238 456 8
238 459 9
238 460 4
238 462 1
238 463 10
238 465 4
238 466 5
238 468 5
238 469 10
238 470 5
238 474 9
238 476 4
238 479 1
238 480 10
238 483 8
238 484 4
238 485 6
238 487 7
238 489 1
238 492 2
238 493 6
238 494 6
238 495 4
238 496 8
238 497 6
238 498 10
238 499 3
239 240 1
239 241 7
239 242 10
239 245 9
239 246 2
239 247 7
239 251 4
239 252 1
239 253 1
239 254 9
239 255 3
239 256 9
239 258 5
239 260 1
239 264 2
239 266 9
239 269 10
239 270 5
239 271 4
239 274 5
239 277 6
239 282 3
239 283 2
239 284 5
239 285 6
239 286 4
239 289 8
239 290 7
239 291 9
239 293 5
239 294 3
239 297 2
239 298 4
239 299 1
239 304 8
239 305 5
239 307 6
239 309 4
239 311 5
239 313 8
239 318 10
239 319 8
239 323 9
239 324 2
239 326 5
239 327 1
239 338 1
239 339 9
239 340 7
239 341 5
239 342 2
239 343 10
239 346 5
239 348 9
239 350 4
239 355 6
239 356 4
239 357 3
239 358 1
239 363 8
239 364 1
239 366 8
239 369 3
239 370 9
239 375 2
239 377 9
239 382 6
239 387 9
239 388 7
239 393 4
239 396 10
239 398 3
239 399 1
239 403 8
239 405 7
239 408 1
239 410 8
239 415 10
239 418 4
239 419 7
239 421 7
239 425 8
239 429 7
239 430 6
239 431 7
239 433 10
239 434 7
239 435 10
239 437 5
239 439 3
239 440 3
239 441 4
239 442 6
239 443 4
239 445 3
239 446 7
239 449 8
239 450 8
239 452 4
239 454 1
239 455 9
239 457 10
239 458 2
239 460 2
239 462 3
239 463 4
239 464 4
239 465 2
239 467 7
239 468 2
239 472 8
239 474 1
239 475 7
239 476 9
239 481 2
239 482 10
239 486 1
239 487 9
239 488 5
239 489 3
239 490 3
239 491 8
239 492 10
239 494 4
239 497 7
239 498 4
240 243 6
240 244 10
240 247 6
240 249 10
240 250 8
240 251 7
240 256 9
240 259 8
240 263 4
240 264 10
240 265 1
240 266 4
240 267 2
240 270 1
240 271 9
240 273 6
240 274 3
240 275 7
240 277 6
240 278 7
240 281 3
240 282 2
240 283 7
240 287 7
240 290 7
240 293 4
240 295 10
240 296 1
240 301 2
240 302 1
240 303 2
240 304 2
240 306 3
240 307 10
240 308 9
240 309 7
240 311 7
240 312 2
240 321 10
240 322 3
240 323 3
240 326 10
240 327 3
240 332 4
240 333 8
240 342 1
240 343 10
240 345 7
240 346 7
240 350 1
240 353 6
240 356 2
240 357 8
240 358 6
240 359 3
240 360 2
240 362 4
240 363 6
240 367 1
240 369 2
240 370 8
240 375 5
240 376 6
240 378 7
240 381 10
240 384 4
240 386 9
240 387 1
240 390 5
240 392 7
240 397 8
240 398 1
240 401 4
240 402 8
240 408 1
240 409 7
240 410 1
240 413 10
240 415 9
240 416 7
240 417 9
240 418 4
240 419 9
240 420 10
240 422 9
240 424 9
240 426 7
240 427 4
240 429 3
240 434 1
240 435 4
240 436 9
240 437 5
240 441 3
240 442 8
240 444 8
240 446 3
240 447 4
240 455 9
240 457 10
240 460 1
240 461 1
240 462 8
240 469 4
240 471 5
240 472 9
240 474 9
240 475 1
240 478 6
240 479 9
240 481 1
240 485 3
240 491 2
240 493 9
240 494 3
240 496 2
240 498 8
240 499 1
241 243 5
241 245 3
241 246 1
241 249 7
241 250 1
241 253 2
241 254 2
241 256 10
241 257 2
241 259 4
241 262 5
241 263 5
241 264 8
241 265 6
241 266 5
241 267 9
241 270 3
241 271 5
241 272 3
241 275 3
241 276 9
241 277 9
241 278 4
241 280 9
241 281 9
241 282 7
241 283 8
241 284 7
241 285 7
241 286 7
241 288 6
241 289 6
241 291 10
241 292 4
241 293 2
241 296 6
241 298 7
241 300 9
241 302 7
241 305 2
241 309 4
241 310 5
241 311 6
241 312 7
241 316 1
241 317 5
241 318 4
241 320 6
241 325 1
241 328 1
241 329 8
241 333 4
241 334 9
241 335 10
241 336 10
241 338 8
241 343 4
241 344 5
241 347 8
241 348 2
241 351 8
241 354 4
241 356 8
241 359 8
241 364 6
241 365 7
241 367 3
241 368 8
241 370 8
241 371 5
241 372 7
241 373 7
241 374 4
241 375 8
241 376 7
241 379 1
241 380 1
241 382 6
241 386 6
241 388 4
241 389 5
241 390 5
241 391 10
241 392 6
241 393 3
241 394 6
241 395 8
241 399 10
241 400 6
241 402 5
241 404 3
241 406 3
241 408 2
241 409 3
241 410 2
241 413 10
241 415 6
241 416 7
241 418 2
241 422 3
241 424 3
241 427 1
241 430 10
241 432 7
241 435 9
241 436 4
241 437 3
241 438 1
241 440 4
241 442 3
241 443 8
241 444 8
241 445 2
241 446 3
241 447 1
241 448 10
241 454 7
241 456 4
241 460 1
241 464 2
241 466 4
241 471 5
241 472 8
241 477 5
241 481 7
241 484 4
241 487 2
241 488 6
241 490 1
241 491 5
241 493 1
241 495 2
241 497 1
241 498 4
241 499 2
242 243 9
242 245 6
242 246 5
242 248 4
242 250 6
242 252 6
242 253 4
242 254 10
242 255 7
242 257 5
242 258 10
242 259 5
242 261 4
242 265 4
242 266 8
242 267 1
242 272 6
242 273 9
242 275 6
242 276 7
242 277 4
242 279 9
242 281 9
242 282 10
242 283 1
242 284 4
242 285 4
242 286 6
242 288 1
242 291 4
242 292 9
242 293 2
242 294 3
242 295 9
242 296 7
242 297 2
242 298 3
242 301 3
242 305 2
242 309 4
242 310 8
242 311 4
242 315 8
242 316 6
242 317 1
242 318 5
242 320 10
242 323 2
242 327 6
242 330 2
242 331 5
242 332 8
242 333 4
242 334 9
242 336 4
242 338 10
242 339 10
242 345 5
242 349 10
242 353 9
242 355 5
242 356 1
242 358 5
242 359 6
242 360 3
242 361 6
242 362 9
242 363 9
242 367 4
242 369 4
242 370 3
242 371 4
242 372 6
242 374 8
242 377 1
242 379 3
242 383 8
242 385 4
242 386 2
242 388 9
242 393 1
242 394 5
242 397 9
242 398 2
242 399 5
242 400 8
242 401 4
242 404 5
242 406 3
242 409 7
242 410 8
242 412 6
242 413 1
242 415 9
242 417 5
242 418 10
242 422 6
242 426 1
242 427 8
242 428 8
242 431 3
242 432 10
242 433 2
242 436 2
242 437 7
242 438 2
242 439 5
242 440 3
242 444 3
242 446 9
242 447 1
242 450 9
242 452 1
242 453 4
242 454 10
242 455 3
242 458 2
242 459 9
242 461 9
242 462 5
242 463 4
242 465 5
242 468 5
242 471 9
242 473 9
242 474 3
242 475 3
242 479 6
242 482 4
242 484 10
242 485 9
242 486 7
242 490 9
242 493 8
242 495 8
242 499 2
243 244 5
243 245 1
243 248 10
243 251 8
243 252 4
243 253 5
243 254 2
243 255 6
243 260 5
243 263 10
243 266 10
243 267 8
243 270 3
243 271 10
243 272 8
243 276 5
243 279 7
243 283 9
243 288 5
243 289 1
243 293 4
243 294 4
243 295 9
243 296 6
243 297 8
243 299 7
243 300 7
243 302 6
243 303 7
243 309 10
243 311 10
243 313 10
243 314 6
243 315 5
243 316 1
243 318 5
243 320 4
243 321 1
243 326 5
243 327 4
243 328 5
243 329 9
243 333 1
243 334 5
243 336 5
243 338 8
243 340 5
243 345 1
243 346 1
243 347 4
243 348 1
243 349 4
243 350 10
243 353 10
243 355 9
243 356 9
243 359 2
243 360 6
243 362 8
243 363 2
243 367 10
243 369 8
243 372 7
243 373 5
243 377 1
243 378 4
243 379 2
243 380 9
243 381 2
243 382 8
243 383 4
243 384 4
243 385 10
243 386 6
243 389 3
243 391 4
243 392 9
243 393 10
243 397 9
243 399 9
243 400 9
243 402 1
243 403 4
243 405 4
243 407 3
243 408 2
243 410 8
243 411 6
243 414 2
243 415 2
243 419 5
243 421 5
243 422 5
243 423 5
243 425 8
243 431 9
243 432 10
243 433 10
243 434 8
243 435 1
243 438 5
243 439 7
243 440 4
243 444 8
243 445 10
243 447 8
243 448 4
243 455 5
243 456 4
243 458 2
243 459 4
243 460 4
243 463 5
243 464 9
243 467 2
243 469 9
243 470 8
243 471 7
243 473 10
243 474 8
243 478 10
243 479 4
243 481 8
243 482 6
243 483 1
243 485 1
243 486 6
243 487 2
243 488 7
243 491 6
243 493 9
243 494 8
243 495 4
243 497 8
243 499 1
244 245 7
244 246 5
244 247 10
244 248 6
244 250 9
244 252 6
244 255 9
244 259 5
244 261 8
244 262 6
244 264 2
244 265 3
244 266 4
244 269 8
244 272 8
244 274 1
244 275 3
244 276 4
244 277 6
244 278 3
244 279 5
244 280 2
244 282 7
244 283 2
244 284 3
244 285 3
244 291 9
244 293 6
244 296 9
244 299 3
244 300 7
244 304 5
244 308 5
244 309 10
244 310 1
244 311 3
244 313 7
244 314 9
244 315 2
244 316 9
244 318 5
244 319 10
244 320 2
244 324 1
244 328 6
244 331 1
244 335 1
244 336 7
244 337 5
244 338 1
244 339 7
244 340 2
244 343 7
244 344 2
244 347 8
244 351 8
244 353 9
244 356 4
244 360 9
244 364 9
244 365 10
244 366 1
244 368 1
244 371 3
244 374 1
244 375 2
244 376 2
244 378 3
244 379 8
244 386 10
244 391 7
244 392 1
244 394 7
244 397 9
244 398 3
244 399 8
244 401 8
244 404 9
244 406 6
244 410 2
244 411 9
244 412 1
244 413 6
244 414 4
244 419 9
244 420 4
244 425 10
244 426 1
244 429 8
244 430 6
244 431 6
244 432 4
244 435 8
244 436 10
244 438 5
244 439 10
244 440 3
244 444 2
244 445 6
244 447 8
244 449 7
244 450 10
244 453 4
244 455 4
244 459 5
244 463 1
244 464 10
244 465 1
244 466 8
244 467 5
244 468 4
244 471 4
244 472 2
244 473 1
244 474 7
244 475 6
244 476 5
244 481 6
244 482 7
244 484 8
244 494 8
244 496 3
244 497 10
245 246 5
245 247 5
245 249 7
245 250 7
245 252 4
245 253 8
245 254 10
245 257 1
245 261 3
245 262 1
245 264 4
245 265 6
245 267 6
245 268 3
245 272 7
245 273 1
245 276 7
245 279 2
245 283 1
245 285 1
245 288 5
245 289 9
245 291 4
245 292 1
245 294 3
245 295 6
245 296 10
245 297 8
245 299 8
245 300 8
245 304 10
245 305 7
245 306 4
245 307 2
245 308 5
245 309 7
245 310 9
245 314 5
245 315 9
245 317 1
245 318 2
245 319 9
245 321 7
245 323 6
245 324 2
245 327 9
245 329 8
245 330 4
245 332 5
245 334 4
245 335 10
245 338 3
245 339 6
245 340 3
245 341 1
245 342 1
245 343 5
245 345 9
245 346 9
245 348 10
245 349 2
245 352 4
245 353 4
245 356 4
245 358 10
245 361 10
245 363 3
245 367 9
245 368 9
245 371 6
245 374 9
245 382 2
245 383 4
245 385 1
245 387 1
245 389 2
245 390 9
245 391 7
245 394 4
245 396 4
245 398 7
245 402 1
245 403 7
245 408 1
245 409 8
245 412 5
245 413 8
245 414 2
245 415 2
245 417 9
245 418 1
245 421 4
245 423 5
245 424 4
245 425 6
245 427 2
245 430 6
245 432 8
245 433 9
245 435 8
245 436 4
245 439 9
245 440 4
245 441 4
245 443 9
245 447 5
245 448 3
245 449 2
245 450 6
245 451 8
245 453 2
245 454 8
245 457 8
245 464 10
245 470 5
245 471 6
245 473 7
245 476 7
245 478 10
245 479 2
245 482 1
245 483 10
245 487 3
245 488 7
245 489 7
245 490 2
245 491 7
245 492 1
245 493 1
245 495 8
245 497 5
245 499 3
246 249 4
246 254 8
246 256 4
246 259 7
246 260 5
246 264 3
246 269 10
246 270 5
246 271 3
246 274 6
246 275 3
246 278 9
246 280 9
246 282 4
246 284 2
246 285 4
246 288 5
246 289 1
246 291 4
246 293 8
246 294 2
246 295 6
246 299 6
246 301 9
246 304 1
246 305 3
246 306 1
246 309 5
246 310 2
246 311 10
246 312 1
246 313 3
246 314 9
246 316 8
246 322 10
246 324 10
246 325 6
246 326 10
246 327 5
246 328 3
246 329 8
246 330 3
246 333 7
246 334 5
246 337 10
246 338 2
246 339 3
246 340 9
246 341 9
246 342 10
246 344 7
246 345 5
246 346 1
246 347 3
246 348 10
246 352 4
246 353 6
246 354 8
246 356 6
246 359 4
246 360 7
246 362 10
246 363 10
246 366 4
246 367 1
246 368 8
246 370 5
246 371 3
246 372 3
246 373 9
246 376 9
246 380 5
246 383 8
246 386 2
246 387 3
246 396 4
246 397 1
246 398 1
246 400 9
246 403 6
246 404 3
246 409 2
246 411 8
246 412 10
246 413 4
246 417 4
246 418 4
246 419 9
246 420 3
246 421 2
246 423 4
246 425 6
246 426 5
246 432 10
246 435 5
246 436 6
246 437 3
246 438 4
246 440 2
246 442 4
246 444 10
246 447 2
246 448 10
246 449 5
246 450 6
246 451 7
246 452 6
246 453 3
246 456 5
246 457 9
246 462 1
246 463 8
246 465 6
246 467 8
246 469 3
246 471 7
246 472 8
246 473 7
246 474 8
246 480 10
246 482 2
246 484 6
246 485 9
246 486 5
246 490 4
246 492 2
246 494 9
246 495 7
246 497 5
246 499 5
247 248 6
247 250 4
247 251 2
247 252 6
247 253 1
247 256 5
247 257 8
247 258 5
247 259 4
247 260 4
247 261 7
247 262 10
247 263 2
247 267 8
247 269 5
247 272 1
247 273 7
247 278 6
247 281 1
247 282 3
247 286 2
247 287 9
247 288 6
247 290 9
247 291 10
247 292 2
247 293 9
247 295 10
247 302 1
247 303 6
247 306 10
247 308 6
247 310 9
247 312 7
247 314 5
247 315 5
247 317 6
247 318 2
247 323 2
247 327 6
247 329 4
247 330 9
247 331 9
247 333 7
247 334 2
247 335 8
247 337 10
247 338 7
247 339 3
247 340 5
247 345 4
247 347 3
247 349 3
247 350 9
247 358 6
247 359 9
247 360 10
247 362 9
247 365 7
247 369 1
247 371 7
247 373 4
247 375 4
247 376 6
247 378 1
247 380 5
247 386 2
247 389 3
247 390 7
247 392 4
247 393 6
247 394 10
247 395 6
247 396 1
247 398 1
247 399 6
247 400 8
247 401 8
247 402 1
247 403 6
247 405 5
247 409 1
247 410 9
247 411 1
247 414 5
247 415 4
247 417 4
247 418 1
247 419 1
247 420 8
247 421 9
247 429 6
247 433 2
247 434 8
247 435 8
247 436 1
247 437 9
247 439 8
247 440 8
247 443 8
247 447 2
247 448 5
247 449 7
247 450 10
247 454 7
247 457 5
247 458 9
247 459 9
247 460 10
247 461 2
247 462 7
247 466 6
247 469 1
247 470 1
247 474 1
247 484 3
247 485 6
247 488 7
247 489 10
247 491 3
247 492 10
247 495 5
247 496 6
247 497 2
247 498 10
247 499 5
248 259 9
248 260 3
248 263 4
248 266 8
248 270 1
248 272 8
248 279 4
248 281 7
248 282 9
248 286 8
248 287 2
248 293 2
248 294 4
248 296 6
248 299 10
248 301 10
248 303 6
248 305 2
248 306 1
248 309 6
248 311 2
248 312 7
248 315 6
248 316 4
248 317 8
248 320 3
248 321 9
248 322 3
248 327 4
248 328 8
248 330 1
248 331 8
248 332 7
248 334 2
248 335 10
248 338 2
248 340 1
248 343 7
248 348 9
248 350 9
248 351 6
248 352 9
248 353 2
248 354 2
248 356 10
248 359 3
248 361 1
248 364 7
248 373 2
248 374 10
248 377 6
248 378 8
248 381 6
248 382 2
248 383 8
248 384 10
248 385 4
248 387 9
248 389 1
248 391 3
248 393 4
248 394 4
248 395 7
248 397 6
248 398 6
248 400 9
248 405 9
248 406 6
248 407 4
248 408 9
248 410 9
248 414 4
248 416 7
248 419 9
248 423 3
248 424 3
248 426 10
248 430 3
248 434 4
248 436 1
248 437 10
248 438 5
248 441 3
248 447 2
248 448 10
248 449 1
248 453 5
248 456 4
248 458 2
248 459 1
248 460 7
248 461 6
248 465 3
248 468 6
248 469 9
248 470 5
248 472 10
248 474 5
248 475 6
248 477 3
248 478 1
248 480 10
248 482 1
248 485 8
248 487 3
248 491 3
248 492 9
248 494 9
248 495 7
248 496 5
248 498 3
248 499 1
249 250 10
249 254 1
249 261 3
249 263 3
249 265 3
249 266 2
249 271 3
249 276 4
249 278 9
249 279 7
249 282 6
249 285 5
249 288 2
249 290 5
249 291 7
249 293 1
249 294 2
249 295 3
249 300 1
249 301 1
249 304 4
249 305 1
249 311 5
249 313 6
249 315 5
249 318 6
249 319 1
249 321 9
249 322 9
249 323 3
249 324 6
249 327 1
249 332 1
249 333 10
249 335 9
249 337 1
249 341 7
249 342 2
249 345 9
249 346 5
249 347 2
249 350 5
249 351 4
249 356 1
249 357 10
249 359 7
249 361 2
249 364 10
249 365 9
249 367 1
249 374 8
249 375 7
249 377 1
249 378 8
249 379 7
249 380 3
249 382 8
249 383 1
249 385 5
249 387 7
249 396 5
249 397 3
249 399 9
249 401 4
249 402 9
249 403 9
249 406 8
249 407 9
249 409 4
249 416 1
249 417 5
249 421 7
249 423 7
249 427 10
249 429 1
249 430 3
249 434 10
249 436 1
249 437 5
249 438 5
249 439 8
249 440 1
249 445 2
249 448 5
249 449 1
249 452 5
249 454 4
249 457 1
249 458 10
249 460 2
249 462 7
249 463 5
249 467 2
249 469 9
249 470 4
249 472 8
249 474 7
249 475 5
249 478 9
249 479 10
249 480 10
249 483 6
249 484 10
249 486 5
249 489 4
249 490 4
249 491 6
249 493 4
249 495 4
249 496 5
249 497 4
249 499 10
250 252 7
250 253 1
250 254 9
250 256 8
250 257 3
250 258 7
250 261 3
250 262 9
250 265 8
250 267 1
250 268 6
250 271 10
250 272 7
250 278 1
250 282 10
250 284 1
250 285 6
250 292 10
250 293 7
250 296 4
250 300 6
250 302 10
250 303 8
250 305 6
250 306 7
250 307 9
250 309 6
250 310 10
250 313 1
250 317 7
250 319 2
250 321 6
250 322 8
250 323 5
250 324 6
250 327 5
250 328 10
250 333 10
250 336 3
250 339 3
250 341 3
250 342 8
250 346 6
250 347 5
250 354 7
250 355 4
250 356 7
250 357 9
250 359 7
250 361 4
250 362 5
250 366 2
250 369 4
250 370 4
250 375 8
250 376 4
250 378 5
250 380 8
250 381 2
250 382 4
250 383 6
250 384 5
250 385 4
250 386 7
250 390 4
250 392 5
250 395 4
250 400 4
250 402 3
250 406 10
250 408 3
250 409 2
250 411 3
250 414 4
250 415 2
250 420 4
250 421 7
250 422 10
250 423 3
250 424 7
250 425 9
250 427 3
250 428 10
250 429 1
250 430 10
250 431 5
250 433 8
250 434 3
250 436 10
250 438 3
250 441 7
250 442 1
250 444 10
250 445 7
250 446 2
250 448 8
250 449 1
250 451 9
250 453 1
250 456 10
250 460 9
250 461 6
250 463 6
250 465 4
250 466 3
250 468 9
250 470 3
250 472 8
250 473 6
250 478 4
250 479 7
250 481 7
250 484 10
250 488 6
250 489 5
250 490 5
250 493 7
250 494 9
250 498 3
250 499 8
251 253 9
251 255 1
251 258 7
251 259 1
251 260 4
251 261 5
251 262 5
251 264 6
251 266 3
251 268 5
251 269 8
251 271 9
251 278 10
251 280 7
251 282 2
251 287 10
251 289 7
251 290 7
251 292 4
251 293 2
251 294 10
251 295 7
251 299 9
251 301 1
251 304 2
251 305 5
251 306 7
251 308 6
251 309 5
251 310 7
251 311 4
251 313 9
251 315 2
251 320 7
251 321 7
251 322 9
251 323 5
251 324 10
251 325 9
251 326 6
251 329 4
251 330 2
251 334 8
251 339 5
251 341 7
251 342 1
251 348 7
251 349 10
251 350 7
251 354 3
251 356 10
251 359 6
251 360 7
251 361 3
251 362 4
251 364 2
251 365 3
251 366 5
251 368 5
251 369 4
251 370 8
251 374 5
251 376 4
251 378 7
251 379 2
251 380 10
251 381 8
251 385 8
251 387 3
251 388 7
251 389 10
251 391 4
251 397 8
251 398 9
251 400 2
251 401 1
251 404 4
251 406 8
251 407 3
251 410 1
251 412 6
251 414 2
251 415 10
251 419 9
251 420 3
251 423 1
251 424 6
251 425 4
251 426 7
251 427 8
251 432 8
251 433 10
251 434 9
251 440 1
251 443 6
251 444 7
251 447 6
251 449 4
251 452 5
251 453 2
251 454 7
251 459 2
251 460 5
251 463 10
251 466 10
251 469 3
251 472 6
251 473 7
251 474 6
251 477 3
251 480 6
251 482 4
251 483 7
251 484 8
251 486 10
251 487 8
251 488 8
251 489 4
251 490 5
251 491 6
251 493 9
251 494 7
251 497 3
251 498 9
251 499 1
252 253 5
252 254 6
252 255 9
252 259 2
252 260 9
252 265 7
252 267 1
252 270 1
252 272 2
252 273 4
252 274 2
252 275 3
252 276 3
252 277 6
252 280 6
252 281 8
252 282 9
252 285 10
252 286 8
252 288 5
252 291 6
252 292 8
252 298 5
252 299 4
252 300 6
252 301 3
252 304 10
252 305 3
252 307 9
252 311 3
252 312 10
252 313 8
252 316 9
252 317 2
252 318 6
252 320 3
252 321 10
252 322 10
252 325 10
252 326 9
252 328 1
252 329 5
252 330 2
252 334 8
252 335 5
252 336 9
252 337 10
252 338 10
252 340 8
252 341 8
252 346 3
252 347 9
252 348 10
252 349 6
252 350 10
252 351 4
252 353 2
252 355 4
252 357 3
252 358 8
252 359 6
252 360 6
252 362 1
252 364 7
252 366 4
252 367 8
252 369 9
252 370 2
252 371 2
252 373 7
252 374 3
252 376 4
252 382 3
252 383 2
252 384 9
252 388 2
252 389 2
252 390 3
252 391 8
252 392 4
252 393 8
252 395 5
252 396 9
252 397 3
252 400 4
252 401 2
252 402 6
252 403 2
252 404 4
252 405 8
252 406 3
252 409 7
252 411 10
252 414 9
252 415 7
252 416 6
252 418 8
252 419 1
252 422 7
252 423 3
252 427 9
252 428 5
252 431 6
252 440 4
252 441 4
252 442 3
252 447 2
252 448 3
252 449 5
252 450 3
252 451 8
252 454 10
252 459 9
252 460 4
252 461 4
252 462 8
252 464 1
252 465 7
252 467 9
252 468 3
252 470 2
252 472 3
252 475 9
252 476 10
252 477 5
252 479 9
252 484 10
252 486 2
252 487 2
252 489 5
252 490 7
252 492 4
252 493 7
252 494 3
252 495 6
252 497 10
253 254 6
253 255 9
253 258 3
253 260 8
253 263 8
253 266 1
253 271 10
253 272 1
253 275 4
253 276 6
253 277 9
253 278 1
253 279 3
253 280 1
253 284 4
253 285 6
253 286 1
253 288 8
253 289 2
253 291 6
253 294 4
253 297 1
253 298 3
253 299 2
253 303 10
253 304 3
253 305 9
253 306 8
253 307 7
253 309 3
253 310 3
253 312 9
253 314 2
253 318 5
253 319 1
253 321 3
253 322 5
253 324 8
253 326 7
253 328 9
253 329 6
253 333 10
253 334 6
253 335 8
253 336 7
253 337 10
253 339 4
253 340 7
253 341 4
253 342 1
253 343 5
253 345 1
253 347 5
253 350 9
253 351 4
253 353 8
253 355 9
253 358 9
253 359 2
253 365 1
253 367 9
253 369 1
253 371 9
253 372 6
253 374 4
253 375 10
253 376 7
253 377 10
253 378 6
253 382 10
253 383 5
253 385 10
253 386 6
253 387 4
253 389 1
253 395 9
253 397 7
253 398 3
253 400 6
253 402 10
253 403 1
253 405 5
253 406 8
253 413 6
253 416 6
253 417 7
253 418 5
253 419 8
253 421 10
253 422 10
253 424 1
253 432 6
253 436 3
253 438 4
253 439 2
253 440 8
253 441 1
253 442 5
253 446 5
253 447 9
253 448 7
253 451 10
253 454 2
253 455 5
253 456 3
253 457 3
253 460 9
253 462 7
253 469 4
253 470 5
253 484 10
253 485 10
253 488 9
253 489 7
253 490 7
253 491 9
253 496 10
253 498 7
253 499 9
254 255 10
254 257 9
254 258 8
254 260 7
254 261 5
254 262 2
254 264 8
254 266 1
254 268 1
254 269 1
254 272 9
254 278 3
254 279 8
254 281 5
254 282 10
254 283 4
254 284 4
254 285 7
254 288 10
254 295 7
254 298 5
254 299 7
254 300 7
254 310 8
254 312 7
254 313 8
254 317 7
254 318 2
254 319 4
254 320 5
254 321 2
254 323 1
254 324 6
254 325 4
254 326 4
254 327 6
254 328 5
254 330 3
254 335 5
254 336 1
254 337 3
254 340 3
254 342 9
254 345 9
254 350 6
254 351 3
254 354 7
254 355 10
254 359 9
254 361 8
254 362 9
254 363 5
254 365 8
254 373 10
254 374 10
254 376 1
254 385 1
254 388 10
254 389 5
254 391 10
254 393 4
254 395 8
254 396 8
254 403 6
254 404 4
254 406 8
254 408 4
254 410 8
254 412 1
254 415 9
254 418 4
254 422 4
254 423 3
254 424 6
254 426 10
254 427 8
254 431 7
254 436 1
254 437 1
254 442 4
254 444 1
254 448 5
254 449 1
254 450 10
254 452 5
254 456 1
254 461 10
254 462 4
254 463 1
254 464 5
254 468 6
254 469 10
254 470 5
254 471 8
254 472 9
254 473 6
254 474 5
254 481 10
254 482 5
254 485 3
254 487 3
254 488 4
254 489 6
254 490 2
254 492 2
254 493 10
254 498 4
255 256 10
255 257 2
255 261 3
255 263 10
255 264 3
255 272 4
255 282 6
255 285 1
255 286 5
255 288 7
255 289 1
255 293 4
255 296 8
255 297 4
255 298 2
255 303 6
255 305 4
255 308 1
255 309 3
255 310 5
255 311 4
255 312 2
255 313 4
255 314 5
255 317 5
255 318 10
255 319 6
255 320 3
255 321 3
255 322 5
255 324 3
255 325 6
255 329 1
255 331 6
255 334 2
255 336 1
255 338 2
255 341 1
255 342 6
255 343 9
255 345 8
255 347 4
255 348 7
255 350 4
255 353 9
255 355 7
255 358 6
255 360 4
255 361 2
255 364 7
255 365 5
255 366 8
255 367 2
255 369 1
255 370 4
255 371 8
255 372 4
255 374 5
255 376 2
255 380 9
255 381 9
255 383 9
255 384 9
255 385 1
255 386 7
255 387 1
255 388 7
255 389 7
255 391 7
255 392 8
255 393 5
255 395 2
255 396 4
255 397 2
255 398 3
255 400 6
255 401 8
255 402 7
255 406 7
255 407 2
255 409 10
255 410 10
255 413 10
255 416 4
255 419 5
255 420 7
255 421 10
255 424 10
255 426 8
255 428 10
255 430 5
255 431 5
255 432 5
255 433 3
255 435 8
255 436 2
255 438 5
255 440 6
255 442 3
255 443 6
255 447 3
255 449 6
255 452 2
255 454 9
255 458 9
255 460 6
255 464 1
255 465 8
255 468 10
255 472 6
255 473 1
255 476 2
255 477 7
255 478 3
255 480 8
255 481 1
255 482 9
255 486 4
255 487 8
255 488 9
255 490 2
255 492 9
255 494 7
255 496 7
255 498 5
255 499 4
256 258 10
256 259 6
256 260 5
256 261 9
256 262 5
256 263 5
256 264 6
256 265 10
256 267 8
256 268 9
256 272 5
256 273 1
256 277 10
256 278 4
256 279 10
256 280 8
256 282 10
256 283 4
256 284 3
256 286 7
256 295 10
256 301 4
256 302 1
256 304 10
256 305 1
256 306 1
256 307 3
256 308 4
256 309 7
256 310 5
256 311 3
256 312 5
256 313 6
256 315 6
256 318 8
256 319 2
256 321 8
256 322 10
256 324 5
256 327 8
256 330 9
256 331 3
256 334 5
256 335 6
256 338 1
256 344 2
256 345 3
256 351 10
256 353 7
256 354 1
256 355 9
256 357 5
256 360 8
256 362 5
256 363 7
256 367 4
256 379 2
256 382 7
256 383 6
256 389 5
256 390 7
256 391 5
256 394 4
256 397 8
256 398 2
256 399 10
256 402 6
256 404 4
256 406 4
256 408 9
256 412 5
256 413 3
256 417 10
256 419 1
256 420 2
256 423 4
256 424 7
256 425 2
256 429 2
256 431 3
256 432 3
256 434 7
256 438 10
256 442 3
256 443 2
256 445 5
256 447 1
256 448 8
256 449 9
256 453 10
256 454 7
256 455 3
256 456 6
256 457 8
256 458 9
256 461 4
256 463 9
256 465 10
256 467 10
256 468 7
256 469 8
256 470 3
256 471 5
256 474 2
256 475 9
256 477 7
256 479 10
256 481 8
256 482 4
256 484 5
256 486 2
256 487 1
256 488 9
256 490 6
256 491 7
256 493 6
256 496 7
256 497 7
256 498 8
256 499 4
257 260 7
257 262 5
257 263 4
257 264 2
257 266 1
257 267 7
257 268 2
257 269 8
257 271 1
257 272 10
257 273 7
257 274 9
257 275 6
257 278 9
257 280 10
257 282 7
257 284 9
257 286 10
257 288 8
257 292 3
257 294 10
257 295 5
257 297 4
257 298 10
257 299 6
257 300 7
257 301 1
257 309 4
257 310 5
257 312 9
257 313 10
257 315 7
257 317 10
257 318 8
257 319 3
257 322 3
257 323 5
257 324 1
257 326 7
257 330 8
257 336 4
257 339 4
257 340 7
257 341 6
257 342 10
257 343 7
257 344 10
257 345 8
257 346 5
257 348 7
257 351 4
257 352 9
257 353 3
257 354 9
257 355 10
257 360 9
257 361 10
257 362 3
257 363 4
257 364 8
257 365 7
257 366 9
257 369 3
257 371 8
257 372 4
257 373 3
257 374 4
257 377 5
257 378 8
257 379 9
257 381 7
257 382 1
257 383 4
257 385 9
257 386 1
257 388 5
257 390 8
257 392 5
257 395 9
257 396 10
257 400 4
257 402 8
257 403 9
257 405 2
257 408 10
257 413 5
257 414 1
257 415 3
257 416 6
257 418 5
257 422 9
257 424 2
257 425 6
257 426 9
257 429 8
257 430 8
257 432 2
257 433 5
257 436 5
257 437 10
257 438 10
257 441 10
257 442 2
257 443 5
257 444 2
257 446 6
257 449 8
257 453 7
257 455 10
257 457 1
257 458 7
257 459 9
257 460 3
257 464 3
257 469 1
257 470 2
257 471 9
257 472 7
257 474 10
257 475 3
257 477 3
257 479 3
257 487 8
257 492 8
257 493 1
257 494 7
257 495 9
257 497 3
258 261 2
258 263 9
258 264 10
258 265 2
258 266 2
258 267 7
258 268 10
258 270 8
258 271 9
258 272 10
258 273 2
258 275 1
258 276 1
258 277 6
258 285 10
258 288 1
258 289 2
258 292 1
258 294 2
258 295 8
258 296 6
258 298 10
258 300 7
258 301 10
258 307 8
258 311 8
258 313 4
258 314 3
258 319 5
258 322 8
258 324 6
258 326 5
258 330 10
258 331 1
258 332 7
258 333 4
258 334 10
258 336 10
258 342 6
258 347 10
258 349 8
258 351 1
258 352 3
258 353 9
258 356 8
258 357 8
258 358 1
258 359 2
258 360 9
258 363 8
258 366 10
258 368 3
258 369 10
258 370 4
258 372 3
258 375 8
258 376 6
258 377 4
258 378 4
258 379 10
258 383 9
258 386 10
258 387 2
258 391 3
258 392 1
258 396 1
258 398 5
258 399 3
258 401 9
258 402 4
258 403 7
258 404 6
258 405 9
258 407 10
258 414 6
258 417 5
258 419 5
258 423 9
258 426 10
258 429 7
258 430 10
258 432 10
258 434 9
258 440 6
258 444 10
258 446 10
258 452 5
258 455 7
258 457 4
258 460 9
258 463 5
258 464 4
258 465 9
258 467 4
258 470 5
258 471 5
258 473 7
258 479 9
258 481 7
258 482 10
258 485 10
258 488 3
258 489 1
258 490 10
258 497 6
258 498 1
258 499 2
259 260 5
259 262 9
259 264 3
259 267 4
259 268 5
259 269 7
259 271 6
259 274 7
259 275 2
259 276 2
259 277 4
259 278 4
259 280 10
259 282 8
259 283 7
259 284 4
259 285 2
259 286 1
259 287 8
259 288 4
259 290 10
259 291 3
259 292 2
259 294 7
259 295 4
259 296 3
259 297 5
259 298 2
259 299 3
259 302 10
259 304 5
259 305 3
259 306 5
259 307 1
259 308 1
259 310 8
259 312 4
259 313 1
259 316 1
259 325 3
259 326 9
259 329 9
259 334 9
259 335 8
259 336 6
259 341 10
259 342 7
259 344 10
259 345 5
259 347 5
259 348 1
259 351 8
259 352 4
259 353 5
259 354 6
259 355 9
259 360 5
259 361 9
259 364 10
259 365 5
259 369 8
259 371 7
259 373 7
259 374 2
259 377 10
259 382 1
259 383 8
259 384 7
259 385 4
259 386 2
259 388 3
259 391 5
259 392 5
259 393 2
259 394 4
259 395 2
259 396 10
259 397 10
259 398 8
259 400 7
259 401 7
259 402 1
259 405 3
259 407 3
259 408 3
259 409 6
259 410 9
259 411 9
259 413 5
259 414 1
259 420 6
259 421 4
259 423 5
259 424 10
259 425 1
259 426 3
259 428 4
259 429 9
259 434 2
259 435 5
259 436 4
259 437 9
259 438 1
259 439 5
259 443 2
259 447 2
259 449 10
259 450 8
259 451 6
259 452 2
259 453 5
259 455 4
259 456 5
259 457 2
259 462 3
259 463 7
259 468 8
259 469 7
259 470 9
259 473 7
259 475 4
259 479 4
259 480 9
259 481 8
259 482 3
259 483 4
259 485 8
259 487 2
259 489 7
259 493 6
259 497 10
260 264 8
260 265 3
260 267 9
260 270 10
260 274 6
260 275 2
260 277 5
260 280 10
260 281 10
260 285 10
260 287 5
260 288 9
260 290 5
260 291 1
260 294 7
260 297 9
260 298 2
260 299 4
260 300 8
260 301 3
260 304 6
260 305 9
260 306 9
260 307 5
260 310 4
260 313 8
260 314 8
260 317 5
260 318 9
260 319 10
260 320 1
260 322 1
260 323 5
260 324 10
260 325 10
260 329 9
260 330 8
260 331 9
260 334 5
260 335 8
260 336 2
260 337 6
260 339 2
260 340 2
260 341 5
260 346 10
260 347 5
260 350 10
260 352 5
260 353 9
260 359 10
260 360 4
260 362 4
260 363 1
260 364 7
260 368 4
260 370 2
260 372 9
260 375 7
260 377 4
260 379 5
260 380 4
260 381 1
260 382 2
260 383 6
260 385 5
260 386 9
260 390 1
260 394 4
260 397 7
260 398 9
260 399 4
260 400 2
260 401 5
260 402 7
260 404 1
260 409 7
260 410 7
260 411 2
260 415 9
260 417 6
260 422 9
260 423 9
260 424 7
260 425 2
260 427 6
260 428 4
260 429 8
260 431 9
260 432 7
260 433 9
260 436 7
260 440 1
260 441 6
260 444 10
260 445 9
260 446 3
260 448 6
260 449 3
260 451 8
260 452 5
260 453 6
260 454 3
260 456 5
260 458 9
260 459 4
260 461 5
260 462 1
260 463 8
260 464 6
260 469 6
260 471 2
260 473 2
260 476 2
260 484 9
260 485 1
260 486 9
260 491 3
260 492 10
260 493 4
260 494 3
260 495 6
260 496 3
260 498 7
260 499 7
261 262 8
261 266 7
261 267 6
261 270 10
261 272 3
261 275 10
261 277 3
261 278 7
261 279 9
261 281 8
261 285 7
261 286 4
261 289 6
261 291 1
261 294 7
261 295 7
261 296 6
261 297 4
261 299 1
261 300 3
261 301 4
261 303 9
261 304 1
261 309 6
261 312 9
261 313 9
261 314 5
261 317 8
261 318 1
261 319 1
261 320 7
261 323 3
261 324 9
261 325 5
261 326 5
261 327 4
261 328 4
261 329 2
261 331 3
261 335 6
261 336 1
261 339 2
261 340 7
261 342 4
261 344 6
261 345 6
261 346 2
261 347 8
261 350 8
261 352 9
261 353 6
261 357 8
261 359 9
261 360 2
261 362 4
261 364 4
261 366 8
261 367 7
261 368 2
261 370 5
261 372 2
261 376 2
261 380 3
261 381 4
261 385 1
261 386 4
261 388 4
261 389 5
261 390 10
261 391 7
261 394 10
261 398 4
261 399 8
261 403 10
261 405 1
261 406 2
261 408 4
261 409 6
261 410 1
261 411 2
261 415 1
261 417 6
261 424 7
261 425 3
261 427 4
261 430 3
261 431 1
261 432 2
261 433 9
261 435 8
261 436 10
261 437 3
261 438 2
261 439 8
261 440 3
261 442 7
261 445 8
261 446 5
261 447 1
261 449 6
261 450 4
261 451 4
261 452 6
261 453 4
261 454 10
261 457 5
261 459 3
261 460 3
261 461 1
261 462 8
261 465 1
261 471 3
261 473 4
261 476 10
261 481 4
261 484 8
261 486 10
261 489 2
261 490 1
261 491 5
261 492 7
261 493 4
261 497 9
262 263 4
262 265 4
262 267 10
262 269 4
262 270 10
262 271 6
262 275 5
262 276 3
262 284 5
262 287 9
262 289 10
262 293 6
262 294 3
262 296 6
262 297 10
262 298 1
262 299 2
262 300 5
262 301 9
262 303 10
262 304 10
262 306 5
262 308 5
262 311 6
262 314 5
262 326 9
262 329 8
262 330 7
262 331 1
262 332 4
262 333 4
262 334 4
262 335 8
262 337 4
262 338 1
262 340 9
262 346 1
262 348 5
262 350 3
262 351 10
262 355 6
262 358 3
262 359 5
262 360 4
262 361 10
262 365 6
262 368 4
262 369 1
262 371 7
262 374 7
262 375 2
262 376 3
262 377 5
262 379 3
262 380 7
262 384 8
262 385 9
262 386 3
262 387 1
262 388 4
262 389 9
262 394 9
262 396 9
262 397 4
262 398 6
262 399 5
262 403 8
262 404 9
262 408 2
262 409 1
262 411 10
262 413 6
262 414 10
262 416 10
262 420 2
262 421 9
262 422 10
262 423 8
262 426 6
262 428 10
262 429 3
262 435 10
262 437 7
262 440 7
262 442 2
262 443 5
262 444 5
262 445 7
262 446 6
262 449 6
262 450 5
262 453 5
262 454 9
262 456 6
262 458 3
262 460 9
262 461 8
262 462 6
262 466 5
262 469 1
262 473 4
262 474 4
262 476 1
262 477 3
262 478 8
262 479 10
262 482 8
262 485 5
262 488 3
262 489 7
262 491 2
262 497 6
262 498 3
262 499 9
263 264 2
263 266 9
263 270 1
263 271 10
263 275 1
263 276 8
263 280 6
263 281 4
263 282 10
263 283 3
263 284 1
263 285 2
263 288 5
263 289 3
263 290 2
263 291 5
263 296 5
263 297 7
263 298 6
263 304 7
263 305 6
263 307 5
263 310 3
263 312 7
263 315 5
263 317 3
263 318 9
263 319 2
263 323 2
263 324 9
263 328 10
263 329 3
263 333 4
263 334 5
263 337 2
263 341 2
263 343 8
263 344 4
263 346 7
263 347 2
263 348 9
263 349 4
263 353 9
263 355 1
263 358 10
263 360 6
263 366 5
263 367 4
263 370 6
263 372 9
263 373 10
263 375 4
263 378 1
263 379 4
263 380 8
263 383 5
263 384 1
263 386 1
263 388 1
263 389 10
263 390 2
263 393 10
263 396 4
263 401 3
263 402 1
263 403 2
263 404 9
263 406 10
263 409 7
263 411 1
263 414 1
263 415 6
263 416 6
263 419 4
263 424 10
263 425 7
263 427 6
263 431 10
263 433 9
263 434 8
263 435 1
263 436 2
263 438 5
263 439 4
263 440 9
263 441 10
263 446 9
263 447 10
263 452 6
263 456 5
263 457 6
263 458 1
263 459 4
263 460 5
263 462 10
263 465 8
263 466 1
263 467 1
263 468 9
263 469 8
263 472 5
263 474 7
263 476 3
263 479 3
263 480 8
263 481 7
263 485 3
263 487 6
263 489 1
263 490 10
263 492 7
263 499 6
264 266 7
264 267 1
264 268 9
264 270 6
264 271 8
264 275 3
264 276 5
264 277 5
264 283 6
264 284 5
264 287 2
264 290 2
264 291 10
264 292 10
264 303 9
264 305 1
264 306 10
264 308 5
264 312 4
264 313 4
264 320 8
264 322 4
264 327 4
264 335 1
264 337 7
264 339 1
264 340 1
264 344 1
264 346 1
264 351 3
264 352 1
264 355 10
264 358 4
264 361 5
264 365 9
264 367 7
264 368 3
264 370 4
264 371 7
264 373 9
264 378 6
264 380 10
264 386 2
264 389 10
264 392 4
264 393 10
264 395 5
264 396 6
264 397 3
264 398 8
264 399 7
264 401 8
264 403 5
264 404 6
264 406 5
264 407 4
264 409 1
264 411 6
264 412 6
264 413 1
264 414 7
264 416 3
264 419 6
264 420 2
264 422 8
264 425 8
264 426 6
264 428 9
264 429 1
264 430 9
264 434 4
264 435 7
264 436 9
264 441 1
264 444 4
264 446 4
264 448 10
264 456 5
264 457 1
264 458 7
264 459 3
264 460 9
264 468 6
264 469 1
264 472 3
264 475 2
264 476 9
264 477 1
264 479 10
264 481 7
264 483 9
264 484 8
264 485 2
264 486 7
264 487 8
264 488 6
264 490 3
264 491 3
264 494 5
264 496 1
264 498 7
264 499 8
265 266 5
265 267 5
265 269 4
265 272 1
265 281 10
265 283 9
265 286 3
265 291 4
265 296 3
265 297 4
265 298 10
265 301 8
265 304 1
265 307 3
265 310 7
265 311 9
265 312 3
265 313 3
265 314 1
265 315 9
265 322 9
265 325 7
265 326 9
265 327 3
265 328 2
265 329 3
265 330 9
265 333 6
265 335 1
265 337 6
265 339 2
265 341 9
265 344 8
265 347 2
265 348 9
265 349 7
265 354 6
265 356 9
265 358 2
265 359 10
265 363 9
265 364 5
265 370 6
265 371 1
265 372 6
265 377 7
265 378 1
265 379 5
265 380 9
265 384 9
265 387 1
265 388 2
265 389 2
265 391 2
265 393 3
265 397 1
265 399 2
265 400 8
265 401 3
265 403 5
265 404 5
265 406 4
265 407 3
265 409 6
265 411 9
265 415 7
265 416 7
265 417 2
265 418 5
265 419 9
265 424 3
265 425 3
265 427 5
265 430 4
265 432 6
265 434 10
265 439 5
265 440 3
265 442 9
265 443 7
265 444 3
265 445 5
265 446 3
265 449 10
265 452 10
265 454 1
265 455 10
265 461 10
265 462 8
265 463 8
265 464 10
265 471 2
265 473 2
265 475 1
265 476 4
265 479 1
265 480 3
265 484 4
265 485 3
265 488 9
265 489 8
265 492 7
265 493 6
265 494 7
265 495 8
265 496 9
266 267 5
266 268 1
266 271 3
266 277 1
266 278 10
266 279 10
266 280 7
266 285 4
266 286 2
266 287 7
266 289 2
266 290 9
266 294 7
266 295 9
266 296 4
266 299 10
266 300 3
266 301 7
266 304 7
266 305 3
266 306 6
266 308 4
266 311 5
266 314 10
266 315 2
266 316 2
266 319 5
266 320 1
266 321 1
266 324 10
266 327 8
266 328 10
266 329 10
266 332 9
266 334 7
266 335 10
266 337 1
266 342 5
266 343 8
266 344 10
266 349 1
266 352 1
266 353 2
266 354 2
266 356 9
266 362 3
266 363 10
266 369 8
266 370 9
266 371 10
266 376 4
266 377 10
266 378 9
266 379 1
266 380 10
266 381 3
266 382 8
266 384 5
266 386 2
266 388 8
266 392 1
266 393 9
266 403 3
266 404 10
266 407 3
266 410 3
266 411 2
266 414 9
266 415 9
266 417 5
266 419 9
266 421 8
266 422 4
266 423 2
266 424 4
266 427 2
266 430 7
266 435 3
266 438 10
266 441 2
266 442 4
266 446 6
266 449 3
266 450 3
266 453 5
266 454 1
266 457 9
266 458 4
266 459 1
266 460 1
266 461 9
266 462 9
266 463 6
266 466 2
266 467 3
266 468 9
266 469 4
266 470 6
266 471 3
266 472 5
266 476 3
266 477 7
266 481 1
266 486 3
266 487 10
266 489 8
266 490 8
266 493 4
266 494 8
266 495 3
266 498 10
266 499 3
267 268 1
267 269 7
267 274 10
267 279 9
267 281 1
267 282 6
267 287 9
267 288 7
267 289 6
267 294 3
267 295 4
267 296 3
267 300 4
267 301 4
267 307 4
267 311 10
267 312 6
267 313 8
267 315 8
267 316 5
267 318 10
267 321 1
267 323 6
267 324 6
267 326 9
267 327 1
267 329 10
267 330 7
267 331 3
267 335 7
267 336 4
267 340 6
267 342 10
267 344 2
267 345 10
267 346 3
267 348 4
267 350 5
267 351 6
267 354 6
267 356 3
267 357 8
267 358 9
267 360 10
267 361 2
267 366 3
267 367 2
267 373 4
267 374 4
267 383 5
267 385 9
267 386 1
267 387 3
267 389 4
267 392 2
267 394 3
267 398 5
267 399 10
267 400 10
267 401 2
267 402 8
267 403 2
267 405 5
267 406 7
267 407 8
267 408 8
267 409 5
267 410 6
267 415 7
267 416 3
267 418 7
267 419 6
267 420 9
267 421 7
267 423 2
267 426 10
267 427 4
267 428 3
267 429 3
267 430 2
267 432 9
267 434 10
267 435 6
267 436 2
267 437 9
267 440 9
267 444 10
267 445 2
267 446 10
267 447 5
267 448 2
267 449 6
267 452 10
267 453 3
267 454 3
267 456 6
267 459 3
267 460 4
267 461 3
267 463 3
267 466 3
267 468 7
267 469 1
267 472 6
267 473 2
267 474 7
267 475 6
267 476 7
267 478 5
267 480 1
267 481 3
267 483 2
267 484 3
267 486 9
267 489 5
267 491 6
267 493 7
267 494 2
267 497 5
267 499 3
268 271 5
268 272 3
268 273 4
268 276 6
268 277 4
268 279 4
268 280 1
268 282 7
268 283 4
268 285 7
268 286 3
268 287 7
268 290 3
268 291 3
268 292 7
268 297 1
268 298 5
268 302 2
268 304 8
268 306 6
268 307 4
268 309 2
268 313 6
268 317 5
268 319 7
268 321 6
268 322 10
268 328 3
268 329 4
268 333 10
268 335 7
268 338 9
268 340 3
268 341 2
268 345 4
268 347 8
268 348 5
268 350 6
268 352 4
268 354 4
268 356 4
268 357 7
268 359 6
268 360 4
268 363 7
268 366 5
268 370 4
268 373 6
268 374 4
268 375 1
268 379 2
268 380 1
268 382 10
268 383 2
268 384 3
268 386 3
268 388 3
268 389 2
268 390 5
268 393 7
268 397 7
268 399 3
268 400 3
268 401 9
268 402 5
268 403 9
268 406 9
268 407 8
268 409 3
268 410 1
268 411 10
268 412 6
268 415 7
268 416 10
268 417 6
268 420 7
268 421 7
268 422 7
268 423 3
268 426 8
268 428 4
268 429 7
268 430 9
268 432 3
268 434 4
268 435 8
268 437 6
268 438 8
268 442 6
268 448 5
268 449 9
268 451 6
268 452 8
268 454 4
268 455 1
268 457 6
268 459 4
268 461 5
268 466 4
268 468 8
268 470 7
268 472 3
268 474 7
268 478 8
268 480 7
268 481 1
268 482 10
268 483 9
268 486 9
268 488 2
268 490 10
268 491 9
268 498 8
269 271 3
269 272 9
269 281 2
269 283 9
269 284 5
269 285 5
269 287 8
269 288 3
269 291 3
269 292 2
269 293 2
269 294 5
269 295 10
269 297 4
269 298 7
269 300 4
269 303 4
269 304 1
269 306 10
269 308 4
269 310 5
269 311 9
269 312 8
269 313 10
269 316 10
269 320 3
269 321 3
269 322 9
269 324 7
269 325 1
269 330 8
269 331 4
269 333 3
269 335 6
269 336 7
269 337 10
269 338 9
269 339 8
269 342 3
269 343 8
269 344 8
269 348 2
269 350 5
269 351 5
269 352 10
269 355 7
269 356 9
269 358 1
269 362 10
269 364 9
269 365 8
269 366 9
269 367 7
269 368 7
269 369 1
269 372 7
269 373 2
269 374 9
269 379 6
269 380 9
269 382 10
269 383 2
269 384 10
269 388 7
269 389 10
269 395 6
269 397 4
269 399 7
269 402 5
269 406 1
269 408 5
269 409 6
269 410 8
269 411 9
269 413 3
269 414 5
269 415 3
269 416 6
269 420 2
269 421 8
269 424 10
269 426 6
269 430 2
269 434 5
269 435 6
269 436 5
269 439 5
269 440 1
269 442 10
269 443 8
269 444 3
269 445 10
269 446 6
269 449 10
269 450 4
269 451 9
269 453 10
269 455 1
269 457 3
269 458 5
269 459 7
269 462 9
269 463 9
269 464 4
269 469 3
269 471 5
269 475 1
269 477 6
269 478 8
269 479 9
269 482 4
269 483 1
269 485 4
269 486 3
269 492 3
269 493 3
269 494 2
269 496 5
269 497 10
269 499 10
270 275 5
270 277 5
270 278 7
270 280 8
270 281 9
270 282 4
270 283 4
270 285 4
270 288 9
270 293 5
270 294 10
270 305 6
270 306 9
270 307 1
270 309 8
270 310 3
270 311 1
270 312 10
270 313 1
270 314 3
270 316 2
270 320 7
270 321 6
270 323 2
270 324 8
270 325 10
270 326 2
270 327 3
270 329 8
270 330 7
270 331 9
270 332 3
270 334 10
270 337 5
270 339 10
270 344 5
270 345 9
270 346 5
270 347 8
270 348 4
270 349 8
270 353 2
270 354 7
270 355 3
270 357 4
270 359 8
270 360 5
270 363 7
270 364 8
270 365 1
270 367 5
270 368 8
270 369 10
270 371 5
270 373 4
270 374 5
270 379 5
270 380 10
270 383 5
270 384 2
270 386 7
270 388 9
270 389 9
270 390 3
270 391 6
270 392 9
270 393 1
270 394 6
270 397 1
270 398 10
270 401 2
270 403 7
270 405 4
270 407 9
270 409 10
270 410 6
270 412 1
270 415 10
270 416 2
270 418 8
270 421 5
270 425 1
270 427 8
270 428 3
270 430 6
270 431 4
270 436 7
270 438 6
270 439 4
270 440 8
270 441 9
270 442 4
270 443 5
270 448 9
270 450 1
270 452 5
270 454 9
270 456 10
270 457 9
270 458 4
270 459 10
270 460 8
270 461 6
270 462 5
270 466 1
270 469 7
270 471 6
270 472 8
270 479 7
270 482 7
270 483 5
270 487 9
270 488 9
270 489 4
270 490 7
270 491 7
270 493 2
270 495 3
270 496 7
271 273 1
271 276 6
271 278 1
271 279 6
271 282 3
271 283 9
271 284 4
271 285 1
271 287 2
271 290 3
271 291 10
271 293 3
271 294 6
271 296 10
271 298 4
271 300 9
271 301 5
271 302 7
271 303 8
271 305 4
271 306 7
271 307 5
271 310 1
271 311 7
271 312 9
271 313 9
271 314 5
271 316 1
271 319 8
271 322 3
271 323 7
271 324 1
271 325 2
271 327 1
271 328 2
271 331 1
271 332 1
271 334 1
271 335 1
271 337 1
271 338 4
271 341 4
271 342 7
271 343 8
271 345 1
271 348 3
271 349 5
271 350 3
271 351 6
271 352 7
271 354 2
271 356 1
271 357 9
271 358 2
271 362 9
271 366 3
271 368 9
271 369 10
271 370 6
271 374 6
271 375 1
271 380 2
271 383 9
271 384 9
271 385 1
271 392 3
271 396 5
271 398 7
271 400 2
271 404 9
271 405 1
271 408 3
271 410 10
271 411 2
271 417 4
271 420 10
271 421 3
271 424 8
271 427 2
271 428 10
271 429 6
271 431 8
271 433 6
271 434 5
271 435 10
271 436 3
271 437 4
271 438 5
271 440 4
271 441 10
271 445 5
271 448 2
271 450 10
271 454 6
271 459 6
271 460 2
271 461 7
271 462 7
271 469 1
271 470 1
271 472 2
271 474 3
271 476 7
271 480 10
271 482 6
271 483 2
271 485 6
271 487 2
271 495 6
271 496 6
271 499 10
272 275 2
272 276 6
272 278 1
272 280 2
272 282 4
272 287 9
272 290 7
272 292 5
272 293 5
272 296 4
272 298 4
272 300 9
272 301 6
272 303 8
272 311 6
272 313 2
272 316 3
272 317 2
272 318 6
272 321 2
272 323 9
272 325 9
272 327 10
272 331 9
272 332 8
272 333 9
272 334 5
272 335 8
272 341 8
272 342 5
272 343 4
272 347 8
272 353 4
272 354 10
272 355 9
272 356 4
272 357 1
272 360 5
272 361 9
272 365 7
272 366 10
272 368 9
272 369 5
272 377 7
272 378 8
272 379 9
272 383 9
272 387 9
272 388 10
272 390 6
272 391 3
272 392 9
272 393 9
272 394 5
272 395 3
272 399 8
272 400 2
272 401 7
272 404 9
272 405 9
272 406 6
272 407 1
272 408 1
272 413 2
272 416 6
272 419 1
272 420 6
272 421 10
272 427 9
272 428 6
272 429 10
272 430 8
272 431 7
272 432 3
272 433 3
272 435 1
272 436 5
272 437 9
272 441 7
272 442 1
272 446 9
272 448 6
272 452 5
272 454 7
272 458 7
272 459 8
272 460 6
272 461 2
272 462 3
272 464 1
272 467 5
272 470 2
272 471 3
272 477 10
272 480 8
272 481 3
272 482 4
272 484 2
272 485 2
272 486 8
272 488 3
272 494 9
272 497 8
272 499 6
273 274 8
273 275 3
273 276 9
273 280 8
273 281 5
273 282 8
273 284 8
273 287 3
273 288 7
273 294 6
273 296 6
273 297 6
273 298 5
273 299 5
273 300 4
273 304 8
273 305 8
273 306 2
273 307 8
273 311 10
273 313 9
273 314 1
273 317 3
273 325 8
273 327 3
273 328 4
273 329 10
273 330 1
273 331 9
273 334 6
273 335 2
273 336 4
273 337 2
273 338 4
273 339 8
273 340 7
273 343 3
273 348 7
273 350 3
273 351 4
273 353 9
273 354 6
273 356 9
273 359 6
273 360 6
273 362 3
273 363 8
273 367 3
273 368 6
273 370 3
273 371 2
273 372 3
273 374 9
273 375 9
273 376 2
273 377 5
273 378 5
273 380 5
273 381 5
273 383 10
273 384 1
273 385 8
273 395 6
273 398 3
273 399 7
273 402 9
273 403 10
273 404 1
273 405 2
273 410 4
273 412 10
273 417 6
273 418 4
273 419 4
273 420 4
273 422 3
273 425 6
273 426 2
273 427 7
273 430 3
273 432 4
273 433 8
273 434 5
273 436 6
273 437 5
273 438 5
273 443 10
273 448 10
273 449 10
273 450 6
273 452 5
273 455 7
273 459 9
273 461 5
273 462 5
273 467 10
273 468 2
273 470 1
273 473 6
273 474 4
273 475 6
273 477 8
273 482 9
273 483 8
273 486 9
273 487 1
273 490 9
273 491 8
273 492 4
273 494 6
273 495 3
273 496 8
273 497 10
273 499 6
274 275 5
274 276 1
274 277 1
274 278 6
274 282 7
274 283 3
274 284 1
274 285 3
274 288 8
274 289 8
274 290 7
274 293 7
274 294 6
274 295 4
274 297 5
274 299 2
274 305 5
274 307 9
274 310 2
274 312 3
274 313 7
274 314 3
274 316 7
274 319 1
274 321 7
274 323 7
274 324 1
274 326 5
274 328 10
274 329 9
274 330 3
274 331 2
274 332 8
274 333 9
274 334 6
274 337 8
274 338 1
274 339 7
274 343 10
274 344 1
274 348 6
274 350 7
274 351 1
274 354 2
274 357 9
274 358 2
274 359 5
274 364 3
274 367 3
274 368 1
274 370 9
274 371 7
274 373 3
274 375 5
274 376 2
274 378 7
274 379 5
274 381 5
274 383 7
274 385 10
274 387 6
274 389 10
274 393 2
274 394 10
274 397 3
274 399 2
274 400 9
274 401 6
274 402 7
274 403 1
274 409 7
274 410 5
274 411 8
274 412 10
274 413 2
274 415 10
274 417 8
274 419 3
274 420 7
274 423 4
274 424 2
274 426 7
274 427 9
274 432 1
274 435 9
274 438 8
274 442 10
274 443 9
274 448 10
274 449 8
274 452 7
274 454 1
274 456 9
274 457 5
274 458 7
274 459 8
274 460 6
274 464 5
274 465 2
274 469 10
274 471 3
274 473 3
274 474 3
274 475 8
274 476 7
274 477 9
274 478 8
274 480 4
274 481 4
274 483 3
274 486 2
274 487 7
274 488 3
274 489 8
274 490 4
274 491 7
274 494 2
274 495 2
274 498 5
275 278 3
275 279 1
275 280 7
275 281 5
275 282 9
275 283 5
275 285 7
275 286 3
275 287 4
275 288 5
275 289 4
275 290 7
275 291 10
275 293 1
275 295 7
275 296 1
275 297 6
275 298 8
275 299 1
275 300 7
275 301 1
275 302 9
275 307 10
275 309 5
275 310 1
275 311 3
275 313 7
275 314 10
275 317 7
275 321 5
275 324 1
275 328 3
275 330 5
275 333 10
275 336 1
275 338 9
275 339 7
275 340 1
275 341 6
275 342 2
275 349 8
275 350 8
275 351 9
275 352 7
275 353 4
275 354 9
275 357 9
275 358 5
275 360 7
275 363 2
275 365 6
275 366 2
275 373 10
275 376 1
275 379 8
275 383 9
275 387 9
275 390 3
275 391 4
275 392 6
275 396 2
275 397 8
275 399 5
275 401 1
275 408 1
275 409 7
275 410 7
275 411 7
275 412 9
275 414 8
275 417 3
275 418 1
275 422 4
275 423 2
275 424 5
275 426 6
275 430 8
275 432 9
275 434 7
275 435 7
275 436 5
275 438 2
275 440 10
275 442 1
275 444 7
275 447 5
275 448 10
275 449 1
275 450 3
275 452 2
275 455 8
275 456 9
275 457 2
275 459 6
275 460 4
275 461 3
275 463 9
275 464 9
275 465 8
275 470 6
275 471 10
275 473 2
275 475 2
275 478 7
275 479 2
275 480 4
275 483 1
275 484 1
275 486 8
275 488 4
275 491 9
275 493 10
275 496 10
275 499 5
276 278 7
276 281 7
276 282 6
276 285 10
276 286 6
276 289 5
276 293 10
276 294 10
276 295 2
276 298 6
276 300 10
276 305 10
276 307 10
276 309 10
276 311 2
276 314 5
276 316 6
276 317 1
276 319 6
276 320 9
276 321 3
276 322 1
276 324 7
276 327 10
276 328 3
276 329 8
276 330 8
276 331 5
276 332 8
276 335 2
276 337 9
276 341 3
276 345 9
276 346 1
276 349 2
276 350 10
276 351 6
276 352 7
276 354 2
276 355 2
276 360 5
276 361 9
276 363 4
276 364 4
276 366 3
276 368 1
276 369 5
276 373 2
276 374 4
276 375 1
276 377 9
276 379 9
276 381 6
276 382 10
276 384 7
276 386 10
276 388 3
276 389 10
276 390 10
276 391 3
276 392 2
276 393 2
276 396 10
276 398 10
276 399 2
276 403 8
276 405 5
276 407 5
276 408 4
276 409 3
276 417 9
276 419 9
276 422 1
276 423 9
276 426 2
276 430 4
276 431 4
276 433 3
276 434 10
276 435 7
276 437 4
276 439 3
276 441 9
276 442 2
276 446 2
276 451 1
276 453 6
276 457 6
276 459 2
276 461 6
276 464 1
276 466 8
276 471 4
276 475 1
276 476 5
276 478 4
276 481 6
276 486 1
276 489 4
276 490 2
276 492 5
276 493 5
276 494 5
276 495 9
276 499 1
277 278 10
277 279 4
277 285 5
277 286 4
277 289 3
277 290 7
277 291 10
277 292 5
277 295 5
277 297 2
277 302 10
277 303 2
277 305 5
277 306 6
277 307 7
277 309 8
277 313 6
277 314 4
277 316 10
277 318 10
277 319 8
277 320 6
277 322 10
277 323 9
277 325 2
277 326 7
277 327 1
277 328 9
277 329 3
277 331 7
277 332 5
277 336 2
277 337 7
277 338 10
277 339 7
277 342 10
277 345 10
277 347 4
277 357 3
277 358 7
277 359 2
277 360 10
277 362 1
277 364 2
277 365 3
277 367 3
277 368 5
277 370 5
277 372 2
277 374 2
277 375 2
277 377 6
277 378 9
277 382 6
277 386 9
277 387 5
277 388 2
277 389 10
277 390 8
277 391 4
277 392 9
277 394 7
277 395 8
277 396 1
277 397 1
277 398 10
277 400 4
277 403 4
277 404 4
277 405 8
277 408 2
277 411 10
277 414 3
277 415 3
277 416 6
277 420 7
277 422 9
277 423 9
277 424 4
277 425 3
277 426 8
277 427 6
277 428 8
277 431 6
277 432 10
277 433 2
277 434 10
277 435 10
277 437 9
277 438 2
277 439 8
277 440 2
277 445 2
277 446 5
277 447 3
277 448 6
277 449 1
277 452 9
277 453 4
277 454 9
277 457 5
277 458 7
277 459 8
277 460 10
277 462 1
277 463 6
277 465 8
277 466 1
277 467 8
277 469 9
277 470 10
277 475 8
277 477 3
277 479 5
277 483 5
277 484 3
277 485 2
277 489 8
277 490 1
277 491 4
277 492 1
277 495 6
277 497 1
278 279 2
278 280 3
278 281 8
278 284 10
278 285 2
278 286 2
278 288 5
278 290 1
278 294 5
278 296 6
278 299 4
278 300 4
278 301 5
278 302 1
278 303 10
278 306 9
278 307 2
278 308 2
278 309 5
278 312 10
278 313 2
278 314 3
278 315 6
278 317 4
278 319 1
278 320 3
278 321 8
278 325 2
278 327 3
278 333 10
278 335 10
278 337 6
278 338 2
278 339 2
278 340 8
278 341 8
278 342 10
278 344 1
278 346 2
278 349 10
278 350 10
278 352 5
278 355 3
278 356 2
278 357 1
278 358 3
278 359 2
278 362 2
278 364 8
278 365 4
278 367 4
278 369 1
278 371 9
278 373 10
278 377 4
278 381 2
278 382 5
278 383 6
278 385 2
278 390 4
278 393 8
278 394 1
278 399 8
278 402 8
278 406 9
278 408 6
278 410 2
278 414 3
278 416 2
278 418 7
278 419 7
278 420 6
278 422 9
278 424 10
278 428 7
278 431 6
278 433 9
278 434 1
278 435 3
278 439 10
278 440 9
278 441 3
278 443 9
278 444 8
278 446 1
278 448 1
278 452 4
278 456 5
278 457 8
278 459 1
278 462 2
278 464 6
278 465 8
278 466 7
278 467 5
278 471 7
278 472 6
278 473 10
278 477 4
278 479 8
278 481 1
278 484 8
278 486 10
278 487 1
278 491 7
278 492 10
278 494 5
278 495 7
278 498 8
279 280 3
279 285 10
279 287 10
279 288 10
279 295 6
279 296 9
279 297 3
279 300 1
279 301 3
279 302 7
279 305 1
279 308 7
279 309 9
279 310 7
279 311 10
279 312 3
279 313 2
279 314 9
279 315 5
279 326 3
279 328 6
279 329 3
279 331 5
279 333 7
279 334 5
279 335 10
279 336 5
279 339 4
279 341 6
279 342 2
279 344 4
279 346 5
279 348 10
279 349 4
279 350 9
279 352 2
279 357 4
279 358 7
279 359 10
279 362 2
279 363 9
279 364 8
279 367 4
279 370 5
279 371 2
279 372 7
279 374 1
279 375 1
279 376 4
279 377 4
279 378 4
279 379 10
279 380 7
279 381 10
279 382 1
279 383 8
279 385 3
279 386 2
279 387 2
279 388 4
279 389 7
279 390 7
279 393 10
279 394 9
279 396 4
279 398 4
279 399 10
279 400 8
279 402 10
279 403 3
279 405 6
279 407 10
279 409 9
279 412 7
279 414 8
279 415 8
279 416 9
279 417 8
279 421 10
279 423 1
279 424 7
279 427 4
279 429 4
279 432 8
279 436 4
279 437 9
279 438 7
279 439 3
279 441 2
279 443 8
279 445 3
279 446 2
279 447 10
279 448 8
279 449 7
279 451 5
279 452 5
279 453 10
279 455 8
279 458 8
279 459 9
279 461 3
279 465 7
279 466 10
279 467 4
279 468 3
279 469 3
279 470 2
279 472 6
279 473 8
279 476 3
279 477 6
279 479 4
279 480 8
279 482 9
279 484 10
279 486 9
279 487 7
279 488 4
279 489 10
279 494 8
279 495 8
279 497 5
280 286 5
280 288 6
280 290 4
280 291 5
280 293 8
280 295 9
280 296 5
280 298 9
280 299 6
280 301 2
280 302 6
280 303 9
280 304 7
280 306 6
280 307 2
280 308 3
280 310 7
280 314 2
280 315 3
280 316 8
280 317 1
280 318 8
280 320 9
280 321 9
280 322 6
280 324 9
280 326 5
280 327 10
280 328 7
280 330 3
280 331 10
280 337 4
280 339 1
280 343 1
280 344 2
280 346 1
280 347 3
280 352 9
280 354 3
280 355 8
280 356 2
280 357 2
280 358 7
280 360 7
280 361 9
280 362 7
280 365 3
280 367 8
280 368 8
280 370 2
280 371 2
280 373 7
280 376 2
280 377 5
280 378 2
280 379 5
280 380 7
280 383 6
280 384 9
280 386 2
280 388 2
280 390 5
280 391 8
280 392 1
280 395 6
280 396 2
280 398 10
280 403 1
280 404 6
280 405 6
280 406 4
280 412 3
280 413 3
280 414 1
280 420 7
280 421 9
280 422 6
280 424 6
280 426 1
280 428 8
280 429 6
280 431 8
280 432 4
280 433 2
280 438 7
280 441 3
280 444 7
280 448 10
280 449 5
280 450 10
280 451 7
280 452 5
280 453 1
280 459 2
280 464 1
280 465 4
280 466 7
280 467 10
280 468 6
280 469 2
280 472 5
280 475 8
280 477 8
280 479 5
280 480 7
280 481 2
280 482 4
280 483 3
280 484 2
280 485 10
280 491 5
280 493 4
281 284 3
281 285 7
281 287 4
281 288 3
281 292 1
281 294 9
281 296 10
281 299 2
281 303 10
281 304 9
281 312 1
281 314 5
281 317 4
281 318 4
281 319 5
281 321 10
281 325 2
281 326 10
281 328 8
281 331 1
281 332 3
281 333 4
281 334 3
281 335 10
281 336 6
281 338 7
281 339 2
281 341 6
281 342 5
281 346 2
281 348 9
281 351 5
281 353 6
281 354 4
281 355 7
281 358 10
281 359 2
281 361 7
281 362 7
281 366 1
281 368 6
281 369 10
281 375 6
281 376 2
281 377 9
281 378 3
281 379 7
281 383 10
281 384 4
281 386 1
281 392 6
281 393 5
281 396 1
281 399 4
281 400 3
281 404 6
281 406 2
281 407 4
281 408 10
281 409 6
281 410 8
281 411 3
281 412 6
281 414 1
281 417 5
281 418 9
281 422 5
281 423 3
281 425 7
281 429 9
281 431 1
281 436 7
281 440 5
281 442 7
281 446 7
281 447 2
281 448 4
281 450 2
281 454 7
281 455 2
281 463 3
281 465 4
281 467 5
281 468 1
281 470 5
281 472 8
281 477 10
281 479 6
281 485 7
281 487 4
281 488 2
281 489 9
281 490 6
281 492 3
281 493 8
281 494 3
281 495 9
281 496 6
281 499 1
282 283 3
282 284 8
282 286 3
282 287 9
282 291 3
282 293 6
282 294 5
282 295 6
282 296 8
282 297 10
282 299 10
282 303 3
282 304 5
282 306 2
282 307 6
282 312 1
282 313 8
282 317 4
282 318 8
282 319 3
282 320 7
282 321 7
282 323 8
282 326 10
282 329 4
282 330 1
282 331 4
282 332 8
282 333 3
282 334 10
282 336 2
282 337 7
282 338 4
282 344 8
282 346 2
282 347 7
282 351 9
282 355 6
282 357 4
282 363 7
282 364 3
282 365 7
282 366 1
282 367 6
282 369 4
282 371 8
282 375 4
282 378 5
282 379 8
282 380 5
282 381 1
282 384 6
282 386 7
282 388 8
282 389 7
282 391 3
282 393 5
282 394 1
282 395 3
282 397 4
282 399 7
282 400 8
282 407 10
282 408 9
282 409 10
282 412 4
282 413 2
282 414 10
282 419 7
282 423 6
282 424 5
282 426 2
282 427 8
282 429 10
282 433 3
282 434 4
282 436 3
282 437 1
282 438 3
282 439 6
282 449 4
282 453 7
282 454 10
282 455 3
282 456 8
282 458 6
282 459 8
282 460 3
282 461 7
282 463 2
282 465 10
282 467 9
282 470 1
282 471 10
282 475 2
282 477 5
282 479 4
282 480 10
282 481 7
282 482 2
282 483 6
282 490 8
282 491 5
282 493 4
282 495 3
282 496 9
282 498 1
283 287 5
283 290 4
283 293 5
283 294 8
283 295 8
283 296 6
283 304 7
283 311 5
283 312 9
283 317 4
283 319 1
283 320 6
283 321 6
283 323 8
283 325 5
283 328 8
283 329 9
283 330 10
283 332 1
283 333 7
283 334 5
283 335 1
283 336 8
283 337 7
283 338 6
283 339 7
283 340 2
283 342 8
283 343 8
283 344 3
283 347 2
283 348 5
283 352 3
283 354 6
283 355 8
283 357 7
283 359 9
283 362 9
283 363 5
283 366 5
283 367 7
283 369 6
283 370 1
283 371 6
283 372 1
283 375 5
283 376 5
283 377 5
283 378 9
283 379 10
283 381 7
283 382 5
283 383 3
283 384 1
283 388 6
283 390 7
283 391 3
283 393 4
283 395 4
283 399 1
283 401 6
283 406 6
283 407 8
283 408 6
283 409 6
283 410 6
283 412 9
283 418 8
283 419 7
283 421 1
283 425 2
283 428 8
283 429 8
283 432 2
283 435 5
283 436 5
283 437 5
283 440 9
283 442 4
283 443 10
283 444 2
283 448 3
283 449 3
283 450 4
283 452 7
283 454 7
283 455 10
283 456 5
283 457 2
283 458 4
283 461 10
283 463 3
283 464 4
283 465 7
283 466 9
283 471 6
283 472 5
283 474 9
283 475 10
283 480 9
283 481 3
283 482 10
283 483 4
283 484 8
283 486 5
283 487 1
283 488 7
283 489 7
283 491 8
283 494 6
283 496 9
283 499 10
284 285 5
284 286 1
284 289 3
284 290 5
284 291 7
284 294 9
284 296 6
284 298 6
284 300 7
284 302 10
284 303 3
284 304 1
284 305 9
284 307 1
284 308 4
284 310 10
284 311 10
284 313 5
284 314 7
284 318 3
284 319 6
284 320 4
284 324 6
284 325 7
284 326 9
284 327 5
284 328 5
284 329 8
284 331 10
284 333 3
284 334 7
284 335 2
284 338 6
284 339 9
284 342 10
284 344 5
284 345 9
284 346 8
284 347 10
284 348 4
284 349 8
284 350 5
284 353 1
284 354 6
284 356 9
284 357 8
284 358 3
284 359 2
284 361 3
284 363 6
284 364 4
284 366 4
284 371 8
284 373 1
284 374 7
284 375 10
284 377 4
284 378 6
284 379 5
284 380 4
284 384 10
284 386 2
284 389 10
284 391 9
284 392 9
284 393 9
284 394 10
284 396 9
284 398 4
284 399 7
284 401 9
284 404 7
284 406 7
284 409 8
284 412 3
284 413 7
284 417 5
284 418 6
284 420 4
284 421 3
284 422 2
284 423 2
284 428 1
284 431 3
284 432 1
284 433 6
284 437 8
284 440 3
284 441 7
284 443 3
284 445 6
284 446 5
284 453 8
284 455 2
284 456 3
284 457 7
284 460 9
284 462 10
284 465 9
284 468 9
284 469 10
284 470 6
284 472 9
284 475 8
284 476 2
284 477 2
284 480 1
284 481 1
284 485 3
284 486 6
284 487 4
284 490 6
284 491 8
284 493 9
284 494 7
284 496 1
285 286 10
285 287 3
285 295 2
285 298 8
285 299 7
285 303 9
285 307 6
285 309 2
285 311 5
285 312 3
285 316 5
285 318 9
285 319 1
285 320 1
285 323 2
285 324 2
285 325 7
285 330 6
285 331 4
285 332 7
285 333 10
285 334 4
285 335 6
285 337 1
285 341 5
285 344 8
285 345 7
285 346 9
285 348 2
285 353 3
285 356 6
285 357 5
285 359 10
285 360 10
285 361 4
285 365 2
285 366 10
285 369 2
285 370 10
285 372 1
285 375 8
285 376 8
285 377 1
285 380 2
285 381 5
285 382 10
285 384 3
285 386 4
285 389 7
285 392 4
285 393 2
285 396 5
285 398 6
285 403 3
285 409 8
285 413 10
285 414 8
285 417 8
285 421 7
285 423 7
285 425 2
285 426 10
285 427 4
285 428 1
285 430 5
285 431 1
285 432 9
285 433 5
285 434 5
285 435 4
285 437 7
285 440 7
285 443 5
285 446 7
285 449 10
285 451 9
285 452 2
285 454 9
285 456 6
285 459 5
285 463 9
285 467 2
285 471 6
285 472 1
285 477 8
285 480 7
285 481 7
285 485 1
285 488 10
285 490 8
285 492 1
285 495 9
285 496 7
285 497 1
285 498 10
285 499 3
286 287 8
286 289 6
286 290 4
286 292 5
286 296 1
286 297 6
286 300 5
286 302 3
286 306 6
286 308 6
286 309 1
286 310 3
286 311 10
286 314 3
286 316 7
286 321 3
286 322 4
286 323 2
286 324 3
286 332 2
286 333 8
286 334 7
286 338 8
286 339 7
286 340 9
286 341 1
286 342 6
286 343 1
286 345 6
286 346 7
286 348 6
286 349 8
286 350 7
286 353 1
286 354 7
286 360 9
286 362 8
286 363 5
286 364 10
286 366 1
286 367 3
286 368 6
286 371 1
286 372 10
286 376 2
286 377 8
286 379 4
286 380 3
286 383 6
286 384 3
286 386 6
286 387 9
286 388 7
286 390 7
286 392 6
286 393 10
286 394 4
286 395 6
286 396 9
286 398 7
286 399 9
286 401 10
286 402 7
286 404 10
286 407 6
286 410 1
286 411 9
286 413 5
286 414 3
286 415 10
286 417 3
286 418 1
286 420 6
286 422 1
286 424 4
286 426 1
286 427 3
286 430 8
286 431 1
286 432 4
286 433 8
286 434 2
286 436 1
286 441 2
286 442 10
286 445 1
286 447 2
286 449 10
286 452 9
286 454 4
286 455 7
286 457 6
286 458 8
286 461 2
286 463 6
286 464 6
286 465 10
286 468 5
286 471 3
286 472 9
286 476 5
286 478 2
286 483 6
286 484 5
286 486 4
286 487 6
286 488 8
286 489 9
286 493 7
287 289 3
287 290 6
287 292 10
287 294 5
287 296 1
287 297 4
287 299 1
287 301 1
287 303 3
287 305 9
287 307 3
287 309 1
287 310 7
287 311 6
287 313 6
287 316 1
287 317 2
287 320 1
287 321 4
287 322 6
287 324 6
287 325 9
287 328 4
287 331 1
287 332 9
287 333 3
287 337 9
287 338 4
287 339 8
287 340 6
287 342 8
287 346 5
287 349 4
287 350 7
287 351 7
287 352 4
287 354 3
287 356 6
287 359 3
287 360 4
287 363 1
287 364 3
287 365 7
287 366 2
287 369 6
287 371 10
287 372 10
287 377 8
287 379 1
287 380 1
287 381 10
287 382 8
287 383 10
287 386 5
287 393 9
287 394 9
287 397 7
287 399 10
287 400 4
287 402 3
287 404 8
287 406 5
287 407 4
287 409 7
287 411 1
287 412 1
287 413 1
287 414 6
287 415 7
287 416 6
287 417 1
287 418 2
287 420 2
287 422 6
287 424 5
287 427 9
287 428 3
287 432 4
287 433 4
287 434 7
287 437 3
287 441 10
287 443 10
287 444 10
287 445 6
287 446 9
287 447 5
287 449 1
287 451 7
287 452 10
287 453 3
287 454 5
287 455 2
287 459 7
287 460 7
287 461 7
287 462 8
287 464 9
287 468 6
287 469 1
287 470 3
287 471 1
287 474 5
287 477 1
287 480 1
287 484 3
287 488 8
287 490 3
287 491 2
287 497 8
288 289 7
288 290 7
288 292 8
288 295 2
288 296 3
288 298 10
288 299 3
288 303 5
288 304 2
288 305 9
288 308 8
288 309 5
288 310 5
288 311 6
288 312 2
288 313 5
288 314 5
288 316 8
288 317 1
288 318 3
288 319 5
288 320 4
288 321 1
288 322 9
288 325 3
288 327 10
288 333 4
288 334 5
288 335 10
288 336 7
288 338 5
288 339 8
288 340 6
288 343 3
288 344 10
288 346 9
288 350 2
288 352 7
288 356 8
288 357 5
288 360 2
288 361 9
288 365 2
288 366 9
288 367 1
288 370 3
288 371 8
288 375 6
288 378 9
288 381 3
288 383 3
288 387 1
288 388 4
288 391 7
288 392 8
288 393 6
288 394 6
288 396 3
288 397 9
288 400 3
288 402 8
288 403 10
288 405 3
288 406 8
288 409 1
288 412 1
288 413 8
288 414 5
288 415 3
288 416 1
288 417 4
288 418 2
288 420 4
288 421 9
288 422 7
288 424 8
288 427 3
288 428 6
288 430 5
288 432 3
288 434 6
288 435 6
288 436 8
288 438 7
288 439 1
288 441 1
288 444 8
288 446 10
288 449 6
288 451 4
288 458 7
288 460 5
288 461 8
288 463 5
288 464 6
288 466 3
288 467 8
288 468 7
288 469 2
288 471 2
288 472 7
288 473 9
288 475 3
288 476 6
288 477 10
288 479 2
288 481 8
288 482 5
288 485 6
288 487 4
288 490 6
288 491 7
288 492 10
288 493 6
288 494 8
288 495 2
288 498 2
288 499 2
289 290 6
289 292 5
289 294 1
289 295 6
289 300 7
289 301 2
289 304 4
289 306 4
289 307 7
289 309 3
289 311 2
289 313 7
289 314 4
289 315 5
289 316 2
289 318 7
289 319 3
289 320 7
289 321 1
289 322 7
289 323 4
289 324 7
289 326 10
289 327 6
289 328 2
289 330 4
289 331 10
289 332 1
289 334 5
289 335 2
289 339 1
289 340 7
289 342 4
289 343 1
289 344 4
289 348 10
289 352 7
289 357 9
289 358 8
289 362 1
289 363 1
289 366 5
289 367 7
289 368 5
289 369 5
289 371 5
289 372 8
289 373 10
289 379 10
289 380 1
289 381 6
289 383 5
289 385 2
289 386 4
289 388 6
289 394 8
289 395 4
289 396 7
289 397 1
289 399 2
289 400 6
289 401 4
289 402 3
289 404 6
289 405 5
289 406 9
289 407 8
289 408 1
289 409 8
289 413 1
289 414 6
289 415 9
289 419 9
289 420 8
289 422 3
289 423 3
289 424 6
289 426 3
289 428 4
289 430 8
289 431 9
289 432 5
289 435 1
289 437 7
289 440 7
289 441 5
289 443 3
289 449 3
289 451 4
289 453 6
289 454 7
289 455 8
289 462 3
289 464 1
289 466 5
289 467 9
289 468 6
289 470 8
289 472 5
289 474 3
289 475 10
289 476 7
289 477 1
289 480 2
289 481 4
289 482 8
289 483 7
289 484 7
289 485 6
289 488 7
289 489 7
289 490 4
289 491 1
289 492 5
289 493 3
289 495 4
289 496 1
289 499 8
290 291 5
290 292 8
290 294 2
290 295 5
290 300 10
290 301 2
290 306 3
290 308 3
290 309 1
290 316 7
290 317 5
290 319 6
290 325 8
290 329 1
290 334 3
290 335 5
290 336 8
290 341 5
290 342 5
290 343 3
290 344 1
290 346 4
290 347 8
290 348 6
290 349 4
290 350 9
290 351 1
290 355 6
290 356 8
290 361 3
290 362 9
290 363 10
290 364 7
290 370 8
290 371 10
290 373 2
290 376 3
290 377 10
290 378 8
290 379 3
290 381 1
290 383 7
290 384 10
290 385 10
290 386 4
290 388 5
290 389 10
290 391 4
290 392 4
290 394 7
290 395 10
290 396 3
290 397 4
290 399 10
290 401 5
290 403 7
290 406 5
290 407 10
290 410 1
290 411 4
290 415 10
290 416 7
290 417 3
290 419 1
290 422 10
290 425 8
290 427 7
290 428 2
290 429 4
290 430 1
290 432 9
290 433 3
290 434 2
290 435 10
290 436 1
290 437 9
290 440 6
290 442 4
290 443 1
290 446 7
290 447 10
290 449 7
290 450 6
290 451 4
290 454 9
290 456 9
290 457 1
290 458 1
290 461 6
290 463 6
290 466 10
290 468 8
290 469 8
290 471 7
290 473 5
290 475 6
290 476 10
290 477 3
290 479 3
290 482 8
290 483 3
290 484 4
290 485 5
290 486 9
290 489 8
290 491 6
290 492 3
290 493 3
290 494 8
290 496 2
290 497 9
290 498 3
290 499 3
291 293 3
291 295 8
291 296 4
291 297 7
291 299 8
291 300 7
291 302 6
291 303 6
291 305 9
291 307 8
291 308 3
291 311 2
291 312 5
291 313 3
291 316 6
291 317 1
291 319 4
291 320 2
291 322 9
291 323 7
291 325 9
291 326 9
291 327 4
291 328 8
291 329 3
291 332 9
291 333 5
291 335 4
291 336 10
291 340 9
291 342 5
291 345 7
291 346 4
291 349 8
291 350 2
291 354 4
291 358 4
291 359 1
291 360 6
291 361 3
291 362 1
291 363 9
291 364 3
291 367 6
291 375 7
291 377 5
291 379 6
291 380 1
291 381 3
291 382 6
291 383 10
291 384 3
291 387 3
291 390 4
291 391 8
291 392 10
291 393 3
291 396 2
291 397 4
291 398 1
291 400 7
291 401 4
291 402 1
291 404 9
291 406 5
291 407 7
291 408 2
291 409 8
291 410 5
291 411 8
291 413 1
291 414 9
291 419 10
291 420 3
291 421 4
291 422 7
291 424 7
291 425 1
291 426 4
291 427 10
291 429 7
291 431 1
291 432 3
291 434 2
291 436 8
291 437 3
291 439 5
291 441 1
291 442 3
291 444 4
291 446 6
291 448 7
291 450 8
291 452 1
291 454 4
291 455 5
291 457 3
291 460 6
291 463 9
291 466 2
291 467 7
291 470 2
291 471 7
291 472 4
291 475 3
291 476 7
291 477 9
291 478 8
291 481 1
291 487 9
291 488 3
291 489 2
291 494 1
291 495 5
291 496 1
291 499 6
292 293 9
292 294 6
292 295 9
292 297 6
292 298 3
292 306 5
292 308 1
292 312 5
292 313 10
292 314 6
292 317 6
292 318 10
292 320 3
292 322 7
292 323 2
292 327 9
292 329 4
292 332 5
292 333 9
292 335 4
292 336 2
292 338 10
292 340 9
292 341 3
292 342 8
292 344 4
292 346 3
292 347 5
292 348 3
292 352 3
292 355 5
292 356 6
292 358 10
292 360 8
292 363 6
292 364 4
292 369 5
292 370 1
292 372 1
292 373 9
292 376 10
292 378 9
292 379 2
292 381 5
292 383 9
292 388 6
292 389 3
292 390 5
292 392 7
292 393 4
292 394 7
292 395 6
292 400 4
292 402 10
292 403 6
292 407 7
292 409 9
292 413 10
292 414 7
292 417 5
292 418 9
292 420 4
292 421 6
292 422 8
292 423 4
292 424 6
292 425 7
292 430 3
292 431 9
292 434 10
292 436 10
292 439 1
292 441 5
292 443 8
292 444 2
292 445 7
292 446 1
292 447 5
292 448 4
292 451 10
292 452 8
292 455 6
292 456 2
292 463 6
292 467 10
292 468 5
292 469 6
292 472 2
292 474 9
292 476 10
292 478 7
292 480 7
292 481 3
292 482 2
292 483 2
292 486 2
292 487 10
292 488 1
292 491 2
292 493 9
292 495 8
292 496 8
292 497 5
292 498 5
293 295 4
293 297 6
293 300 8
293 301 9
293 302 1
293 303 9
293 307 5
293 309 5
293 310 10
293 313 5
293 314 6
293 315 7
293 316 10
293 318 6
293 322 1
293 323 3
293 325 4
293 326 1
293 328 4
293 329 10
293 331 7
293 333 2
293 335 8
293 338 2
293 339 4
293 342 10
293 348 1
293 349 4
293 350 3
293 353 9
293 356 5
293 357 6
293 359 4
293 360 8
293 362 5
293 365 3
293 369 1
293 370 10
293 372 7
293 373 8
293 375 4
293 376 8
293 377 5
293 380 2
293 381 10
293 382 6
293 384 8
293 386 7
293 388 6
293 390 9
293 393 9
293 394 3
293 397 1
293 399 9
293 402 3
293 403 8
293 404 2
293 405 5
293 408 4
293 409 1
293 410 2
293 413 7
293 414 3
293 417 2
293 420 10
293 426 3
293 428 3
293 430 8
293 432 8
293 434 8
293 435 6
293 437 7
293 439 5
293 443 7
293 446 4
293 451 7
293 452 2
293 454 8
293 459 2
293 461 7
293 462 1
293 463 7
293 465 1
293 467 7
293 468 3
293 470 4
293 473 3
293 475 9
293 476 10
293 478 7
293 480 6
293 481 9
293 483 5
293 485 8
293 486 1
293 488 3
293 490 8
293 492 4
293 493 4
293 495 4
293 496 7
293 497 7
293 498 2
294 297 6
294 298 8
294 302 9
294 304 9
294 305 4
294 309 6
294 310 7
294 312 4
294 313 3
294 317 4
294 320 8
294 321 7
294 323 3
294 324 10
294 326 3
294 330 1
294 332 7
294 336 4
294 338 8
294 339 4
294 340 9
294 341 2
294 342 8
294 344 8
294 349 6
294 353 3
294 354 7
294 356 8
294 358 5
294 359 4
294 360 1
294 361 6
294 362 1
294 363 3
294 366 6
294 373 1
294 376 6
294 377 8
294 379 10
294 381 10
294 385 7
294 386 2
294 393 5
294 394 10
294 397 3
294 398 1
294 399 4
294 400 2
294 402 7
294 404 6
294 406 8
294 407 8
294 410 2
294 412 3
294 413 3
294 414 6
294 420 10
294 430 10
294 431 8
294 433 2
294 434 6
294 437 5
294 438 2
294 443 8
294 447 1
294 449 1
294 450 4
294 453 8
294 455 3
294 456 6
294 458 5
294 460 10
294 463 7
294 464 4
294 470 3
294 474 3
294 475 3
294 476 8
294 479 9
294 483 1
294 484 7
294 487 8
294 492 10
294 493 2
294 496 8
294 498 7
295 296 3
295 297 3
295 299 6
295 300 5
295 305 5
295 306 8
295 308 8
295 309 10
295 310 3
295 311 9
295 313 6
295 315 8
295 318 3
295 319 7
295 320 9
295 323 8
295 325 6
295 327 5
295 328 10
295 330 1
295 332 4
295 333 5
295 334 1
295 336 9
295 338 1
295 339 7
295 340 3
295 341 2
295 342 7
295 348 3
295 350 8
295 354 3
295 361 6
295 362 4
295 363 1
295 364 6
295 365 6
295 368 1
295 369 5
295 374 7
295 377 4
295 378 8
295 379 6
295 382 6
295 383 9
295 384 3
295 385 4
295 387 3
295 388 2
295 391 10
295 392 3
295 394 5
295 396 8
295 398 2
295 399 10
295 403 4
295 406 5
295 407 2
295 408 1
295 409 1
295 411 4
295 413 6
295 415 10
295 417 8
295 418 5
295 421 8
295 423 7
295 424 10
295 426 10
295 427 3
295 428 3
295 429 2
295 431 5
295 432 3
295 433 8
295 434 2
295 437 4
295 441 9
295 442 7
295 443 2
295 444 5
295 445 3
295 446 8
295 454 10
295 455 9
295 458 2
295 459 8
295 461 5
295 462 6
295 463 6
295 464 2
295 465 8
295 467 8
295 477 3
295 482 9
295 483 6
295 484 10
295 488 1
295 492 2
295 493 3
295 499 6
296 298 7
296 299 8
296 302 5
296 303 9
296 304 6
296 305 9
296 309 5
296 311 10
296 313 3
296 314 8
296 315 3
296 320 9
296 321 5
296 322 9
296 323 8
296 325 1
296 326 9
296 327 7
296 328 2
296 330 7
296 334 4
296 335 9
296 336 6
296 339 2
296 340 4
296 341 10
296 344 10
296 346 10
296 347 1
296 350 4
296 351 1
296 354 5
296 355 5
296 356 3
296 357 1
296 358 6
296 359 4
296 360 8
296 367 8
296 368 9
296 371 7
296 374 3
296 375 5
296 377 2
296 380 8
296 381 10
296 387 9
296 388 8
296 389 5
296 390 3
296 394 8
296 395 5
296 396 9
296 397 6
296 399 8
296 400 1
296 401 8
296 404 3
296 405 2
296 407 4
296 412 9
296 418 1
296 419 6
296 420 10
296 421 2
296 422 1
296 424 9
296 426 6
296 427 10
296 430 9
296 431 1
296 433 2
296 434 8
296 435 6
296 437 5
296 438 3
296 439 10
296 442 4
296 443 3
296 446 1
296 448 10
296 449 5
296 451 3
296 455 4
296 456 7
296 457 1
296 460 10
296 465 2
296 467 2
296 472 4
296 474 7
296 477 4
296 478 8
296 479 9
296 480 2
296 481 1
296 483 5
296 484 3
296 485 5
296 486 6
296 488 7
296 490 3
296 494 7
296 495 6
296 496 1
296 497 2
296 499 7
297 298 9
297 299 5
297 300 7
297 301 7
297 303 9
297 304 10
297 307 6
297 309 1
297 311 7
297 313 7
297 315 9
297 316 1
297 317 5
297 318 1
297 324 2
297 325 3
297 327 10
297 331 7
297 332 4
297 334 3
297 337 5
297 339 9
297 340 5
297 344 5
297 345 8
297 350 4
297 351 8
297 353 6
297 354 1
297 355 4
297 356 8
297 358 5
297 360 5
297 361 8
297 362 7
297 364 2
297 366 1
297 367 3
297 374 9
297 375 2
297 376 6
297 378 4
297 379 5
297 383 8
297 385 9
297 388 8
297 389 7
297 396 2
297 404 9
297 405 1
297 406 5
297 407 1
297 409 5
297 412 6
297 413 4
297 415 8
297 418 6
297 421 4
297 422 8
297 424 5
297 426 1
297 427 8
297 428 2
297 431 5
297 432 7
297 434 5
297 435 10
297 436 3
297 437 9
297 438 1
297 439 2
297 440 1
297 441 5
297 445 3
297 446 7
297 447 3
297 450 8
297 451 10
297 452 3
297 453 8
297 456 2
297 462 3
297 465 4
297 467 10
297 468 1
297 469 3
297 470 1
297 472 2
297 473 1
297 480 4
297 481 10
297 484 7
297 485 10
297 490 4
297 492 5
297 493 1
297 494 1
298 300 8
298 303 1
298 305 4
298 309 2
298 311 1
298 312 2
298 314 6
298 315 4
298 319 3
298 320 4
298 325 4
298 329 3
298 333 6
298 334 4
298 338 6
298 339 1
298 340 1
298 341 9
298 344 6
298 347 7
298 348 6
298 349 8
298 352 3
298 353 8
298 354 8
298 355 9
298 356 1
298 357 1
298 360 4
298 363 6
298 365 10
298 366 7
298 370 2
298 371 10
298 373 8
298 379 5
298 381 2
298 382 4
298 385 7
298 387 1
298 388 1
298 389 9
298 391 1
298 394 6
298 397 7
298 403 10
298 404 1
298 407 4
298 409 6
298 410 5
298 411 2
298 412 10
298 413 1
298 414 6
298 417 8
298 419 8
298 422 3
298 424 6
298 426 5
298 428 7
298 429 3
298 436 5
298 437 8
298 441 3
298 442 5
298 444 9
298 445 3
298 446 2
298 447 5
298 454 9
298 455 10
298 457 3
298 458 2
298 460 7
298 462 3
298 463 2
298 466 5
298 470 5
298 471 9
298 481 7
298 482 8
298 483 7
298 490 9
298 492 3
298 493 5
298 496 4
298 497 4
299 300 10
299 302 4
299 306 10
299 307 7
299 309 8
299 310 1
299 317 8
299 318 5
299 320 10
299 321 10
299 322 4
299 326 1
299 330 8
299 331 8
299 333 5
299 334 6
299 335 4
299 337 1
299 338 5
299 339 1
299 341 8
299 343 4
299 345 8
299 347 6
299 351 9
299 355 10
299 357 3
299 358 6
299 361 1
299 362 10
299 364 3
299 366 1
299 368 5
299 369 2
299 370 2
299 371 7
299 372 4
299 373 5
299 376 1
299 377 10
299 378 5
299 381 5
299 382 10
299 383 3
299 384 4
299 387 9
299 389 7
299 390 2
299 391 4
299 392 7
299 395 7
299 396 2
299 398 8
299 399 8
299 402 1
299 406 3
299 407 3
299 409 3
299 410 9
299 412 8
299 414 10
299 416 2
299 418 6
299 419 10
299 420 7
299 421 8
299 422 5
299 424 3
299 425 5
299 426 3
299 427 2
299 428 4
299 429 9
299 430 6
299 431 2
299 433 7
299 434 5
299 436 10
299 441 2
299 442 10
299 443 7
299 446 7
299 448 3
299 449 10
299 450 6
299 451 4
299 453 1
299 454 3
299 458 1
299 465 8
299 466 4
299 468 5
299 471 10
299 475 3
299 476 7
299 478 8
299 482 3
299 483 9
299 485 1
299 487 10
299 488 3
299 494 9
299 497 7
299 499 10
300 301 2
300 302 4
300 304 7
300 305 7
300 306 1
300 310 8
300 312 5
300 313 9
300 316 3
300 317 9
300 319 3
300 320 8
300 321 5
300 324 6
300 326 4
300 327 2
300 328 3
300 329 6
300 331 8
300 333 4
300 335 4
300 336 9
300 337 10
300 339 1
300 340 2
300 345 4
300 347 6
300 348 8
300 349 1
300 354 8
300 359 10
300 360 9
300 361 2
300 364 7
300 365 7
300 366 4
300 369 8
300 371 3
300 372 8
300 373 4
300 374 9
300 378 10
300 380 8
300 385 7
300 386 4
300 387 3
300 388 2
300 391 6
300 392 3
300 394 7
300 401 5
300 403 5
300 404 7
300 411 6
300 413 5
300 414 9
300 416 8
300 417 1
300 418 2
300 420 5
300 421 10
300 422 1
300 423 8
300 424 3
300 427 6
300 428 3
300 429 4
300 430 5
300 431 4
300 432 1
300 436 1
300 439 6
300 441 5
300 445 6
300 455 4
300 456 5
300 457 9
300 458 1
300 459 5
300 462 1
300 464 10
300 465 5
300 466 1
300 471 8
300 472 6
300 476 10
300 480 2
300 481 7
300 482 2
300 483 3
300 486 5
300 488 9
300 489 7
300 490 3
300 491 8
300 496 4
300 497 8
300 498 10
300 499 10
301 303 1
301 304 7
301 306 9
301 307 6
301 308 10
301 309 8
301 310 5
301 311 1
301 313 5
301 319 1
301 320 6
301 321 10
301 322 9
301 323 8
301 325 2
301 330 1
301 331 6
301 336 2
301 337 9
301 338 6
301 339 3
301 340 10
301 341 3
301 344 2
301 346 4
301 347 10
301 349 1
301 352 3
301 353 8
301 354 1
301 355 7
301 356 8
301 358 10
301 365 9
301 368 7
301 371 2
301 372 6
301 373 3
301 376 10
301 377 6
301 378 10
301 380 5
301 381 4
301 384 6
301 385 5
301 386 4
301 390 3
301 392 5
301 393 4
301 394 10
301 395 8
301 396 6
301 398 5
301 399 4
301 401 10
301 403 6
301 407 5
301 409 10
301 410 2
301 411 1
301 413 1
301 419 9
301 420 9
301 421 7
301 424 10
301 430 8
301 433 7
301 439 4
301 441 9
301 442 10
301 443 9
301 445 3
301 446 5
301 448 10
301 451 2
301 456 4
301 458 7
301 463 8
301 464 9
301 466 7
301 468 3
301 469 4
301 470 7
301 474 5
301 475 3
301 477 6
301 479 8
301 483 5
301 484 9
301 485 7
301 487 3
301 491 6
301 493 6
301 495 6
301 496 5
301 498 6
301 499 3
302 303 6
302 305 1
302 306 7
302 308 9
302 310 9
302 312 1
302 313 1
302 314 6
302 315 5
302 317 10
302 324 8
302 326 10
302 327 3
302 328 5
302 335 9
302 337 7
302 338 9
302 339 4
302 343 5
302 345 10
302 349 5
302 350 2
302 352 2
302 353 3
302 355 3
302 356 4
302 359 2
302 360 10
302 362 6
302 363 10
302 370 1
302 372 2
302 374 3
302 376 3
302 381 2
302 382 1
302 384 4
302 387 7
302 390 1
302 395 3
302 397 3
302 400 6
302 403 6
302 404 6
302 405 3
302 406 5
302 407 1
302 410 4
302 411 9
302 412 7
302 413 8
302 415 9
302 416 6
302 417 7
302 422 9
302 424 5
302 428 4
302 431 6
302 432 1
302 434 1
302 444 10
302 450 9
302 453 4
302 455 5
302 458 6
302 459 5
302 460 1
302 462 5
302 466 1
302 467 8
302 468 2
302 469 8
302 477 10
302 479 9
302 481 10
302 482 9
302 485 6
302 486 3
302 490 9
302 491 7
302 492 1
302 493 6
302 494 5
302 495 1
302 497 4
302 498 6
302 499 7
303 304 7
303 305 8
303 308 6
303 309 8
303 311 10
303 312 4
303 314 5
303 316 10
303 317 6
303 319 10
303 322 9
303 323 2
303 324 6
303 325 1
303 327 6
303 328 1
303 331 2
303 332 6
303 333 6
303 335 8
303 336 7
303 338 6
303 341 9
303 343 1
303 347 2
303 350 2
303 351 7
303 353 6
303 354 2
303 357 6
303 359 9
303 361 3
303 362 10
303 363 2
303 367 4
303 371 1
303 373 2
303 375 6
303 376 8
303 377 1
303 378 1
303 380 1
303 382 9
303 383 1
303 384 8
303 387 4
303 388 10
303 389 1
303 390 2
303 391 6
303 396 8
303 398 9
303 402 5
303 405 2
303 406 10
303 407 8
303 408 9
303 409 10
303 410 8
303 412 4
303 414 8
303 417 10
303 418 3
303 421 10
303 429 9
303 431 2
303 432 8
303 435 3
303 437 10
303 438 9
303 440 4
303 441 10
303 442 1
303 443 10
303 448 4
303 449 2
303 451 9
303 452 2
303 454 5
303 455 4
303 457 9
303 458 6
303 463 8
303 464 10
303 465 5
303 469 5
303 470 7
303 472 8
303 474 4
303 476 2
303 477 4
303 479 2
303 481 10
303 485 4
303 486 1
303 487 9
303 488 8
303 490 6
303 492 6
303 495 9
303 497 2
303 498 8
304 306 1
304 307 5
304 309 4
304 310 10
304 311 1
304 317 10
304 319 3
304 321 6
304 323 3
304 324 3
304 325 8
304 327 5
304 329 10
304 331 5
304 332 10
304 338 5
304 339 8
304 341 10
304 342 8
304 343 5
304 347 8
304 348 6
304 349 7
304 350 8
304 352 10
304 353 1
304 354 2
304 355 5
304 356 4
304 357 4
304 358 10
304 361 4
304 365 8
304 366 1
304 367 4
304 370 2
304 371 2
304 376 9
304 380 4
304 383 1
304 384 10
304 385 9
304 386 10
304 387 9
304 388 10
304 389 7
304 390 4
304 392 4
304 393 7
304 394 5
304 400 2
304 408 5
304 412 9
304 413 9
304 415 5
304 417 6
304 419 8
304 421 7
304 422 1
304 425 1
304 427 3
304 430 4
304 431 8
304 433 4
304 435 2
304 437 8
304 438 9
304 439 5
304 440 9
304 441 10
304 445 1
304 447 6
304 448 1
304 449 5
304 450 1
304 451 8
304 452 8
304 453 5
304 454 3
304 455 2
304 456 4
304 458 6
304 459 3
304 465 4
304 466 6
304 467 6
304 468 2
304 471 1
304 474 8
304 476 2
304 478 4
304 479 3
304 480 10
304 481 7
304 487 2
304 490 10
304 491 10
304 492 5
304 493 4
304 496 1
304 499 3
305 310 10
305 312 2
305 316 3
305 317 2
305 318 5
305 321 10
305 322 3
305 323 9
305 325 10
305 327 1
305 328 10
305 331 3
305 334 5
305 338 9
305 340 4
305 341 9
305 345 7
305 346 9
305 348 9
305 350 9
305 351 1
305 353 6
305 354 9
305 360 2
305 361 2
305 362 8
305 363 8
305 364 5
305 367 8
305 371 8
305 373 5
305 375 4
305 376 7
305 379 8
305 382 2
305 384 5
305 388 9
305 389 6
305 390 1
305 392 3
305 393 10
305 395 9
305 396 2
305 397 4
305 398 1
305 400 5
305 401 2
305 402 9
305 403 6
305 405 10
305 407 5
305 411 7
305 412 5
305 414 3
305 418 2
305 421 3
305 423 3
305 425 7
305 429 5
305 434 7
305 437 6
305 438 9
305 440 4
305 441 4
305 443 7
305 444 1
305 446 2
305 448 6
305 452 3
305 453 9
305 456 1
305 458 4
305 463 6
305 469 6
305 471 7
305 472 5
305 473 4
305 474 9
305 475 2
305 476 5
305 477 7
305 478 9
305 479 4
305 480 4
305 481 1
305 484 4
305 485 3
305 489 8
305 490 7
305 491 3
305 492 10
305 494 8
305 496 3
306 307 7
306 310 8
306 313 8
306 316 1
306 324 10
306 325 9
306 326 2
306 327 2
306 328 3
306 329 1
306 330 7
306 331 2
306 333 8
306 334 5
306 335 9
306 337 1
306 338 9
306 340 6
306 341 7
306 345 5
306 346 5
306 347 3
306 348 10
306 351 9
306 352 6
306 353 4
306 354 1
306 355 3
306 356 1
306 358 3
306 359 2
306 360 6
306 361 10
306 362 10
306 364 2
306 369 10
306 370 7
306 374 7
306 375 8
306 376 3
306 377 5
306 378 1
306 380 2
306 383 7
306 385 8
306 386 5
306 387 6
306 389 5
306 391 5
306 393 3
306 395 5
306 398 7
306 401 2
306 402 3
306 404 2
306 406 2
306 408 8
306 409 6
306 411 3
306 414 7
306 417 4
306 418 1
306 419 1
306 420 6
306 421 7
306 423 1
306 425 4
306 426 2
306 427 2
306 428 5
306 429 8
306 436 8
306 437 3
306 440 8
306 442 7
306 444 5
306 445 7
306 450 4
306 453 3
306 454 8
306 456 6
306 460 10
306 463 9
306 464 6
306 465 1
306 466 1
306 467 7
306 470 9
306 472 8
306 473 10
306 474 7
306 475 4
306 477 8
306 485 10
306 486 2
306 488 7
306 489 10
306 490 9
306 492 9
306 493 2
306 498 5
306 499 2
307 308 8
307 309 5
307 315 2
307 316 4
307 317 5
307 318 2
307 319 6
307 322 7
307 324 10
307 325 4
307 328 4
307 332 2
307 335 6
307 336 10
307 338 2
307 343 5
307 344 9
307 348 10
307 350 4
307 351 1
307 353 6
307 354 1
307 355 2
307 356 10
307 358 1
307 359 6
307 360 7
307 362 10
307 364 2
307 366 2
307 367 7
307 369 3
307 370 5
307 371 7
307 372 3
307 373 4
307 375 7
307 376 1
307 378 2
307 381 4
307 383 2
307 385 5
307 386 5
307 390 9
307 391 1
307 393 6
307 394 2
307 395 7
307 396 8
307 398 4
307 399 9
307 400 4
307 402 4
307 404 9
307 405 4
307 407 7
307 408 7
307 410 10
307 411 8
307 413 7
307 414 3
307 415 9
307 417 8
307 418 9
307 420 10
307 421 3
307 422 3
307 423 3
307 424 10
307 425 7
307 427 4
307 429 1
307 431 7
307 432 7
307 433 7
307 435 9
307 436 2
307 437 6
307 438 10
307 439 8
307 441 5
307 442 7
307 444 2
307 445 3
307 446 7
307 447 4
307 449 5
307 452 1
307 455 6
307 456 6
307 457 8
307 459 10
307 461 3
307 462 5
307 463 6
307 469 9
307 470 3
307 473 1
307 476 3
307 479 1
307 481 7
307 483 8
307 484 2
307 485 4
307 486 7
307 487 2
307 488 10
307 489 3
307 490 9
307 491 4
307 492 6
307 493 7
307 495 5
307 496 2
307 498 3
308 309 6
308 310 9
308 311 5
308 312 2
308 313 5
308 314 4
308 315 5
308 316 10
308 318 6
308 321 9
308 324 9
308 326 7
308 327 1
308 333 2
308 334 10
308 337 2
308 339 9
308 341 1
308 342 8
308 343 4
308 344 3
308 345 1
308 346 7
308 349 3
308 353 3
308 354 4
308 357 2
308 360 10
308 361 10
308 362 3
308 363 6
308 364 7
308 365 10
308 366 3
308 367 6
308 369 6
308 378 2
308 379 5
308 380 8
308 381 6
308 382 2
308 385 10
308 386 6
308 390 10
308 391 7
308 392 3
308 393 6
308 394 10
308 395 4
308 398 8
308 399 3
308 400 2
308 402 9
308 403 7
308 404 1
308 406 10
308 407 8
308 408 6
308 410 1
308 411 4
308 412 7
308 413 1
308 415 10
308 416 1
308 417 1
308 418 10
308 422 6
308 423 6
308 424 7
308 425 4
308 426 4
308 427 3
308 428 2
308 431 2
308 432 2
308 436 9
308 437 10
308 438 7
308 441 1
308 442 4
308 444 7
308 445 6
308 449 5
308 450 10
308 451 2
308 452 8
308 453 10
308 454 2
308 457 9
308 458 8
308 467 3
308 469 3
308 471 2
308 474 6
308 484 10
308 486 2
308 490 2
308 492 6
308 493 5
309 310 5
309 311 8
309 315 5
309 320 9
309 321 10
309 324 7
309 325 9
309 326 1
309 328 8
309 329 5
309 331 6
309 335 3
309 336 1
309 337 1
309 344 3
309 348 10
309 351 8
309 352 6
309 354 10
309 357 3
309 359 7
309 361 6
309 364 8
309 366 2
309 367 1
309 369 1
309 374 3
309 375 8
309 376 8
309 377 1
309 378 3
309 379 10
309 380 8
309 385 3
309 386 5
309 387 8
309 389 3
309 393 6
309 394 5
309 395 5
309 399 3
309 400 3
309 404 8
309 405 2
309 406 3
309 407 1
309 408 3
309 411 6
309 412 3
309 413 9
309 414 10
309 415 8
309 416 7
309 417 6
309 418 10
309 421 6
309 422 4
309 423 4
309 424 6
309 426 3
309 428 4
309 433 7
309 436 9
309 438 5
309 440 8
309 444 8
309 445 8
309 448 6
309 452 6
309 453 2
309 454 6
309 455 7
309 458 1
309 463 5
309 464 8
309 466 1
309 468 4
309 469 5
309 470 7
309 471 9
309 472 5
309 473 8
309 477 6
309 479 7
309 482 10
309 483 6
309 484 5
309 485 7
309 486 9
309 487 8
309 489 1
309 491 10
309 493 7
309 494 8
309 496 2
309 497 2
309 499 9
310 313 1
310 314 7
310 315 3
310 318 10
310 320 5
310 321 3
310 323 1
310 324 4
310 326 1
310 329 10
310 333 8
310 336 8
310 341 6
310 343 3
310 344 8
310 346 7
310 347 4
310 348 8
310 353 7
310 356 9
310 362 3
310 364 3
310 365 10
310 366 3
310 370 6
310 373 4
310 377 8
310 378 1
310 379 5
310 385 2
310 386 4
310 390 9
310 391 3
310 393 9
310 396 10
310 399 4
310 400 9
310 401 8
310 402 1
310 403 7
310 404 5
310 405 4
310 407 9
310 410 1
310 412 4
310 413 4
310 415 4
310 416 8
310 417 4
310 419 9
310 420 6
310 422 7
310 423 8
310 427 2
310 429 4
310 430 3
310 431 9
310 433 10
310 436 2
310 443 9
310 445 1
310 447 4
310 448 2
310 450 2
310 451 9
310 453 4
310 456 7
310 457 10
310 458 2
310 459 1
310 461 5
310 462 7
310 463 7
310 465 9
310 466 2
310 467 10
310 468 3
310 469 9
310 470 3
310 472 1
310 474 5
310 477 8
310 479 3
310 480 5
310 481 9
310 482 8
310 484 9
310 485 4
310 487 2
310 489 9
310 491 10
310 499 8
311 312 7
311 316 7
311 318 3
311 319 5
311 320 6
311 321 5
311 324 3
311 329 8
311 330 8
311 333 8
311 334 9
311 335 10
311 337 4
311 346 5
311 347 2
311 350 9
311 354 1
311 355 8
311 357 5
311 358 8
311 359 5
311 364 9
311 367 4
311 370 10
311 374 5
311 375 2
311 376 8
311 378 3
311 381 1
311 382 3
311 384 10
311 385 9
311 386 7
311 387 6
311 389 5
311 390 3
311 392 9
311 396 3
311 398 9
311 403 6
311 404 10
311 406 7
311 408 5
311 409 4
311 410 7
311 413 4
311 414 1
311 415 10
311 417 7
311 420 10
311 422 3
311 423 1
311 424 3
311 431 9
311 432 3
311 435 1
311 437 5
311 439 2
311 440 4
311 445 8
311 446 3
311 448 4
311 450 9
311 452 10
311 453 10
311 454 4
311 455 10
311 456 6
311 457 4
311 462 2
311 463 4
311 464 1
311 465 5
311 467 5
311 468 5
311 469 9
311 470 1
311 471 1
311 478 2
311 481 7
311 482 8
311 483 7
311 484 4
311 485 6
311 487 3
311 490 9
311 491 10
311 493 3
311 496 3
311 497 2
311 498 1
312 313 9
312 314 9
312 315 8
312 316 10
312 317 2
312 321 10
312 323 2
312 327 3
312 328 9
312 329 2
312 331 7
312 332 3
312 334 10
312 335 10
312 336 5
312 338 1
312 339 1
312 342 6
312 343 3
312 344 7
312 346 7
312 349 6
312 351 7
312 353 1
312 358 5
312 360 6
312 361 8
312 362 10
312 363 8
312 365 8
312 369 8
312 371 6
312 373 2
312 376 3
312 378 9
312 380 10
312 384 7
312 387 1
312 388 10
312 392 1
312 395 10
312 398 10
312 400 4
312 401 3
312 403 10
312 405 6
312 406 4
312 410 1
312 411 9
312 412 9
312 413 5
312 416 2
312 417 6
312 418 6
312 419 9
312 422 9
312 423 1
312 425 7
312 426 1
312 433 10
312 435 5
312 437 8
312 440 2
312 442 2
312 444 5
312 445 1
312 446 7
312 447 1
312 448 2
312 450 3
312 451 9
312 452 9
312 455 10
312 457 9
312 459 6
312 460 10
312 463 3
312 464 9
312 467 9
312 468 6
312 469 10
312 473 4
312 474 8
312 477 1
312 480 9
312 481 3
312 482 4
312 486 4
312 487 1
312 489 8
312 492 9
312 495 7
312 496 7
312 497 7
312 498 7
312 499 10
313 315 10
313 319 4
313 320 8
313 321 7
313 322 4
313 323 3
313 325 7
313 328 9
313 329 4
313 330 10
313 331 7
313 332 2
313 333 2
313 334 8
313 336 10
313 337 9
313 339 7
313 340 8
313 341 9
313 342 1
313 346 8
313 347 3
313 351 8
313 352 7
313 357 9
313 359 9
313 360 5
313 362 2
313 364 2
313 365 9
313 366 8
313 367 2
313 369 2
313 371 10
313 374 5
313 375 6
313 378 2
313 390 10
313 393 8
313 394 3
313 395 10
313 397 4
313 398 10
313 401 7
313 407 9
313 409 10
313 413 9
313 414 8
313 415 9
313 416 5
313 417 5
313 419 1
313 420 7
313 421 2
313 422 1
313 423 5
313 424 9
313 430 5
313 431 10
313 433 4
313 434 2
313 435 2
313 437 10
313 440 7
313 441 3
313 444 4
313 446 7
313 447 6
313 448 4
313 449 8
313 450 4
313 454 2
313 457 1
313 460 8
313 461 9
313 462 7
313 464 7
313 468 4
313 471 2
313 472 3
313 474 6
313 477 3
313 484 10
313 485 2
313 486 7
313 487 8
313 488 2
313 491 8
313 492 3
313 494 5
313 496 6
313 497 3
314 315 7
314 318 6
314 320 1
314 321 5
314 325 2
314 326 2
314 327 10
314 328 9
314 330 1
314 331 5
314 332 7
314 337 5
314 338 3
314 341 10
314 342 6
314 343 8
314 344 4
314 347 3
314 348 4
314 349 8
314 350 1
314 351 4
314 356 2
314 357 7
314 358 7
314 363 8
314 364 6
314 367 4
314 369 6
314 373 5
314 374 2
314 375 2
314 378 2
314 381 10
314 385 10
314 386 3
314 387 1
314 388 7
314 389 1
314 391 8
314 392 6
314 393 2
314 396 4
314 398 8
314 400 8
314 401 8
314 402 3
314 404 3
314 405 4
314 406 1
314 407 7
314 410 1
314 411 5
314 412 4
314 416 3
314 419 8
314 420 7
314 422 1
314 426 10
314 427 9
314 428 2
314 430 5
314 431 6
314 433 9
314 435 3
314 436 1
314 440 3
314 441 6
314 444 5
314 445 6
314 446 4
314 447 10
314 448 2
314 450 9
314 451 9
314 452 5
314 454 3
314 455 2
314 456 7
314 457 7
314 459 7
314 460 5
314 461 3
314 462 8
314 463 6
314 464 4
314 465 10
314 466 7
314 470 5
314 471 10
314 476 3
314 478 1
314 479 6
314 481 9
314 482 2
314 483 6
314 486 9
314 488 5
314 489 6
314 490 9
314 494 5
314 499 3
315 316 2
315 317 5
315 318 7
315 320 1
315 322 9
315 323 3
315 324 6
315 327 1
315 329 7
315 330 4
315 335 8
315 337 10
315 340 4
315 341 5
315 343 10
315 344 3
315 345 8
315 346 9
315 347 10
315 349 4
315 350 10
315 354 1
315 356 7
315 359 1
315 363 6
315 365 4
315 368 3
315 370 3
315 373 6
315 374 6
315 377 2
315 381 3
315 384 5
315 385 9
315 387 6
315 388 3
315 391 6
315 393 2
315 394 1
315 395 3
315 398 3
315 399 4
315 401 7
315 402 9
315 403 9
315 404 9
315 405 4
315 406 8
315 407 10
315 408 9
315 410 2
315 411 1
315 412 7
315 415 5
315 418 1
315 419 4
315 420 3
315 422 4
315 423 7
315 424 5
315 425 1
315 427 1
315 429 3
315 430 6
315 431 7
315 432 10
315 433 6
315 434 2
315 435 2
315 436 8
315 438 1
315 439 9
315 441 9
315 445 3
315 447 1
315 450 10
315 451 3
315 452 4
315 453 9
315 455 10
315 456 6
315 457 9
315 458 6
315 460 5
315 463 8
315 465 4
315 466 6
315 467 2
315 468 7
315 471 1
315 472 6
315 477 3
315 478 6
315 479 10
315 480 6
315 481 2
315 483 8
315 484 7
315 485 4
315 486 3
315 490 2
315 491 4
315 493 10
315 494 4
315 499 7
316 317 6
316 320 7
316 323 9
316 324 10
316 326 4
316 327 4
316 332 5
316 333 2
316 334 1
316 335 2
316 336 8
316 338 3
316 340 8
316 342 8
316 343 6
316 344 8
316 346 2
316 348 1
316 352 4
316 354 2
316 356 10
316 357 8
316 359 5
316 360 3
316 361 1
316 363 10
316 367 1
316 369 5
316 374 10
316 375 8
316 378 9
316 381 9
316 383 9
316 384 3
316 386 2
316 387 10
316 388 8
316 390 10
316 392 8
316 393 6
316 394 8
316 395 10
316 400 4
316 401 10
316 402 1
316 405 4
316 410 3
316 412 9
316 415 9
316 416 2
316 418 4
316 420 9
316 421 3
316 423 6
316 425 8
316 426 4
316 428 10
316 430 4
316 433 2
316 434 3
316 438 6
316 441 6
316 443 6
316 447 3
316 448 4
316 450 4
316 452 8
316 457 3
316 460 5
316 464 4
316 468 6
316 469 8
316 471 5
316 472 5
316 473 6
316 476 7
316 478 10
316 479 9
316 480 8
316 483 5
316 484 5
316 488 1
316 490 4
316 491 2
316 493 2
316 495 4
317 318 5
317 319 9
317 320 1
317 325 6
317 330 9
317 331 3
317 334 6
317 335 1
317 336 6
317 338 8
317 339 10
317 341 7
317 344 4
317 347 4
317 348 4
317 354 1
317 356 2
317 359 1
317 361 10
317 368 1
317 375 5
317 377 9
317 378 1
317 380 8
317 381 7
317 382 3
317 383 1
317 384 10
317 385 9
317 386 9
317 389 7
317 391 3
317 392 5
317 400 4
317 404 4
317 405 3
317 406 9
317 408 9
317 410 2
317 411 7
317 412 6
317 414 6
317 418 6
317 420 7
317 423 8
317 428 4
317 429 10
317 432 10
317 434 2
317 437 7
317 438 4
317 439 8
317 440 10
317 446 1
317 447 9
317 448 5
317 451 10
317 453 2
317 454 4
317 455 1
317 457 8
317 462 2
317 463 3
317 467 10
317 468 4
317 470 1
317 472 2
317 473 2
317 474 7
317 475 6
317 477 9
317 481 4
317 483 10
317 484 6
317 485 10
317 486 10
317 487 5
317 489 6
317 495 10
317 497 2
317 498 4
317 499 4
318 319 5
318 322 9
318 323 7
318 324 2
318 327 6
318 328 7
318 329 8
318 331 8
318 332 10
318 333 1
318 334 10
318 338 1
318 339 1
318 341 10
318 342 5
318 345 4
318 346 10
318 349 5
318 351 10
318 354 3
318 355 3
318 357 10
318 360 4
318 363 3
318 364 5
318 366 5
318 367 7
318 368 2
318 370 7
318 372 10
318 373 8
318 377 2
318 384 7
318 385 10
318 386 3
318 388 1
318 389 7
318 390 10
318 391 7
318 392 7
318 393 9
318 395 8
318 398 9
318 400 8
318 401 6
318 403 4
318 404 2
318 405 10
318 406 5
318 407 6
318 408 7
318 409 7
318 410 4
318 412 8
318 413 2
318 414 9
318 415 4
318 418 10
318 421 3
318 422 7
318 423 1
318 424 3
318 427 1
318 428 1
318 429 3
318 430 9
318 431 4
318 434 7
318 437 10
318 438 8
318 442 3
318 443 6
318 444 9
318 446 3
318 454 4
318 456 10
318 459 6
318 460 6
318 461 4
318 462 1
318 463 9
318 466 6
318 467 5
318 468 5
318 469 9
318 470 5
318 473 3
318 474 1
318 475 5
318 476 9
318 478 4
318 487 5
318 488 4
318 490 3
318 494 3
318 498 4
318 499 7
319 322 8
319 326 2
319 327 1
319 329 5
319 332 4
319 333 7
319 334 4
319 337 8
319 338 10
319 339 10
319 342 5
319 343 3
319 344 7
319 345 9
319 346 3
319 349 2
319 350 1
319 351 6
319 352 10
319 353 9
319 360 6
319 361 1
319 362 4
319 363 6
319 365 9
319 366 1
319 369 5
319 370 10
319 372 7
319 375 9
319 378 3
319 381 3
319 384 6
319 386 9
319 387 6
319 388 8
319 390 2
319 393 10
319 398 7
319 399 5
319 401 4
319 402 7
319 404 1
319 405 3
319 407 6
319 408 4
319 409 6
319 412 7
319 414 1
319 418 4
319 419 5
319 420 9
319 421 8
319 422 1
319 424 10
319 426 10
319 428 9
319 432 3
319 435 7
319 437 5
319 438 7
319 441 4
319 442 3
319 443 6
319 444 1
319 447 10
319 449 1
319 453 2
319 454 7
319 459 1
319 463 4
319 464 5
319 466 5
319 469 7
319 473 5
319 476 5
319 478 6
319 479 4
319 481 1
319 483 6
319 484 10
319 486 10
319 490 1
319 492 4
319 493 2
319 496 3
320 321 1
320 325 1
320 327 3
320 328 1
320 329 3
320 330 4
320 332 5
320 334 9
320 335 2
320 336 1
320 338 3
320 339 4
320 340 5
320 341 5
320 342 9
320 343 3
320 346 1
320 347 10
320 349 2
320 350 4
320 352 7
320 353 1
320 355 4
320 357 5
320 360 8
320 362 4
320 363 8
320 365 3
320 368 5
320 369 1
320 370 9
320 371 7
320 372 8
320 373 6
320 374 7
320 376 5
320 377 5
320 378 7
320 380 4
320 384 7
320 386 5
320 389 5
320 390 6
320 392 2
320 395 6
320 396 1
320 400 8
320 402 3
320 403 10
320 404 9
320 405 8
320 406 10
320 416 2
320 417 1
320 419 1
320 420 4
320 421 1
320 422 6
320 424 6
320 428 3
320 429 2
320 430 1
320 431 5
320 432 6
320 435 4
320 437 2
320 438 4
320 441 9
320 442 7
320 444 6
320 445 2
320 446 5
320 448 2
320 449 3
320 450 9
320 451 7
320 452 7
320 454 8
320 458 8
320 460 7
320 461 10
320 464 10
320 465 2
320 466 7
320 467 6
320 472 8
320 473 1
320 477 7
320 478 6
320 479 5
320 481 3
320 482 9
320 483 7
320 487 10
320 488 6
320 489 8
320 493 2
320 495 2
320 496 9
320 497 4
320 498 1
320 499 8
321 322 6
321 323 9
321 329 3
321 331 6
321 333 9
321 335 6
321 336 3
321 337 4
321 338 7
321 339 4
321 341 10
321 342 9
321 343 2
321 345 9
321 346 1
321 356 5
321 358 7
321 359 9
321 364 8
321 365 9
321 369 3
321 370 9
321 371 2
321 372 6
321 375 3
321 376 6
321 377 3
321 382 7
321 384 4
321 386 1
321 388 10
321 390 10
321 392 3
321 393 10
321 394 9
321 400 5
321 402 7
321 403 9
321 406 2
321 408 3
321 409 6
321 415 10
321 417 6
321 418 9
321 420 8
321 421 3
321 425 9
321 428 10
321 430 8
321 433 10
321 434 5
321 439 1
321 441 4
321 442 9
321 446 8
321 447 7
321 448 1
321 449 9
321 450 2
321 451 10
321 453 4
321 454 1
321 457 1
321 460 8
321 461 8
321 462 2
321 463 5
321 466 4
321 467 8
321 469 8
321 470 7
321 471 6
321 472 1
321 473 5
321 475 9
321 476 9
321 479 5
321 481 5
321 482 8
321 483 7
321 486 7
321 495 1
321 497 7
321 498 7
322 326 7
322 330 4
322 331 1
322 335 3
322 337 3
322 338 7
322 341 6
322 343 9
322 347 1
322 348 4
322 350 2
322 356 2
322 362 10
322 367 9
322 369 5
322 373 1
322 374 10
322 381 6
322 382 5
322 383 1
322 384 5
322 385 7
322 387 7
322 393 7
322 395 2
322 397 1
322 399 6
322 400 7
322 401 8
322 403 6
322 404 2
322 408 4
322 409 4
322 410 3
322 411 6
322 412 7
322 413 7
322 414 3
322 415 4
322 421 5
322 423 7
322 425 5
322 430 9
322 435 9
322 436 6
322 438 2
322 439 9
322 442 10
322 443 1
322 448 9
322 451 5
322 452 9
322 453 8
322 455 8
322 456 10
322 458 6
322 459 5
322 460 4
322 461 5
322 463 6
322 465 1
322 468 3
322 470 3
322 472 7
322 474 4
322 477 2
322 478 7
322 481 8
322 483 5
322 486 5
322 488 2
322 490 8
322 492 4
322 494 10
322 496 7
322 497 2
322 499 3
323 327 5
323 330 2
323 331 3
323 333 8
323 337 7
323 339 10
323 340 9
323 342 2
323 343 4
323 344 4
323 346 7
323 347 10
323 350 6
323 351 4
323 356 10
323 357 7
323 360 5
323 361 2
323 365 8
323 366 4
323 367 2
323 368 6
323 369 10
323 370 6
323 375 2
323 376 5
323 382 3
323 383 2
323 386 3
323 388 10
323 389 6
323 391 8
323 395 7
323 396 2
323 397 1
323 400 9
323 402 1
323 404 3
323 405 4
323 406 6
323 411 10
323 412 4
323 413 1
323 415 4
323 418 8
323 419 10
323 420 3
323 421 5
323 422 10
323 424 7
323 425 1
323 426 7
323 427 9
323 429 7
323 430 1
323 431 8
323 432 8
323 436 2
323 437 4
323 438 5
323 441 1
323 443 2
323 444 6
323 446 9
323 447 5
323 449 7
323 450 9
323 451 5
323 452 6
323 454 7
323 455 5
323 457 3
323 459 3
323 460 7
323 469 8
323 470 4
323 472 8
323 474 1
323 475 3
323 476 10
323 477 1
323 482 9
323 483 8
323 484 9
323 485 5
323 486 6
323 487 1
323 489 3
323 491 7
323 495 2
323 498 9
324 325 4
324 330 1
324 335 6
324 336 8
324 337 1
324 341 3
324 343 10
324 347 4
324 348 9
324 352 3
324 353 4
324 355 10
324 356 6
324 361 1
324 362 4
324 363 9
324 364 3
324 365 7
324 366 6
324 367 5
324 368 9
324 369 6
324 372 7
324 374 3
324 375 9
324 378 8
324 379 4
324 380 4
324 381 4
324 383 4
324 385 5
324 386 1
324 387 7
324 388 10
324 390 10
324 394 2
324 395 8
324 396 5
324 397 3
324 400 1
324 404 5
324 405 5
324 406 5
324 407 2
324 408 1
324 410 8
324 413 9
324 414 1
324 415 3
324 416 10
324 418 2
324 419 8
324 421 8
324 423 6
324 426 3
324 427 7
324 430 6
324 431 6
324 432 3
324 433 1
324 434 4
324 437 2
324 439 8
324 440 3
324 447 5
324 448 2
324 450 7
324 451 8
324 455 6
324 456 1
324 458 9
324 460 10
324 462 4
324 463 3
324 464 2
324 467 10
324 468 4
324 473 3
324 475 9
324 477 7
324 478 9
324 479 8
324 481 1
324 482 1
324 483 9
324 485 10
324 486 9
324 487 4
324 488 8
324 489 9
324 490 4
324 491 5
324 493 3
324 494 8
324 497 9
324 498 8
325 327 3
325 328 10
325 332 6
325 333 10
325 335 2
325 336 1
325 338 7
325 341 8
325 342 10
325 343 1
325 344 9
325 346 4
325 348 10
325 350 6
325 351 8
325 354 8
325 355 4
325 361 2
325 365 7
325 366 1
325 367 5
325 368 6
325 369 2
325 370 10
325 372 2
325 373 3
325 374 5
325 379 3
325 381 3
325 382 2
325 384 3
325 386 7
325 388 9
325 391 3
325 393 4
325 395 7
325 396 10
325 398 1
325 400 8
325 401 7
325 402 8
325 403 9
325 404 10
325 405 4
325 406 7
325 408 3
325 409 3
325 412 9
325 413 1
325 417 1
325 419 8
325 420 6
325 421 5
325 422 6
325 424 5
325 427 7
325 428 7
325 430 2
325 434 10
325 435 4
325 437 2
325 439 3
325 443 8
325 446 7
325 447 6
325 448 5
325 450 3
325 451 1
325 452 2
325 456 5
325 460 3
325 461 8
325 462 3
325 465 2
325 466 6
325 469 9
325 470 5
325 472 4
325 473 2
325 474 4
325 475 9
325 476 9
325 478 4
325 479 9
325 482 4
325 483 7
325 486 7
325 487 4
325 489 9
325 490 5
325 491 9
325 493 8
325 494 2
325 496 4
326 329 7
326 336 9
326 337 6
326 339 4
326 341 1
326 349 9
326 354 8
326 355 1
326 357 6
326 359 9
326 362 10
326 363 8
326 364 8
326 366 10
326 368 8
326 369 7
326 373 2
326 376 4
326 377 1
326 378 2
326 380 5
326 381 5
326 383 2
326 386 7
326 387 6
326 388 4
326 389 2
326 391 9
326 392 5
326 393 7
326 394 8
326 395 6
326 397 3
326 398 4
326 399 10
326 400 2
326 401 5
326 404 8
326 405 8
326 407 3
326 409 5
326 410 6
326 411 6
326 412 7
326 414 9
326 415 2
326 418 8
326 421 10
326 422 9
326 424 10
326 425 6
326 429 8
326 430 6
326 431 3
326 435 5
326 439 3
326 440 9
326 444 1
326 449 1
326 450 7
326 451 6
326 452 8
326 454 5
326 455 6
326 456 8
326 458 7
326 462 9
326 463 9
326 464 5
326 466 2
326 468 9
326 470 2
326 471 3
326 472 8
326 474 2
326 478 5
326 479 10
326 481 7
326 482 10
326 484 2
326 485 6
326 486 6
326 489 3
326 490 10
326 491 8
326 494 7
326 498 5
326 499 7
327 331 2
327 333 4
327 334 2
327 336 2
327 340 8
327 341 3
327 342 3
327 344 4
327 346 1
327 347 4
327 348 6
327 350 6
327 353 5
327 355 7
327 356 4
327 357 9
327 361 2
327 362 2
327 367 3
327 369 3
327 372 6
327 373 4
327 374 5
327 375 3
327 378 6
327 380 8
327 382 1
327 383 10
327 385 6
327 386 6
327 387 9
327 389 4
327 393 7
327 398 4
327 399 9
327 403 2
327 405 4
327 406 8
327 410 4
327 413 10
327 414 8
327 415 10
327 416 6
327 418 6
327 419 3
327 422 9
327 425 7
327 426 8
327 427 5
327 430 3
327 431 5
327 432 6
327 433 7
327 434 7
327 438 8
327 439 3
327 440 3
327 441 7
327 442 7
327 444 6
327 445 6
327 446 9
327 447 9
327 448 2
327 451 9
327 452 6
327 456 6
327 457 2
327 462 9
327 463 7
327 465 3
327 466 6
327 470 5
327 471 4
327 473 3
327 475 8
327 479 5
327 480 10
327 481 8
327 485 4
327 486 8
327 487 9
327 490 7
327 492 9
327 493 7
327 496 6
327 499 7
328 329 10
328 330 6
328 333 6
328 335 5
328 337 8
328 339 6
328 341 8
328 345 1
328 347 8
328 348 10
328 350 8
328 351 4
328 354 1
328 355 10
328 356 7
328 358 3
328 360 10
328 361 4
328 363 7
328 364 2
328 365 4
328 366 2
328 367 1
328 370 4
328 371 7
328 372 9
328 373 7
328 375 9
328 381 7
328 384 3
328 385 10
328 386 4
328 387 4
328 389 3
328 390 7
328 391 2
328 392 6
328 394 2
328 395 4
328 397 5
328 402 7
328 404 4
328 408 10
328 409 8
328 410 3
328 411 9
328 414 2
328 416 2
328 417 8
328 418 2
328 422 3
328 423 6
328 424 2
328 425 7
328 426 6
328 428 5
328 430 3
328 434 9
328 436 8
328 437 4
328 444 5
328 445 1
328 448 7
328 453 8
328 454 2
328 457 10
328 459 4
328 460 8
328 461 7
328 463 9
328 465 4
328 466 2
328 468 7
328 470 4
328 472 2
328 474 4
328 476 6
328 477 10
328 478 6
328 479 2
328 480 10
328 482 9
328 483 4
328 485 2
328 486 5
328 487 10
328 489 3
328 490 10
328 491 1
328 494 1
328 496 5
328 498 6
328 499 5
329 330 4
329 331 5
329 337 2
329 338 9
329 339 8
329 343 1
329 344 9
329 345 6
329 346 6
329 350 1
329 351 10
329 353 7
329 357 3
329 358 10
329 362 7
329 366 10
329 367 7
329 368 6
329 369 7
329 371 5
329 372 10
329 374 1
329 375 7
329 376 5
329 377 8
329 378 1
329 379 3
329 383 9
329 385 3
329 386 8
329 389 6
329 391 2
329 396 7
329 397 2
329 398 7
329 399 1
329 400 5
329 401 9
329 402 10
329 403 7
329 406 4
329 407 7
329 409 1
329 410 8
329 413 3
329 414 8
329 415 4
329 418 8
329 423 7
329 424 10
329 426 8
329 428 2
329 436 4
329 437 10
329 438 10
329 442 7
329 447 9
329 448 4
329 449 7
329 450 9
329 453 7
329 454 10
329 456 5
329 457 3
329 458 10
329 459 5
329 465 10
329 466 10
329 467 9
329 468 9
329 469 9
329 470 4
329 471 7
329 477 9
329 480 5
329 481 8
329 482 7
329 483 2
329 484 3
329 485 10
329 487 5
329 488 10
329 489 4
329 491 6
329 492 6
329 493 8
329 494 2
329 497 1
329 498 8
329 499 7
330 333 9
330 335 4
330 340 5
330 341 10
330 344 5
330 345 6
330 348 5
330 351 5
330 356 3
330 357 7
330 359 8
330 360 10
330 361 8
330 363 6
330 366 8
330 369 2
330 371 8
330 375 7
330 377 2
330 378 2
330 379 10
330 380 5
330 383 6
330 384 1
330 387 4
330 388 1
330 395 7
330 396 1
330 397 5
330 398 5
330 399 9
330 400 10
330 401 6
330 402 6
330 407 10
330 408 4
330 409 7
330 413 3
330 415 3
330 419 4
330 420 7
330 421 6
330 423 10
330 424 1
330 427 4
330 429 10
330 430 6
330 434 10
330 436 4
330 437 8
330 439 8
330 440 2
330 445 2
330 446 9
330 447 2
330 450 1
330 451 5
330 454 3
330 456 1
330 457 5
330 458 7
330 460 5
330 461 1
330 463 5
330 467 4
330 468 1
330 474 1
330 475 9
330 477 8
330 478 8
330 479 9
330 480 9
330 481 4
330 483 3
330 484 1
330 486 2
330 488 8
330 489 9
330 493 5
330 497 3
331 334 10
331 335 6
331 336 4
331 337 1
331 340 10
331 341 9
331 343 5
331 344 6
331 348 4
331 350 4
331 351 10
331 354 7
331 355 8
331 356 2
331 364 2
331 365 6
331 366 4
331 367 9
331 371 9
331 372 5
331 373 10
331 375 7
331 376 4
331 377 10
331 383 1
331 386 9
331 388 7
331 389 6
331 390 7
331 392 10
331 393 1
331 395 7
331 397 4
331 398 10
331 399 3
331 403 10
331 405 8
331 406 9
331 407 9
331 410 6
331 411 9
331 414 3
331 417 4
331 419 2
331 422 10
331 426 8
331 430 6
331 432 6
331 438 7
331 441 10
331 442 4
331 443 4
331 445 4
331 448 3
331 452 10
331 454 10
331 456 2
331 458 10
331 459 4
331 461 6
331 462 1
331 464 10
331 465 2
331 467 8
331 474 3
331 477 5
331 478 9
331 480 9
331 483 2
331 486 3
331 488 4
331 490 5
331 493 6
331 494 7
331 497 4
331 498 10
332 335 10
332 336 10
332 339 4
332 340 2
332 341 2
332 343 3
332 347 4
332 349 5
332 353 2
332 354 9
332 355 10
332 356 1
332 357 5
332 358 5
332 359 10
332 363 4
332 365 6
332 366 1
332 368 5
332 370 1
332 372 3
332 374 10
332 376 5
332 377 8
332 382 4
332 384 6
332 388 9
332 389 4
332 390 4
332 391 6
332 392 2
332 398 5
332 401 10
332 402 10
332 404 3
332 405 3
332 408 4
332 409 1
332 410 3
332 412 3
332 413 10
332 414 1
332 415 5
332 418 8
332 419 4
332 423 10
332 425 7
332 428 3
332 432 9
332 433 1
332 435 7
332 436 7
332 440 6
332 445 9
332 446 4
332 451 4
332 452 8
332 454 1
332 455 5
332 457 2
332 460 8
332 462 2
332 463 10
332 464 7
332 465 4
332 466 9
332 474 10
332 476 8
332 477 9
332 478 6
332 480 7
332 482 6
332 483 1
332 485 6
332 487 5
332 489 6
332 490 3
332 493 9
332 495 3
332 496 9
332 498 5
332 499 6
333 334 8
333 335 5
333 336 7
333 340 7
333 342 5
333 344 4
333 351 2
333 352 5
333 353 10
333 354 2
333 356 6
333 357 3
333 361 1
333 362 2
333 363 6
333 364 2
333 366 5
333 367 6
333 368 5
333 369 2
333 370 5
333 371 5
333 373 6
333 374 2
333 378 1
333 380 10
333 381 3
333 383 8
333 384 4
333 386 5
333 387 7
333 395 1
333 396 6
333 399 10
333 401 4
333 403 7
333 404 2
333 405 10
333 406 9
333 407 3
333 410 2
333 411 4
333 412 9
333 421 2
333 422 2
333 423 1
333 424 2
333 425 10
333 426 1
333 429 7
333 430 6
333 431 10
333 433 6
333 434 6
333 437 6
333 440 8
333 443 9
333 445 1
333 446 6
333 455 8
333 464 9
333 465 3
333 470 2
333 471 2
333 473 4
333 474 10
333 476 7
333 477 8
333 478 9
333 479 9
333 480 6
333 484 8
333 487 5
333 490 10
333 493 8
333 494 10
333 495 2
333 496 6
334 338 4
334 340 7
334 343 5
334 346 3
334 347 5
334 353 5
334 354 2
334 359 4
334 361 2
334 362 5
334 365 5
334 368 6
334 371 7
334 372 5
334 374 2
334 375 6
334 377 3
334 380 9
334 381 10
334 383 2
334 385 4
334 386 10
334 387 2
334 388 7
334 389 10
334 390 10
334 394 9
334 396 10
334 397 3
334 398 7
334 402 4
334 403 5
334 404 9
334 406 7
334 407 8
334 409 2
334 411 5
334 412 8
334 416 3
334 418 3
334 419 5
334 421 10
334 424 4
334 430 5
334 432 1
334 434 8
334 435 9
334 436 4
334 440 1
334 441 3
334 442 4
334 447 5
334 451 3
334 452 9
334 453 9
334 455 2
334 456 7
334 457 2
334 458 1
334 459 8
334 460 10
334 470 4
334 471 9
334 473 4
334 475 9
334 478 6
334 480 8
334 481 9
334 486 3
334 489 9
334 491 1
334 497 10
334 498 2
334 499 9
335 337 4
335 338 2
335 339 6
335 342 7
335 346 5
335 351 1
335 359 5
335 360 4
335 362 2
335 364 10
335 365 6
335 369 1
335 370 4
335 371 6
335 372 5
335 373 8
335 374 9
335 376 7
335 378 5
335 380 4
335 382 2
335 386 8
335 387 3
335 388 6
335 390 8
335 391 5
335 393 7
335 394 10
335 395 2
335 398 8
335 400 3
335 403 2
335 406 9
335 409 10
335 414 9
335 416 10
335 421 10
335 423 9
335 427 4
335 429 9
335 430 2
335 440 7
335 441 2
335 446 8
335 451 8
335 452 4
335 453 5
335 454 7
335 458 3
335 461 5
335 464 5
335 465 4
335 466 7
335 469 6
335 471 2
335 472 10
335 473 3
335 475 3
335 478 2
335 482 4
335 483 10
335 484 4
335 486 6
335 487 6
335 488 4
335 490 6
335 492 7
335 495 5
335 497 8
336 337 9
336 338 8
336 339 2
336 341 1
336 342 6
336 343 1
336 344 8
336 347 6
336 348 5
336 349 1
336 351 4
336 352 9
336 354 8
336 355 5
336 356 3
336 357 4
336 359 3
336 360 9
336 362 6
336 363 8
336 364 7
336 366 5
336 367 10
336 369 4
336 370 6
336 373 5
336 374 6
336 378 2
336 385 5
336 389 9
336 392 7
336 394 10
336 399 4
336 401 9
336 405 8
336 408 1
336 409 6
336 410 4
336 411 6
336 413 9
336 415 3
336 416 1
336 418 7
336 419 1
336 423 10
336 424 5
336 425 9
336 426 4
336 427 10
336 434 7
336 435 4
336 436 5
336 437 9
336 438 8
336 439 2
336 441 1
336 443 1
336 444 7
336 446 3
336 450 9
336 451 7
336 453 8
336 454 1
336 457 6
336 458 3
336 459 3
336 465 3
336 466 6
336 467 1
336 468 8
336 471 5
336 474 8
336 482 3
336 484 7
336 485 7
336 486 6
336 487 7
336 490 1
336 492 4
336 494 9
336 499 6
337 338 8
337 340 5
337 343 3
337 344 5
337 345 10
337 346 8
337 347 5
337 348 3
337 349 2
337 350 2
337 351 9
337 354 6
337 355 1
337 356 8
337 359 6
337 360 7
337 361 8
337 362 8
337 363 4
337 364 2
337 365 6
337 367 1
337 368 8
337 369 4
337 374 10
337 376 7
337 378 4
337 379 3
337 382 2
337 383 5
337 384 3
337 385 5
337 387 8
337 388 9
337 389 6
337 391 2
337 393 2
337 396 2
337 400 3
337 405 3
337 408 6
337 410 10
337 412 9
337 413 3
337 414 9
337 416 6
337 419 10
337 422 9
337 423 10
337 424 4
337 425 7
337 427 4
337 429 2
337 430 6
337 432 2
337 441 6
337 442 5
337 445 8
337 446 6
337 447 5
337 450 3
337 452 1
337 455 1
337 456 9
337 460 1
337 462 8
337 467 9
337 468 4
337 470 3
337 471 4
337 472 1
337 474 8
337 475 6
337 478 6
337 479 9
337 480 9
337 481 4
337 483 4
337 486 3
337 488 5
337 489 10
337 490 9
337 493 5
337 494 7
337 495 4
337 498 2
338 340 1
338 341 6
338 343 6
338 344 1
338 345 4
338 347 6
338 348 6
338 351 7
338 353 2
338 354 5
338 356 1
338 357 6
338 363 7
338 365 3
338 370 8
338 373 3
338 374 9
338 375 10
338 377 1
338 380 5
338 382 5
338 383 2
338 386 7
338 387 10
338 389 2
338 390 1
338 391 5
338 392 9
338 395 5
338 396 6
338 397 4
338 398 9
338 399 1
338 400 4
338 401 1
338 403 7
338 406 1
338 408 2
338 409 4
338 414 6
338 415 1
338 416 1
338 417 1
338 418 10
338 420 3
338 423 7
338 424 2
338 426 6
338 434 1
338 438 10
338 439 5
338 440 1
338 442 8
338 445 2
338 448 3
338 455 6
338 456 3
338 457 5
338 459 6
338 460 5
338 461 1
338 462 9
338 463 2
338 464 9
338 468 3
338 470 9
338 471 4
338 472 9
338 473 1
338 480 7
338 482 7
338 485 2
338 488 8
338 490 8
338 491 6
338 492 9
338 494 10
338 496 4
338 498 9
339 341 7
339 342 7
339 343 9
339 345 4
339 346 6
339 348 3
339 353 8
339 354 8
339 355 6
339 356 8
339 357 1
339 358 8
339 361 1
339 363 1
339 364 1
339 366 5
339 367 9
339 370 6
339 371 6
339 373 4
339 375 9
339 382 10
339 384 7
339 388 8
339 390 2
339 391 1
339 392 8
339 393 9
339 395 9
339 397 9
339 398 9
339 399 3
339 402 9
339 403 1
339 406 6
339 407 3
339 408 10
339 410 3
339 415 7
339 420 8
339 422 7
339 423 1
339 424 2
339 425 1
339 426 6
339 428 9
339 429 5
339 430 5
339 431 6
339 433 2
339 434 1
339 435 7
339 437 2
339 439 1
339 440 4
339 441 9
339 443 6
339 445 9
339 446 8
339 448 10
339 450 7
339 451 7
339 452 10
339 453 1
339 454 4
339 455 3
339 456 8
339 462 9
339 463 10
339 465 10
339 466 5
339 469 4
339 471 10
339 473 7
339 476 7
339 477 9
339 478 7
339 480 2
339 482 1
339 483 5
339 484 9
339 488 3
339 489 6
339 491 4
339 492 3
339 494 4
339 495 3
339 497 9
339 498 4
339 499 8
340 341 3
340 342 8
340 343 6
340 344 2
340 345 9
340 346 9
340 347 4
340 348 3
340 352 1
340 356 4
340 362 9
340 364 3
340 365 7
340 366 1
340 368 4
340 369 4
340 370 6
340 378 5
340 379 5
340 380 7
340 381 3
340 386 1
340 387 10
340 388 10
340 391 6
340 393 1
340 394 7
340 395 3
340 397 2
340 402 10
340 404 5
340 406 3
340 407 8
340 409 4
340 410 5
340 412 10
340 413 3
340 414 3
340 417 10
340 418 7
340 423 1
340 424 4
340 426 4
340 427 5
340 428 5
340 431 10
340 433 5
340 434 3
340 435 4
340 437 8
340 439 5
340 441 7
340 443 8
340 444 10
340 445 8
340 446 10
340 450 10
340 452 5
340 457 1
340 458 4
340 459 2
340 462 3
340 463 10
340 464 6
340 466 10
340 471 5
340 477 4
340 481 7
340 482 3
340 484 7
340 485 4
340 487 9
340 488 7
340 489 5
340 490 7
340 491 2
340 492 10
340 493 9
340 495 1
340 497 7
341 342 7
341 348 2
341 350 10
341 353 9
341 355 4
341 360 6
341 364 7
341 365 9
341 369 9
341 370 10
341 371 6
341 372 1
341 375 5
341 379 5
341 381 9
341 389 3
341 393 6
341 394 5
341 395 1
341 397 4
341 400 8
341 401 2
341 403 3
341 406 2
341 407 2
341 410 5
341 412 7
341 413 2
341 414 7
341 415 4
341 418 7
341 420 4
341 421 2
341 422 10
341 423 8
341 425 4
341 429 10
341 430 1
341 437 9
341 438 5
341 439 4
341 440 7
341 442 4
341 445 2
341 448 8
341 450 4
341 452 9
341 454 3
341 457 8
341 462 6
341 468 3
341 470 8
341 471 5
341 472 2
341 474 2
341 475 8
341 476 4
341 479 10
341 483 7
341 485 6
341 488 8
341 489 9
341 490 9
341 492 4
341 494 2
341 496 10
341 497 9
341 498 5
341 499 5
342 344 2
342 348 7
342 349 5
342 350 10
342 351 7
342 352 5
342 353 1
342 354 9
342 356 9
342 357 5
342 359 9
342 360 9
342 361 6
342 364 8
342 365 2
342 367 9
342 368 9
342 371 4
342 375 1
342 376 2
342 380 3
342 382 3
342 383 4
342 387 4
342 388 3
342 389 8
342 390 6
342 392 3
342 393 10
342 394 2
342 395 4
342 397 8
342 399 5
342 400 1
342 401 2
342 402 6
342 407 3
342 408 9
342 410 3
342 411 4
342 413 1
342 415 3
342 416 8
342 417 6
342 419 9
342 421 2
342 422 5
342 423 3
342 424 5
342 426 5
342 427 2
342 428 3
342 430 5
342 434 5
342 435 4
342 437 9
342 440 4
342 441 7
342 443 1
342 444 2
342 445 4
342 446 4
342 448 7
342 449 5
342 451 9
342 455 3
342 456 5
342 457 7
342 459 9
342 463 6
342 464 4
342 466 4
342 473 1
342 475 10
342 477 5
342 479 3
342 481 1
342 483 8
342 484 3
342 487 7
342 489 5
342 490 9
342 491 6
342 496 5
342 497 10
342 498 5
343 344 2
343 346 5
343 347 1
343 348 2
343 349 5
343 350 9
343 351 8
343 355 6
343 357 2
343 364 4
343 365 1
343 368 2
343 369 10
343 370 6
343 374 8
343 376 4
343 378 4
343 379 7
343 380 5
343 381 10
343 382 3
343 384 9
343 387 1
343 388 8
343 392 7
343 393 6
343 395 6
343 398 3
343 400 1
343 401 2
343 402 10
343 404 9
343 405 3
343 407 8
343 412 1
343 413 7
343 414 10
343 415 3
343 416 3
343 417 6
343 418 10
343 421 10
343 422 3
343 423 2
343 426 9
343 427 7
343 431 1
343 434 7
343 436 1
343 438 2
343 443 7
343 445 6
343 447 2
343 450 9
343 452 6
343 454 1
343 456 4
343 458 5
343 459 2
343 466 7
343 469 10
343 474 6
343 475 7
343 476 7
343 477 3
343 478 5
343 481 3
343 482 7
343 485 3
343 488 4
343 489 9
343 497 4
344 346 5
344 348 10
344 350 3
344 352 1
344 354 9
344 355 2
344 357 4
344 358 10
344 362 1
344 366 1
344 368 7
344 369 9
344 371 7
344 376 1
344 377 5
344 379 10
344 380 10
344 381 9
344 382 8
344 386 2
344 389 2
344 390 8
344 391 10
344 392 9
344 394 4
344 395 5
344 396 1
344 402 1
344 403 4
344 404 8
344 409 3
344 412 3
344 415 6
344 416 10
344 419 5
344 421 10
344 422 5
344 424 3
344 425 3
344 426 4
344 428 1
344 429 2
344 430 4
344 432 2
344 434 8
344 435 6
344 438 7
344 439 4
344 441 4
344 442 6
344 444 2
344 447 8
344 451 2
344 452 6
344 453 10
344 458 3
344 460 2
344 461 9
344 467 4
344 471 1
344 472 7
344 473 7
344 476 8
344 477 7
344 478 4
344 480 8
344 481 7
344 482 10
344 483 3
344 484 9
344 486 9
344 489 5
344 491 2
344 493 10
344 494 2
344 497 5
344 499 4
345 346 2
345 349 9
345 350 6
345 354 8
345 356 1
345 357 3
345 358 10
345 360 3
345 363 1
345 366 2
345 367 5
345 369 4
345 370 7
345 372 7
345 373 10
345 378 4
345 381 3
345 382 3
345 384 9
345 385 10
345 386 1
345 387 4
345 389 6
345 390 2
345 394 10
345 395 9
345 396 4
345 398 6
345 399 7
345 401 10
345 402 6
345 404 4
345 406 7
345 407 5
345 409 10
345 412 5
345 413 10
345 414 8
345 415 4
345 416 6
345 420 6
345 423 7
345 429 9
345 430 7
345 431 5
345 436 2
345 438 4
345 439 7
345 441 7
345 443 3
345 447 3
345 449 4
345 451 8
345 452 1
345 454 5
345 457 5
345 458 2
345 459 5
345 461 2
345 462 1
345 464 3
345 467 5
345 469 5
345 470 6
345 473 2
345 475 3
345 477 8
345 478 4
345 480 1
345 488 10
345 490 10
345 491 6
345 492 2
345 493 4
345 494 7
345 496 3
345 497 5
345 498 10
345 499 6
346 348 7
346 354 7
346 357 5
346 360 9
346 362 9
346 368 4
346 369 8
346 370 1
346 374 5
346 376 3
346 378 3
346 379 10
346 381 7
346 383 8
346 385 5
346 387 7
346 388 7
346 390 8
346 391 8
346 393 7
346 395 7
346 396 8
346 401 10
346 402 4
346 403 6
346 405 9
346 406 7
346 407 8
346 408 8
346 411 3
346 413 2
346 417 9
346 420 6
346 422 1
346 423 3
346 424 6
346 425 6
346 427 4
346 428 10
346 429 6
346 432 3
346 433 6
346 435 1
346 437 3
346 439 4
346 440 5
346 441 3
346 442 9
346 443 1
346 445 10
346 447 2
346 449 7
346 450 6
346 452 2
346 454 1
346 455 8
346 457 1
346 458 10
346 459 2
346 462 5
346 464 1
346 465 3
346 467 4
346 469 7
346 470 4
346 472 8
346 478 3
346 482 10
346 483 9
346 484 10
346 488 6
346 489 9
346 490 8
346 491 2
346 493 5
346 494 1
346 495 2
346 496 5
346 497 8
347 348 3
347 349 3
347 351 1
347 356 8
347 359 8
347 360 7
347 366 10
347 367 8
347 368 5
347 370 10
347 371 9
347 372 10
347 373 6
347 374 8
347 376 3
347 378 9
347 379 9
347 381 7
347 383 2
347 384 6
347 385 9
347 387 4
347 388 1
347 389 9
347 390 3
347 392 10
347 393 5
347 399 8
347 403 1
347 406 8
347 407 8
347 408 2
347 409 10
347 411 7
347 412 1
347 413 9
347 418 9
347 419 7
347 420 6
347 423 2
347 427 10
347 428 2
347 429 3
347 432 2
347 433 2
347 442 9
347 443 7
347 445 4
347 449 7
347 452 9
347 453 4
347 455 2
347 457 1
347 458 10
347 459 5
347 460 6
347 463 4
347 465 8
347 467 5
347 468 3
347 472 3
347 474 8
347 475 7
347 477 6
347 479 10
347 480 9
347 481 1
347 483 5
347 494 9
347 497 6
347 498 3
348 351 1
348 352 10
348 354 10
348 355 9
348 356 7
348 357 6
348 358 2
348 361 9
348 362 9
348 363 6
348 367 2
348 368 3
348 370 4
348 374 10
348 375 3
348 378 4
348 380 9
348 381 2
348 383 8
348 385 2
348 386 10
348 391 8
348 393 2
348 397 1
348 398 1
348 399 6
348 400 9
348 402 3
348 405 9
348 410 8
348 416 5
348 417 10
348 418 6
348 420 6
348 423 1
348 424 9
348 425 8
348 426 10
348 428 5
348 429 3
348 431 2
348 432 7
348 434 8
348 437 3
348 440 4
348 441 5
348 442 5
348 445 1
348 449 8
348 450 1
348 451 7
348 454 6
348 457 10
348 458 3
348 460 5
348 461 2
348 462 4
348 464 2
348 465 6
348 466 2
348 468 3
348 472 10
348 476 1
348 483 4
348 484 10
348 485 2
348 486 4
348 491 2
348 493 3
348 497 7
348 499 2
349 352 4
349 357 4
349 358 1
349 359 9
349 360 2
349 361 1
349 362 2
349 363 5
349 365 10
349 368 5
349 369 10
349 372 8
349 373 9
349 375 8
349 378 3
349 380 8
349 382 4
349 384 4
349 386 1
349 388 2
349 389 4
349 391 7
349 395 9
349 396 1
349 397 1
349 401 1
349 404 6
349 406 4
349 409 2
349 412 2
349 413 9
349 414 7
349 421 4
349 423 8
349 424 2
349 425 7
349 426 3
349 427 2
349 428 4
349 429 10
349 432 5
349 433 1
349 434 2
349 436 1
349 437 6
349 438 7
349 439 2
349 441 1
349 442 8
349 443 2
349 446 6
349 447 6
349 448 7
349 449 2
349 450 5
349 451 3
349 453 5
349 455 6
349 456 9
349 457 4
349 458 9
349 459 3
349 465 3
349 467 5
349 471 4
349 473 9
349 474 8
349 475 1
349 476 8
349 477 9
349 479 6
349 480 10
349 481 1
349 482 5
349 485 7
349 486 7
349 487 9
349 491 6
349 492 10
349 494 7
349 495 2
349 497 10
349 498 8
349 499 9
350 351 9
350 352 8
350 353 6
350 354 7
350 357 4
350 358 7
350 360 8
350 363 10
350 367 5
350 370 8
350 373 8
350 375 9
350 376 3
350 378 5
350 380 7
350 387 8
350 388 4
350 389 9
350 390 10
350 393 2
350 394 3
350 396 8
350 397 1
350 398 6
350 399 10
350 400 1
350 401 4
350 402 10
350 404 9
350 405 1
350 408 2
350 409 8
350 410 4
350 412 8
350 414 8
350 415 5
350 416 2
350 417 3
350 418 4
350 420 7
350 424 6
350 425 4
350 428 9
350 429 2
350 431 7
350 433 5
350 438 8
350 439 7
350 441 6
350 442 10
350 443 7
350 445 10
350 446 7
350 447 5
350 448 9
350 453 10
350 454 8
350 463 8
350 466 2
350 467 6
350 468 10
350 471 2
350 474 7
350 479 5
350 482 5
350 483 4
350 484 3
350 485 5
350 489 8
350 494 7
350 495 2
350 498 3
351 352 2
351 356 5
351 360 4
351 362 6
351 364 10
351 365 8
351 366 4
351 368 4
351 371 8
351 374 10
351 376 3
351 377 8
351 378 1
351 379 1
351 382 8
351 383 10
351 385 4
351 386 7
351 387 6
351 388 4
351 389 5
351 391 5
351 394 3
351 395 7
351 400 1
351 401 1
351 405 10
351 407 10
351 410 10
351 411 2
351 412 4
351 413 4
351 414 3
351 416 9
351 417 5
351 419 9
351 420 9
351 425 3
351 429 5
351 436 7
351 437 8
351 438 6
351 441 7
351 444 1
351 445 10
351 446 7
351 447 2
351 448 1
351 449 9
351 450 6
351 451 9
351 452 4
351 453 8
351 456 10
351 457 1
351 459 2
351 460 4
351 463 1
351 467 4
351 469 10
351 470 4
351 471 1
351 472 6
351 475 5
351 476 4
351 477 3
351 479 1
351 481 10
351 483 8
351 486 3
351 487 9
351 489 4
351 491 6
351 492 8
351 494 4
351 496 3
351 497 6
352 353 2
352 354 5
352 358 1
352 360 6
352 362 6
352 364 6
352 366 9
352 370 2
352 372 3
352 373 7
352 376 2
352 377 7
352 378 9
352 379 1
352 380 1
352 382 10
352 383 5
352 384 1
352 388 7
352 392 5
352 393 4
352 395 3
352 396 8
352 397 10
352 398 2
352 401 4
352 403 1
352 404 5
352 405 6
352 407 7
352 411 9
352 412 3
352 413 1
352 414 2
352 418 4
352 419 1
352 420 2
352 421 6
352 424 3
352 425 6
352 428 4
352 429 4
352 430 10
352 432 9
352 434 6
352 437 2
352 439 9
352 442 3
352 443 3
352 444 7
352 445 9
352 450 7
352 451 7
352 453 7
352 455 8
352 457 3
352 459 7
352 467 7
352 472 8
352 474 7
352 479 7
352 480 6
352 482 7
352 483 6
352 486 2
352 488 8
352 490 1
352 494 8
352 495 3
352 496 1
352 499 9
353 354 4
353 355 10
353 357 9
353 359 2
353 360 2
353 362 6
353 366 10
353 368 8
353 371 6
353 372 9
353 376 1
353 379 10
353 382 3
353 385 5
353 386 9
353 387 10
353 389 7
353 391 10
353 395 4
353 397 6
353 399 5
353 403 10
353 404 9
353 405 2
353 406 4
353 409 2
353 410 6
353 411 9
353 412 2
353 413 1
353 414 6
353 416 8
353 417 8
353 418 8
353 419 10
353 421 7
353 422 3
353 428 9
353 430 3
353 433 7
353 434 6
353 438 1
353 439 3
353 440 5
353 441 10
353 442 3
353 445 6
353 448 2
353 449 6
353 450 3
353 452 4
353 457 1
353 459 6
353 460 1
353 463 7
353 464 8
353 466 4
353 467 7
353 468 10
353 470 2
353 471 9
353 472 10
353 474 1
353 475 7
353 477 1
353 478 2
353 483 5
353 484 2
353 486 4
353 488 7
353 489 5
353 490 1
353 498 5
354 355 6
354 356 9
354 358 9
354 361 9
354 362 6
354 363 7
354 364 10
354 365 3
354 366 2
354 369 9
354 370 9
354 372 4
354 374 8
354 375 3
354 376 7
354 377 10
354 378 2
354 379 10
354 383 9
354 384 6
354 387 5
354 388 6
354 389 8
354 391 7
354 392 5
354 394 6
354 401 7
354 402 5
354 403 1
354 405 1
354 406 1
354 407 7
354 409 9
354 410 3
354 412 5
354 414 7
354 415 9
354 418 7
354 421 2
354 422 4
354 423 1
354 426 6
354 427 8
354 429 2
354 432 6
354 434 6
354 437 9
354 438 6
354 440 5
354 441 1
354 442 2
354 445 8
354 446 7
354 447 9
354 448 7
354 450 5
354 453 3
354 454 10
354 455 4
354 456 9
354 457 1
354 458 5
354 460 8
354 462 3
354 463 10
354 464 3
354 465 2
354 466 5
354 467 4
354 469 9
354 472 9
354 475 6
354 476 5
354 478 7
354 479 6
354 485 5
354 486 8
354 487 2
354 488 10
354 489 5
354 494 7
354 495 2
354 498 6
354 499 3
355 356 5
355 357 8
355 359 5
355 362 9
355 365 1
355 366 2
355 367 6
355 369 10
355 370 2
355 372 9
355 373 9
355 374 6
355 375 2
355 378 3
355 384 10
355 387 7
355 389 5
355 390 9
355 391 1
355 393 4
355 394 3
355 395 1
355 396 2
355 399 3
355 400 6
355 403 5
355 407 7
355 409 3
355 411 8
355 413 5
355 414 6
355 415 1
355 417 2
355 418 6
355 422 3
355 423 10
355 424 7
355 428 4
355 431 4
355 434 4
355 435 2
355 437 10
355 438 4
355 439 2
355 442 10
355 443 3
355 447 1
355 448 3
355 449 4
355 450 3
355 454 7
355 456 1
355 458 8
355 459 9
355 461 3
355 462 7
355 463 8
355 464 2
355 468 7
355 473 7
355 475 8
355 478 4
355 479 3
355 482 3
355 485 5
355 486 2
355 488 3
355 490 2
355 491 10
355 492 9
355 493 8
355 494 5
355 495 1
355 497 8
355 498 4
355 499 2
356 357 5
356 358 4
356 359 3
356 360 8
356 362 7
356 364 4
356 365 3
356 366 6
356 368 2
356 369 7
356 371 5
356 376 10
356 378 7
356 379 3
356 382 2
356 383 2
356 385 8
356 387 7
356 390 5
356 391 8
356 392 9
356 393 7
356 394 4
356 397 1
356 398 10
356 399 6
356 401 2
356 402 8
356 405 6
356 406 4
356 407 2
356 410 7
356 412 5
356 415 9
356 418 7
356 421 6
356 423 10
356 424 7
356 425 9
356 431 5
356 432 3
356 433 8
356 435 3
356 436 6
356 439 3
356 441 10
356 443 5
356 446 5
356 447 1
356 448 2
356 449 9
356 450 7
356 452 9
356 453 1
356 454 2
356 455 2
356 456 9
356 457 2
356 458 5
356 462 4
356 468 2
356 471 5
356 474 7
356 477 10
356 479 8
356 480 8
356 482 10
356 483 1
356 484 3
356 486 1
356 487 4
356 488 7
356 489 1
356 490 4
356 492 10
356 493 3
356 496 6
356 498 6
356 499 4
357 359 2
357 361 3
357 362 9
357 363 8
357 364 7
357 365 5
357 368 4
357 369 2
357 370 4
357 371 10
357 372 2
357 374 1
357 375 4
357 377 9
357 378 7
357 379 9
357 384 2
357 388 9
357 389 8
357 391 10
357 392 6
357 393 5
357 394 3
357 397 8
357 398 9
357 399 2
357 401 8
357 402 3
357 404 2
357 407 7
357 408 4
357 411 3
357 412 9
357 414 3
357 417 5
357 421 9
357 422 5
357 423 3
357 426 4
357 428 9
357 431 2
357 436 9
357 439 5
357 441 8
357 442 1
357 443 9
357 447 6
357 448 3
357 450 4
357 455 3
357 457 9
357 458 5
357 459 10
357 460 4
357 461 10
357 462 6
357 466 4
357 467 3
357 468 4
357 470 4
357 473 4
357 475 10
357 476 9
357 479 4
357 481 4
357 483 10
357 486 3
357 487 4
357 490 1
357 491 8
357 497 1
358 359 7
358 361 1
358 362 4
358 364 8
358 366 1
358 370 9
358 371 2
358 376 6
358 378 7
358 380 5
358 381 5
358 383 1
358 384 6
358 386 3
358 387 7
358 388 2
358 392 5
358 393 9
358 398 5
358 399 9
358 400 1
358 401 9
358 402 4
358 407 8
358 408 1
358 411 3
358 413 4
358 414 1
358 415 10
358 419 6
358 422 5
358 427 2
358 428 4
358 429 1
358 430 4
358 433 4
358 434 9
358 435 4
358 438 1
358 439 8
358 447 9
358 448 3
358 454 5
358 456 10
358 457 7
358 458 3
358 461 7
358 463 7
358 465 4
358 466 8
358 468 2
358 470 3
358 478 7
358 480 10
358 483 3
358 484 5
358 489 5
358 490 10
358 492 1
358 493 3
358 495 5
358 496 4
359 361 7
359 365 1
359 366 5
359 367 4
359 371 8
359 373 3
359 375 9
359 376 2
359 378 5
359 380 3
359 382 7
359 384 1
359 385 7
359 386 8
359 387 1
359 389 2
359 391 9
359 396 9
359 398 2
359 400 4
359 404 1
359 405 4
359 406 4
359 407 5
359 408 7
359 411 1
359 412 2
359 414 7
359 419 7
359 422 5
359 426 2
359 428 7
359 431 8
359 433 5
359 435 2
359 436 10
359 437 10
359 441 1
359 442 8
359 444 6
359 446 2
359 447 8
359 448 2
359 450 10
359 451 1
359 452 7
359 454 10
359 455 5
359 456 6
359 457 6
359 460 9
359 461 5
359 462 8
359 463 5
359 465 4
359 466 6
359 468 3
359 470 9
359 474 2
359 475 9
359 480 10
359 485 2
359 486 9
359 487 2
359 489 2
359 490 5
359 492 5
359 493 1
359 499 2
360 362 2
360 364 10
360 366 10
360 367 6
360 368 3
360 369 8
360 374 5
360 376 9
360 381 2
360 382 5
360 383 9
360 384 3
360 386 8
360 389 5
360 390 10
360 391 4
360 393 8
360 395 3
360 396 10
360 397 7
360 398 6
360 399 8
360 402 8
360 403 1
360 405 3
360 411 8
360 412 9
360 413 4
360 415 4
360 417 4
360 420 9
360 421 7
360 423 6
360 424 9
360 426 7
360 427 3
360 432 4
360 433 4
360 434 1
360 436 5
360 437 3
360 438 4
360 440 9
360 443 9
360 449 8
360 451 7
360 453 4
360 457 4
360 458 1
360 459 7
360 460 2
360 461 4
360 462 6
360 465 3
360 466 6
360 467 1
360 469 8
360 470 4
360 471 7
360 479 10
360 480 5
360 481 4
360 482 8
360 486 5
360 487 7
360 488 8
360 490 7
360 492 8
360 493 8
361 363 4
361 365 4
361 366 7
361 367 5
361 373 2
361 374 4
361 375 2
361 376 2
361 377 7
361 379 9
361 382 4
361 383 7
361 384 2
361 385 7
361 389 4
361 390 1
361 391 4
361 397 4
361 398 2
361 399 6
361 400 4
361 401 10
361 403 8
361 404 8
361 405 4
361 407 5
361 408 10
361 409 1
361 410 9
361 411 3
361 412 2
361 413 5
361 414 2
361 417 1
361 419 5
361 422 4
361 424 4
361 426 8
361 427 3
361 428 4
361 431 6
361 432 8
361 434 9
361 437 1
361 442 10
361 443 3
361 445 6
361 446 3
361 447 4
361 448 5
361 449 9
361 450 8
361 452 6
361 453 3
361 454 10
361 456 6
361 457 10
361 458 5
361 464 10
361 465 3
361 466 8
361 471 3
361 473 6
361 475 4
361 476 3
361 477 1
361 478 10
361 482 4
361 485 9
361 488 5
361 494 7
361 495 1
361 496 9
361 497 2
361 499 6
362 364 1
362 365 7
362 367 9
362 372 5
362 373 10
362 379 2
362 383 6
362 384 10
362 385 2
362 387 1
362 388 8
362 391 8
362 394 1
362 395 4
362 396 4
362 398 10
362 399 10
362 402 6
362 406 8
362 407 5
362 410 10
362 411 8
362 412 7
362 415 5
362 416 7
362 417 6
362 420 8
362 421 2
362 422 9
362 423 5
362 424 6
362 427 8
362 429 5
362 431 2
362 433 2
362 435 6
362 437 9
362 438 3
362 439 6
362 441 1
362 446 2
362 447 9
362 448 10
362 451 2
362 453 4
362 455 8
362 459 10
362 462 10
362 464 2
362 465 9
362 469 7
362 470 2
362 473 3
362 475 6
362 476 1
362 481 5
362 482 10
362 483 7
362 485 2
362 487 2
362 488 3
362 492 7
362 495 8
362 497 9
362 498 6
362 499 8
363 366 1
363 368 9
363 369 4
363 375 5
363 376 8
363 377 7
363 385 6
363 388 2
363 389 6
363 390 6
363 392 10
363 393 8
363 395 10
363 397 5
363 399 2
363 400 8
363 403 4
363 406 2
363 409 8
363 410 1
363 412 6
363 413 6
363 416 4
363 417 5
363 418 4
363 419 8
363 425 5
363 427 5
363 428 3
363 429 6
363 430 2
363 431 9
363 434 8
363 435 7
363 436 2
363 437 1
363 438 1
363 439 5
363 442 4
363 443 8
363 444 5
363 448 2
363 450 3
363 453 1
363 455 9
363 457 4
363 459 8
363 461 8
363 465 2
363 466 10
363 468 9
363 472 8
363 473 4
363 474 4
363 476 3
363 477 4
363 478 3
363 479 6
363 481 8
363 484 2
363 485 10
363 487 8
363 488 6
363 489 1
363 491 8
363 492 2
363 493 8
363 497 2
363 498 5
364 366 9
364 367 3
364 368 8
364 369 2
364 370 8
364 371 6
364 373 7
364 374 5
364 377 4
364 378 3
364 379 8
364 383 9
364 384 7
364 387 10
364 388 2
364 391 5
364 396 3
364 397 9
364 398 4
364 399 3
364 401 1
364 402 7
364 403 8
364 406 5
364 409 9
364 413 9
364 415 10
364 416 5
364 420 3
364 421 3
364 422 8
364 424 9
364 426 4
364 427 1
364 429 8
364 430 4
364 435 7
364 436 9
364 437 2
364 444 5
364 446 1
364 448 10
364 449 8
364 451 10
364 452 1
364 454 2
364 455 9
364 457 6
364 458 10
364 460 8
364 461 4
364 462 7
364 467 2
364 469 10
364 471 7
364 472 2
364 473 7
364 474 3
364 477 6
364 479 10
364 481 7
364 484 5
364 486 5
364 489 1
364 491 9
364 492 6
364 494 7
364 497 1
364 498 8
365 367 1
365 369 1
365 370 2
365 372 6
365 374 2
365 376 3
365 377 9
365 379 6
365 383 2
365 384 2
365 386 7
365 388 1
365 389 8
365 394 9
365 395 4
365 396 7
365 397 4
365 398 1
365 399 2
365 402 9
365 403 4
365 404 5
365 405 2
365 406 9
365 407 2
365 408 4
365 412 4
365 414 8
365 416 1
365 420 6
365 421 9
365 423 8
365 425 6
365 427 3
365 432 6
365 433 3
365 437 7
365 439 4
365 441 10
365 442 5
365 443 4
365 446 3
365 447 5
365 450 5
365 451 5
365 452 7
365 454 6
365 457 9
365 460 9
365 461 10
365 462 3
365 463 7
365 464 6
365 466 6
365 468 4
365 469 1
365 470 2
365 471 8
365 473 9
365 475 4
365 476 3
365 481 5
365 482 2
365 484 10
365 489 8
365 490 10
365 491 4
365 492 9
365 493 1
365 494 2
365 496 5
365 497 9
365 498 1
366 367 4
366 368 5
366 369 8
366 372 1
366 375 5
366 376 2
366 377 2
366 378 10
366 379 8
366 380 8
366 383 3
366 384 8
366 386 9
366 388 4
366 389 9
366 391 1
366 392 6
366 394 3
366 396 2
366 399 7
366 401 5
366 404 5
366 406 3
366 407 5
366 408 10
366 409 7
366 411 8
366 413 1
366 414 8
366 415 7
366 417 8
366 418 8
366 419 4
366 422 6
366 425 2
366 427 6
366 428 3
366 430 5
366 431 6
366 432 4
366 433 8
366 434 1
366 436 9
366 437 7
366 438 7
366 440 7
366 441 1
366 444 1
366 445 6
366 446 2
366 448 8
366 449 3
366 450 8
366 451 1
366 452 4
366 454 6
366 455 3
366 459 1
366 463 8
366 464 5
366 465 9
366 466 6
366 467 1
366 469 9
366 470 1
366 472 4
366 474 3
366 477 4
366 479 2
366 480 9
366 481 2
366 482 5
366 483 4
366 485 5
366 486 8
366 493 6
366 496 7
366 497 2
367 368 1
367 369 4
367 371 8
367 375 4
367 379 7
367 381 5
367 382 7
367 384 10
367 385 2
367 387 4
367 388 5
367 390 1
367 392 9
367 393 2
367 394 4
367 395 7
367 400 7
367 401 10
367 403 10
367 406 7
367 409 5
367 410 1
367 413 6
367 414 1
367 415 7
367 417 6
367 418 9
367 420 3
367 421 3
367 424 2
367 425 1
367 426 7
367 429 10
367 430 9
367 431 9
367 432 2
367 433 6
367 434 3
367 435 7
367 437 6
367 439 5
367 442 6
367 444 5
367 448 2
367 452 6
367 453 5
367 455 9
367 459 3
367 460 2
367 462 7
367 464 8
367 467 9
367 468 4
367 469 6
367 471 3
367 472 8
367 473 9
367 474 9
367 475 10
367 476 3
367 477 6
367 479 6
367 481 5
367 482 8
367 485 7
367 488 1
367 489 5
367 492 8
367 493 9
367 495 10
367 496 6
367 499 2
368 371 2
368 375 2
368 376 1
368 379 3
368 380 8
368 381 8
368 382 1
368 383 5
368 384 8
368 385 4
368 389 10
368 390 8
368 391 1
368 395 8
368 397 3
368 400 10
368 403 4
368 404 7
368 405 3
368 406 5
368 411 9
368 412 1
368 413 7
368 416 2
368 417 3
368 419 1
368 421 5
368 423 7
368 424 2
368 425 8
368 427 3
368 430 9
368 434 10
368 436 2
368 437 2
368 440 3
368 442 6
368 443 1
368 444 2
368 445 5
368 447 8
368 449 1
368 451 6
368 452 6
368 453 9
368 455 8
368 457 8
368 459 1
368 461 5
368 462 8
368 463 10
368 464 3
368 465 3
368 466 6
368 469 4
368 470 2
368 471 10
368 472 10
368 473 4
368 474 4
368 476 6
368 477 6
368 480 2
368 482 6
368 483 5
368 484 10
368 486 2
368 489 6
368 491 8
368 493 10
368 494 3
368 495 2
368 497 10
368 498 6
369 371 1
369 372 2
369 377 8
369 379 9
369 380 9
369 381 5
369 382 10
369 384 4
369 385 9
369 389 3
369 390 10
369 392 6
369 393 4
369 394 5
369 396 6
369 398 5
369 400 9
369 401 3
369 403 9
369 404 2
369 406 5
369 407 1
369 408 10
369 409 1
369 410 7
369 411 2
369 412 9
369 414 5
369 422 2
369 424 10
369 426 6
369 428 6
369 430 4
369 431 6
369 432 1
369 433 8
369 436 4
369 438 8
369 439 5
369 440 2
369 441 4
369 446 10
369 447 10
369 449 1
369 451 3
369 452 10
369 454 5
369 457 10
369 458 1
369 459 7
369 461 3
369 463 9
369 464 9
369 469 3
369 471 3
369 473 5
369 475 7
369 476 9
369 477 7
369 479 2
369 480 1
369 482 8
369 485 6
369 486 4
369 489 5
369 490 2
369 493 2
369 494 6
369 496 4
369 498 2
369 499 3
370 373 1
370 374 3
370 375 3
370 376 8
370 377 1
370 378 5
370 380 3
370 382 8
370 392 6
370 393 10
370 394 3
370 395 7
370 396 8
370 397 10
370 398 3
370 399 4
370 400 8
370 403 5
370 405 7
370 407 2
370 408 5
370 409 3
370 413 4
370 414 4
370 415 10
370 420 4
370 422 10
370 424 8
370 425 3
370 426 1
370 428 2
370 430 7
370 431 8
370 434 4
370 435 10
370 436 8
370 440 4
370 448 9
370 452 9
370 453 10
370 456 9
370 458 3
370 459 4
370 462 4
370 466 2
370 471 10
370 473 9
370 475 1
370 476 1
370 477 1
370 479 1
370 481 3
370 484 8
370 485 9
370 486 4
370 487 3
370 488 8
370 492 6
370 495 3
370 499 1
371 374 5
371 376 7
371 377 1
371 379 1
371 380 9
371 381 6
371 382 3
371 384 9
371 385 4
371 386 3
371 387 8
371 388 3
371 389 7
371 391 3
371 394 5
371 395 4
371 397 10
371 399 8
371 404 2
371 407 5
371 410 8
371 413 6
371 414 10
371 418 5
371 419 3
371 420 6
371 421 6
371 422 5
371 429 9
371 430 4
371 431 3
371 434 8
371 437 3
371 438 5
371 439 7
371 440 9
371 441 4
371 442 1
371 443 7
371 446 6
371 449 10
371 450 10
371 451 2
371 453 1
371 455 7
371 456 1
371 457 3
371 458 5
371 460 1
371 461 6
371 462 1
371 463 3
371 465 7
371 468 2
371 469 5
371 473 6
371 477 4
371 478 2
371 481 7
371 489 7
371 490 10
371 493 1
371 495 1
371 498 6
371 499 8
372 375 6
372 376 5
372 379 4
372 381 1
372 383 3
372 384 7
372 387 10
372 390 1
372 392 5
372 394 1
372 396 3
372 397 8
372 399 7
372 401 10
372 403 1
372 408 5
372 409 8
372 411 4
372 412 7
372 413 7
372 417 8
372 419 2
372 420 3
372 422 9
372 423 6
372 424 1
372 426 10
372 427 3
372 429 6
372 430 5
372 431 7
372 433 10
372 435 10
372 436 3
372 437 1
372 438 6
372 439 1
372 442 2
372 443 4
372 445 6
372 446 4
372 449 8
372 451 1
372 453 7
372 456 3
372 457 9
372 458 1
372 462 1
372 463 2
372 465 2
372 469 8
372 470 6
372 472 3
372 474 6
372 475 5
372 476 8
372 479 5
372 482 9
372 483 2
372 489 5
372 490 3
372 491 4
372 492 10
372 493 8
372 496 3
372 497 7
373 374 8
373 375 4
373 376 1
373 383 5
373 384 5
373 387 6
373 388 4
373 389 6
373 390 9
373 391 8
373 392 8
373 395 2
373 397 9
373 398 3
373 401 5
373 404 2
373 407 4
373 412 2
373 413 6
373 414 5
373 416 9
373 417 4
373 421 1
373 423 10
373 425 10
373 426 8
373 429 5
373 433 5
373 436 6
373 437 8
373 438 6
373 440 3
373 441 2
373 442 4
373 445 3
373 446 9
373 448 2
373 449 1
373 450 10
373 453 7
373 454 9
373 455 7
373 456 5
373 457 9
373 459 7
373 467 8
373 468 1
373 469 9
373 472 7
373 479 4
373 480 8
373 486 1
373 487 2
373 488 10
373 489 10
373 490 9
373 491 9
373 492 1
373 493 1
373 494 10
373 496 10
373 498 10
374 375 7
374 384 6
374 386 6
374 387 5
374 391 2
374 396 4
374 400 10
374 401 10
374 402 8
374 403 4
374 405 7
374 406 4
374 407 6
374 408 8
374 410 3
374 412 4
374 413 6
374 414 1
374 415 8
374 418 10
374 422 10
374 423 1
374 424 4
374 425 4
374 426 7
374 427 10
374 430 9
374 431 10
374 432 2
374 436 6
374 442 3
374 443 6
374 444 2
374 450 2
374 452 10
374 453 1
374 456 10
374 458 4
374 459 9
374 462 1
374 464 10
374 465 10
374 466 3
374 467 7
374 472 6
374 473 9
374 475 4
374 476 4
374 477 7
374 478 5
374 479 8
374 480 4
374 481 9
374 482 6
374 484 1
374 493 1
374 494 2
374 496 6
374 499 7
375 377 4
375 378 8
375 381 3
375 382 2
375 383 7
375 387 7
375 391 2
375 395 1
375 396 5
375 397 3
375 399 10
375 407 10
375 408 8
375 410 6
375 412 3
375 413 7
375 414 8
375 418 4
375 420 5
375 422 5
375 424 7
375 426 7
375 429 2
375 434 4
375 435 9
375 436 1
375 437 10
375 438 4
375 439 9
375 441 9
375 442 4
375 444 7
375 448 9
375 449 7
375 452 3
375 455 6
375 456 4
375 458 2
375 464 1
375 467 4
375 468 8
375 471 7
375 474 2
375 476 7
375 478 8
375 487 8
375 489 3
375 490 5
375 494 2
375 495 7
375 497 2
376 378 4
376 379 6
376 381 2
376 384 2
376 387 7
376 388 5
376 390 1
376 391 4
376 392 9
376 395 4
376 397 9
376 398 6
376 404 10
376 405 5
376 408 10
376 412 4
376 413 2
376 416 6
376 417 10
376 419 2
376 422 10
376 426 6
376 427 1
376 430 9
376 432 7
376 433 7
376 436 1
376 439 5
376 441 6
376 444 10
376 447 3
376 449 10
376 451 10
376 453 6
376 454 2
376 455 1
376 456 10
376 457 2
376 458 9
376 460 3
376 464 10
376 470 7
376 471 6
376 472 4
376 473 8
376 475 1
376 477 10
376 480 6
376 487 4
376 488 3
376 489 8
376 491 6
376 493 5
376 497 3
376 499 7
377 379 2
377 380 6
377 381 2
377 382 8
377 383 6
377 386 2
377 388 9
377 390 3
377 391 7
377 392 5
377 393 8
377 401 10
377 403 7
377 404 5
377 408 2
377 409 5
377 410 7
377 411 3
377 412 10
377 413 1
377 414 3
377 416 5
377 417 8
377 419 9
377 422 2
377 425 10
377 426 8
377 428 2
377 429 10
377 431 5
377 432 5
377 435 10
377 436 10
377 437 10
377 438 7
377 443 9
377 444 4
377 446 9
377 449 1
377 450 6
377 451 2
377 452 1
377 455 4
377 456 5
377 459 7
377 461 10
377 463 7
377 464 1
377 465 7
377 466 10
377 469 10
377 470 4
377 471 4
377 472 9
377 476 4
377 479 1
377 480 3
377 481 1
377 483 7
377 485 1
377 486 10
377 492 8
377 493 8
377 494 9
377 497 8
377 498 3
378 379 8
378 380 9
378 383 10
378 384 5
378 385 3
378 386 5
378 389 8
378 390 5
378 394 4
378 395 1
378 401 3
378 402 7
378 403 10
378 410 5
378 412 9
378 414 1
378 415 5
378 416 4
378 418 2
378 422 5
378 424 9
378 426 7
378 427 5
378 429 8
378 432 2
378 434 9
378 435 1
378 436 5
378 437 5
378 438 5
378 440 8
378 443 3
378 446 9
378 447 8
378 449 8
378 450 8
378 451 2
378 454 8
378 456 3
378 459 1
378 464 7
378 466 7
378 467 4
378 469 5
378 471 4
378 472 1
378 474 4
378 476 2
378 479 4
378 481 10
378 484 5
378 486 8
378 489 8
378 492 9
378 493 1
378 498 5
378 499 2
379 380 3
379 381 10
379 382 4
379 383 4
379 390 10
379 391 9
379 394 5
379 395 1
379 396 1
379 405 9
379 407 1
379 409 3
379 411 6
379 413 3
379 414 4
379 418 7
379 420 1
379 423 8
379 426 2
379 427 8
379 428 4
379 430 4
379 436 3
379 437 3
379 438 1
379 439 3
379 441 9
379 444 7
379 447 10
379 449 5
379 450 8
379 451 7
379 452 7
379 455 9
379 456 10
379 460 2
379 461 8
379 462 10
379 464 8
379 468 2
379 469 2
379 470 1
379 474 8
379 477 3
379 479 8
379 480 7
379 483 7
379 484 10
379 489 1
379 491 4
379 492 3
379 493 2
379 494 3
379 495 3
379 496 10
379 497 8
379 499 8
380 381 8
380 382 7
380 383 1
380 387 9
380 389 6
380 390 10
380 394 5
380 398 4
380 399 1
380 401 6
380 403 7
380 404 10
380 405 1
380 408 2
380 411 3
380 413 5
380 414 10
380 415 3
380 417 8
380 419 4
380 421 4
380 423 9
380 424 7
380 425 10
380 429 3
380 430 9
380 431 5
380 433 2
380 434 5
380 435 6
380 437 3
380 441 3
380 445 5
380 447 10
380 449 1
380 456 10
380 457 9
380 458 2
380 463 8
380 466 3
380 467 7
380 468 7
380 469 5
380 472 4
380 473 7
380 478 5
380 479 6
380 480 5
380 481 9
380 483 7
380 485 10
380 486 2
380 487 10
380 490 9
380 491 7
380 493 5
380 495 9
380 496 5
380 497 10
380 499 3
381 382 10
381 383 10
381 386 10
381 389 1
381 390 6
381 391 1
381 393 2
381 394 8
381 395 7
381 396 3
381 397 5
381 398 4
381 399 5
381 400 1
381 404 10
381 405 9
381 407 7
381 408 1
381 409 10
381 412 7
381 414 10
381 415 7
381 417 8
381 418 6
381 419 8
381 422 1
381 423 6
381 424 10
381 425 1
381 427 4
381 429 2
381 430 1
381 432 9
381 433 7
381 434 4
381 435 8
381 437 10
381 438 9
381 439 8
381 440 5
381 441 7
381 443 6
381 444 3
381 446 6
381 447 4
381 451 3
381 452 2
381 455 4
381 458 1
381 459 9
381 462 7
381 463 4
381 464 2
381 466 4
381 468 4
381 471 5
381 473 6
381 474 4
381 475 6
381 476 7
381 477 5
381 478 10
381 481 9
381 485 2
381 486 9
381 487 2
381 489 7
381 492 4
381 493 8
381 495 5
381 496 8
381 497 9
381 498 9
382 384 6
382 391 5
382 392 10
382 393 1
382 394 5
382 396 4
382 397 5
382 398 10
382 399 7
382 401 9
382 403 4
382 404 5
382 405 7
382 406 8
382 409 6
382 411 9
382 412 6
382 413 2
382 415 9
382 417 7
382 420 2
382 422 10
382 424 2
382 425 4
382 426 3
382 427 1
382 428 7
382 430 2
382 431 5
382 432 9
382 434 9
382 435 2
382 437 3
382 440 2
382 442 2
382 443 3
382 444 4
382 446 6
382 447 2
382 449 6
382 451 7
382 452 3
382 453 7
382 454 4
382 455 4
382 456 10
382 457 8
382 458 5
382 459 7
382 460 5
382 461 2
382 462 9
382 463 10
382 466 4
382 468 6
382 469 5
382 470 3
382 471 10
382 472 10
382 474 9
382 475 3
382 477 8
382 482 4
382 485 3
382 486 9
382 487 2
382 488 1
382 492 4
382 497 3
383 385 4
383 386 8
383 390 1
383 392 2
383 398 1
383 403 8
383 404 2
383 405 1
383 409 9
383 411 7
383 414 9
383 416 8
383 419 3
383 420 8
383 422 3
383 424 10
383 425 7
383 427 4
383 428 1
383 429 7
383 431 8
383 435 1
383 436 8
383 440 2
383 441 10
383 446 6
383 448 1
383 449 3
383 450 7
383 451 8
383 452 1
383 454 4
383 456 2
383 457 4
383 458 6
383 459 6
383 460 3
383 463 9
383 464 9
383 465 9
383 467 1
383 468 3
383 472 4
383 474 1
383 475 6
383 478 1
383 479 5
383 481 4
383 483 5
383 484 2
383 486 1
383 489 8
383 494 6
383 496 7
383 497 2
383 498 3
384 386 10
384 387 6
384 389 4
384 390 2
384 392 7
384 393 4
384 396 5
384 403 3
384 404 7
384 405 2
384 406 4
384 407 2
384 413 10
384 414 6
384 416 3
384 417 6
384 418 4
384 420 2
384 423 8
384 426 5
384 427 6
384 432 4
384 435 7
384 436 9
384 438 9
384 439 2
384 441 7
384 442 8
384 443 4
384 444 1
384 447 2
384 448 6
384 449 10
384 451 8
384 452 7
384 453 3
384 457 5
384 458 2
384 460 6
384 462 2
384 464 10
384 465 6
384 467 1
384 469 7
384 474 3
384 476 5
384 480 2
384 481 7
384 482 9
384 483 9
384 486 9
384 488 5
384 499 9
385 386 2
385 387 4
385 388 8
385 392 9
385 393 8
385 395 4
385 398 4
385 401 3
385 402 8
385 406 6
385 408 6
385 416 5
385 418 6
385 420 3
385 421 10
385 422 2
385 423 5
385 424 1
385 425 4
385 426 8
385 428 9
385 429 10
385 430 3
385 433 8
385 434 1
385 444 5
385 445 2
385 446 8
385 449 7
385 450 7
385 452 4
385 453 9
385 455 10
385 460 10
385 466 6
385 467 6
385 473 10
385 475 3
385 476 4
385 477 7
385 478 4
385 479 7
385 484 8
385 488 8
385 491 8
385 492 3
385 494 8
385 498 2
386 387 10
386 388 9
386 391 7
386 392 5
386 401 9
386 408 3
386 409 5
386 410 9
386 412 5
386 414 10
386 415 5
386 416 1
386 417 8
386 418 10
386 420 10
386 424 8
386 425 9
386 427 2
386 428 4
386 432 6
386 433 4
386 434 4
386 435 7
386 436 10
386 438 1
386 439 1
386 444 6
386 446 10
386 450 8
386 451 7
386 452 9
386 454 2
386 455 8
386 456 4
386 457 1
386 459 3
386 461 9
386 466 6
386 468 3
386 469 8
386 471 8
386 473 6
386 475 3
386 480 7
386 481 7
386 483 10
386 485 10
386 486 9
386 488 4
386 490 7
386 493 7
386 494 7
386 495 9
386 496 1
386 497 9
387 388 5
387 389 2
387 390 4
387 391 1
387 393 8
387 396 7
387 397 10
387 398 7
387 399 7
387 401 8
387 402 4
387 403 10
387 404 9
387 406 2
387 407 5
387 408 7
387 409 6
387 412 7
387 413 5
387 414 1
387 416 4
387 417 3
387 418 5
387 419 10
387 420 4
387 421 5
387 422 2
387 426 8
387 429 7
387 433 10
387 434 10
387 435 3
387 436 8
387 439 8
387 440 5
387 444 5
387 449 6
387 451 7
387 452 10
387 453 9
387 454 7
387 457 8
387 461 7
387 462 5
387 463 6
387 464 4
387 465 6
387 466 7
387 472 6
387 475 8
387 476 2
387 477 1
387 480 8
387 483 9
387 486 3
387 489 3
387 491 2
387 492 6
387 493 6
387 495 8
387 498 1
388 389 9
388 390 3
388 393 10
388 394 7
388 395 6
388 396 4
388 399 9
388 400 5
388 402 1
388 403 1
388 404 2
388 405 9
388 411 5
388 412 9
388 414 6
388 415 6
388 417 4
388 418 4
388 421 2
388 422 8
388 423 5
388 424 1
388 425 5
388 426 10
388 429 3
388 430 9
388 433 2
388 434 2
388 435 5
388 436 1
388 437 9
388 438 6
388 439 9
388 440 2
388 441 5
388 442 3
388 443 3
388 445 6
388 448 10
388 449 7
388 452 2
388 454 3
388 455 8
388 456 9
388 458 2
388 461 1
388 463 7
388 464 9
388 465 3
388 466 4
388 467 1
388 468 6
388 470 6
388 473 8
388 475 5
388 477 9
388 479 5
388 480 4
388 483 1
388 485 6
388 487 9
388 488 1
388 489 9
388 491 7
388 492 6
388 494 9
388 495 4
388 497 6
388 499 4
389 391 3
389 392 5
389 393 3
389 395 4
389 396 6
389 397 3
389 400 4
389 401 8
389 402 6
389 406 6
389 411 9
389 413 4
389 416 6
389 418 10
389 419 5
389 422 3
389 423 8
389 428 3
389 429 9
389 431 3
389 432 2
389 434 4
389 439 5
389 440 6
389 442 2
389 443 8
389 445 1
389 447 4
389 448 9
389 449 2
389 451 5
389 452 9
389 453 8
389 459 3
389 470 6
389 471 8
389 472 10
389 473 3
389 477 9
389 479 7
389 480 1
389 481 8
389 483 3
389 485 10
389 486 6
389 487 8
389 491 6
389 492 8
389 493 6
389 498 9
389 499 3
390 393 7
390 395 10
390 398 6
390 399 7
390 401 8
390 402 7
390 403 2
390 404 7
390 408 8
390 409 3
390 410 4
390 411 6
390 414 6
390 416 4
390 417 1
390 419 10
390 426 1
390 427 7
390 430 8
390 431 4
390 433 3
390 434 3
390 438 2
390 439 3
390 441 4
390 442 10
390 443 9
390 444 10
390 445 9
390 447 5
390 448 3
390 449 2
390 450 3
390 451 6
390 452 9
390 456 4
390 459 10
390 460 7
390 461 3
390 463 7
390 464 8
390 465 4
390 466 6
390 467 5
390 469 9
390 471 5
390 473 2
390 474 10
390 478 8
390 479 3
390 482 4
390 483 10
390 485 2
390 486 3
390 487 2
390 488 4
390 489 1
390 495 5
390 499 8
391 393 1
391 395 7
391 397 8
391 404 4
391 406 1
391 407 4
391 409 9
391 410 2
391 412 6
391 413 9
391 414 5
391 415 4
391 417 7
391 418 9
391 419 8
391 420 10
391 421 7
391 422 9
391 427 9
391 430 9
391 431 3
391 435 8
391 437 8
391 440 7
391 442 1
391 444 9
391 445 2
391 446 6
391 447 10
391 449 2
391 450 8
391 453 3
391 454 7
391 458 3
391 460 1
391 463 1
391 465 8
391 466 2
391 467 5
391 468 3
391 469 9
391 471 9
391 473 9
391 478 9
391 482 5
391 484 8
391 487 1
391 489 6
391 492 3
391 494 7
392 395 8
392 397 1
392 399 8
392 401 1
392 404 6
392 407 2
392 408 6
392 412 1
392 413 10
392 416 10
392 417 6
392 420 4
392 422 2
392 425 2
392 426 4
392 428 10
392 430 1
392 433 4
392 434 7
392 435 8
392 436 2
392 439 2
392 441 2
392 443 1
392 444 7
392 445 7
392 446 8
392 447 10
392 449 9
392 452 7
392 454 8
392 455 6
392 456 5
392 457 8
392 459 2
392 460 2
392 461 4
392 462 7
392 466 10
392 468 3
392 469 9
392 475 8
392 478 6
392 479 3
392 481 7
392 482 3
392 483 8
392 487 10
392 488 6
392 489 1
392 492 4
392 497 4
392 498 4
393 394 3
393 395 9
393 396 1
393 399 9
393 401 1
393 402 1
393 403 7
393 408 7
393 412 3
393 413 7
393 415 1
393 417 1
393 419 1
393 420 3
393 421 2
393 424 2
393 426 4
393 429 5
393 432 8
393 434 1
393 435 3
393 437 7
393 438 10
393 440 10
393 441 10
393 442 5
393 443 5
393 444 5
393 447 9
393 448 6
393 449 9
393 450 10
393 452 10
393 456 6
393 457 2
393 458 7
393 459 10
393 460 2
393 463 2
393 464 2
393 465 3
393 468 6
393 470 7
393 474 2
393 478 7
393 479 5
393 482 5
393 487 10
393 488 2
393 489 4
393 491 9
393 493 7
393 499 7
394 395 8
394 401 6
394 403 10
394 404 10
394 406 7
394 407 7
394 408 5
394 409 4
394 410 6
394 411 3
394 412 3
394 415 7
394 417 4
394 420 6
394 421 8
394 422 2
394 423 7
394 424 8
394 427 2
394 429 10
394 433 3
394 434 5
394 435 4
394 438 6
394 439 4
394 440 1
394 443 8
394 444 3
394 445 1
394 446 8
394 447 9
394 450 7
394 451 8
394 453 1
394 455 1
394 458 2
394 459 7
394 465 3
394 466 1
394 468 8
394 473 10
394 474 5
394 477 6
394 478 1
394 480 5
394 481 9
394 482 6
394 484 3
394 486 8
394 489 10
394 492 9
394 493 9
394 496 7
395 399 7
395 400 9
395 402 3
395 403 7
395 406 1
395 409 2
395 412 5
395 414 7
395 415 8
395 416 7
395 419 3
395 422 3
395 424 5
395 425 5
395 432 4
395 436 10
395 437 7
395 438 1
395 440 10
395 441 6
395 443 1
395 446 9
395 447 3
395 448 10
395 449 4
395 450 6
395 452 4
395 454 4
395 455 8
395 456 10
395 459 7
395 460 8
395 462 4
395 463 4
395 464 3
395 465 3
395 467 1
395 468 7
395 473 8
395 474 8
395 475 2
395 478 3
395 481 2
395 482 6
395 486 7
395 489 3
395 493 9
395 494 1
395 495 1
395 498 1
395 499 3
396 397 9
396 398 9
396 399 10
396 400 8
396 402 7
396 403 2
396 405 2
396 408 3
396 409 5
396 414 9
396 415 1
396 418 7
396 419 9
396 421 4
396 422 2
396 423 10
396 426 1
396 427 6
396 428 1
396 430 3
396 432 2
396 435 1
396 437 3
396 440 8
396 442 10
396 443 10
396 444 10
396 445 5
396 446 9
396 450 2
396 451 1
396 454 4
396 460 3
396 461 8
396 462 8
396 463 9
396 466 9
396 467 8
396 468 2
396 472 3
396 473 1
396 474 7
396 475 3
396 476 3
396 478 5
396 479 1
396 480 7
396 481 3
396 482 7
396 483 3
396 485 6
396 488 10
396 491 7
396 493 3
396 495 9
396 497 2
396 498 8
397 398 9
397 399 6
397 400 2
397 410 2
397 411 2
397 412 1
397 414 9
397 418 6
397 420 5
397 421 4
397 423 7
397 427 9
397 428 10
397 431 3
397 433 2
397 437 1
397 438 7
397 440 10
397 441 5
397 444 10
397 445 1
397 447 2
397 448 7
397 449 7
397 455 10
397 456 1
397 460 8
397 463 9
397 464 3
397 466 3
397 467 1
397 471 6
397 472 5
397 475 2
397 477 8
397 478 8
397 480 6
397 481 2
397 482 4
397 483 9
397 486 7
397 487 8
397 488 7
397 491 6
397 493 1
397 495 4
397 496 2
397 497 6
398 402 10
398 403 10
398 404 8
398 405 7
398 406 10
398 416 8
398 418 3
398 423 5
398 424 7
398 426 1
398 427 8
398 428 1
398 429 6
398 430 5
398 434 8
398 435 1
398 436 4
398 437 10
398 438 1
398 439 9
398 440 3
398 441 5
398 443 1
398 444 10
398 445 6
398 447 7
398 448 6
398 449 3
398 450 3
398 451 6
398 453 3
398 456 10
398 457 2
398 458 5
398 459 2
398 460 5
398 461 7
398 462 4
398 465 4
398 468 9
398 470 7
398 471 2
398 473 10
398 475 4
398 476 9
398 478 9
398 479 1
398 484 7
398 485 7
398 489 1
398 491 8
398 493 10
398 496 3
398 497 7
398 498 5
398 499 7
399 401 1
399 404 2
399 405 8
399 406 2
399 408 10
399 410 5
399 414 8
399 417 7
399 418 1
399 421 4
399 422 9
399 424 7
399 425 3
399 430 9
399 431 1
399 434 3
399 437 6
399 439 3
399 446 7
399 448 10
399 449 10
399 451 4
399 452 2
399 454 3
399 456 10
399 457 2
399 459 3
399 461 7
399 464 7
399 465 7
399 466 1
399 467 2
399 468 9
399 469 5
399 470 7
399 471 5
399 472 2
399 473 6
399 475 4
399 476 7
399 480 4
399 484 3
399 488 9
399 492 5
399 496 9
400 404 4
400 406 9
400 415 9
400 417 6
400 419 7
400 420 8
400 422 10
400 423 7
400 426 2
400 428 10
400 429 2
400 430 5
400 434 2
400 436 2
400 437 7
400 439 1
400 440 5
400 441 8
400 443 8
400 445 9
400 450 7
400 454 4
400 455 4
400 456 3
400 457 6
400 458 6
400 465 7
400 470 3
400 472 1
400 473 1
400 474 2
400 475 4
400 478 2
400 480 2
400 482 7
400 486 4
400 487 3
400 488 3
400 489 8
400 490 8
400 497 8
400 498 3
400 499 10
401 402 3
401 404 7
401 407 9
401 408 1
401 416 5
401 417 7
401 421 3
401 423 7
401 424 3
401 426 2
401 429 10
401 430 7
401 431 7
401 433 2
401 434 1
401 436 2
401 437 8
401 439 4
401 440 4
401 443 7
401 444 4
401 445 2
401 446 4
401 447 7
401 448 7
401 452 9
401 454 6
401 455 1
401 456 1
401 462 4
401 463 6
401 464 2
401 465 4
401 466 9
401 468 7
401 470 9
401 471 8
401 473 6
401 474 6
401 476 1
401 478 2
401 481 7
401 482 3
401 483 6
401 484 10
401 485 8
401 488 8
401 489 1
401 490 2
401 491 5
401 494 6
401 497 2
401 498 6
402 403 1
402 406 7
402 407 5
402 408 3
402 414 7
402 420 9
402 421 6
402 423 3
402 424 5
402 425 1
402 426 1
402 427 10
402 429 8
402 431 10
402 432 3
402 436 5
402 437 9
402 438 4
402 441 7
402 442 3
402 443 5
402 444 6
402 448 1
402 450 10
402 452 7
402 453 1
402 454 10
402 455 10
402 457 9
402 460 6
402 463 2
402 465 7
402 468 6
402 469 5
402 470 7
402 471 10
402 472 10
402 479 7
402 481 9
402 483 4
402 484 1
402 485 1
402 486 4
402 488 1
402 491 7
402 495 2
402 497 5
402 498 10
402 499 4
403 407 4
403 408 8
403 409 10
403 410 3
403 415 1
403 418 6
403 419 7
403 422 4
403 423 9
403 425 9
403 427 10
403 428 1
403 429 6
403 430 10
403 433 4
403 437 1
403 439 2
403 440 5
403 443 4
403 444 7
403 445 8
403 446 5
403 447 1
403 449 3
403 450 5
403 451 2
403 456 4
403 457 6
403 458 1
403 459 9
403 461 7
403 462 3
403 463 6
403 464 4
403 465 2
403 470 7
403 471 4
403 472 1
403 475 2
403 477 9
403 478 5
403 479 2
403 480 8
403 482 7
403 483 4
403 485 3
403 487 5
403 489 3
403 491 10
403 492 3
403 495 9
403 498 7
404 407 9
404 408 4
404 409 5
404 412 6
404 415 8
404 416 4
404 418 10
404 419 3
404 420 7
404 424 6
404 428 10
404 429 9
404 432 6
404 434 8
404 439 8
404 442 3
404 444 3
404 445 10
404 446 1
404 447 9
404 448 10
404 451 6
404 454 9
404 455 9
404 458 3
404 459 8
404 464 1
404 466 10
404 474 4
404 476 7
404 477 9
404 480 3
404 481 1
404 482 2
404 483 5
404 484 9
404 485 4
404 486 3
404 487 3
404 488 2
404 490 1
404 493 1
404 497 2
404 499 10
405 409 6
405 411 1
405 412 5
405 413 5
405 416 10
405 418 8
405 419 3
405 421 10
405 423 1
405 428 8
405 429 9
405 431 8
405 434 8
405 435 5
405 437 1
405 440 4
405 443 9
405 444 8
405 445 9
405 446 4
405 447 1
405 448 5
405 452 8
405 455 7
405 456 8
405 457 8
405 458 1
405 459 6
405 460 1
405 462 6
405 463 2
405 464 5
405 467 9
405 471 4
405 472 1
405 473 5
405 474 2
405 475 8
405 478 10
405 479 9
405 481 3
405 483 3
405 484 10
405 486 7
405 489 9
405 490 4
405 492 10
405 493 2
405 494 9
405 495 6
405 496 6
405 497 1
405 498 5
406 407 9
406 408 7
406 409 4
406 410 2
406 412 4
406 416 6
406 419 5
406 420 4
406 423 6
406 426 6
406 430 3
406 431 10
406 433 2
406 434 5
406 437 4
406 439 7
406 440 5
406 442 4
406 443 10
406 445 4
406 446 8
406 447 3
406 448 1
406 449 2
406 450 10
406 452 8
406 453 3
406 454 7
406 455 2
406 456 5
406 460 4
406 461 1
406 464 4
406 470 7
406 472 8
406 473 10
406 474 5
406 475 2
406 476 10
406 477 2
406 480 1
406 481 7
406 486 4
406 489 1
406 490 8
406 491 10
406 492 5
406 495 9
406 497 3
407 408 2
407 409 6
407 410 2
407 411 2
407 415 4
407 418 10
407 420 3
407 421 4
407 423 1
407 426 10
407 427 10
407 428 4
407 429 5
407 432 2
407 434 10
407 435 9
407 437 8
407 438 4
407 440 9
407 441 8
407 443 7
407 444 3
407 445 4
407 446 7
407 447 4
407 448 3
407 453 7
407 455 7
407 459 7
407 460 10
407 462 9
407 464 8
407 465 3
407 466 4
407 468 2
407 469 8
407 470 2
407 473 2
407 475 3
407 477 6
407 479 4
407 480 3
407 481 1
407 482 5
407 483 9
407 484 8
407 486 10
407 487 8
407 488 9
407 490 8
407 492 5
407 493 6
407 495 2
407 496 10
407 498 7
408 409 4
408 410 1
408 413 7
408 414 5
408 418 5
408 419 2
408 420 3
408 421 8
408 422 4
408 424 1
408 425 7
408 426 1
408 427 5
408 430 4
408 431 8
408 432 1
408 433 1
408 434 10
408 440 8
408 443 3
408 445 3
408 447 10
408 450 7
408 455 4
408 457 1
408 458 8
408 459 4
408 461 3
408 462 3
408 463 9
408 464 9
408 467 3
408 468 3
408 469 3
408 472 1
408 473 5
408 474 6
408 475 6
408 480 3
408 482 9
408 483 4
408 484 2
408 485 1
408 487 8
408 488 5
408 491 9
408 492 6
408 497 6
408 498 9
409 413 5
409 414 7
409 415 8
409 416 7
409 420 5
409 421 9
409 424 5
409 425 9
409 427 5
409 428 10
409 429 3
409 430 6
409 432 9
409 435 2
409 437 6
409 438 10
409 439 2
409 444 4
409 449 9
409 450 7
409 456 5
409 458 4
409 461 7
409 462 6
409 463 2
409 465 10
409 468 3
409 470 7
409 472 2
409 473 3
409 475 5
409 478 7
409 480 3
409 481 8
409 483 9
409 485 10
409 487 5
409 491 10
409 492 7
409 493 8
409 494 10
409 495 6
409 497 8
410 412 2
410 413 3
410 417 10
410 419 1
410 420 10
410 421 6
410 422 3
410 424 9
410 426 3
410 427 8
410 433 7
410 434 8
410 435 1
410 436 6
410 438 8
410 439 8
410 441 5
410 442 8
410 443 10
410 447 3
410 449 10
410 451 1
410 452 2
410 453 7
410 454 7
410 456 4
410 458 1
410 459 8
410 461 5
410 462 4
410 463 6
410 464 5
410 465 10
410 469 4
410 471 7
410 473 1
410 474 3
410 477 10
410 478 2
410 479 7
410 481 4
410 483 6
410 484 8
410 485 10
410 488 9
410 489 2
410 491 2
410 492 9
410 494 2
410 496 7
411 413 10
411 414 8
411 418 4
411 420 8
411 421 10
411 425 8
411 427 6
411 429 10
411 431 2
411 432 9
411 438 4
411 439 9
411 442 4
411 446 5
411 447 2
411 450 4
411 451 9
411 453 8
411 454 10
411 463 10
411 465 8
411 466 2
411 467 10
411 469 4
411 472 5
411 473 10
411 478 5
411 480 2
411 484 8
411 486 8
411 488 1
411 492 7
411 495 1
411 497 4
411 498 3
412 418 1
412 419 10
412 420 2
412 421 9
412 423 6
412 424 9
412 425 10
412 426 10
412 432 1
412 434 4
412 435 1
412 437 7
412 438 2
412 439 5
412 440 7
412 441 5
412 442 7
412 443 3
412 445 4
412 449 5
412 451 2
412 452 4
412 455 3
412 456 3
412 457 7
412 460 1
412 462 9
412 467 9
412 470 4
412 471 3
412 472 5
412 475 2
412 477 4
412 481 2
412 482 2
412 483 3
412 484 4
412 486 1
412 489 2
412 491 6
412 492 7
412 493 5
412 498 2
412 499 4
413 414 10
413 416 1
413 417 4
413 418 1
413 419 5
413 421 8
413 422 8
413 424 10
413 425 2
413 428 9
413 429 7
413 430 2
413 431 8
413 433 3
413 442 1
413 444 8
413 445 6
413 446 1
413 447 9
413 451 10
413 452 4
413 453 7
413 455 5
413 458 8
413 459 5
413 460 5
413 461 6
413 463 8
413 466 3
413 468 1
413 469 7
413 470 6
413 471 6
413 472 4
413 475 1
413 476 8
413 478 3
413 479 5
413 481 8
413 482 10
413 485 7
413 488 5
413 490 2
413 491 6
413 494 3
413 496 3
413 497 3
413 498 3
413 499 1
414 415 5
414 416 8
414 417 1
414 419 3
414 421 9
414 426 6
414 427 5
414 429 10
414 430 4
414 431 7
414 432 3
414 435 8
414 436 3
414 438 1
414 440 1
414 441 4
414 444 4
414 445 5
414 448 1
414 449 8
414 450 1
414 452 10
414 454 9
414 460 2
414 462 3
414 464 10
414 465 1
414 468 6
414 469 8
414 470 2
414 474 10
414 477 4
414 478 8
414 483 3
414 488 4
414 491 2
414 493 5
414 496 7
415 418 3
415 421 6
415 422 3
415 425 7
415 429 4
415 431 8
415 436 9
415 438 6
415 439 2
415 441 6
415 448 8
415 449 8
415 452 5
415 454 7
415 455 8
415 457 3
415 458 1
415 461 1
415 463 6
415 465 2
415 468 5
415 469 9
415 470 9
415 472 4
415 474 5
415 476 7
415 478 3
415 479 5
415 481 1
415 483 6
415 485 7
415 486 3
415 490 8
415 491 1
415 492 6
415 495 5
415 496 4
415 498 3
415 499 5
416 417 8
416 420 3
416 421 8
416 422 2
416 423 6
416 424 7
416 425 3
416 426 6
416 427 1
416 429 9
416 430 7
416 431 4
416 434 10
416 437 9
416 438 8
416 439 3
416 440 3
416 441 2
416 442 3
416 444 4
416 446 10
416 447 4
416 450 6
416 451 6
416 452 9
416 453 2
416 454 9
416 455 1
416 456 1
416 457 4
416 458 1
416 459 2
416 461 8
416 462 5
416 464 7
416 465 10
416 467 3
416 469 5
416 470 2
416 473 5
416 474 2
416 475 5
416 477 3
416 478 7
416 479 3
416 480 8
416 483 3
416 484 9
416 486 8
416 487 5
416 489 1
416 495 2
416 496 5
416 497 4
416 499 6
417 422 1
417 426 10
417 427 6
417 428 7
417 431 6
417 432 8
417 438 9
417 439 4
417 440 5
417 442 8
417 443 4
417 446 9
417 447 9
417 449 5
417 450 6
417 451 8
417 453 8
417 454 6
417 455 3
417 457 7
417 458 9
417 462 3
417 465 5
417 466 4
417 467 10
417 468 10
417 469 7
417 470 8
417 471 10
417 473 9
417 475 6
417 476 8
417 477 8
417 478 4
417 482 3
417 483 10
417 484 9
417 486 4
417 488 9
417 490 9
417 491 3
417 492 4
417 493 6
417 496 8
417 497 6
417 499 3
418 419 3
418 420 6
418 421 4
418 422 2
418 423 2
418 428 6
418 429 10
418 431 8
418 432 4
418 434 9
418 436 9
418 437 7
418 439 1
418 440 3
418 441 8
418 443 6
418 444 9
418 446 5
418 447 1
418 449 6
418 457 6
418 458 8
418 459 6
418 462 8
418 463 1
418 467 4
418 468 9
418 470 5
418 471 10
418 472 6
418 474 6
418 477 8
418 479 1
418 481 4
418 482 8
418 484 3
418 485 9
418 488 6
418 489 3
418 491 6
418 493 10
418 494 10
419 421 9
419 423 5
419 424 7
419 425 1
419 426 4
419 427 8
419 428 4
419 429 5
419 434 6
419 435 2
419 436 1
419 439 9
419 440 6
419 444 6
419 445 7
419 448 10
419 451 9
419 453 5
419 456 8
419 457 8
419 458 6
419 461 6
419 463 3
419 464 7
419 466 3
419 468 5
419 471 7
419 473 4
419 475 3
419 476 7
419 477 10
419 481 1
419 482 5
419 483 5
419 485 4
419 486 9
419 488 2
419 494 9
419 498 3
420 422 7
420 423 3
420 424 5
420 427 1
420 428 10
420 429 1
420 436 7
420 438 2
420 441 2
420 442 4
420 444 5
420 445 1
420 449 8
420 450 4
420 452 10
420 453 10
420 455 6
420 456 2
420 457 7
420 458 3
420 460 3
420 461 5
420 463 5
420 464 7
420 465 1
420 467 7
420 469 5
420 471 1
420 473 8
420 478 10
420 482 5
420 487 6
420 490 6
420 491 3
420 493 3
420 494 4
420 497 2
421 428 7
421 430 7
421 431 10
421 432 8
421 434 10
421 435 8
421 439 6
421 441 10
421 442 9
421 443 6
421 445 3
421 448 7
421 449 7
421 450 5
421 456 10
421 458 2
421 459 2
421 460 3
421 462 9
421 463 7
421 464 8
421 466 9
421 468 10
421 470 1
421 471 5
421 472 3
421 474 3
421 476 6
421 477 7
421 478 1
421 481 4
421 485 5
421 490 3
421 492 5
421 493 5
421 496 1
421 498 2
421 499 4
422 424 8
422 426 6
422 427 7
422 428 7
422 429 3
422 433 3
422 435 10
422 439 2
422 441 10
422 442 6
422 444 4
422 447 3
422 448 7
422 449 1
422 451 1
422 452 7
422 453 9
422 456 10
422 459 9
422 461 10
422 462 2
422 463 4
422 467 10
422 469 9
422 470 10
422 472 9
422 479 1
422 480 3
422 481 5
422 487 5
422 488 3
422 490 1
422 491 7
422 492 10
422 493 1
422 494 1
422 499 6
423 424 4
423 426 1
423 427 6
423 428 1
423 429 9
423 432 10
423 436 10
423 439 4
423 441 2
423 443 1
423 445 5
423 448 6
423 450 5
423 452 4
423 453 1
423 454 2
423 456 5
423 458 1
423 460 1
423 463 5
423 465 2
423 466 7
423 467 2
423 476 3
423 477 7
423 478 1
423 479 4
423 483 6
423 484 2
423 485 5
423 486 7
423 488 3
423 489 6
423 495 3
423 497 9
423 498 4
423 499 9
424 426 8
424 427 4
424 428 1
424 429 7
424 431 2
424 432 6
424 433 1
424 434 2
424 435 2
424 436 3
424 437 4
424 439 10
424 443 6
424 444 9
424 445 3
424 446 2
424 448 4
424 453 5
424 457 10
424 458 7
424 459 8
424 460 8
424 462 7
424 463 5
424 464 2
424 467 10
424 469 1
424 471 7
424 472 6
424 475 8
424 476 5
424 477 2
424 482 5
424 483 8
424 486 2
424 487 10
424 492 7
424 495 3
424 496 9
424 497 9
424 498 2
425 427 4
425 429 6
425 430 5
425 431 2
425 432 5
425 434 2
425 435 1
425 436 8
425 438 8
425 439 8
425 440 10
425 441 3
425 442 6
425 443 1
425 444 10
425 446 6
425 447 9
425 449 4
425 451 7
425 452 8
425 454 9
425 455 6
425 456 8
425 458 2
425 459 4
425 460 3
425 462 3
425 463 10
425 465 8
425 467 5
425 468 2
425 469 8
425 471 2
425 473 9
425 476 3
425 477 10
425 479 6
425 483 4
425 484 4
425 485 9
425 486 2
425 489 9
425 491 9
425 495 9
425 497 4
425 498 1
426 427 1
426 428 6
426 434 8
426 435 6
426 436 8
426 437 9
426 439 1
426 440 6
426 441 6
426 442 9
426 443 2
426 445 7
426 446 8
426 448 3
426 450 10
426 453 2
426 454 6
426 460 8
426 461 10
426 463 4
426 466 7
426 467 6
426 470 9
426 471 1
426 472 5
426 474 1
426 476 1
426 477 5
426 478 9
426 479 4
426 481 8
426 484 1
426 491 2
426 492 10
426 493 5
426 496 4
426 497 5
427 428 3
427 430 2
427 433 2
427 438 3
427 441 9
427 442 9
427 446 8
427 450 5
427 452 8
427 453 3
427 454 9
427 455 8
427 456 9
427 457 8
427 458 1
427 461 10
427 462 3
427 463 8
427 464 10
427 468 8
427 473 8
427 475 7
427 476 7
427 477 8
427 479 2
427 481 9
427 483 2
427 488 2
427 489 7
427 493 8
427 495 4
427 498 5
428 430 4
428 431 5
428 433 10
428 434 9
428 436 7
428 438 9
428 439 3
428 441 7
428 444 5
428 445 9
428 446 5
428 447 7
428 454 1
428 458 5
428 461 9
428 463 2
428 465 8
428 466 6
428 467 7
428 468 9
428 469 6
428 470 6
428 472 6
428 473 10
428 474 2
428 475 3
428 477 7
428 479 10
428 480 9
428 481 7
428 484 8
428 487 2
428 492 4
428 495 6
428 497 1
428 499 6
429 430 3
429 431 6
429 434 7
429 435 8
429 437 1
429 439 1
429 440 10
429 441 6
429 443 3
429 445 5
429 446 9
429 450 4
429 452 2
429 453 10
429 454 9
429 460 1
429 461 1
429 463 6
429 464 4
429 468 4
429 471 8
429 473 8
429 475 3
429 476 3
429 478 8
429 480 10
429 482 5
429 486 3
429 488 7
429 489 4
429 490 3
429 496 2
429 497 8
429 498 9
429 499 1
430 431 9
430 432 4
430 433 8
430 437 1
430 438 7
430 442 8
430 444 9
430 447 8
430 448 8
430 449 5
430 452 9
430 459 8
430 460 10
430 463 8
430 473 3
430 474 10
430 475 7
430 477 2
430 479 2
430 480 5
430 481 1
430 483 3
430 485 1
430 486 8
430 487 5
430 489 8
430 491 4
430 494 9
430 497 8
430 498 3
430 499 5
431 432 10
431 438 4
431 439 7
431 442 1
431 445 3
431 446 2
431 449 1
431 451 9
431 454 9
431 455 1
431 456 4
431 462 5
431 468 10
431 470 9
431 471 1
431 475 10
431 477 10
431 481 6
431 483 6
431 485 2
431 488 5
431 492 10
431 496 9
431 498 4
432 434 1
432 436 8
432 437 7
432 438 10
432 439 2
432 440 8
432 443 4
432 444 1
432 446 5
432 447 5
432 450 1
432 453 1
432 457 8
432 458 3
432 461 1
432 464 9
432 466 9
432 470 3
432 471 8
432 472 8
432 473 4
432 474 4
432 475 6
432 476 3
432 479 8
432 480 10
432 481 9
432 482 2
432 484 3
432 485 6
432 488 6
432 489 8
432 492 8
432 493 5
432 496 7
432 498 8
433 435 2
433 436 4
433 440 6
433 444 4
433 445 5
433 446 3
433 447 7
433 448 7
433 451 5
433 452 4
433 453 8
433 455 6
433 456 7
433 457 9
433 458 1
433 461 2
433 462 4
433 464 6
433 466 5
433 467 4
433 469 3
433 473 2
433 474 5
433 475 3
433 477 4
433 482 2
433 484 6
433 486 4
433 490 3
433 491 8
433 492 7
433 495 3
433 497 3
433 498 8
433 499 10
434 435 5
434 436 1
434 439 1
434 442 1
434 444 5
434 446 3
434 449 10
434 451 2
434 452 2
434 455 1
434 461 7
434 462 8
434 463 5
434 465 2
434 466 9
434 467 1
434 470 6
434 471 3
434 472 9
434 473 9
434 474 3
434 476 3
434 477 5
434 478 10
434 482 10
434 489 3
434 492 5
434 494 10
434 497 10
434 498 3
435 436 8
435 441 4
435 442 6
435 447 3
435 450 10
435 452 3
435 454 4
435 455 6
435 456 1
435 457 6
435 459 7
435 461 10
435 465 8
435 466 7
435 468 2
435 470 1
435 473 4
435 474 8
435 475 3
435 476 1
435 477 9
435 478 8
435 479 5
435 481 1
435 483 1
435 484 2
435 487 7
435 488 10
435 490 8
435 491 10
435 492 2
435 496 1
435 499 8
436 437 8
436 440 5
436 443 10
436 444 1
436 446 10
436 447 7
436 450 4
436 454 2
436 455 4
436 459 10
436 463 5
436 464 5
436 465 4
436 466 5
436 467 4
436 468 3
436 469 8
436 470 3
436 471 4
436 472 9
436 475 5
436 477 10
436 478 3
436 479 5
436 480 10
436 482 5
436 483 10
436 484 8
436 486 2
436 487 1
436 488 4
436 490 2
436 492 5
436 493 3
436 494 6
436 495 3
437 438 1
437 442 6
437 443 1
437 444 9
437 445 7
437 447 4
437 449 2
437 451 10
437 452 1
437 454 4
437 458 1
437 459 9
437 462 4
437 464 8
437 465 3
437 467 7
437 470 5
437 472 5
437 475 7
437 478 7
437 479 8
437 484 10
437 487 5
437 490 9
437 491 4
437 492 9
437 493 3
437 494 10
437 496 8
438 439 5
438 446 9
438 448 4
438 452 6
438 453 2
438 454 7
438 457 3
438 459 1
438 460 2
438 464 6
438 465 3
438 466 6
438 467 6
438 468 9
438 472 10
438 475 9
438 481 1
438 482 9
438 483 9
438 485 7
438 486 1
438 488 1
438 489 7
438 491 3
438 493 3
438 494 6
439 441 6
439 443 5
439 444 2
439 445 7
439 446 3
439 447 2
439 448 5
439 450 3
439 451 3
439 452 9
439 454 5
439 455 5
439 458 10
439 459 5
439 460 6
439 462 9
439 464 7
439 468 2
439 474 9
439 475 5
439 476 10
439 479 1
439 481 2
439 482 5
439 483 7
439 484 6
439 485 9
439 488 6
439 491 1
439 496 3
439 499 9
440 443 2
440 447 7
440 448 1
440 451 5
440 454 4
440 456 10
440 458 9
440 459 1
440 460 5
440 461 7
440 462 6
440 465 2
440 468 8
440 469 8
440 470 2
440 471 3
440 473 4
440 474 6
440 475 1
440 476 3
440 477 2
440 478 1
440 479 2
440 481 9
440 482 3
440 483 4
440 486 1
440 489 9
440 491 2
440 494 9
440 495 1
440 497 4
441 442 4
441 443 5
441 445 7
441 446 6
441 448 9
441 452 2
441 453 8
441 454 10
441 455 7
441 456 2
441 457 5
441 459 5
441 461 1
441 462 7
441 463 7
441 465 10
441 468 5
441 470 1
441 471 1
441 473 3
441 474 10
441 475 5
441 476 8
441 477 6
441 479 7
441 480 5
441 481 2
441 486 6
441 487 2
441 489 2
441 492 5
441 494 4
441 495 4
441 496 6
441 498 8
442 448 8
442 449 7
442 454 8
442 455 4
442 458 10
442 462 5
442 465 7
442 467 8
442 468 5
442 475 6
442 476 7
442 479 5
442 481 1
442 482 3
442 483 5
442 484 5
442 488 7
442 490 4
442 492 1
442 493 6
442 494 8
442 495 10
442 496 6
443 449 2
443 450 10
443 453 5
443 455 10
443 458 9
443 459 2
443 461 4
443 463 9
443 465 6
443 472 4
443 474 6
443 475 8
443 476 6
443 477 10
443 478 7
443 479 8
443 480 1
443 484 4
443 486 1
443 487 5
443 490 3
443 492 5
443 495 4
443 496 3
443 497 5
443 498 8
443 499 6
444 446 6
444 448 9
444 451 4
444 452 5
444 453 5
444 454 2
444 456 6
444 457 10
444 460 8
444 462 10
444 467 5
444 468 4
444 474 1
444 475 5
444 478 9
444 480 6
444 481 10
444 482 3
444 483 2
444 484 2
444 485 6
444 488 10
444 489 8
444 490 9
444 492 7
444 494 7
444 495 8
444 498 7
445 447 2
445 448 9
445 449 5
445 451 10
445 454 10
445 455 4
445 458 2
445 459 4
445 461 3
445 466 8
445 467 2
445 471 10
445 472 1
445 476 8
445 481 9
445 482 8
445 483 4
445 484 7
445 485 2
445 488 2
445 490 10
445 492 1
445 494 10
445 496 4
445 497 2
445 499 6
446 449 3
446 455 5
446 457 8
446 458 9
446 460 9
446 461 4
446 462 1
446 463 1
446 464 7
446 466 6
446 468 5
446 471 4
446 472 9
446 473 10
446 474 7
446 475 1
446 476 10
446 477 5
446 480 2
446 481 6
446 484 2
446 487 2
446 490 3
446 492 8
446 494 9
446 496 9
446 497 9
447 448 7
447 449 7
447 450 8
447 451 5
447 454 4
447 455 4
447 456 9
447 457 5
447 460 8
447 462 3
447 464 9
447 466 10
447 467 10
447 468 1
447 469 4
447 473 4
447 474 10
447 476 10
447 478 2
447 481 3
447 482 4
447 483 6
447 488 9
447 490 3
447 492 4
447 493 7
447 499 7
448 449 2
448 450 4
448 451 6
448 452 7
448 454 10
448 456 6
448 460 5
448 461 2
448 462 8
448 463 1
448 464 1
448 465 7
448 466 9
448 468 5
448 470 3
448 472 3
448 474 5
448 476 8
448 477 10
448 478 2
448 483 6
448 484 4
448 490 3
448 491 6
448 492 9
448 494 8
448 496 3
448 497 10
448 498 6
449 450 9
449 451 2
449 452 9
449 456 3
449 457 4
449 458 7
449 459 5
449 462 2
449 463 8
449 464 1
449 467 7
449 469 9
449 471 8
449 473 2
449 474 8
449 475 2
449 476 1
449 477 7
449 480 3
449 487 2
449 490 1
449 495 8
450 451 4
450 453 6
450 454 9
450 455 10
450 459 10
450 461 4
450 466 8
450 467 4
450 472 5
450 478 10
450 479 6
450 480 6
450 483 9
450 484 4
450 486 1
450 489 5
450 491 5
450 492 4
450 495 4
450 497 2
450 498 8
451 456 10
451 457 9
451 458 5
451 461 8
451 463 8
451 464 6
451 466 9
451 467 2
451 469 2
451 470 8
451 471 1
451 472 3
451 473 4
451 474 5
451 477 8
451 480 8
451 482 10
451 485 8
451 487 9
451 488 3
451 489 4
451 490 10
451 492 3
451 496 6
451 497 7
451 498 10
452 456 4
452 457 3
452 459 4
452 461 9
452 463 7
452 466 10
452 467 4
452 476 4
452 479 10
452 481 8
452 482 2
452 483 10
452 484 6
452 488 6
452 490 4
452 491 3
452 492 9
452 495 9
453 456 4
453 458 10
453 460 10
453 461 5
453 465 3
453 468 9
453 471 7
453 473 8
453 475 10
453 476 2
453 477 6
453 485 7
453 491 5
453 492 7
453 494 10
453 497 2
454 460 8
454 462 9
454 463 6
454 464 7
454 466 10
454 471 9
454 473 2
454 474 7
454 475 1
454 476 9
454 477 6
454 479 3
454 481 10
454 488 10
454 495 2
454 497 8
454 498 10
454 499 2
455 456 10
455 457 7
455 458 10
455 459 10
455 462 5
455 464 3
455 467 1
455 468 2
455 471 1
455 475 7
455 476 5
455 477 4
455 479 5
455 482 10
455 483 9
455 488 4
455 489 4
455 491 4
455 492 3
455 494 6
455 496 5
455 499 10
456 458 1
456 459 7
456 460 10
456 464 8
456 465 2
456 467 6
456 470 5
456 471 7
456 472 3
456 474 7
456 475 7
456 477 10
456 478 1
456 479 3
456 480 1
456 482 4
456 485 3
456 486 5
456 489 7
456 490 9
456 491 5
456 494 2
456 495 8
456 496 8
456 497 2
456 498 5
456 499 1
457 461 7
457 462 8
457 463 1
457 467 1
457 469 6
457 470 8
457 472 2
457 477 4
457 478 1
457 480 5
457 481 6
457 482 3
457 483 2
457 484 10
457 485 7
457 486 9
457 487 6
457 491 7
457 494 10
457 495 9
457 497 7
457 499 1
458 459 4
458 460 4
458 462 2
458 464 6
458 466 1
458 467 8
458 468 7
458 469 10
458 472 1
458 474 2
458 475 3
458 476 4
458 477 5
458 478 5
458 479 7
458 480 8
458 481 9
458 482 10
458 485 7
458 486 5
458 487 7
458 488 9
458 489 8
458 492 7
458 495 7
458 496 10
458 497 8
458 499 1
459 460 2
459 461 9
459 462 1
459 465 9
459 467 2
459 469 8
459 472 4
459 473 10
459 475 3
459 476 9
459 477 7
459 478 1
459 481 8
459 483 7
459 485 6
459 486 5
459 487 1
459 489 9
459 490 7
459 491 6
459 493 5
459 494 7
459 497 3
459 498 8
459 499 6
460 463 1
460 469 6
460 470 4
460 473 8
460 474 1
460 475 2
460 476 8
460 477 1
460 479 6
460 482 1
460 486 2
460 487 2
460 488 8
460 490 6
460 492 3
460 493 3
460 495 9
460 498 7
461 464 9
461 465 7
461 470 7
461 471 1
461 472 5
461 473 1
461 477 8
461 478 3
461 479 1
461 480 8
461 481 6
461 484 7
461 485 7
461 487 5
461 489 8
461 493 6
461 494 2
462 463 3
462 465 7
462 467 9
462 468 4
462 473 4
462 474 9
462 476 9
462 477 10
462 479 2
462 480 1
462 482 2
462 483 8
462 484 1
462 486 6
462 492 3
462 493 3
462 494 7
462 497 9
462 498 6
462 499 7
463 468 2
463 469 2
463 472 9
463 473 2
463 475 4
463 480 4
463 481 8
463 484 5
463 487 6
463 488 7
463 489 5
463 490 7
463 491 9
463 492 7
463 493 1
463 495 4
463 496 10
463 497 6
463 499 4
464 465 10
464 466 2
464 468 7
464 469 6
464 470 4
464 472 9
464 473 4
464 475 5
464 476 8
464 477 1
464 478 7
464 479 7
464 481 6
464 482 1
464 483 1
464 484 9
464 487 10
464 489 3
464 490 5
464 492 2
464 493 2
464 495 4
464 497 1
465 467 2
465 468 7
465 472 8
465 473 10
465 474 5
465 476 1
465 477 5
465 478 7
465 479 8
465 480 4
465 481 8
465 482 10
465 492 3
465 493 4
465 494 8
465 495 6
465 497 10
465 498 8
465 499 8
466 471 1
466 472 9
466 473 9
466 475 9
466 476 9
466 480 9
466 482 8
466 483 4
466 484 1
466 485 5
466 486 3
466 490 9
466 492 10
466 493 6
466 496 2
466 497 10
466 498 1
466 499 3
467 468 10
467 470 2
467 472 4
467 473 3
467 475 7
467 476 1
467 478 10
467 480 4
467 482 3
467 488 7
467 490 4
467 496 1
467 498 10
467 499 8
468 469 5
468 475 4
468 476 7
468 477 5
468 480 3
468 481 7
468 482 3
468 487 2
468 488 9
468 490 4
468 491 4
468 492 3
468 499 4
469 472 4
469 474 5
469 476 8
469 478 1
469 481 6
469 482 6
469 484 1
469 485 2
469 486 5
469 488 10
469 489 8
469 491 5
469 493 6
469 496 9
469 498 7
470 472 3
470 474 2
470 475 5
470 477 7
470 478 1
470 479 5
470 482 10
470 483 1
470 484 6
470 485 9
470 488 6
470 489 1
470 493 6
470 495 3
470 496 10
470 499 9
471 473 9
471 474 2
471 475 1
471 477 10
471 484 4
471 485 7
471 489 9
471 491 10
471 492 3
471 494 2
471 498 9
472 474 10
472 475 1
472 476 4
472 477 3
472 480 3
472 483 8
472 484 5
472 486 9
472 493 6
472 498 5
472 499 9
473 476 7
473 477 9
473 481 10
473 482 7
473 483 1
473 485 1
473 488 2
473 491 7
473 493 5
473 495 2
473 497 6
473 499 7
474 476 4
474 477 2
474 478 5
474 480 6
474 482 1
474 483 5
474 484 3
474 488 9
474 491 9
474 492 10
474 494 10
474 499 2
475 476 3
475 478 10
475 480 2
475 481 8
475 482 8
475 484 3
475 486 8
475 489 6
475 496 8
475 498 10
476 477 4
476 479 10
476 481 7
476 484 6
476 485 6
476 487 9
476 489 6
476 491 7
476 492 7
476 493 9
476 494 1
476 495 7
476 497 6
476 498 3
477 479 5
477 484 8
477 485 5
477 487 9
477 491 8
477 493 4
477 496 10
477 499 3
478 480 2
478 481 3
478 482 5
478 483 3
478 484 8
478 485 1
478 487 1
478 489 1
478 493 3
478 495 4
478 496 10
478 497 2
479 480 3
479 483 3
479 486 8
479 487 7
479 490 6
479 491 6
479 492 3
479 493 9
479 496 5
479 497 1
479 499 8
480 481 7
480 483 9
480 485 4
480 486 9
480 487 1
480 488 6
480 491 1
480 495 8
481 483 8
481 484 9
481 486 8
481 488 5
481 491 2
481 497 6
481 499 4
482 485 9
482 486 10
482 488 7
482 489 7
482 490 1
482 494 2
482 495 10
482 496 9
482 497 2
482 498 6
482 499 3
483 484 4
483 486 4
483 490 5
483 492 7
483 493 9
483 494 2
483 496 3
483 497 6
483 499 2
484 486 9
484 487 2
484 488 4
484 492 9
484 493 9
484 494 7
484 495 4
484 497 8
485 486 9
485 492 4
485 496 6
485 498 7
485 499 6
486 488 2
486 490 9
486 492 2
486 493 10
486 495 7
486 496 9
486 497 4
486 499 8
487 488 4
487 489 9
487 493 7
487 495 7
487 497 8
487 498 4
487 499 5
488 491 2
488 492 1
488 493 2
488 495 1
488 497 1
489 490 7
489 492 10
489 493 9
489 496 10
490 491 3
490 492 4
490 493 9
490 494 8
490 495 3
490 496 4
490 498 9
491 493 9
491 494 2
491 495 3
491 496 8
491 498 7
492 494 10
492 495 8
492 496 6
492 499 6
493 496 1
493 497 1
493 498 8
494 497 9
495 496 2
495 497 6
495 498 9
495 499 5
496 498 6
498 499 2
